{
"type": "FeatureCollection",
"name": "topological_blocks",
"crs": { "type": "name", "properties": { "name": "urn:ogc:def:crs:OGC:1.3:CRS84" } },
"features": [
{ "type": "Feature", "properties": { "block_id": "0" }, "geometry": { "type": "Polygon", "coordinates": [ [ [ 29.705755, 60.1918588 ], [ 29.7056448, 60.1922407 ], [ 29.7056143, 60.1923749 ], [ 29.7055289, 60.192574800000031 ], [ 29.7052304, 60.193266900000026 ], [ 29.7051965, 60.1933637 ], [ 29.705318, 60.19337620000001 ], [ 29.705528, 60.1933977 ], [ 29.7055368, 60.19342 ], [ 29.7055529, 60.1934612 ], [ 29.7056146, 60.1935248 ], [ 29.7064285, 60.1940083 ], [ 29.7067405, 60.194118899999985 ], [ 29.70718, 60.1942314 ], [ 29.7078417, 60.1943498 ], [ 29.7079831, 60.1944813 ], [ 29.7079911, 60.1946504 ], [ 29.7081043, 60.1947797 ], [ 29.7083272, 60.1949139 ], [ 29.7086482, 60.1950317 ], [ 29.7092645, 60.1950383 ], [ 29.7095732, 60.194883 ], [ 29.7102415, 60.194663799999958 ], [ 29.710318, 60.1946451 ], [ 29.7113127, 60.1945111 ], [ 29.7119617, 60.194423699999987 ], [ 29.7121257, 60.194401700000014 ], [ 29.7134871, 60.1942193 ], [ 29.7138105, 60.194176 ], [ 29.7139725, 60.1941629 ], [ 29.7141836, 60.1941568 ], [ 29.7146374, 60.194179 ], [ 29.7152271, 60.194214 ], [ 29.7156084, 60.1942366 ], [ 29.7162968, 60.19416 ], [ 29.7177541, 60.193997699999962 ], [ 29.7178743, 60.193929399999988 ], [ 29.7180122, 60.1937854 ], [ 29.7182107, 60.193493399999973 ], [ 29.7182885, 60.193388100000021 ], [ 29.7184012, 60.193284 ], [ 29.7186023, 60.193141400000016 ], [ 29.7188893, 60.1929641 ], [ 29.7191773, 60.1928244 ], [ 29.7194794, 60.1927321 ], [ 29.7197986, 60.1926601 ], [ 29.720158, 60.1925774 ], [ 29.7203747, 60.1925134 ], [ 29.720571, 60.1924321 ], [ 29.7207051, 60.192340099999981 ], [ 29.7208076, 60.1922593 ], [ 29.7209175, 60.192134299999957 ], [ 29.7210912, 60.1918053 ], [ 29.721153, 60.191489 ], [ 29.7212217, 60.191220199999982 ], [ 29.7212952, 60.1910578 ], [ 29.7213748, 60.190907399999986 ], [ 29.7216508, 60.19061 ], [ 29.7217856, 60.190177800000015 ], [ 29.7208609, 60.1903205 ], [ 29.7174239, 60.1908473 ], [ 29.7169332, 60.1909225 ], [ 29.7163045, 60.1910279 ], [ 29.7159035, 60.1910957 ], [ 29.7155963, 60.1911477 ], [ 29.7149153, 60.1912276 ], [ 29.7141604, 60.1912875 ], [ 29.7134991, 60.191329200000034 ], [ 29.7132792, 60.191343099999983 ], [ 29.71255, 60.191375599999986 ], [ 29.7119357, 60.1913638 ], [ 29.7112477, 60.191317399999988 ], [ 29.71053, 60.191287 ], [ 29.7097537, 60.1912961 ], [ 29.7088249, 60.191330699999988 ], [ 29.7080748, 60.19141620000002 ], [ 29.707863, 60.191456600000031 ], [ 29.705755, 60.1918588 ] ] ] } },
{ "type": "Feature", "properties": { "block_id": "1" }, "geometry": { "type": "Polygon", "coordinates": [ [ [ 29.7051965, 60.1933637 ], [ 29.7052304, 60.193266900000026 ], [ 29.7055289, 60.192574800000031 ], [ 29.7056143, 60.1923749 ], [ 29.7056448, 60.1922407 ], [ 29.705755, 60.1918588 ], [ 29.7053648, 60.1919034 ], [ 29.7048331, 60.1919643 ], [ 29.7043522, 60.1920188 ], [ 29.7033446, 60.1921198 ], [ 29.7021386, 60.1922883 ], [ 29.7017107, 60.1923557 ], [ 29.7015737, 60.1923801 ], [ 29.7014317, 60.1924006 ], [ 29.7014506, 60.1924961 ], [ 29.7014704, 60.192576 ], [ 29.7014979, 60.19263140000001 ], [ 29.7015519, 60.192685199999957 ], [ 29.7020466, 60.1930027 ], [ 29.7022912, 60.1931818 ], [ 29.7024781, 60.193254699999947 ], [ 29.7033305, 60.1933686 ], [ 29.7046713, 60.1935372 ], [ 29.7049228, 60.193594699999984 ], [ 29.7051155, 60.1934321 ], [ 29.7051965, 60.1933637 ] ] ] } },
{ "type": "Feature", "properties": { "block_id": "2" }, "geometry": { "type": "Polygon", "coordinates": [ [ [ 29.7051965, 60.1933637 ], [ 29.7051155, 60.1934321 ], [ 29.7049228, 60.193594699999984 ], [ 29.7050512, 60.193675 ], [ 29.7051872, 60.193889199999987 ], [ 29.7056639, 60.1946727 ], [ 29.7057473, 60.194832399999981 ], [ 29.7058234, 60.1951824 ], [ 29.705723, 60.1963058 ], [ 29.7058262, 60.1967411 ], [ 29.7058511, 60.1968655 ], [ 29.7058612, 60.1970276 ], [ 29.7060341, 60.1970118 ], [ 29.7060875, 60.1969889 ], [ 29.7061485, 60.1969627 ], [ 29.7062674, 60.1969116 ], [ 29.7069753, 60.1966071 ], [ 29.7073637, 60.1965051 ], [ 29.7075739, 60.196425 ], [ 29.7076422, 60.1963664 ], [ 29.7082801, 60.195818899999978 ], [ 29.7083634, 60.195747 ], [ 29.7083725, 60.195739199999984 ], [ 29.7088632, 60.195318499999985 ], [ 29.7090684, 60.1951506 ], [ 29.7092645, 60.1950383 ], [ 29.7086482, 60.1950317 ], [ 29.7083272, 60.1949139 ], [ 29.7081043, 60.1947797 ], [ 29.7079911, 60.1946504 ], [ 29.7079831, 60.1944813 ], [ 29.7078417, 60.1943498 ], [ 29.70718, 60.1942314 ], [ 29.7067405, 60.194118899999985 ], [ 29.7064285, 60.1940083 ], [ 29.7056146, 60.1935248 ], [ 29.7055529, 60.1934612 ], [ 29.7055368, 60.19342 ], [ 29.705528, 60.1933977 ], [ 29.705318, 60.19337620000001 ], [ 29.7051965, 60.1933637 ] ] ] } },
{ "type": "Feature", "properties": { "block_id": "3" }, "geometry": { "type": "Polygon", "coordinates": [ [ [ 29.7337438, 60.215127799999983 ], [ 29.7335962, 60.2150824 ], [ 29.7334655, 60.2150449 ], [ 29.7329861, 60.2153195 ], [ 29.7324779, 60.215486899999988 ], [ 29.7319343, 60.2156409 ], [ 29.731863351198893, 60.215660999691451 ], [ 29.7317924, 60.2156811 ], [ 29.7312875, 60.2158242 ], [ 29.7301396, 60.2161194 ], [ 29.7297816, 60.21621360000001 ], [ 29.7272511, 60.216893499999976 ], [ 29.7269472, 60.216975199999986 ], [ 29.7241696, 60.2177215 ], [ 29.7230712, 60.21812280000001 ], [ 29.7222622, 60.2185433 ], [ 29.7221023, 60.2186264 ], [ 29.7217005, 60.2187608 ], [ 29.7209339, 60.2190173 ], [ 29.7196709, 60.2192903 ], [ 29.7156961, 60.2200205 ], [ 29.7153184, 60.220119 ], [ 29.7129621, 60.2207332 ], [ 29.7125065, 60.220852 ], [ 29.7119469, 60.2209979 ], [ 29.7116362, 60.22111060000001 ], [ 29.7112184, 60.221262099999983 ], [ 29.708299, 60.222321 ], [ 29.7081493, 60.2223591 ], [ 29.7040711, 60.22339680000001 ], [ 29.7005327, 60.2240886 ], [ 29.6976073, 60.2242702 ], [ 29.6952078, 60.224265 ], [ 29.6939854, 60.2242892 ], [ 29.6932753, 60.2243472 ], [ 29.6930194, 60.2243767 ], [ 29.6929114, 60.2243891 ], [ 29.6928407, 60.2244023 ], [ 29.6921497, 60.224524299999963 ], [ 29.6916101, 60.2246594 ], [ 29.6921293, 60.225299899999989 ], [ 29.6923049, 60.22570790000001 ], [ 29.6924273, 60.2265091 ], [ 29.6924649, 60.2274237 ], [ 29.6924556, 60.2282039 ], [ 29.6922895, 60.22871329999996 ], [ 29.6920771, 60.2289562 ], [ 29.691678, 60.2295649 ], [ 29.6911825, 60.2300571 ], [ 29.6914963, 60.230161 ], [ 29.6924074, 60.230492 ], [ 29.6928326, 60.2306431 ], [ 29.6961428, 60.231793099999969 ], [ 29.6977054, 60.2323533 ], [ 29.6986177, 60.2326572 ], [ 29.698916513788692, 60.23275898051773 ], [ 29.7008861, 60.2323754 ], [ 29.7052943, 60.2303825 ], [ 29.7050447, 60.229785299999989 ], [ 29.7084653, 60.2280745 ], [ 29.7118538, 60.2268251 ], [ 29.7199024, 60.2259241 ], [ 29.7199824, 60.2274398 ], [ 29.7204568, 60.2282992 ], [ 29.717973, 60.229696 ], [ 29.7155017, 60.230773499999984 ], [ 29.7150426, 60.2320319 ], [ 29.7141538, 60.23261 ], [ 29.717501, 60.233929699999983 ], [ 29.716405, 60.234775 ], [ 29.7175149, 60.2352408 ], [ 29.7150434, 60.236225299999987 ], [ 29.714688980675852, 60.236336561440005 ], [ 29.7143418, 60.2364763 ], [ 29.714275773988483, 60.236466275625418 ], [ 29.7141161, 60.2365164 ], [ 29.7140231, 60.2367513 ], [ 29.7141214, 60.2373809 ], [ 29.713750178954509, 60.237963705507639 ], [ 29.7148241, 60.2383863 ], [ 29.7168251, 60.2393723 ], [ 29.7175044, 60.2398871 ], [ 29.7179356, 60.2402139 ], [ 29.7330606, 60.239579800000016 ], [ 29.7349463, 60.2395389 ], [ 29.7368079, 60.2398422 ], [ 29.7417804, 60.2409474 ], [ 29.7434318, 60.241314499999987 ], [ 29.7435899, 60.241349599999985 ], [ 29.7465759209258, 60.242012197064966 ], [ 29.747517502554743, 60.242068859422609 ], [ 29.7481281, 60.2419346 ], [ 29.7482622, 60.241886700000016 ], [ 29.7483695, 60.241822800000016 ], [ 29.74847, 60.2417975 ], [ 29.7486594, 60.2418113 ], [ 29.7487, 60.241687 ], [ 29.7487086, 60.2416605 ], [ 29.7487548, 60.2415191 ], [ 29.748801, 60.2413775 ], [ 29.7488473, 60.241235799999984 ], [ 29.7488932, 60.24109509999996 ], [ 29.7489766, 60.2408397 ], [ 29.7490228, 60.240698099999989 ], [ 29.749069, 60.2405567 ], [ 29.7491153, 60.240415 ], [ 29.7491615, 60.2402735 ], [ 29.7491929, 60.2401773 ], [ 29.7491986, 60.2401608 ], [ 29.749244, 60.2400305 ], [ 29.7492833, 60.239917800000015 ], [ 29.7492931, 60.239889199999986 ], [ 29.7501932, 60.2399579 ], [ 29.7506335, 60.2399914 ], [ 29.7514392, 60.240052900000016 ], [ 29.7517373, 60.2400756 ], [ 29.7525025, 60.2401339 ], [ 29.7526238, 60.2401432 ], [ 29.7527893, 60.240155800000018 ], [ 29.752914, 60.2401647 ], [ 29.7533808, 60.2401978 ], [ 29.7536124, 60.2402143 ], [ 29.7540567, 60.240245900000012 ], [ 29.7543471, 60.2402665 ], [ 29.7546045, 60.2402848 ], [ 29.7547779, 60.240297200000022 ], [ 29.7548984, 60.2403057 ], [ 29.7559606, 60.2403813 ], [ 29.7560111, 60.2402692 ], [ 29.7562939, 60.240028 ], [ 29.7563823, 60.2399526 ], [ 29.7564455, 60.239863099999987 ], [ 29.7565374, 60.2396098 ], [ 29.7566474, 60.2393067 ], [ 29.7568265, 60.2387753 ], [ 29.756927, 60.2386541 ], [ 29.757092, 60.238532900000024 ], [ 29.7573629, 60.2384278 ], [ 29.7577885, 60.23832089999997 ], [ 29.7580388, 60.2382321 ], [ 29.75902, 60.237839 ], [ 29.7593344, 60.237659 ], [ 29.759658294378379, 60.237400512557485 ], [ 29.7597865, 60.236986700000017 ], [ 29.760470380373178, 60.236748113905861 ], [ 29.7606781, 60.2365811 ], [ 29.7610745, 60.2363605 ], [ 29.7616654, 60.236103 ], [ 29.7624523, 60.23579320000001 ], [ 29.7649239, 60.2349022 ], [ 29.7651558, 60.2348212 ], [ 29.7656527, 60.2346478 ], [ 29.7664317, 60.234375900000011 ], [ 29.7676052, 60.2339127 ], [ 29.7680837, 60.2337475 ], [ 29.7686248, 60.2336129 ], [ 29.7693183, 60.2334661 ], [ 29.7697201, 60.233344700000011 ], [ 29.7704876, 60.2330329 ], [ 29.7707978, 60.232882199999985 ], [ 29.7707685, 60.2326776 ], [ 29.7707573, 60.232584499999973 ], [ 29.7707465, 60.232495 ], [ 29.7707444, 60.2324744 ], [ 29.7706955, 60.23199910000001 ], [ 29.7706478, 60.23145920000001 ], [ 29.7705821, 60.2311607 ], [ 29.7704893, 60.2309428 ], [ 29.7703216, 60.2307125 ], [ 29.7701336, 60.2305136 ], [ 29.7698235, 60.230296600000031 ], [ 29.7694266, 60.2300778 ], [ 29.7691849, 60.2299614 ], [ 29.7682105, 60.2294641 ], [ 29.7676802, 60.2291982 ], [ 29.7670904, 60.2289506 ], [ 29.766695, 60.228798 ], [ 29.7660368, 60.2285852 ], [ 29.7656374, 60.2284658 ], [ 29.7652056, 60.2283481 ], [ 29.7643891, 60.2281135 ], [ 29.7631274, 60.227751 ], [ 29.7629026, 60.2276864 ], [ 29.7626992, 60.227627599999948 ], [ 29.7620214, 60.2274432 ], [ 29.7615406, 60.2273096 ], [ 29.7612016, 60.227224899999989 ], [ 29.7608183, 60.2271353 ], [ 29.7604038, 60.2270403 ], [ 29.7603544, 60.227029 ], [ 29.7599989, 60.2269523 ], [ 29.7595283, 60.226848399999987 ], [ 29.7590746, 60.2267474 ], [ 29.757589, 60.2264169 ], [ 29.7532389, 60.225448 ], [ 29.7516845, 60.2250875 ], [ 29.7513949, 60.2250203 ], [ 29.7510183, 60.2249291 ], [ 29.7508187, 60.2248818 ], [ 29.7505132, 60.224791799999963 ], [ 29.7500146, 60.2246298 ], [ 29.749568, 60.2244484 ], [ 29.7491864, 60.2242511 ], [ 29.7488959, 60.22407470000001 ], [ 29.7486314, 60.2238823 ], [ 29.7483412, 60.223630300000018 ], [ 29.7475202, 60.2227995 ], [ 29.7466855, 60.222021 ], [ 29.7457242, 60.2210508 ], [ 29.7450834, 60.2203966 ], [ 29.7442961, 60.219627 ], [ 29.7439528, 60.2193302 ], [ 29.7436677, 60.2190999 ], [ 29.7435189, 60.2190047 ], [ 29.7431758, 60.218805199999984 ], [ 29.7428714, 60.218643 ], [ 29.7425339, 60.21847410000003 ], [ 29.7412626, 60.2178467 ], [ 29.7406114, 60.21757740000001 ], [ 29.7403218, 60.2174581 ], [ 29.7400171, 60.217334199999968 ], [ 29.7395585, 60.217165400000013 ], [ 29.7389259, 60.2169442 ], [ 29.7381992, 60.2166824 ], [ 29.736849, 60.216219 ], [ 29.7368174, 60.2162077 ], [ 29.7361044, 60.2159514 ], [ 29.7358736, 60.2158635 ], [ 29.7339146, 60.215175599999974 ], [ 29.7337438, 60.215127799999983 ] ] ] } },
{ "type": "Feature", "properties": { "block_id": "4" }, "geometry": { "type": "Polygon", "coordinates": [ [ [ 29.7335962, 60.2150824 ], [ 29.7337438, 60.215127799999983 ], [ 29.7339146, 60.215175599999974 ], [ 29.7358736, 60.2158635 ], [ 29.7361044, 60.2159514 ], [ 29.7368174, 60.2162077 ], [ 29.736849, 60.216219 ], [ 29.7381992, 60.2166824 ], [ 29.7389259, 60.2169442 ], [ 29.7395585, 60.217165400000013 ], [ 29.7400171, 60.217334199999968 ], [ 29.7403218, 60.2174581 ], [ 29.7406114, 60.21757740000001 ], [ 29.7412626, 60.2178467 ], [ 29.7425339, 60.21847410000003 ], [ 29.7428714, 60.218643 ], [ 29.7431758, 60.218805199999984 ], [ 29.7435189, 60.2190047 ], [ 29.7436677, 60.2190999 ], [ 29.7439528, 60.2193302 ], [ 29.7442961, 60.219627 ], [ 29.7450834, 60.2203966 ], [ 29.7457242, 60.2210508 ], [ 29.7466855, 60.222021 ], [ 29.7475202, 60.2227995 ], [ 29.7483412, 60.223630300000018 ], [ 29.7486314, 60.2238823 ], [ 29.7488959, 60.22407470000001 ], [ 29.7491864, 60.2242511 ], [ 29.749568, 60.2244484 ], [ 29.7500146, 60.2246298 ], [ 29.7505132, 60.224791799999963 ], [ 29.7508187, 60.2248818 ], [ 29.7510183, 60.2249291 ], [ 29.7513949, 60.2250203 ], [ 29.7516845, 60.2250875 ], [ 29.7532389, 60.225448 ], [ 29.757589, 60.2264169 ], [ 29.7590746, 60.2267474 ], [ 29.7595283, 60.226848399999987 ], [ 29.7599989, 60.2269523 ], [ 29.7603544, 60.227029 ], [ 29.7604038, 60.2270403 ], [ 29.7608183, 60.2271353 ], [ 29.7612016, 60.227224899999989 ], [ 29.7615406, 60.2273096 ], [ 29.7620214, 60.2274432 ], [ 29.7626992, 60.227627599999948 ], [ 29.7629026, 60.2276864 ], [ 29.7631274, 60.227751 ], [ 29.7643891, 60.2281135 ], [ 29.7652056, 60.2283481 ], [ 29.7656374, 60.2284658 ], [ 29.7660368, 60.2285852 ], [ 29.766695, 60.228798 ], [ 29.7670904, 60.2289506 ], [ 29.7676802, 60.2291982 ], [ 29.7682105, 60.2294641 ], [ 29.7691849, 60.2299614 ], [ 29.7694266, 60.2300778 ], [ 29.7698235, 60.230296600000031 ], [ 29.7701336, 60.2305136 ], [ 29.7703216, 60.2307125 ], [ 29.7704893, 60.2309428 ], [ 29.7705821, 60.2311607 ], [ 29.7706478, 60.23145920000001 ], [ 29.7706955, 60.23199910000001 ], [ 29.7707444, 60.2324744 ], [ 29.7707465, 60.232495 ], [ 29.7707573, 60.232584499999973 ], [ 29.7707685, 60.2326776 ], [ 29.7707978, 60.232882199999985 ], [ 29.770904233673107, 60.233107181640108 ], [ 29.7710609, 60.2330525 ], [ 29.7707351, 60.2310782 ], [ 29.7704597, 60.2306928 ], [ 29.7704197, 60.230659199999984 ], [ 29.7705756, 60.230357899999973 ], [ 29.7707928, 60.230173699999987 ], [ 29.7711521, 60.2298689 ], [ 29.7716085, 60.2294818 ], [ 29.7725982, 60.2287767 ], [ 29.7734398, 60.2283208 ], [ 29.7742479, 60.2276798 ], [ 29.7749651, 60.2273948 ], [ 29.7754911, 60.2270648 ], [ 29.7760218, 60.2264973 ], [ 29.7768395, 60.226069900000013 ], [ 29.7777432, 60.2257494 ], [ 29.7787433, 60.2254745 ], [ 29.7797433, 60.2251849 ], [ 29.7798449, 60.2251717 ], [ 29.7745394, 60.219704799999988 ], [ 29.7735162, 60.215989700000023 ], [ 29.7733143, 60.2158006 ], [ 29.7730584, 60.215717199999986 ], [ 29.773037, 60.215605300000014 ], [ 29.7729281, 60.2155075 ], [ 29.7728208, 60.215454199999989 ], [ 29.7725419, 60.2154062 ], [ 29.7724791, 60.2153281 ], [ 29.7724576, 60.2152162 ], [ 29.7723289, 60.215194900000014 ], [ 29.7721894, 60.2151949 ], [ 29.7721342, 60.2150545 ], [ 29.7720698, 60.214910599999982 ], [ 29.7723916, 60.214665399999959 ], [ 29.7723273, 60.214564100000011 ], [ 29.7721127, 60.2144629 ], [ 29.7720054, 60.2143723 ], [ 29.7719319, 60.2142676 ], [ 29.7718981, 60.2141484 ], [ 29.7717372, 60.2140312 ], [ 29.7716959, 60.213963799999988 ], [ 29.7719319, 60.2138678 ], [ 29.7720574, 60.213701899999982 ], [ 29.7724147, 60.213697299999986 ], [ 29.7727795, 60.2137026 ], [ 29.7730584, 60.2136386 ], [ 29.7731534, 60.213524899999989 ], [ 29.7732956, 60.2134889 ], [ 29.7734079, 60.213454099999986 ], [ 29.7735688, 60.2134621 ], [ 29.7739845, 60.213496699999986 ], [ 29.7747382, 60.213538 ], [ 29.7752693, 60.2135673 ], [ 29.7759104, 60.2135593 ], [ 29.7767284, 60.21348340000003 ], [ 29.7771093, 60.2134674 ], [ 29.7776028, 60.213363499999986 ], [ 29.7779301, 60.2131783 ], [ 29.7781447, 60.2129771 ], [ 29.7784209, 60.2128318 ], [ 29.7786784, 60.2125693 ], [ 29.778944, 60.212278900000015 ], [ 29.7791357, 60.212107600000017 ], [ 29.7793449, 60.211993699999987 ], [ 29.7796674, 60.2117465 ], [ 29.7797433, 60.2114833 ], [ 29.7797915, 60.2113648 ], [ 29.7798693, 60.2113035 ], [ 29.7801992, 60.211210199999968 ], [ 29.7805774, 60.2111329 ], [ 29.7808483, 60.211082300000015 ], [ 29.766270568558095, 60.192834618022481 ], [ 29.7610861, 60.1938314 ], [ 29.7592487, 60.194182 ], [ 29.7539766, 60.1952445 ], [ 29.7479413, 60.1964057 ], [ 29.7415636, 60.1976711 ], [ 29.7345759, 60.198988399999983 ], [ 29.7343941, 60.1990246 ], [ 29.7295261, 60.1999929 ], [ 29.7276201, 60.2003698 ], [ 29.7276246, 60.2003732 ], [ 29.7277507, 60.200471 ], [ 29.728123, 60.2005677 ], [ 29.7288254, 60.200723299999986 ], [ 29.7296885, 60.2005088 ], [ 29.7311524, 60.2006812 ], [ 29.7318717, 60.200971399999986 ], [ 29.7328025, 60.201114399999987 ], [ 29.7342241, 60.2010219 ], [ 29.7345203, 60.2011102 ], [ 29.7352311, 60.2014213 ], [ 29.7359491, 60.2015939 ], [ 29.7360294, 60.2016129 ], [ 29.7360307, 60.201613199999983 ], [ 29.7360318, 60.2016134 ], [ 29.7367965, 60.201812399999987 ], [ 29.7378058, 60.202271900000028 ], [ 29.7386074, 60.20260720000001 ], [ 29.7389374, 60.2028427 ], [ 29.7395382, 60.203107599999989 ], [ 29.7407483, 60.2045099 ], [ 29.7395636, 60.205723 ], [ 29.738802, 60.2061729 ], [ 29.7376681, 60.206677399999975 ], [ 29.7367711, 60.206820399999984 ], [ 29.7362126, 60.2082415 ], [ 29.736585, 60.2088889 ], [ 29.7369573, 60.2091811 ], [ 29.7372179, 60.209334 ], [ 29.737259147725343, 60.209357054644435 ], [ 29.7372382, 60.209364 ], [ 29.7366344, 60.2095187 ], [ 29.7363871, 60.2096141 ], [ 29.7363237, 60.2096717 ], [ 29.7362848, 60.2097397 ], [ 29.7362721, 60.209856199999955 ], [ 29.7362781, 60.2102174 ], [ 29.7362968, 60.2103387 ], [ 29.7363798, 60.2104668 ], [ 29.737418, 60.2114007 ], [ 29.7374528, 60.2114866 ], [ 29.7374636, 60.2116326 ], [ 29.7374257, 60.21176470000001 ], [ 29.737359, 60.2118818 ], [ 29.7372758, 60.2119844 ], [ 29.7371257, 60.212120199999987 ], [ 29.7368869, 60.212264200000014 ], [ 29.7366348, 60.212357499999968 ], [ 29.7364846, 60.2124028 ], [ 29.7361707, 60.212462799999983 ], [ 29.7357604, 60.2125454 ], [ 29.735265, 60.2126456 ], [ 29.7341618, 60.2128785 ], [ 29.7333223, 60.2130557 ], [ 29.7323567, 60.2132609 ], [ 29.7315305, 60.2134088 ], [ 29.730681, 60.2135449 ], [ 29.7298094, 60.213655699999983 ], [ 29.730293, 60.2138484 ], [ 29.7311059, 60.21416760000001 ], [ 29.7313402, 60.21425760000001 ], [ 29.7318213, 60.2144675 ], [ 29.7324536, 60.2147092 ], [ 29.7332759, 60.214990799999988 ], [ 29.7334655, 60.2150449 ], [ 29.7335962, 60.2150824 ] ] ] } },
{ "type": "Feature", "properties": { "block_id": "5" }, "geometry": { "type": "Polygon", "coordinates": [ [ [ 29.7012, 60.2037532 ], [ 29.7011265, 60.203679599999973 ], [ 29.7017616, 60.2018305 ], [ 29.7020494, 60.2008846 ], [ 29.702125, 60.2005728 ], [ 29.7023761, 60.2000966 ], [ 29.7010857, 60.1997443 ], [ 29.7006958, 60.2000804 ], [ 29.7002158, 60.2002546 ], [ 29.6997659, 60.2002982 ], [ 29.6996508, 60.2003125 ], [ 29.6993807, 60.2003461 ], [ 29.6990183, 60.2004473 ], [ 29.6987737, 60.2005483 ], [ 29.6962634, 60.2029845 ], [ 29.6964617, 60.2032386 ], [ 29.6967081, 60.2035088 ], [ 29.6971073, 60.2039642 ], [ 29.6970722, 60.204087700000024 ], [ 29.6978286, 60.2041963 ], [ 29.6981384, 60.204237 ], [ 29.6983168, 60.204251599999957 ], [ 29.6985139, 60.2042596 ], [ 29.6987043, 60.204257 ], [ 29.6989323, 60.204235 ], [ 29.69934, 60.204177 ], [ 29.6998617, 60.204075 ], [ 29.7012, 60.2037532 ] ] ] } },
{ "type": "Feature", "properties": { "block_id": "6" }, "geometry": { "type": "Polygon", "coordinates": [ [ [ 29.7023761, 60.2000966 ], [ 29.702125, 60.2005728 ], [ 29.7020494, 60.2008846 ], [ 29.7017616, 60.2018305 ], [ 29.7011265, 60.203679599999973 ], [ 29.7012, 60.2037532 ], [ 29.7034492, 60.203213299999959 ], [ 29.7034288, 60.2031385 ], [ 29.702957, 60.201211899999969 ], [ 29.7041286, 60.2010135 ], [ 29.704487, 60.2009343 ], [ 29.7041815, 60.200879700000023 ], [ 29.7023761, 60.2000966 ] ] ] } },
{ "type": "Feature", "properties": { "block_id": "7" }, "geometry": { "type": "Polygon", "coordinates": [ [ [ 29.5988747, 60.2539228 ], [ 29.5988098, 60.2538583 ], [ 29.598103, 60.2529399 ], [ 29.5966833, 60.2531585 ], [ 29.5956077, 60.2532984 ], [ 29.5950314, 60.253381699999984 ], [ 29.5951719, 60.2539192 ], [ 29.5951635, 60.254033299999989 ], [ 29.5951234, 60.2541363 ], [ 29.5951292, 60.2542063 ], [ 29.5953416, 60.2544554 ], [ 29.5954288, 60.2545511 ], [ 29.5960639, 60.2544167 ], [ 29.5971723, 60.2541994 ], [ 29.597383, 60.2541581 ], [ 29.5978281, 60.2540708 ], [ 29.5982634, 60.2539863 ], [ 29.5984063, 60.2539648 ], [ 29.5985867, 60.2539442 ], [ 29.5988747, 60.2539228 ] ] ] } },
{ "type": "Feature", "properties": { "block_id": "8" }, "geometry": { "type": "Polygon", "coordinates": [ [ [ 29.598103, 60.2529399 ], [ 29.5988098, 60.2538583 ], [ 29.5988747, 60.2539228 ], [ 29.599356, 60.2539433 ], [ 29.5994301, 60.253946499999984 ], [ 29.5999588, 60.2539734 ], [ 29.6002945, 60.253982699999987 ], [ 29.6004512, 60.2539831 ], [ 29.6013711, 60.253953399999979 ], [ 29.601408, 60.253950499999988 ], [ 29.6020744, 60.253913 ], [ 29.6029091, 60.2538609 ], [ 29.602917, 60.2538112 ], [ 29.602987, 60.253607 ], [ 29.6029086, 60.25321850000001 ], [ 29.602749, 60.252997599999972 ], [ 29.6026382, 60.2528442 ], [ 29.6023736, 60.252478 ], [ 29.6022397, 60.2522491 ], [ 29.6019023, 60.2518881 ], [ 29.601618, 60.2516789 ], [ 29.6012747, 60.2514822 ], [ 29.6009915, 60.25135 ], [ 29.6005503, 60.2511297 ], [ 29.6001833, 60.2507946 ], [ 29.5994589, 60.2509465 ], [ 29.5984153, 60.251112 ], [ 29.597902, 60.2512015 ], [ 29.5970281, 60.2513588 ], [ 29.598103, 60.2529399 ] ] ] } },
{ "type": "Feature", "properties": { "block_id": "9" }, "geometry": { "type": "Polygon", "coordinates": [ [ [ 29.598103, 60.2529399 ], [ 29.5970281, 60.2513588 ], [ 29.5963788, 60.2514536 ], [ 29.5958299, 60.251517699999944 ], [ 29.5955867, 60.2519836 ], [ 29.5952612, 60.2527381 ], [ 29.5952458, 60.2527738 ], [ 29.5950314, 60.253381699999984 ], [ 29.5956077, 60.2532984 ], [ 29.5966833, 60.2531585 ], [ 29.598103, 60.2529399 ] ] ] } },
{ "type": "Feature", "properties": { "block_id": "10" }, "geometry": { "type": "Polygon", "coordinates": [ [ [ 29.6036671, 60.2456303 ], [ 29.6046194, 60.245974200000013 ], [ 29.6057074, 60.246359599999984 ], [ 29.6073144, 60.24707 ], [ 29.6084382, 60.247438299999956 ], [ 29.6117478, 60.2487214 ], [ 29.6128939, 60.248380499999953 ], [ 29.6130537, 60.2483329 ], [ 29.6126151, 60.2481013 ], [ 29.6110346, 60.2474359 ], [ 29.6096631, 60.24684460000001 ], [ 29.6083007, 60.246284299999985 ], [ 29.6060166, 60.2453491 ], [ 29.6046019, 60.2447756 ], [ 29.604353, 60.2448949 ], [ 29.6041114, 60.2450033 ], [ 29.6039974, 60.2450721 ], [ 29.603895, 60.2451927 ], [ 29.6038214, 60.2453111 ], [ 29.6037721, 60.2454724 ], [ 29.6036671, 60.2456303 ] ] ] } },
{ "type": "Feature", "properties": { "block_id": "11" }, "geometry": { "type": "Polygon", "coordinates": [ [ [ 29.6117478, 60.2487214 ], [ 29.6084382, 60.247438299999956 ], [ 29.6073144, 60.24707 ], [ 29.6057074, 60.246359599999984 ], [ 29.6046194, 60.245974200000013 ], [ 29.6036671, 60.2456303 ], [ 29.6036076, 60.245731 ], [ 29.6035602, 60.245792100000017 ], [ 29.6034773, 60.245861199999986 ], [ 29.6033059, 60.245968799999986 ], [ 29.6031386, 60.2460628 ], [ 29.6027793, 60.246278499999981 ], [ 29.6021319, 60.246667099999989 ], [ 29.601961, 60.246787 ], [ 29.6021837, 60.2468411 ], [ 29.6032873, 60.2471526 ], [ 29.6056895, 60.248018899999984 ], [ 29.6065838, 60.2483923 ], [ 29.6070223, 60.24857320000001 ], [ 29.6072735, 60.248751199999987 ], [ 29.6077262, 60.24897330000001 ], [ 29.608487, 60.2492405 ], [ 29.6090857, 60.2494295 ], [ 29.6100265, 60.249310399999978 ], [ 29.6108668, 60.249002 ], [ 29.6117478, 60.2487214 ] ] ] } },
{ "type": "Feature", "properties": { "block_id": "12" }, "geometry": { "type": "Polygon", "coordinates": [ [ [ 29.601961, 60.246787 ], [ 29.601863, 60.2467835 ], [ 29.6017607, 60.2467798 ], [ 29.6016676, 60.2467635 ], [ 29.6014334, 60.247086099999983 ], [ 29.6012633, 60.247486 ], [ 29.6014942, 60.248721 ], [ 29.6022982, 60.2486979 ], [ 29.6031821, 60.2487197 ], [ 29.6030448, 60.2492305 ], [ 29.602074, 60.2502025 ], [ 29.6019247, 60.2504194 ], [ 29.6018913, 60.2505283 ], [ 29.6019189, 60.250606 ], [ 29.6021215, 60.2507228 ], [ 29.6026102, 60.2509861 ], [ 29.604366, 60.2517052 ], [ 29.6056283, 60.2510017 ], [ 29.6072256, 60.2501232 ], [ 29.6075616, 60.2498867 ], [ 29.6077962, 60.2497215 ], [ 29.6090857, 60.2494295 ], [ 29.608487, 60.2492405 ], [ 29.6077262, 60.24897330000001 ], [ 29.6072735, 60.248751199999987 ], [ 29.6070223, 60.24857320000001 ], [ 29.6065838, 60.2483923 ], [ 29.6056895, 60.248018899999984 ], [ 29.6032873, 60.2471526 ], [ 29.6021837, 60.2468411 ], [ 29.601961, 60.246787 ] ] ] } },
{ "type": "Feature", "properties": { "block_id": "13" }, "geometry": { "type": "Polygon", "coordinates": [ [ [ 29.6016676, 60.2467635 ], [ 29.6017607, 60.2467798 ], [ 29.601863, 60.2467835 ], [ 29.601961, 60.246787 ], [ 29.6021319, 60.246667099999989 ], [ 29.6027793, 60.246278499999981 ], [ 29.6031386, 60.2460628 ], [ 29.6033059, 60.245968799999986 ], [ 29.6034773, 60.245861199999986 ], [ 29.6035602, 60.245792100000017 ], [ 29.6036076, 60.245731 ], [ 29.6036671, 60.2456303 ], [ 29.6037721, 60.2454724 ], [ 29.6038214, 60.2453111 ], [ 29.603895, 60.2451927 ], [ 29.6039974, 60.2450721 ], [ 29.6041114, 60.2450033 ], [ 29.604353, 60.2448949 ], [ 29.6046019, 60.2447756 ], [ 29.6049708, 60.2446294 ], [ 29.6054653, 60.2445353 ], [ 29.6059619, 60.244399100000031 ], [ 29.6062472, 60.2443133 ], [ 29.6064671, 60.2442472 ], [ 29.6068506, 60.2441239 ], [ 29.6071638, 60.2440291 ], [ 29.6070265, 60.2437406 ], [ 29.6064848, 60.2425387 ], [ 29.6053923, 60.242664499999982 ], [ 29.6041541, 60.2427941 ], [ 29.6029094, 60.2429002 ], [ 29.6016699, 60.24302740000001 ], [ 29.6004244, 60.243185199999985 ], [ 29.5995133, 60.243268199999982 ], [ 29.5997995, 60.2439559 ], [ 29.5997827, 60.2444804 ], [ 29.5998291, 60.2448786 ], [ 29.599818500809992, 60.244915706646111 ], [ 29.5997123, 60.245287500000011 ], [ 29.5995954, 60.245620799999983 ], [ 29.5998395, 60.245733799999989 ], [ 29.6001238, 60.24589610000001 ], [ 29.6005009, 60.2461229 ], [ 29.6009456, 60.2463421 ], [ 29.6011982, 60.246503400000023 ], [ 29.601405, 60.2466374 ], [ 29.6014961, 60.246676700000016 ], [ 29.6016676, 60.2467635 ] ] ] } },
{ "type": "Feature", "properties": { "block_id": "14" }, "geometry": { "type": "Polygon", "coordinates": [ [ [ 29.691119, 60.2018177 ], [ 29.6882496, 60.2003906 ], [ 29.6876632, 60.200083 ], [ 29.6885401, 60.20141730000001 ], [ 29.6885841, 60.2014757 ], [ 29.6888231, 60.2018091 ], [ 29.6890752, 60.202103700000016 ], [ 29.6893539, 60.20239590000002 ], [ 29.6896076, 60.202618199999989 ], [ 29.6898365, 60.202768899999981 ], [ 29.6902152, 60.202921 ], [ 29.6903921, 60.202804599999986 ], [ 29.6908775, 60.20243660000002 ], [ 29.6912181, 60.2021657 ], [ 29.6912537, 60.2020316 ], [ 29.6911759, 60.201912099999987 ], [ 29.691119, 60.2018177 ] ] ] } },
{ "type": "Feature", "properties": { "block_id": "15" }, "geometry": { "type": "Polygon", "coordinates": [ [ [ 29.6876632, 60.200083 ], [ 29.6882496, 60.2003906 ], [ 29.691119, 60.2018177 ], [ 29.6927507, 60.2004704 ], [ 29.6936141, 60.199783199999985 ], [ 29.6953334, 60.198414599999985 ], [ 29.6945375, 60.1982874 ], [ 29.6942787, 60.1982167 ], [ 29.69386, 60.198037599999957 ], [ 29.6932957, 60.1978048 ], [ 29.693175, 60.1977435 ], [ 29.6931346, 60.197721899999983 ], [ 29.6929952, 60.1976475 ], [ 29.6928477, 60.1975502 ], [ 29.6925112, 60.197629899999988 ], [ 29.6912067, 60.1977109 ], [ 29.6906316, 60.19775460000001 ], [ 29.6902518, 60.19777710000001 ], [ 29.6900115, 60.1976576 ], [ 29.6895351, 60.1973419 ], [ 29.6884318, 60.1956121 ], [ 29.6873168, 60.195835299999985 ], [ 29.6865633, 60.195889099999988 ], [ 29.6861677, 60.1958858 ], [ 29.685815, 60.1958798 ], [ 29.6851967, 60.195851100000013 ], [ 29.6848798, 60.1958813 ], [ 29.6850261, 60.19600530000001 ], [ 29.6850912, 60.1960835 ], [ 29.6857356, 60.197127599999988 ], [ 29.6860533, 60.1976422 ], [ 29.6861235, 60.1977458 ], [ 29.6861813, 60.1978331 ], [ 29.6870008, 60.1990374 ], [ 29.6870537, 60.1991196 ], [ 29.687347, 60.1996074 ], [ 29.6875908, 60.1999754 ], [ 29.6876632, 60.200083 ] ] ] } },
{ "type": "Feature", "properties": { "block_id": "16" }, "geometry": { "type": "Polygon", "coordinates": [ [ [ 29.6392924, 60.1923085 ], [ 29.6398199, 60.193114499999986 ], [ 29.6405838, 60.19474 ], [ 29.6409632, 60.1945755 ], [ 29.6436167, 60.1935741 ], [ 29.6441641, 60.193676199999963 ], [ 29.6448756, 60.193669399999969 ], [ 29.6454503, 60.1936014 ], [ 29.6461731, 60.193593899999975 ], [ 29.6464751, 60.1935907 ], [ 29.6468264, 60.193764 ], [ 29.6471226, 60.193941600000016 ], [ 29.647155042531445, 60.193961090935758 ], [ 29.6472705, 60.193902 ], [ 29.6474743, 60.193752699999983 ], [ 29.6475818, 60.1936347 ], [ 29.6476143, 60.1935485 ], [ 29.6476143, 60.1934205 ], [ 29.6473998, 60.193351099999951 ], [ 29.6473461, 60.1932018 ], [ 29.6473348, 60.193070099999986 ], [ 29.6474212, 60.1929992 ], [ 29.6475285, 60.192913799999985 ], [ 29.6478391, 60.1927874 ], [ 29.6482044, 60.192673799999973 ], [ 29.6485652, 60.192568300000019 ], [ 29.6486979, 60.1924392 ], [ 29.6490729, 60.1919981 ], [ 29.6490944, 60.1917475 ], [ 29.6490944, 60.1915501 ], [ 29.6489447, 60.1913565 ], [ 29.648944364333179, 60.191253786747325 ], [ 29.6488219, 60.191254099999966 ], [ 29.6485054, 60.191272100000013 ], [ 29.6482553, 60.1912953 ], [ 29.6480748, 60.191309200000013 ], [ 29.647723, 60.1913456 ], [ 29.6476494, 60.19135210000001 ], [ 29.647076, 60.1914029 ], [ 29.6462655, 60.1914746 ], [ 29.6450753, 60.1915799 ], [ 29.6440094, 60.19167430000001 ], [ 29.6420077, 60.1918495 ], [ 29.6415544, 60.191926099999989 ], [ 29.6402499, 60.19214659999998 ], [ 29.6401666, 60.192160699999974 ], [ 29.6392924, 60.1923085 ] ] ] } },
{ "type": "Feature", "properties": { "block_id": "17" }, "geometry": { "type": "Polygon", "coordinates": [ [ [ 29.6621155, 60.1960673 ], [ 29.6620913, 60.197037699999981 ], [ 29.662065, 60.197513199999989 ], [ 29.6617904, 60.1995597 ], [ 29.6617609, 60.199804399999977 ], [ 29.6616606, 60.1998934 ], [ 29.6617657, 60.1998802 ], [ 29.6621176, 60.199869699999986 ], [ 29.6627538, 60.1998548 ], [ 29.6628176, 60.19984370000001 ], [ 29.6628036, 60.1998083 ], [ 29.6627578, 60.1997405 ], [ 29.6627318, 60.199656599999969 ], [ 29.6629464, 60.199549899999987 ], [ 29.6630848, 60.1994345 ], [ 29.6631073, 60.1991767 ], [ 29.6631234, 60.1990487 ], [ 29.6631663, 60.1989874 ], [ 29.6633702, 60.198816799999982 ], [ 29.6635311, 60.1987555 ], [ 29.6638798, 60.198670099999987 ], [ 29.6639645, 60.1985414 ], [ 29.6638948, 60.1984801 ], [ 29.6639431, 60.1984027 ], [ 29.6639442, 60.1983236 ], [ 29.6640504, 60.198237400000011 ], [ 29.6639324, 60.1981734 ], [ 29.6638036, 60.1980348 ], [ 29.6639324, 60.1977255 ], [ 29.6635247, 60.1975549 ], [ 29.6634174, 60.1973416 ], [ 29.6637188, 60.197223199999989 ], [ 29.6636534, 60.197107 ], [ 29.6635901, 60.1969779 ], [ 29.6638047, 60.196977899999979 ], [ 29.664057, 60.1968525 ], [ 29.6640331, 60.19683340000001 ], [ 29.6639607, 60.196775699999975 ], [ 29.663884, 60.1965501 ], [ 29.6639092, 60.196252599999987 ], [ 29.6637666, 60.1959004 ], [ 29.6621155, 60.1960673 ] ] ] } },
{ "type": "Feature", "properties": { "block_id": "18" }, "geometry": { "type": "Polygon", "coordinates": [ [ [ 29.6616606, 60.1998934 ], [ 29.6617609, 60.199804399999977 ], [ 29.6617904, 60.1995597 ], [ 29.662065, 60.197513199999989 ], [ 29.6620913, 60.197037699999981 ], [ 29.6621155, 60.1960673 ], [ 29.6612646, 60.196094 ], [ 29.6606853, 60.1960796 ], [ 29.6600978, 60.1960228 ], [ 29.6595683, 60.19601 ], [ 29.6589526, 60.1962171 ], [ 29.6584966, 60.196391 ], [ 29.6582783, 60.196521099999977 ], [ 29.6581318, 60.1967824 ], [ 29.6579806, 60.197209700000016 ], [ 29.6579999, 60.1973943 ], [ 29.6582027, 60.1978574 ], [ 29.6584097, 60.198225599999972 ], [ 29.6584612, 60.1984264 ], [ 29.6589097, 60.199023199999985 ], [ 29.659083, 60.199190899999977 ], [ 29.6594623, 60.1993605 ], [ 29.6599987, 60.199619099999985 ], [ 29.6602535, 60.1997337 ], [ 29.6605539, 60.1998297 ], [ 29.6608698, 60.1999127 ], [ 29.6611467, 60.199927 ], [ 29.6615088, 60.1999177 ], [ 29.6616606, 60.1998934 ] ] ] } },
{ "type": "Feature", "properties": { "block_id": "19" }, "geometry": { "type": "Polygon", "coordinates": [ [ [ 29.6678084, 60.1939908 ], [ 29.6677744, 60.1942546 ], [ 29.6678254, 60.19452 ], [ 29.6678281, 60.1947066 ], [ 29.6678227, 60.1948893 ], [ 29.6677878, 60.1950599 ], [ 29.6676323, 60.1952492 ], [ 29.6675088, 60.1954908 ], [ 29.667187, 60.1958971 ], [ 29.6670878, 60.196011800000022 ], [ 29.667002, 60.1961651 ], [ 29.667061, 60.196263799999976 ], [ 29.6672863, 60.1963237 ], [ 29.6675625, 60.1963717 ], [ 29.6678683, 60.196386399999987 ], [ 29.6680909, 60.1963957 ], [ 29.6683699, 60.196445099999984 ], [ 29.6685979, 60.196491699999989 ], [ 29.6688339, 60.19649840000001 ], [ 29.6690968, 60.1964491 ], [ 29.6697298, 60.1962984 ], [ 29.6722608, 60.195683599999988 ], [ 29.6718004, 60.195182 ], [ 29.6708648, 60.1940105 ], [ 29.6705143, 60.193723399999989 ], [ 29.6703447, 60.1935759 ], [ 29.6700783, 60.1936028 ], [ 29.669818, 60.1936376 ], [ 29.6695657, 60.1936785 ], [ 29.6690915, 60.1937571 ], [ 29.6685815, 60.1938814 ], [ 29.6682396, 60.19395870000001 ], [ 29.6679837, 60.193988 ], [ 29.6678084, 60.1939908 ] ] ] } },
{ "type": "Feature", "properties": { "block_id": "20" }, "geometry": { "type": "Polygon", "coordinates": [ [ [ 29.6677878, 60.1950599 ], [ 29.6678227, 60.1948893 ], [ 29.6678281, 60.1947066 ], [ 29.6678254, 60.19452 ], [ 29.6677744, 60.1942546 ], [ 29.6678084, 60.1939908 ], [ 29.667703953370108, 60.193981720961226 ], [ 29.6676868, 60.194076699999982 ], [ 29.6676231, 60.1945047 ], [ 29.6674096, 60.1945996 ], [ 29.6673227, 60.1947286 ], [ 29.667431, 60.1948769 ], [ 29.667431, 60.1950049 ], [ 29.667195, 60.1951542 ], [ 29.666915, 60.195197899999989 ], [ 29.6667229, 60.1953888 ], [ 29.6666146, 60.1956992 ], [ 29.6667229, 60.1959008 ], [ 29.6665931, 60.1960618 ], [ 29.6661865, 60.1961034 ], [ 29.6659065, 60.196125800000011 ], [ 29.6656275, 60.1959232 ], [ 29.6653486, 60.1959658 ], [ 29.6651125, 60.196168499999985 ], [ 29.6648336, 60.1962218 ], [ 29.6644259, 60.1961471 ], [ 29.6640611, 60.1962111 ], [ 29.6640396, 60.1964884 ], [ 29.664148, 60.196679299999978 ], [ 29.664148, 60.19680730000001 ], [ 29.664057, 60.1968525 ], [ 29.6640826, 60.196872899999988 ], [ 29.6641581, 60.1969332 ], [ 29.6647616, 60.1974461 ], [ 29.664876, 60.1976408 ], [ 29.6648979, 60.1977244 ], [ 29.6647452, 60.1985974 ], [ 29.6644592, 60.1990326 ], [ 29.6642876, 60.1992858 ], [ 29.664124, 60.1996029 ], [ 29.6641893, 60.199826 ], [ 29.6644704, 60.1999316 ], [ 29.6655969, 60.200333099999987 ], [ 29.6661383, 60.2004989 ], [ 29.6666543, 60.200618099999978 ], [ 29.6671522, 60.2006881 ], [ 29.6676065, 60.200742299999987 ], [ 29.6680024, 60.2008161 ], [ 29.6684283, 60.200912699999961 ], [ 29.6689251, 60.201088 ], [ 29.6690592, 60.2011267 ], [ 29.6691627, 60.20113 ], [ 29.66938, 60.2011048 ], [ 29.6702275, 60.200935900000019 ], [ 29.6707876, 60.2008444 ], [ 29.671177, 60.200834 ], [ 29.6714838, 60.2008255 ], [ 29.6718047, 60.2008125 ], [ 29.6720665, 60.2007549 ], [ 29.6723315, 60.2006548 ], [ 29.6724731, 60.2005671 ], [ 29.6726415, 60.2004307 ], [ 29.6729419, 60.2002046 ], [ 29.6732338, 60.2000766 ], [ 29.6736114, 60.1999444 ], [ 29.6739719, 60.1997866 ], [ 29.674341, 60.1995648 ], [ 29.6745126, 60.1994496 ], [ 29.6747015, 60.1992619 ], [ 29.6748817, 60.1990827 ], [ 29.675019, 60.1987799 ], [ 29.6751907, 60.1984855 ], [ 29.6753383, 60.198322099999984 ], [ 29.6743667, 60.1981869 ], [ 29.6740749, 60.1980888 ], [ 29.6737402, 60.197675 ], [ 29.6734196, 60.19704 ], [ 29.6731737, 60.196553099999988 ], [ 29.6725814, 60.1960198 ], [ 29.6722608, 60.195683599999988 ], [ 29.6697298, 60.1962984 ], [ 29.6690968, 60.1964491 ], [ 29.6688339, 60.19649840000001 ], [ 29.6685979, 60.196491699999989 ], [ 29.6683699, 60.196445099999984 ], [ 29.6680909, 60.1963957 ], [ 29.6678683, 60.196386399999987 ], [ 29.6675625, 60.1963717 ], [ 29.6672863, 60.1963237 ], [ 29.667061, 60.196263799999976 ], [ 29.667002, 60.1961651 ], [ 29.6670878, 60.196011800000022 ], [ 29.667187, 60.1958971 ], [ 29.6675088, 60.1954908 ], [ 29.6676323, 60.1952492 ], [ 29.6677878, 60.1950599 ] ] ] } },
{ "type": "Feature", "properties": { "block_id": "21" }, "geometry": { "type": "Polygon", "coordinates": [ [ [ 29.7023761, 60.2000966 ], [ 29.7023975, 60.2000769 ], [ 29.7027595, 60.199743 ], [ 29.703002939040701, 60.199573631363094 ], [ 29.7028757, 60.1995441 ], [ 29.7027436, 60.1995521 ], [ 29.7025555, 60.199554100000015 ], [ 29.7024714, 60.1995024 ], [ 29.7024554, 60.199408899999966 ], [ 29.7023914, 60.199303500000013 ], [ 29.7023073, 60.1992478 ], [ 29.7021352, 60.1992319 ], [ 29.7020632, 60.199208 ], [ 29.7019271, 60.199166199999986 ], [ 29.701719, 60.1991065 ], [ 29.7016189, 60.199070699999965 ], [ 29.7015869, 60.198955399999988 ], [ 29.7016269, 60.1989076 ], [ 29.7016069, 60.198842 ], [ 29.7015028, 60.198844 ], [ 29.7013387, 60.1988281 ], [ 29.7012427, 60.1987644 ], [ 29.7011066, 60.198682799999943 ], [ 29.7009305, 60.198605299999954 ], [ 29.7008504, 60.1985536 ], [ 29.7008184, 60.198491899999986 ], [ 29.7008945, 60.1984481 ], [ 29.7009065, 60.1984004 ], [ 29.7008504, 60.198356599999983 ], [ 29.7007064, 60.198298900000012 ], [ 29.7005022, 60.198279 ], [ 29.7002341, 60.1982194 ], [ 29.700086, 60.1980901 ], [ 29.6999299, 60.197956799999986 ], [ 29.6998258, 60.197881199999983 ], [ 29.6996937, 60.1977386 ], [ 29.699650492153683, 60.197703765802629 ], [ 29.6995233, 60.1977547 ], [ 29.6988562, 60.198281 ], [ 29.6985161, 60.198485 ], [ 29.6981643, 60.198686 ], [ 29.6975804, 60.1989566 ], [ 29.6975471, 60.198972 ], [ 29.6983838, 60.1992632 ], [ 29.6988055, 60.1993537 ], [ 29.6988757, 60.1993688 ], [ 29.6990277, 60.199402099999986 ], [ 29.699232, 60.1994375 ], [ 29.6994974, 60.1994698 ], [ 29.7000768, 60.199542299999983 ], [ 29.7010857, 60.1997443 ], [ 29.7023761, 60.2000966 ] ] ] } },
{ "type": "Feature", "properties": { "block_id": "22" }, "geometry": { "type": "Polygon", "coordinates": [ [ [ 29.7027595, 60.199743 ], [ 29.7023975, 60.2000769 ], [ 29.7023761, 60.2000966 ], [ 29.7041815, 60.200879700000023 ], [ 29.704487, 60.2009343 ], [ 29.704931, 60.200938 ], [ 29.705041043394871, 60.20094385895473 ], [ 29.7049449, 60.200874800000015 ], [ 29.7048088, 60.2007694 ], [ 29.7046567, 60.200664 ], [ 29.7045207, 60.2006083 ], [ 29.7044046, 60.2005466 ], [ 29.7041804, 60.20049490000001 ], [ 29.7040884, 60.2004472 ], [ 29.7040924, 60.2003955 ], [ 29.7041444, 60.2003537 ], [ 29.7042685, 60.20031 ], [ 29.7042965, 60.2002861 ], [ 29.7042285, 60.2002483 ], [ 29.7041764, 60.2001866 ], [ 29.7041004, 60.200144899999977 ], [ 29.7040043, 60.2000812 ], [ 29.7039203, 60.200001599999986 ], [ 29.7038723, 60.1999579 ], [ 29.7038162, 60.1999559 ], [ 29.7036962, 60.1999062 ], [ 29.7035801, 60.1998664 ], [ 29.703464, 60.1998604 ], [ 29.70336, 60.1998544 ], [ 29.7032799, 60.199858399999982 ], [ 29.7031318, 60.199844500000019 ], [ 29.7030918, 60.1998067 ], [ 29.7030838, 60.199751 ], [ 29.7031078, 60.1996894 ], [ 29.7030558, 60.1995859 ], [ 29.703002939040701, 60.199573631363094 ], [ 29.7027595, 60.199743 ] ] ] } },
{ "type": "Feature", "properties": { "block_id": "23" }, "geometry": { "type": "Polygon", "coordinates": [ [ [ 29.7032284, 60.19636460000001 ], [ 29.7030759, 60.1969431 ], [ 29.703052, 60.1970946 ], [ 29.7030291, 60.1972392 ], [ 29.7030676, 60.1974159 ], [ 29.7031161, 60.1976386 ], [ 29.7032174, 60.1980723 ], [ 29.7029997, 60.1980535 ], [ 29.7025419, 60.198013899999985 ], [ 29.7019236, 60.1979188 ], [ 29.701045, 60.1977088 ], [ 29.7004356, 60.1975808 ], [ 29.7001146, 60.1974755 ], [ 29.6999845, 60.197543 ], [ 29.6998512, 60.1976187 ], [ 29.6997006, 60.1976837 ], [ 29.699650492153683, 60.197703765802629 ], [ 29.6996937, 60.1977386 ], [ 29.6998258, 60.197881199999983 ], [ 29.6999299, 60.197956799999986 ], [ 29.700086, 60.1980901 ], [ 29.7002341, 60.1982194 ], [ 29.7005022, 60.198279 ], [ 29.7007064, 60.198298900000012 ], [ 29.7008504, 60.198356599999983 ], [ 29.7009065, 60.1984004 ], [ 29.7008945, 60.1984481 ], [ 29.7008184, 60.198491899999986 ], [ 29.7008504, 60.1985536 ], [ 29.7009305, 60.198605299999954 ], [ 29.7011066, 60.198682799999943 ], [ 29.7012427, 60.1987644 ], [ 29.7013387, 60.1988281 ], [ 29.7015028, 60.198844 ], [ 29.7016069, 60.198842 ], [ 29.7016269, 60.1989076 ], [ 29.7015869, 60.198955399999988 ], [ 29.7016189, 60.199070699999965 ], [ 29.701719, 60.1991065 ], [ 29.7019271, 60.199166199999986 ], [ 29.7020632, 60.199208 ], [ 29.7021352, 60.1992319 ], [ 29.7023073, 60.1992478 ], [ 29.7023914, 60.199303500000013 ], [ 29.7024554, 60.199408899999966 ], [ 29.7024714, 60.1995024 ], [ 29.7025555, 60.199554100000015 ], [ 29.7027436, 60.1995521 ], [ 29.7028757, 60.1995441 ], [ 29.703002939040701, 60.199573631363094 ], [ 29.7030558, 60.1995859 ], [ 29.7031078, 60.1996894 ], [ 29.7030838, 60.199751 ], [ 29.7030918, 60.1998067 ], [ 29.7031318, 60.199844500000019 ], [ 29.7032799, 60.199858399999982 ], [ 29.70336, 60.1998544 ], [ 29.703464, 60.1998604 ], [ 29.7035801, 60.1998664 ], [ 29.7036962, 60.1999062 ], [ 29.7038162, 60.1999559 ], [ 29.7038723, 60.1999579 ], [ 29.7039203, 60.200001599999986 ], [ 29.7040043, 60.2000812 ], [ 29.7041004, 60.200144899999977 ], [ 29.7041764, 60.2001866 ], [ 29.7042285, 60.2002483 ], [ 29.7042965, 60.2002861 ], [ 29.7042685, 60.20031 ], [ 29.7041444, 60.2003537 ], [ 29.7040924, 60.2003955 ], [ 29.7040884, 60.2004472 ], [ 29.7041804, 60.20049490000001 ], [ 29.7044046, 60.2005466 ], [ 29.7045207, 60.2006083 ], [ 29.7046567, 60.200664 ], [ 29.7048088, 60.2007694 ], [ 29.7049449, 60.200874800000015 ], [ 29.705041043394871, 60.20094385895473 ], [ 29.7052071, 60.200952699999966 ], [ 29.7058147, 60.2010124 ], [ 29.7061602, 60.201046399999953 ], [ 29.7061096, 60.2008172 ], [ 29.7059488, 60.2000889 ], [ 29.7059391, 60.2000449 ], [ 29.7059219, 60.199966899999978 ], [ 29.7057969, 60.1995934 ], [ 29.7057458, 60.199494 ], [ 29.7056416, 60.1992554 ], [ 29.705618, 60.1992013 ], [ 29.7055696, 60.199036 ], [ 29.7055653, 60.1988664 ], [ 29.7055886, 60.198691900000014 ], [ 29.7056848, 60.198171699999989 ], [ 29.7056971, 60.1981051 ], [ 29.7057665, 60.1977299 ], [ 29.7058633, 60.1972065 ], [ 29.7058612, 60.1970276 ], [ 29.7058511, 60.1968655 ], [ 29.7058262, 60.1967411 ], [ 29.705723, 60.1963058 ], [ 29.7055899, 60.196309 ], [ 29.7048318, 60.1963269 ], [ 29.7034793, 60.1963561 ], [ 29.7032284, 60.19636460000001 ] ] ] } },
{ "type": "Feature", "properties": { "block_id": "24" }, "geometry": { "type": "Polygon", "coordinates": [ [ [ 29.7032174, 60.1980723 ], [ 29.7031161, 60.1976386 ], [ 29.7030676, 60.1974159 ], [ 29.7030291, 60.1972392 ], [ 29.703052, 60.1970946 ], [ 29.7030759, 60.1969431 ], [ 29.7032284, 60.19636460000001 ], [ 29.7023133, 60.196379 ], [ 29.7021035, 60.196383 ], [ 29.7018937, 60.196387 ], [ 29.7016005, 60.196392799999984 ], [ 29.7015064, 60.1963995 ], [ 29.701484, 60.1964044 ], [ 29.7011588, 60.196475600000014 ], [ 29.70108, 60.196492799999987 ], [ 29.7008774, 60.196567 ], [ 29.7008037, 60.1965958 ], [ 29.7005904, 60.196661 ], [ 29.7001509, 60.1967949 ], [ 29.7001017, 60.1968658 ], [ 29.7000894, 60.1969606 ], [ 29.700114, 60.1974637 ], [ 29.7001146, 60.1974755 ], [ 29.7004356, 60.1975808 ], [ 29.701045, 60.1977088 ], [ 29.7019236, 60.1979188 ], [ 29.7025419, 60.198013899999985 ], [ 29.7029997, 60.1980535 ], [ 29.7032174, 60.1980723 ] ] ] } },
{ "type": "Feature", "properties": { "block_id": "25" }, "geometry": { "type": "Polygon", "coordinates": [ [ [ 29.7002817, 60.2061697 ], [ 29.700448, 60.2064426 ], [ 29.7005616, 60.2066289 ], [ 29.7006673, 60.2068023 ], [ 29.7009346, 60.2071417 ], [ 29.7011177, 60.207293699999987 ], [ 29.7014864, 60.2071887 ], [ 29.7017504, 60.2071136 ], [ 29.7018288, 60.2070913 ], [ 29.7020023, 60.2070419 ], [ 29.7023898, 60.2069316 ], [ 29.7027574, 60.20682690000001 ], [ 29.7029623, 60.2067685 ], [ 29.7034995, 60.2065985 ], [ 29.7036377, 60.2065548 ], [ 29.7042918, 60.2063652 ], [ 29.7046218, 60.206265799999983 ], [ 29.7048205, 60.206206 ], [ 29.7050809, 60.2061276 ], [ 29.7055547, 60.205973899999982 ], [ 29.7056776, 60.205934 ], [ 29.705782, 60.2058967 ], [ 29.7070844, 60.2054728 ], [ 29.7071675806508, 60.205442164444705 ], [ 29.7071122, 60.2054001 ], [ 29.7070245, 60.2053332 ], [ 29.7069038, 60.2052146 ], [ 29.706593, 60.2049762 ], [ 29.7064468, 60.2048374 ], [ 29.7064226, 60.2048062 ], [ 29.706387522499384, 60.204737122086186 ], [ 29.7062756, 60.2047582 ], [ 29.7048106, 60.205038700000031 ], [ 29.7045281, 60.2050928 ], [ 29.7043136, 60.205190399999985 ], [ 29.7040392, 60.2052892 ], [ 29.7038981, 60.2053356 ], [ 29.7036281, 60.2054244 ], [ 29.7033788, 60.2054855 ], [ 29.7028901, 60.205604 ], [ 29.7024846, 60.2056916 ], [ 29.7021055, 60.2058069 ], [ 29.7017893, 60.205883900000011 ], [ 29.7015579, 60.205923100000014 ], [ 29.7014024, 60.2059494 ], [ 29.7011877, 60.205993 ], [ 29.7002817, 60.2061697 ] ] ] } },
{ "type": "Feature", "properties": { "block_id": "26" }, "geometry": { "type": "Polygon", "coordinates": [ [ [ 29.7011177, 60.207293699999987 ], [ 29.7009346, 60.2071417 ], [ 29.7006673, 60.2068023 ], [ 29.7005616, 60.2066289 ], [ 29.700448, 60.2064426 ], [ 29.7002817, 60.2061697 ], [ 29.6996552, 60.2062719 ], [ 29.6989605, 60.2063866 ], [ 29.6985741, 60.2064312 ], [ 29.6985044, 60.2064461 ], [ 29.6972161, 60.2067219 ], [ 29.6951003, 60.207168299999971 ], [ 29.6964531, 60.2085201 ], [ 29.6982537, 60.2080502 ], [ 29.7001119, 60.2075594 ], [ 29.7011177, 60.207293699999987 ] ] ] } },
{ "type": "Feature", "properties": { "block_id": "27" }, "geometry": { "type": "Polygon", "coordinates": [ [ [ 29.7042918, 60.2063652 ], [ 29.705152, 60.2075059 ], [ 29.7061368, 60.2088127 ], [ 29.7078969, 60.208330399999987 ], [ 29.7078549, 60.208212 ], [ 29.7078745, 60.2078804 ], [ 29.7074664, 60.2073311 ], [ 29.7062895, 60.2063534 ], [ 29.7056776, 60.205934 ], [ 29.7055547, 60.205973899999982 ], [ 29.7050809, 60.2061276 ], [ 29.7048205, 60.206206 ], [ 29.7046218, 60.206265799999983 ], [ 29.7042918, 60.2063652 ] ] ] } },
{ "type": "Feature", "properties": { "block_id": "28" }, "geometry": { "type": "Polygon", "coordinates": [ [ [ 29.705152, 60.2075059 ], [ 29.7042918, 60.2063652 ], [ 29.7036377, 60.2065548 ], [ 29.7034995, 60.2065985 ], [ 29.7029623, 60.2067685 ], [ 29.7027574, 60.20682690000001 ], [ 29.7023898, 60.2069316 ], [ 29.7020023, 60.2070419 ], [ 29.7018288, 60.2070913 ], [ 29.7017504, 60.2071136 ], [ 29.7019348, 60.2072768 ], [ 29.7026147, 60.208122799999956 ], [ 29.7035901, 60.20786 ], [ 29.7038238, 60.2077984 ], [ 29.7042362, 60.2076955 ], [ 29.705152, 60.2075059 ] ] ] } },
{ "type": "Feature", "properties": { "block_id": "29" }, "geometry": { "type": "Polygon", "coordinates": [ [ [ 29.7061368, 60.2088127 ], [ 29.705152, 60.2075059 ], [ 29.7042362, 60.2076955 ], [ 29.7038238, 60.2077984 ], [ 29.7040406, 60.2080413 ], [ 29.7040723, 60.2080977 ], [ 29.7040419, 60.2081365 ], [ 29.7039279, 60.2081772 ], [ 29.7029411, 60.208412 ], [ 29.7028188, 60.208393 ], [ 29.7026147, 60.208122799999956 ], [ 29.7019348, 60.2072768 ], [ 29.7017504, 60.2071136 ], [ 29.7014864, 60.2071887 ], [ 29.7011177, 60.207293699999987 ], [ 29.7001119, 60.2075594 ], [ 29.7008215, 60.2082779 ], [ 29.7025656, 60.2104491 ], [ 29.705028, 60.209983199999989 ], [ 29.7053247, 60.2099253 ], [ 29.7068049, 60.209625 ], [ 29.7061368, 60.2088127 ] ] ] } },
{ "type": "Feature", "properties": { "block_id": "30" }, "geometry": { "type": "Polygon", "coordinates": [ [ [ 29.7061368, 60.2088127 ], [ 29.7068049, 60.209625 ], [ 29.7071591, 60.2095672 ], [ 29.7088781, 60.2092383 ], [ 29.7082822, 60.2087689 ], [ 29.7078969, 60.208330399999987 ], [ 29.7061368, 60.2088127 ] ] ] } },
{ "type": "Feature", "properties": { "block_id": "31" }, "geometry": { "type": "Polygon", "coordinates": [ [ [ 29.6998928, 60.194287799999984 ], [ 29.6992636, 60.194520399999988 ], [ 29.6977838, 60.1950674 ], [ 29.6980564, 60.1951776 ], [ 29.6991939, 60.1956376 ], [ 29.700076, 60.1960726 ], [ 29.7008113, 60.1963853 ], [ 29.70108, 60.196492799999987 ], [ 29.7011588, 60.196475600000014 ], [ 29.701484, 60.1964044 ], [ 29.7015064, 60.1963995 ], [ 29.7008624, 60.1955633 ], [ 29.7002893, 60.1948119 ], [ 29.6998928, 60.194287799999984 ] ] ] } },
{ "type": "Feature", "properties": { "block_id": "32" }, "geometry": { "type": "Polygon", "coordinates": [ [ [ 29.6977838, 60.1950674 ], [ 29.6992636, 60.194520399999988 ], [ 29.6998928, 60.194287799999984 ], [ 29.7001475, 60.1941283 ], [ 29.7005751, 60.1938695 ], [ 29.7007578, 60.1937589 ], [ 29.7008176, 60.193639699999984 ], [ 29.7009281, 60.1933868 ], [ 29.701002, 60.1931348 ], [ 29.7010917, 60.1928482 ], [ 29.7011331, 60.1927801 ], [ 29.701185, 60.1927299 ], [ 29.7013199, 60.192637299999944 ], [ 29.7014704, 60.192576 ], [ 29.7014506, 60.1924961 ], [ 29.7014317, 60.1924006 ], [ 29.7012164, 60.192407 ], [ 29.7010549, 60.1924004 ], [ 29.7008997, 60.192379499999987 ], [ 29.6997231, 60.1922452 ], [ 29.6994539, 60.192226399999988 ], [ 29.6987004, 60.1921922 ], [ 29.6976006, 60.1921646 ], [ 29.6974158, 60.19216 ], [ 29.6965854, 60.192172 ], [ 29.6958241, 60.1922055 ], [ 29.6958291, 60.1923136 ], [ 29.69586, 60.192762 ], [ 29.6958345, 60.193248 ], [ 29.6958414, 60.1933836 ], [ 29.6959302, 60.1941385 ], [ 29.6959703, 60.1942067 ], [ 29.6960905, 60.1943176 ], [ 29.6977838, 60.1950674 ] ] ] } },
{ "type": "Feature", "properties": { "block_id": "33" }, "geometry": { "type": "Polygon", "coordinates": [ [ [ 29.6884318, 60.1956121 ], [ 29.6895351, 60.1973419 ], [ 29.6900115, 60.1976576 ], [ 29.6902518, 60.19777710000001 ], [ 29.6906316, 60.19775460000001 ], [ 29.6912067, 60.1977109 ], [ 29.6925112, 60.197629899999988 ], [ 29.6928477, 60.1975502 ], [ 29.6928228, 60.197527 ], [ 29.6926948, 60.1974076 ], [ 29.69255, 60.1972663 ], [ 29.6924338, 60.1970508 ], [ 29.6922328, 60.1966778 ], [ 29.6921546, 60.1965328 ], [ 29.6917735, 60.1958258 ], [ 29.6916756, 60.195835799999983 ], [ 29.6915361, 60.195834499999989 ], [ 29.6913671, 60.1957892 ], [ 29.6905866, 60.1954759 ], [ 29.6899846, 60.195263599999983 ], [ 29.6898529, 60.195170599999955 ], [ 29.6893195, 60.195365400000021 ], [ 29.6889889, 60.1954907 ], [ 29.6884318, 60.1956121 ] ] ] } },
{ "type": "Feature", "properties": { "block_id": "34" }, "geometry": { "type": "Polygon", "coordinates": [ [ [ 29.7061602, 60.201046399999953 ], [ 29.7058147, 60.2010124 ], [ 29.7052071, 60.200952699999966 ], [ 29.705041043394871, 60.20094385895473 ], [ 29.7051483, 60.2010209 ], [ 29.7051915, 60.201050699999975 ], [ 29.7052347, 60.2010852 ], [ 29.705268, 60.2011268 ], [ 29.705255, 60.2011776 ], [ 29.7052178, 60.2012256 ], [ 29.7054779, 60.2019376 ], [ 29.7054563, 60.201992 ], [ 29.7054245, 60.202052800000025 ], [ 29.7054422, 60.2021231 ], [ 29.7054775, 60.2021762 ], [ 29.7055077, 60.202261199999988 ], [ 29.7055882, 60.2023141 ], [ 29.7057121, 60.2028248 ], [ 29.705716054275907, 60.202911864614443 ], [ 29.7059718, 60.2029056 ], [ 29.706244, 60.2028941 ], [ 29.7063647, 60.202886 ], [ 29.7067233, 60.202833799999986 ], [ 29.7066704, 60.202694199999968 ], [ 29.7066517, 60.2026347 ], [ 29.7065945, 60.2024392 ], [ 29.7064651, 60.2019702 ], [ 29.7063772, 60.2016515 ], [ 29.7062172, 60.2012064 ], [ 29.7061602, 60.201046399999953 ] ] ] } },
{ "type": "Feature", "properties": { "block_id": "35" }, "geometry": { "type": "Polygon", "coordinates": [ [ [ 29.7071591, 60.2095672 ], [ 29.7081196, 60.2109044 ], [ 29.7084194, 60.2113064 ], [ 29.7089019, 60.2119932 ], [ 29.7097145, 60.2130615 ], [ 29.7107235, 60.2143772 ], [ 29.7110507, 60.2148039 ], [ 29.7134758, 60.2143357 ], [ 29.7171626, 60.2136239 ], [ 29.7221086, 60.2126654 ], [ 29.721736, 60.2123138 ], [ 29.7208254, 60.211672199999988 ], [ 29.7213113, 60.2113101 ], [ 29.721351800823463, 60.211281972771211 ], [ 29.7212604, 60.2112568 ], [ 29.7211102, 60.2112155 ], [ 29.7209715, 60.2111567 ], [ 29.7208505, 60.2111308 ], [ 29.7207318, 60.2110978 ], [ 29.7205776, 60.211093 ], [ 29.7205348, 60.2111072 ], [ 29.7204779, 60.2110871 ], [ 29.7204375, 60.2110706 ], [ 29.7203687, 60.2110565 ], [ 29.7202737, 60.2110341 ], [ 29.7202002, 60.211067099999987 ], [ 29.7201574, 60.2110848 ], [ 29.7199961, 60.2110471 ], [ 29.7199462, 60.21102350000001 ], [ 29.7197065, 60.2109681 ], [ 29.7195246, 60.210942599999981 ], [ 29.7193716, 60.2109311 ], [ 29.7192604, 60.210928799999984 ], [ 29.7190889, 60.210915 ], [ 29.7188107, 60.210905799999985 ], [ 29.7186948, 60.2109127 ], [ 29.7185928, 60.2108988 ], [ 29.7183703, 60.210891899999986 ], [ 29.7182359, 60.2108827 ], [ 29.7180412, 60.210919600000018 ], [ 29.7178697, 60.2109196 ], [ 29.7176611, 60.210951799999961 ], [ 29.7175962, 60.2109357 ], [ 29.7174293, 60.2109288 ], [ 29.7173273, 60.2109058 ], [ 29.7172207, 60.2108597 ], [ 29.7172168, 60.2108167 ], [ 29.7171545, 60.2108388 ], [ 29.7170951, 60.2108594 ], [ 29.7170655, 60.2108432 ], [ 29.717021, 60.2108034 ], [ 29.7169438, 60.210801899999986 ], [ 29.7168133, 60.2107813 ], [ 29.7166739, 60.2107636 ], [ 29.7166383, 60.210738600000013 ], [ 29.7166115, 60.2106884 ], [ 29.7165641, 60.210647199999983 ], [ 29.7164899, 60.210625099999973 ], [ 29.7164306, 60.2106133 ], [ 29.716389, 60.2105823 ], [ 29.7163208, 60.2105838 ], [ 29.7162852, 60.2105867 ], [ 29.7162733, 60.2105587 ], [ 29.7162644, 60.210529299999983 ], [ 29.7161992, 60.210516 ], [ 29.7161606, 60.210483600000011 ], [ 29.7160775, 60.2104718 ], [ 29.7160182, 60.2104526 ], [ 29.7159796, 60.210411299999983 ], [ 29.7158936, 60.210417199999988 ], [ 29.7158639, 60.2104261 ], [ 29.7158075, 60.2103819 ], [ 29.7157393, 60.210373 ], [ 29.7156889, 60.2103745 ], [ 29.7156473, 60.2103539 ], [ 29.7156651, 60.210337599999988 ], [ 29.7156206, 60.2103082 ], [ 29.7155999, 60.2102831 ], [ 29.715502, 60.2102697 ], [ 29.7152934, 60.2102524 ], [ 29.7152354, 60.2102409 ], [ 29.7152354, 60.2101775 ], [ 29.7151833, 60.2101085 ], [ 29.715108, 60.2100797 ], [ 29.7150152, 60.2100883 ], [ 29.7149631, 60.2100509 ], [ 29.7149341, 60.210016300000014 ], [ 29.7148298, 60.210016300000014 ], [ 29.7147951, 60.209981799999966 ], [ 29.7147371, 60.2099472 ], [ 29.7147197, 60.2099098 ], [ 29.7145922, 60.2098983 ], [ 29.7145459, 60.2098666 ], [ 29.7144937, 60.2098292 ], [ 29.7144503, 60.2098331 ], [ 29.7144177, 60.2098095 ], [ 29.7143317, 60.2098213 ], [ 29.7142694, 60.2097844 ], [ 29.7142694, 60.209756400000025 ], [ 29.714213, 60.2097373 ], [ 29.7141299, 60.209721 ], [ 29.7141537, 60.2096916 ], [ 29.7141092, 60.2096636 ], [ 29.7140498, 60.2096621 ], [ 29.7140053, 60.2096385 ], [ 29.7139905, 60.209598700000022 ], [ 29.7139519, 60.2095707 ], [ 29.7138614, 60.2095058 ], [ 29.7138169, 60.209463499999984 ], [ 29.7137428, 60.2094137 ], [ 29.7136982, 60.209373199999952 ], [ 29.7136426, 60.2093197 ], [ 29.7136092, 60.2092792 ], [ 29.7135128, 60.2092663 ], [ 29.713383, 60.2092516 ], [ 29.7132273, 60.2092608 ], [ 29.7131568, 60.209249699999965 ], [ 29.713053, 60.2092129 ], [ 29.7130455, 60.2091779 ], [ 29.7131123, 60.2091429 ], [ 29.7130455, 60.2091097 ], [ 29.71309, 60.2090821 ], [ 29.7129454, 60.20902490000001 ], [ 29.7129083, 60.2089862 ], [ 29.7129306, 60.2089439 ], [ 29.7128601, 60.2089218 ], [ 29.7128379, 60.208899600000031 ], [ 29.7127414, 60.2089218 ], [ 29.7126858, 60.2089365 ], [ 29.7126228, 60.2089089 ], [ 29.7124448, 60.2089162 ], [ 29.7123595, 60.208907 ], [ 29.7122705, 60.2088536 ], [ 29.7122408, 60.2088186 ], [ 29.7121518, 60.2087873 ], [ 29.7120702, 60.2087707 ], [ 29.7120368, 60.208813 ], [ 29.7119849, 60.2088536 ], [ 29.7119144, 60.208862799999984 ], [ 29.7118106, 60.2088665 ], [ 29.7117513, 60.2088425 ], [ 29.7117068, 60.208837 ], [ 29.711577, 60.208785399999982 ], [ 29.7115436, 60.208754099999979 ], [ 29.7114768, 60.2087117 ], [ 29.7115102, 60.2086656 ], [ 29.7113915, 60.208647199999987 ], [ 29.7113656, 60.208614 ], [ 29.7112506, 60.208641699999987 ], [ 29.7112024, 60.2086269 ], [ 29.7111505, 60.2086122 ], [ 29.7111319, 60.2085772 ], [ 29.7111505, 60.2085532 ], [ 29.7110726, 60.2085532 ], [ 29.7110281, 60.2085274 ], [ 29.7108983, 60.2085053 ], [ 29.7107899, 60.2085016 ], [ 29.710750486177016, 60.208482995399301 ], [ 29.7098621, 60.2089726 ], [ 29.7088781, 60.2092383 ], [ 29.7071591, 60.2095672 ] ] ] } },
{ "type": "Feature", "properties": { "block_id": "36" }, "geometry": { "type": "Polygon", "coordinates": [ [ [ 29.7081196, 60.2109044 ], [ 29.7071591, 60.2095672 ], [ 29.7068049, 60.209625 ], [ 29.7053247, 60.2099253 ], [ 29.7066304, 60.211663899999976 ], [ 29.7084194, 60.2113064 ], [ 29.7081196, 60.2109044 ] ] ] } },
{ "type": "Feature", "properties": { "block_id": "37" }, "geometry": { "type": "Polygon", "coordinates": [ [ [ 29.7089019, 60.2119932 ], [ 29.7084194, 60.2113064 ], [ 29.7066304, 60.211663899999976 ], [ 29.7079479, 60.21340009999998 ], [ 29.7097145, 60.2130615 ], [ 29.7089019, 60.2119932 ] ] ] } },
{ "type": "Feature", "properties": { "block_id": "38" }, "geometry": { "type": "Polygon", "coordinates": [ [ [ 29.6990929, 60.2131279 ], [ 29.7011226, 60.2127219 ], [ 29.6997794, 60.2109772 ], [ 29.6984039, 60.21125259999998 ], [ 29.6976578, 60.2114022 ], [ 29.6983287, 60.212209 ], [ 29.6990929, 60.2131279 ] ] ] } },
{ "type": "Feature", "properties": { "block_id": "39" }, "geometry": { "type": "Polygon", "coordinates": [ [ [ 29.7011226, 60.2127219 ], [ 29.6990929, 60.2131279 ], [ 29.6983287, 60.212209 ], [ 29.6956438, 60.212735 ], [ 29.6950473, 60.2119101 ], [ 29.6939276, 60.2104236 ], [ 29.6932191, 60.209454 ], [ 29.6946082, 60.2090221 ], [ 29.6958497, 60.20869110000001 ], [ 29.6964531, 60.2085201 ], [ 29.6951003, 60.207168299999971 ], [ 29.6914453, 60.2078448 ], [ 29.6903406, 60.2079411 ], [ 29.6895248, 60.2080058 ], [ 29.6887775, 60.2081591 ], [ 29.687247, 60.2084236 ], [ 29.6862932, 60.2086058 ], [ 29.6860195, 60.2086446 ], [ 29.6856236, 60.2088272 ], [ 29.6852512, 60.20904440000001 ], [ 29.6850752, 60.209147 ], [ 29.6844714, 60.2095522 ], [ 29.6841584, 60.2097702 ], [ 29.6839228, 60.2099726 ], [ 29.6835371, 60.2103066 ], [ 29.6831391, 60.2108412 ], [ 29.6828653, 60.2113517 ], [ 29.6827613, 60.211691 ], [ 29.6827159, 60.2121858 ], [ 29.6827738, 60.2127129 ], [ 29.6829057, 60.213190199999957 ], [ 29.6830782, 60.213644899999984 ], [ 29.6836865, 60.2144983 ], [ 29.6843795, 60.2154807 ], [ 29.6857062, 60.2172106 ], [ 29.6881558, 60.2202518 ], [ 29.6892288, 60.2218554 ], [ 29.6894452, 60.222241900000022 ], [ 29.6896489, 60.2225373 ], [ 29.6898191, 60.2227807 ], [ 29.6916101, 60.2246594 ], [ 29.6921497, 60.224524299999963 ], [ 29.6928407, 60.2244023 ], [ 29.6929114, 60.2243891 ], [ 29.6930194, 60.2243767 ], [ 29.6932753, 60.2243472 ], [ 29.6939854, 60.2242892 ], [ 29.6952078, 60.224265 ], [ 29.6976073, 60.2242702 ], [ 29.7005327, 60.2240886 ], [ 29.7040711, 60.22339680000001 ], [ 29.7081493, 60.2223591 ], [ 29.708299, 60.222321 ], [ 29.7112184, 60.221262099999983 ], [ 29.7116362, 60.22111060000001 ], [ 29.7119469, 60.2209979 ], [ 29.7125065, 60.220852 ], [ 29.7129621, 60.2207332 ], [ 29.7153184, 60.220119 ], [ 29.7156961, 60.2200205 ], [ 29.7196709, 60.2192903 ], [ 29.7209339, 60.2190173 ], [ 29.7217005, 60.2187608 ], [ 29.7221023, 60.2186264 ], [ 29.7222622, 60.2185433 ], [ 29.7230712, 60.21812280000001 ], [ 29.7241696, 60.2177215 ], [ 29.7269472, 60.216975199999986 ], [ 29.7272511, 60.216893499999976 ], [ 29.7297816, 60.21621360000001 ], [ 29.7301396, 60.2161194 ], [ 29.7312875, 60.2158242 ], [ 29.7317924, 60.2156811 ], [ 29.731863351198893, 60.215660999691451 ], [ 29.7316311, 60.2154841 ], [ 29.7313909, 60.215464499999989 ], [ 29.7305498, 60.214905 ], [ 29.7305799, 60.214505799999955 ], [ 29.730073, 60.214324900000022 ], [ 29.7292454, 60.2138906 ], [ 29.7291527, 60.2138445 ], [ 29.7291045, 60.213800299999967 ], [ 29.7290266, 60.213811399999976 ], [ 29.7289747, 60.2138261 ], [ 29.7289413, 60.213796600000016 ], [ 29.7289228, 60.2137764 ], [ 29.7288412, 60.2137543 ], [ 29.7286817, 60.2137395 ], [ 29.7286261, 60.2136842 ], [ 29.7285445, 60.213673199999988 ], [ 29.7284592, 60.2136732 ], [ 29.7284369, 60.2136142 ], [ 29.7283442, 60.2135811 ], [ 29.7282738, 60.2135498 ], [ 29.7282181, 60.2135277 ], [ 29.7281588, 60.2135313 ], [ 29.7280438, 60.2134687 ], [ 29.7279437, 60.213437400000018 ], [ 29.7278206, 60.2134606 ], [ 29.7278009, 60.2134643 ], [ 29.7277583, 60.213472399999972 ], [ 29.727736, 60.2134245 ], [ 29.7276618, 60.213395 ], [ 29.7274913, 60.2133582 ], [ 29.7273095, 60.2133029 ], [ 29.7270833, 60.2132145 ], [ 29.7269771, 60.213174 ], [ 29.7269659, 60.2131698 ], [ 29.7270067, 60.213154899999978 ], [ 29.7269995, 60.2131307 ], [ 29.7270468, 60.2131247 ], [ 29.7270857, 60.213095099999954 ], [ 29.7270626, 60.2130806 ], [ 29.7269995, 60.2130649 ], [ 29.7269776, 60.213040199999988 ], [ 29.7269241, 60.2130329 ], [ 29.7268682, 60.2129822 ], [ 29.7268767, 60.2129333 ], [ 29.7268768, 60.2129065 ], [ 29.7268293, 60.212857 ], [ 29.7268103, 60.2128205 ], [ 29.7267866, 60.2127969 ], [ 29.726732, 60.2127603 ], [ 29.7266892, 60.2127344 ], [ 29.7266394, 60.2126978 ], [ 29.7265872, 60.212674299999989 ], [ 29.7265279, 60.212644800000014 ], [ 29.7264353, 60.2125917 ], [ 29.7263949, 60.2125622 ], [ 29.7263332, 60.2125387 ], [ 29.7262478, 60.2124891 ], [ 29.7261766, 60.212464399999959 ], [ 29.7260793, 60.2124514 ], [ 29.7260365, 60.2124431 ], [ 29.726065, 60.2124243 ], [ 29.7260294, 60.212401900000017 ], [ 29.7260176, 60.21237 ], [ 29.7259938, 60.2123417 ], [ 29.725963, 60.212302800000025 ], [ 29.725887, 60.2122592 ], [ 29.7258158, 60.212215600000015 ], [ 29.7257683, 60.212192 ], [ 29.7256829, 60.2121637 ], [ 29.7256331, 60.2121401 ], [ 29.7256188, 60.2121154 ], [ 29.7255642, 60.2120882 ], [ 29.7255168, 60.2120729 ], [ 29.7254503, 60.2120705 ], [ 29.7253577, 60.2120269 ], [ 29.7253435, 60.2120045 ], [ 29.7253031, 60.2119656 ], [ 29.7252414, 60.2119432 ], [ 29.7252035, 60.2119031 ], [ 29.7251536, 60.211884199999986 ], [ 29.7251109, 60.211890099999984 ], [ 29.7250326, 60.211863 ], [ 29.7249709, 60.2118276 ], [ 29.7248735, 60.2117793 ], [ 29.7247667, 60.21174280000001 ], [ 29.7246576, 60.21172270000001 ], [ 29.7245365, 60.211710899999979 ], [ 29.7244368, 60.2116885 ], [ 29.7243585, 60.2116779 ], [ 29.7243181, 60.211649599999987 ], [ 29.7243205, 60.2116119 ], [ 29.7243063, 60.2115812 ], [ 29.7242612, 60.2115588 ], [ 29.7242327, 60.2115317 ], [ 29.7241876, 60.2115258 ], [ 29.7241401, 60.2114845 ], [ 29.7240725, 60.211480199999976 ], [ 29.7239828, 60.211446 ], [ 29.723897, 60.2114447 ], [ 29.7238058, 60.211426 ], [ 29.7237224, 60.2113914 ], [ 29.7235396, 60.2113407 ], [ 29.7230792, 60.2113147 ], [ 29.7228027, 60.2113706 ], [ 29.7226805, 60.211369 ], [ 29.7225998, 60.2114114 ], [ 29.7225594, 60.21143379999998 ], [ 29.7225404, 60.211455 ], [ 29.7224716, 60.2114857 ], [ 29.7224217, 60.2115128 ], [ 29.7223672, 60.2115305 ], [ 29.7223007, 60.2115317 ], [ 29.7222675, 60.2114998 ], [ 29.7222319, 60.211473899999987 ], [ 29.7221725, 60.2114598 ], [ 29.7220918, 60.2114421 ], [ 29.7220515, 60.211417300000022 ], [ 29.7219447, 60.2113996 ], [ 29.721807, 60.2113796 ], [ 29.7216949, 60.2113541 ], [ 29.7216115, 60.2113443 ], [ 29.7215044, 60.211324 ], [ 29.721351800823463, 60.211281972771211 ], [ 29.7213113, 60.2113101 ], [ 29.7208254, 60.211672199999988 ], [ 29.721736, 60.2123138 ], [ 29.7221086, 60.2126654 ], [ 29.7171626, 60.2136239 ], [ 29.7134758, 60.2143357 ], [ 29.7110507, 60.2148039 ], [ 29.7107235, 60.2143772 ], [ 29.7097145, 60.2130615 ], [ 29.7079479, 60.21340009999998 ], [ 29.7072804, 60.213528 ], [ 29.7061525, 60.2137441 ], [ 29.7047944, 60.212001 ], [ 29.7011226, 60.2127219 ] ] ] } },
{ "type": "Feature", "properties": { "block_id": "40" }, "geometry": { "type": "Polygon", "coordinates": [ [ [ 29.7011226, 60.2127219 ], [ 29.7047944, 60.212001 ], [ 29.7066304, 60.211663899999976 ], [ 29.7053247, 60.2099253 ], [ 29.705028, 60.209983199999989 ], [ 29.7025656, 60.2104491 ], [ 29.7003834, 60.2108551 ], [ 29.6997794, 60.2109772 ], [ 29.7011226, 60.2127219 ] ] ] } },
{ "type": "Feature", "properties": { "block_id": "41" }, "geometry": { "type": "Polygon", "coordinates": [ [ [ 29.7066304, 60.211663899999976 ], [ 29.7047944, 60.212001 ], [ 29.7061525, 60.2137441 ], [ 29.7072804, 60.213528 ], [ 29.7079479, 60.21340009999998 ], [ 29.7066304, 60.211663899999976 ] ] ] } },
{ "type": "Feature", "properties": { "block_id": "42" }, "geometry": { "type": "Polygon", "coordinates": [ [ [ 29.6049215, 60.2589579 ], [ 29.6048676, 60.2589903 ], [ 29.6048519, 60.2590019 ], [ 29.6041281, 60.2594353 ], [ 29.6029065, 60.2601462 ], [ 29.6035989, 60.2603376 ], [ 29.6039808, 60.260442199999957 ], [ 29.6049061, 60.2606551 ], [ 29.6059181, 60.2609454 ], [ 29.6067849, 60.2600492 ], [ 29.6068403, 60.2599835 ], [ 29.6068573, 60.2599126 ], [ 29.6068346, 60.259826199999985 ], [ 29.606722, 60.2597597 ], [ 29.606347, 60.259592599999984 ], [ 29.6059585, 60.2594107 ], [ 29.6057891, 60.259336499999989 ], [ 29.6056453, 60.2592721 ], [ 29.6049215, 60.2589579 ] ] ] } },
{ "type": "Feature", "properties": { "block_id": "43" }, "geometry": { "type": "Polygon", "coordinates": [ [ [ 29.6048676, 60.2589903 ], [ 29.6049215, 60.2589579 ], [ 29.6046304, 60.2588165 ], [ 29.6043858, 60.258669899999987 ], [ 29.6041593, 60.2584878 ], [ 29.60405379664757, 60.258397691052338 ], [ 29.6040295, 60.2584024 ], [ 29.6039045, 60.2584188 ], [ 29.6038744, 60.2584238 ], [ 29.603329, 60.258516299999968 ], [ 29.602948, 60.2586258 ], [ 29.602676, 60.2587542 ], [ 29.6010017, 60.2591291 ], [ 29.6002227, 60.2594245 ], [ 29.5994848, 60.259759399999957 ], [ 29.5995013, 60.2600079 ], [ 29.5997143, 60.2602367 ], [ 29.6000735, 60.2603131 ], [ 29.6004162, 60.2602859 ], [ 29.6006508, 60.2601332 ], [ 29.6009658, 60.2600958 ], [ 29.6013818, 60.2601041 ], [ 29.6015391, 60.2602259 ], [ 29.6014153, 60.2603691 ], [ 29.6009441, 60.2605264 ], [ 29.6007077, 60.2605394 ], [ 29.5996727, 60.2605768 ], [ 29.5987588, 60.2608221 ], [ 29.5984054, 60.261072 ], [ 29.5981779, 60.2611237 ], [ 29.5977627, 60.261095 ], [ 29.5963468, 60.260860799999989 ], [ 29.5961014, 60.2607598 ], [ 29.5958567, 60.2607655 ], [ 29.5949901, 60.260949 ], [ 29.5946442, 60.2611468 ], [ 29.5944256, 60.2613144 ], [ 29.5943381, 60.2614842 ], [ 29.5941887, 60.261876 ], [ 29.5942845, 60.2619783 ], [ 29.5942505, 60.262197 ], [ 29.594185, 60.2623403 ], [ 29.5939484, 60.262393199999984 ], [ 29.5931346, 60.2624249 ], [ 29.5924382, 60.2624029 ], [ 29.5917736, 60.2623505 ], [ 29.5914133, 60.262281 ], [ 29.5911505, 60.2622819 ], [ 29.5908056, 60.262423299999988 ], [ 29.5905071, 60.2625874 ], [ 29.5903267, 60.2627418 ], [ 29.5903796, 60.262963099999986 ], [ 29.590265, 60.2630604 ], [ 29.5900397, 60.26309310000002 ], [ 29.5898297, 60.2631019 ], [ 29.5895405, 60.2630537 ], [ 29.5893951, 60.263046799999984 ], [ 29.5892785, 60.263119 ], [ 29.5891821, 60.2633058 ], [ 29.5891399, 60.263388799999959 ], [ 29.5890449, 60.2634494 ], [ 29.5891145, 60.2636362 ], [ 29.589155, 60.263800099999955 ], [ 29.5889016, 60.2639136 ], [ 29.5887193, 60.2639933 ], [ 29.5883393, 60.263919699999988 ], [ 29.5881391, 60.2640293 ], [ 29.5880137, 60.2642012 ], [ 29.5882641, 60.2646113 ], [ 29.5885849, 60.2648645 ], [ 29.5885767, 60.2650177 ], [ 29.5884601, 60.265128300000022 ], [ 29.5876355, 60.265299 ], [ 29.5874007, 60.2653532 ], [ 29.5869784, 60.2656497 ], [ 29.587021393807621, 60.265695576406813 ], [ 29.587219855101363, 60.265754012104196 ], [ 29.5884978, 60.2656721 ], [ 29.5886651, 60.265619899999955 ], [ 29.5889424, 60.2656436 ], [ 29.5892045, 60.2655735 ], [ 29.5893535, 60.2656839 ], [ 29.5896011, 60.2656254 ], [ 29.5902525, 60.2656868 ], [ 29.590761711427479, 60.265846242672957 ], [ 29.5922522, 60.2657567 ], [ 29.5942566, 60.264663400000011 ], [ 29.6000791, 60.2658959 ], [ 29.600741685671828, 60.26606937801462 ], [ 29.6007699, 60.2660433 ], [ 29.6007997, 60.266012 ], [ 29.6009576, 60.2658287 ], [ 29.6023908, 60.2645008 ], [ 29.6050416, 60.2618251 ], [ 29.6039939, 60.2614971 ], [ 29.6032496, 60.2613075 ], [ 29.6027724, 60.261176399999961 ], [ 29.6013557, 60.2612538 ], [ 29.6018005, 60.2609508 ], [ 29.602234, 60.2606556 ], [ 29.6029065, 60.2601462 ], [ 29.6041281, 60.2594353 ], [ 29.6048519, 60.2590019 ], [ 29.6048676, 60.2589903 ] ] ] } },
{ "type": "Feature", "properties": { "block_id": "44" }, "geometry": { "type": "Polygon", "coordinates": [ [ [ 29.6848798, 60.1958813 ], [ 29.6851967, 60.195851100000013 ], [ 29.685815, 60.1958798 ], [ 29.6861677, 60.1958858 ], [ 29.6865633, 60.195889099999988 ], [ 29.6873168, 60.195835299999985 ], [ 29.6884318, 60.1956121 ], [ 29.6889889, 60.1954907 ], [ 29.6893195, 60.195365400000021 ], [ 29.6898529, 60.195170599999955 ], [ 29.6894149, 60.1945903 ], [ 29.6892894, 60.194384099999986 ], [ 29.6891421, 60.1944424 ], [ 29.6885797, 60.1945826 ], [ 29.6881523, 60.1946652 ], [ 29.6877185, 60.1946435 ], [ 29.6874775, 60.194668 ], [ 29.6874258, 60.194674 ], [ 29.6870672, 60.1947159 ], [ 29.6869238, 60.1947115 ], [ 29.685906, 60.194858 ], [ 29.6849197, 60.194992399999983 ], [ 29.6839297, 60.195097599999983 ], [ 29.6835584, 60.19512670000001 ], [ 29.6837121, 60.1952519 ], [ 29.6838623, 60.1953399 ], [ 29.6839462, 60.1953776 ], [ 29.6840154, 60.1954087 ], [ 29.6841413, 60.1954652 ], [ 29.6843362, 60.1955636 ], [ 29.6847206, 60.1957692 ], [ 29.6848798, 60.1958813 ] ] ] } },
{ "type": "Feature", "properties": { "block_id": "45" }, "geometry": { "type": "Polygon", "coordinates": [ [ [ 29.667765, 60.2728298 ], [ 29.6684366, 60.2731054 ], [ 29.6689696, 60.2733958 ], [ 29.669108, 60.2735093 ], [ 29.6692584, 60.2736344 ], [ 29.6694101, 60.273802 ], [ 29.6696643, 60.2744299 ], [ 29.6699363, 60.27502530000001 ], [ 29.6702416, 60.2753481 ], [ 29.6705095, 60.275584 ], [ 29.6708313, 60.2758727 ], [ 29.6716085, 60.2765222 ], [ 29.6721201, 60.277090899999969 ], [ 29.6727342, 60.2780624 ], [ 29.672931362325645, 60.278394722085061 ], [ 29.6730057, 60.2783853 ], [ 29.672194, 60.277093 ], [ 29.6716588, 60.2764743 ], [ 29.6700816, 60.275036399999983 ], [ 29.6696296, 60.273616400000016 ], [ 29.6679883, 60.272885599999988 ], [ 29.6662414, 60.2721826 ], [ 29.6584168, 60.269384100000025 ], [ 29.6645166, 60.2681792 ], [ 29.6647116, 60.2656817 ], [ 29.657875345438978, 60.263580713838692 ], [ 29.6576571, 60.2637458 ], [ 29.6564097, 60.2637996 ], [ 29.6539235, 60.2637352 ], [ 29.6517494, 60.2632071 ], [ 29.650085, 60.2620076 ], [ 29.6465784, 60.260855399999983 ], [ 29.645875, 60.2608614 ], [ 29.6393251, 60.2613908 ], [ 29.6346648, 60.261055699999979 ], [ 29.6317276, 60.2613082 ], [ 29.630159238803763, 60.261665059987209 ], [ 29.6302597, 60.2617548 ], [ 29.6305588, 60.261973599999969 ], [ 29.6307117, 60.2620388 ], [ 29.6309665, 60.2621081 ], [ 29.6317444, 60.2622734 ], [ 29.6334412, 60.262573099999983 ], [ 29.6348699, 60.2626785 ], [ 29.6363648, 60.2627156 ], [ 29.6372574, 60.2627112 ], [ 29.6379903, 60.2626705 ], [ 29.6384074, 60.2626499 ], [ 29.6389101, 60.262666 ], [ 29.6394714, 60.2627222 ], [ 29.6400965, 60.2627729 ], [ 29.6407062, 60.26276210000001 ], [ 29.6412871, 60.2627063 ], [ 29.6429082, 60.2623818 ], [ 29.6433687, 60.2623596 ], [ 29.6438322, 60.2623616 ], [ 29.6469629, 60.262757900000025 ], [ 29.6474482, 60.262857700000012 ], [ 29.64901, 60.2634898 ], [ 29.6507103, 60.2641294 ], [ 29.6539412, 60.2655473 ], [ 29.6542283, 60.2657203 ], [ 29.6545631, 60.266260199999984 ], [ 29.6550134, 60.2668705 ], [ 29.6550917, 60.2671256 ], [ 29.6551956, 60.267515199999984 ], [ 29.6553494, 60.2677488 ], [ 29.656695, 60.268843699999984 ], [ 29.6567979, 60.2689113 ], [ 29.6569115, 60.268985899999969 ], [ 29.6570958, 60.2690847 ], [ 29.6572587, 60.269157199999988 ], [ 29.6578461, 60.269418399999985 ], [ 29.6589212, 60.2697918 ], [ 29.6600124, 60.2700669 ], [ 29.6608483, 60.2702926 ], [ 29.6614505, 60.2705012 ], [ 29.6620571, 60.2707733 ], [ 29.6649432, 60.271933300000022 ], [ 29.6659898, 60.2723203 ], [ 29.6666976, 60.272523199999966 ], [ 29.6672771, 60.272694199999989 ], [ 29.667765, 60.2728298 ] ] ] } },
{ "type": "Feature", "properties": { "block_id": "46" }, "geometry": { "type": "Polygon", "coordinates": [ [ [ 29.672931362325645, 60.278394722085061 ], [ 29.6727342, 60.2780624 ], [ 29.6721201, 60.277090899999969 ], [ 29.6716085, 60.2765222 ], [ 29.6708313, 60.2758727 ], [ 29.6705095, 60.275584 ], [ 29.6702416, 60.2753481 ], [ 29.6699363, 60.27502530000001 ], [ 29.6696643, 60.2744299 ], [ 29.6694101, 60.273802 ], [ 29.6692584, 60.2736344 ], [ 29.669108, 60.2735093 ], [ 29.6689696, 60.2733958 ], [ 29.6684366, 60.2731054 ], [ 29.667765, 60.2728298 ], [ 29.6672771, 60.272694199999989 ], [ 29.6666976, 60.272523199999966 ], [ 29.6659898, 60.2723203 ], [ 29.6649432, 60.271933300000022 ], [ 29.6620571, 60.2707733 ], [ 29.6614505, 60.2705012 ], [ 29.6608483, 60.2702926 ], [ 29.6600124, 60.2700669 ], [ 29.6589212, 60.2697918 ], [ 29.6578461, 60.269418399999985 ], [ 29.6572587, 60.269157199999988 ], [ 29.6570958, 60.2690847 ], [ 29.6569115, 60.268985899999969 ], [ 29.6567979, 60.2689113 ], [ 29.656695, 60.268843699999984 ], [ 29.6553494, 60.2677488 ], [ 29.6551956, 60.267515199999984 ], [ 29.6550917, 60.2671256 ], [ 29.6550134, 60.2668705 ], [ 29.6545631, 60.266260199999984 ], [ 29.6542283, 60.2657203 ], [ 29.6539412, 60.2655473 ], [ 29.6507103, 60.2641294 ], [ 29.64901, 60.2634898 ], [ 29.6474482, 60.262857700000012 ], [ 29.6469629, 60.262757900000025 ], [ 29.6438322, 60.2623616 ], [ 29.6433687, 60.2623596 ], [ 29.6429082, 60.2623818 ], [ 29.6412871, 60.2627063 ], [ 29.6407062, 60.26276210000001 ], [ 29.6400965, 60.2627729 ], [ 29.6394714, 60.2627222 ], [ 29.6389101, 60.262666 ], [ 29.6384074, 60.2626499 ], [ 29.6379903, 60.2626705 ], [ 29.6372574, 60.2627112 ], [ 29.6363648, 60.2627156 ], [ 29.6348699, 60.2626785 ], [ 29.6334412, 60.262573099999983 ], [ 29.6317444, 60.2622734 ], [ 29.6308168, 60.2621566 ], [ 29.630355, 60.2619803 ], [ 29.6301107, 60.261817599999986 ], [ 29.629991224940962, 60.261712586532127 ], [ 29.6287405, 60.2621143 ], [ 29.6290465, 60.2626806 ], [ 29.6313166, 60.26638389999998 ], [ 29.63152013198814, 60.266620397195922 ], [ 29.6317182, 60.2665678 ], [ 29.63430122571549, 60.269851552593067 ], [ 29.6347204, 60.2703385 ], [ 29.634728623807106, 60.270394826168925 ], [ 29.6347928, 60.2704764 ], [ 29.6418513, 60.270927399999984 ], [ 29.6445183, 60.272247199999988 ], [ 29.6471291, 60.289560399999985 ], [ 29.6605367, 60.288882 ], [ 29.6559191, 60.2822207 ], [ 29.6567309, 60.2787769 ], [ 29.6608691, 60.2720496 ], [ 29.6697863, 60.2750384 ], [ 29.6679764, 60.2765096 ], [ 29.6672459, 60.277371199999976 ], [ 29.6679799, 60.2790222 ], [ 29.672931362325645, 60.278394722085061 ] ] ] } },
{ "type": "Feature", "properties": { "block_id": "47" }, "geometry": { "type": "Polygon", "coordinates": [ [ [ 29.6033568, 60.2569302 ], [ 29.6033864, 60.2570196 ], [ 29.6033968, 60.2570629 ], [ 29.6034333, 60.2572238 ], [ 29.6034901, 60.257474 ], [ 29.6035804, 60.2579309 ], [ 29.6036315, 60.2580067 ], [ 29.603855, 60.258227899999987 ], [ 29.60405379664757, 60.258397691052338 ], [ 29.6041523, 60.2583786 ], [ 29.6044024, 60.2583301 ], [ 29.6078083, 60.2584993 ], [ 29.6113093, 60.2588178 ], [ 29.61659, 60.259469 ], [ 29.620762, 60.2603157 ], [ 29.6234718, 60.261152800000012 ], [ 29.6245645, 60.2619478 ], [ 29.6270181, 60.261882300000011 ], [ 29.6287405, 60.2621143 ], [ 29.629991224940962, 60.261712586532127 ], [ 29.629453, 60.2612395 ], [ 29.6288709, 60.2607607 ], [ 29.628449, 60.260465 ], [ 29.6279772, 60.2602002 ], [ 29.6277928, 60.260115499999976 ], [ 29.6271157, 60.259904399999961 ], [ 29.6270171, 60.2598737 ], [ 29.6269056, 60.259839199999973 ], [ 29.6265952, 60.2597434 ], [ 29.6263708, 60.259674099999984 ], [ 29.6261006, 60.2595906 ], [ 29.6251594, 60.2592906 ], [ 29.6249223, 60.259219399999985 ], [ 29.6240531, 60.2589324 ], [ 29.622891, 60.2584803 ], [ 29.6211649, 60.2578494 ], [ 29.6203913, 60.2575666 ], [ 29.6198863, 60.2574591 ], [ 29.6195584, 60.25739 ], [ 29.6181398, 60.2571086 ], [ 29.6172856, 60.2569511 ], [ 29.6170496, 60.256897100000025 ], [ 29.6168564, 60.256959399999985 ], [ 29.6165937, 60.256982 ], [ 29.6166057, 60.2568809 ], [ 29.6166985, 60.2568144 ], [ 29.6165291, 60.256765200000018 ], [ 29.6162582, 60.2566566 ], [ 29.6157226, 60.256405799999982 ], [ 29.6153972, 60.2562439 ], [ 29.615027, 60.2561283 ], [ 29.6148018, 60.2560743 ], [ 29.6143712, 60.255981 ], [ 29.6141332, 60.2559457 ], [ 29.6138958, 60.255920199999984 ], [ 29.6137779, 60.2559117 ], [ 29.6135831, 60.2559024 ], [ 29.6135067, 60.2558967 ], [ 29.6133846, 60.255898200000011 ], [ 29.613216, 60.2558936 ], [ 29.613004, 60.2558947 ], [ 29.6128227, 60.2559024 ], [ 29.6125685, 60.255924100000016 ], [ 29.6122228, 60.255953599999984 ], [ 29.6121468, 60.255956599999983 ], [ 29.6112611, 60.2560638 ], [ 29.6105024, 60.25616 ], [ 29.610294, 60.2561775 ], [ 29.6097483, 60.256237599999984 ], [ 29.6083901, 60.2564059 ], [ 29.6079852, 60.256447599999987 ], [ 29.6076093, 60.256489 ], [ 29.6070432, 60.2565392 ], [ 29.6066818, 60.2565722 ], [ 29.6065249, 60.2565869 ], [ 29.6062853, 60.2566089 ], [ 29.605665, 60.2566712 ], [ 29.6055172, 60.2566857 ], [ 29.6048153, 60.2567656 ], [ 29.6036356, 60.2568973 ], [ 29.6033568, 60.2569302 ] ] ] } },
{ "type": "Feature", "properties": { "block_id": "48" }, "geometry": { "type": "Polygon", "coordinates": [ [ [ 29.6035804, 60.2579309 ], [ 29.6034901, 60.257474 ], [ 29.6034333, 60.2572238 ], [ 29.6033968, 60.2570629 ], [ 29.6033864, 60.2570196 ], [ 29.6033568, 60.2569302 ], [ 29.6030937, 60.2569593 ], [ 29.6027172, 60.2570012 ], [ 29.6021285, 60.25710680000001 ], [ 29.601906, 60.25714760000001 ], [ 29.6015791, 60.257225 ], [ 29.6010559, 60.2573228 ], [ 29.6006504, 60.2573998 ], [ 29.6004803, 60.257432799999989 ], [ 29.6001048, 60.257502700000011 ], [ 29.5998309, 60.2575532 ], [ 29.5997669, 60.2575635 ], [ 29.5997241, 60.25757039999997 ], [ 29.5994567, 60.257613399999983 ], [ 29.5983769, 60.2577493 ], [ 29.5983544, 60.2577519 ], [ 29.5982436, 60.2577609 ], [ 29.5979524, 60.257781199999982 ], [ 29.5975706, 60.257806699999989 ], [ 29.5972121, 60.2578094 ], [ 29.5972033, 60.257860099999988 ], [ 29.5971952, 60.257906499999969 ], [ 29.5966231, 60.258060199999989 ], [ 29.5963418, 60.25817760000001 ], [ 29.5955167, 60.2584136 ], [ 29.5934021, 60.2588562 ], [ 29.5931982, 60.2589502 ], [ 29.5921816, 60.258820299999989 ], [ 29.5911758, 60.2587564 ], [ 29.5901346, 60.2585453 ], [ 29.5887769, 60.2582798 ], [ 29.5877454, 60.2579442 ], [ 29.5869848, 60.257700299999989 ], [ 29.5858481, 60.257164199999984 ], [ 29.5850755, 60.256763399999983 ], [ 29.5841191, 60.2564166 ], [ 29.5831924, 60.2560043 ], [ 29.5830325, 60.2559557 ], [ 29.5818237, 60.255432099999958 ], [ 29.5819733, 60.2553404 ], [ 29.5819971, 60.255321 ], [ 29.5815268, 60.255146900000028 ], [ 29.5812143, 60.2550312 ], [ 29.580999, 60.254950799999953 ], [ 29.5809225, 60.254986899999984 ], [ 29.5793336, 60.255524 ], [ 29.5783162, 60.2558692 ], [ 29.5775328, 60.2561445 ], [ 29.5774208, 60.2562096 ], [ 29.577338, 60.2563038 ], [ 29.5771308, 60.2566212 ], [ 29.5769285, 60.256942599999988 ], [ 29.5768931, 60.2570303 ], [ 29.5768894, 60.257123 ], [ 29.5769504, 60.257392699999954 ], [ 29.5769667, 60.257505499999986 ], [ 29.5762249, 60.257967 ], [ 29.5760215, 60.2580673 ], [ 29.574837, 60.258674500000019 ], [ 29.5742872, 60.258976699999977 ], [ 29.5714175, 60.2607536 ], [ 29.5700454, 60.2616016 ], [ 29.5697012, 60.261814299999983 ], [ 29.5689632, 60.262270499999985 ], [ 29.575961, 60.26507740000001 ], [ 29.575721158683184, 60.265292593536863 ], [ 29.5770091, 60.2656763 ], [ 29.580680536343117, 60.267526185216809 ], [ 29.5809703, 60.2675245 ], [ 29.581204685310169, 60.267560819858893 ], [ 29.5856688, 60.2652973 ], [ 29.587021393807621, 60.265695576406813 ], [ 29.5869784, 60.2656497 ], [ 29.5874007, 60.2653532 ], [ 29.5876355, 60.265299 ], [ 29.5884601, 60.265128300000022 ], [ 29.5885767, 60.2650177 ], [ 29.5885849, 60.2648645 ], [ 29.5882641, 60.2646113 ], [ 29.5880137, 60.2642012 ], [ 29.5881391, 60.2640293 ], [ 29.5883393, 60.263919699999988 ], [ 29.5887193, 60.2639933 ], [ 29.5889016, 60.2639136 ], [ 29.589155, 60.263800099999955 ], [ 29.5891145, 60.2636362 ], [ 29.5890449, 60.2634494 ], [ 29.5891399, 60.263388799999959 ], [ 29.5891821, 60.2633058 ], [ 29.5892785, 60.263119 ], [ 29.5893951, 60.263046799999984 ], [ 29.5895405, 60.2630537 ], [ 29.5898297, 60.2631019 ], [ 29.5900397, 60.26309310000002 ], [ 29.590265, 60.2630604 ], [ 29.5903796, 60.262963099999986 ], [ 29.5903267, 60.2627418 ], [ 29.5905071, 60.2625874 ], [ 29.5908056, 60.262423299999988 ], [ 29.5911505, 60.2622819 ], [ 29.5914133, 60.262281 ], [ 29.5917736, 60.2623505 ], [ 29.5924382, 60.2624029 ], [ 29.5931346, 60.2624249 ], [ 29.5939484, 60.262393199999984 ], [ 29.594185, 60.2623403 ], [ 29.5942505, 60.262197 ], [ 29.5942845, 60.2619783 ], [ 29.5941887, 60.261876 ], [ 29.5943381, 60.2614842 ], [ 29.5944256, 60.2613144 ], [ 29.5946442, 60.2611468 ], [ 29.5949901, 60.260949 ], [ 29.5958567, 60.2607655 ], [ 29.5976195, 60.2602335 ], [ 29.5984833, 60.259968 ], [ 29.5989633, 60.259828 ], [ 29.5994848, 60.259759399999957 ], [ 29.6002227, 60.2594245 ], [ 29.6010017, 60.2591291 ], [ 29.602676, 60.2587542 ], [ 29.602948, 60.2586258 ], [ 29.603329, 60.258516299999968 ], [ 29.6038744, 60.2584238 ], [ 29.6039045, 60.2584188 ], [ 29.6040295, 60.2584024 ], [ 29.60405379664757, 60.258397691052338 ], [ 29.603855, 60.258227899999987 ], [ 29.6036315, 60.2580067 ], [ 29.6035804, 60.2579309 ] ] ] } },
{ "type": "Feature", "properties": { "block_id": "49" }, "geometry": { "type": "Polygon", "coordinates": [ [ [ 29.6902152, 60.202921 ], [ 29.6907204, 60.203069499999984 ], [ 29.691338, 60.2031668 ], [ 29.6919764, 60.203256900000028 ], [ 29.6930321, 60.203434299999955 ], [ 29.693664, 60.2035392 ], [ 29.6939245, 60.203584899999989 ], [ 29.6939934, 60.203597 ], [ 29.6943184, 60.203651099999988 ], [ 29.6949476, 60.203755900000012 ], [ 29.6956936, 60.2038691 ], [ 29.6967635, 60.204034 ], [ 29.6970722, 60.204087700000024 ], [ 29.6971073, 60.2039642 ], [ 29.6967081, 60.2035088 ], [ 29.6964617, 60.2032386 ], [ 29.6962634, 60.2029845 ], [ 29.695833, 60.2024689 ], [ 29.6957964, 60.202408699999971 ], [ 29.6957982, 60.202325 ], [ 29.6958706, 60.202245 ], [ 29.6971366, 60.201073099999988 ], [ 29.6980665, 60.200345699999986 ], [ 29.6983911, 60.2000284 ], [ 29.6988757, 60.1993688 ], [ 29.6988055, 60.1993537 ], [ 29.6983838, 60.1992632 ], [ 29.6975471, 60.198972 ], [ 29.6970876, 60.198818299999985 ], [ 29.6959671, 60.1985007 ], [ 29.6957043, 60.1984594 ], [ 29.69549, 60.1984335 ], [ 29.6953334, 60.198414599999985 ], [ 29.6936141, 60.199783199999985 ], [ 29.6927507, 60.2004704 ], [ 29.691119, 60.2018177 ], [ 29.6911759, 60.201912099999987 ], [ 29.6912537, 60.2020316 ], [ 29.6912181, 60.2021657 ], [ 29.6908775, 60.20243660000002 ], [ 29.6903921, 60.202804599999986 ], [ 29.6902152, 60.202921 ] ] ] } },
{ "type": "Feature", "properties": { "block_id": "50" }, "geometry": { "type": "Polygon", "coordinates": [ [ [ 29.6970722, 60.204087700000024 ], [ 29.6967635, 60.204034 ], [ 29.6956936, 60.2038691 ], [ 29.6949476, 60.203755900000012 ], [ 29.6943184, 60.203651099999988 ], [ 29.6939934, 60.203597 ], [ 29.6939245, 60.203584899999989 ], [ 29.693664, 60.2035392 ], [ 29.6930321, 60.203434299999955 ], [ 29.6919764, 60.203256900000028 ], [ 29.691338, 60.2031668 ], [ 29.6907204, 60.203069499999984 ], [ 29.6902152, 60.202921 ], [ 29.6898365, 60.202768899999981 ], [ 29.6896076, 60.202618199999989 ], [ 29.6893539, 60.20239590000002 ], [ 29.6890752, 60.202103700000016 ], [ 29.6888231, 60.2018091 ], [ 29.6885841, 60.2014757 ], [ 29.6885401, 60.20141730000001 ], [ 29.6883087, 60.2014695 ], [ 29.6876255, 60.2016239 ], [ 29.6870246, 60.2016905 ], [ 29.6867349, 60.2017518 ], [ 29.6865847, 60.2017772 ], [ 29.6864627, 60.2017772 ], [ 29.6863192, 60.201755799999972 ], [ 29.6843024, 60.201216 ], [ 29.6841976, 60.20118930000001 ], [ 29.6840601, 60.2011534 ], [ 29.6818829, 60.2005615 ], [ 29.6816146, 60.200493499999986 ], [ 29.6814644, 60.2004202 ], [ 29.6812499, 60.2002736 ], [ 29.6807549, 60.199520199999988 ], [ 29.6807215, 60.1994711 ], [ 29.6806382, 60.1994081 ], [ 29.6798658, 60.1987926 ], [ 29.679308, 60.1984234 ], [ 29.6781143, 60.1977889 ], [ 29.6780526, 60.1977382 ], [ 29.6780339, 60.1976915 ], [ 29.6780553, 60.1976249 ], [ 29.6782511, 60.1970196 ], [ 29.6783558, 60.196809 ], [ 29.6784765, 60.19666639999997 ], [ 29.6786883, 60.196514399999984 ], [ 29.6791859, 60.1963037 ], [ 29.6799582, 60.195996199999989 ], [ 29.6801066, 60.1959371 ], [ 29.6799731, 60.1958865 ], [ 29.6797505, 60.1957678 ], [ 29.6789056, 60.1952546 ], [ 29.6783892, 60.1949741 ], [ 29.6780927, 60.1950958 ], [ 29.6777419, 60.1952952 ], [ 29.6773741, 60.1955892 ], [ 29.677277, 60.195646600000018 ], [ 29.6771907, 60.1956977 ], [ 29.6770969, 60.1957531 ], [ 29.6767798, 60.1959009 ], [ 29.6766481, 60.1961437 ], [ 29.6766603, 60.196365399999962 ], [ 29.6769393, 60.197001 ], [ 29.6769494, 60.1970854 ], [ 29.6769313, 60.197171 ], [ 29.676655, 60.19741710000001 ], [ 29.6762361, 60.1977026 ], [ 29.6758419, 60.197885 ], [ 29.6756445, 60.1980169 ], [ 29.675486, 60.198181 ], [ 29.6753383, 60.198322099999984 ], [ 29.6751907, 60.1984855 ], [ 29.675019, 60.1987799 ], [ 29.6748817, 60.1990827 ], [ 29.6747015, 60.1992619 ], [ 29.6745126, 60.1994496 ], [ 29.674341, 60.1995648 ], [ 29.6739719, 60.1997866 ], [ 29.6736114, 60.1999444 ], [ 29.6732338, 60.2000766 ], [ 29.6729419, 60.2002046 ], [ 29.6726415, 60.2004307 ], [ 29.6724731, 60.2005671 ], [ 29.6723315, 60.2006548 ], [ 29.6720665, 60.2007549 ], [ 29.6718047, 60.2008125 ], [ 29.6714838, 60.2008255 ], [ 29.671177, 60.200834 ], [ 29.6707876, 60.2008444 ], [ 29.6702275, 60.200935900000019 ], [ 29.66938, 60.2011048 ], [ 29.6691627, 60.20113 ], [ 29.6690592, 60.2011267 ], [ 29.6689251, 60.201088 ], [ 29.6684283, 60.200912699999961 ], [ 29.6680024, 60.2008161 ], [ 29.6676065, 60.200742299999987 ], [ 29.6671522, 60.2006881 ], [ 29.6666543, 60.200618099999978 ], [ 29.6661383, 60.2004989 ], [ 29.6655969, 60.200333099999987 ], [ 29.6644704, 60.1999316 ], [ 29.6641893, 60.199826 ], [ 29.6634147, 60.1997397 ], [ 29.662893, 60.1998306 ], [ 29.6628176, 60.19984370000001 ], [ 29.662882, 60.200005799999985 ], [ 29.6630258, 60.2002103 ], [ 29.6630268, 60.2004537 ], [ 29.6629303, 60.200563 ], [ 29.6630848, 60.2006608 ], [ 29.6633423, 60.20080750000001 ], [ 29.6634066, 60.200911399999988 ], [ 29.6633208, 60.2010954 ], [ 29.6633852, 60.201194 ], [ 29.6633208, 60.201266 ], [ 29.6632564, 60.201362 ], [ 29.6632994, 60.201439299999983 ], [ 29.6632082, 60.2015326 ], [ 29.6632672, 60.201681899999983 ], [ 29.6631277, 60.201727199999986 ], [ 29.6629185, 60.2017485 ], [ 29.6628487, 60.2018312 ], [ 29.6628809, 60.2019058 ], [ 29.6629507, 60.2019591 ], [ 29.6628112, 60.2020684 ], [ 29.6628917, 60.2021191 ], [ 29.6627522, 60.2021884 ], [ 29.6627897, 60.202247 ], [ 29.6629292, 60.202287 ], [ 29.6629721, 60.202327 ], [ 29.6629346, 60.202407 ], [ 29.6629721, 60.2024603 ], [ 29.6631438, 60.2025429 ], [ 29.6632242, 60.2026416 ], [ 29.6634174, 60.20274549999997 ], [ 29.6635247, 60.2029241 ], [ 29.6636695, 60.202980099999984 ], [ 29.6636051, 60.203054799999968 ], [ 29.6634174, 60.2031347 ], [ 29.6632511, 60.2031507 ], [ 29.6630633, 60.2032494 ], [ 29.6628487, 60.2032867 ], [ 29.662661, 60.203316 ], [ 29.6626127, 60.203396 ], [ 29.6625322, 60.203486600000012 ], [ 29.6620548, 60.2036332 ], [ 29.6620226, 60.2037932 ], [ 29.6618617, 60.203825099999982 ], [ 29.6616686, 60.2040171 ], [ 29.6616686, 60.2040864 ], [ 29.6615291, 60.20431030000001 ], [ 29.6616149, 60.2044489 ], [ 29.6615506, 60.2045822 ], [ 29.6613467, 60.2046408 ], [ 29.6611332, 60.2047938 ], [ 29.6608864, 60.2048365 ], [ 29.6609079, 60.2048898 ], [ 29.6610785, 60.2050247 ], [ 29.6610045, 60.2051564 ], [ 29.6608864, 60.205247 ], [ 29.660703, 60.2054032 ], [ 29.6605002, 60.205497499999964 ], [ 29.6603929, 60.2055882 ], [ 29.6605431, 60.2057694 ], [ 29.6605753, 60.2058494 ], [ 29.6604895, 60.205972 ], [ 29.6605646, 60.20608929999996 ], [ 29.6602845, 60.206154899999973 ], [ 29.6602534, 60.2063665 ], [ 29.6600271, 60.2064481 ], [ 29.6597803, 60.2065493 ], [ 29.659682, 60.206658 ], [ 29.6591484, 60.2071235 ], [ 29.6591151, 60.2075782 ], [ 29.6589982, 60.208163 ], [ 29.6590196, 60.208589399999951 ], [ 29.6592449, 60.2093144 ], [ 29.6594262, 60.2096944 ], [ 29.6595239, 60.209842099999982 ], [ 29.6594477, 60.2101262 ], [ 29.6592975, 60.2102434 ], [ 29.6595131, 60.210444399999986 ], [ 29.6595131, 60.2107002 ], [ 29.6594702, 60.2110627 ], [ 29.6591484, 60.2112599 ], [ 29.6587396, 60.2117359 ], [ 29.6582686, 60.212214 ], [ 29.657936, 60.2131094 ], [ 29.6578491, 60.2132816 ], [ 29.6576249, 60.2133812 ], [ 29.6572483, 60.2135214 ], [ 29.6569786, 60.2136718 ], [ 29.6568738, 60.213728899999985 ], [ 29.656962910324918, 60.213839007275794 ], [ 29.6637001, 60.2125546 ], [ 29.6661584, 60.2120354 ], [ 29.6696991, 60.2113539 ], [ 29.6704574, 60.2112099 ], [ 29.6715432, 60.211003799999986 ], [ 29.6718292, 60.2109495 ], [ 29.6741975, 60.2104932 ], [ 29.6764818, 60.2100794 ], [ 29.6773993, 60.209911699999971 ], [ 29.6795213, 60.209485200000017 ], [ 29.6812365, 60.2091404 ], [ 29.6829265, 60.2088162 ], [ 29.6832775, 60.208748 ], [ 29.6843044, 60.2085484 ], [ 29.6850519, 60.2083456 ], [ 29.685877, 60.208145 ], [ 29.6866414, 60.2079997 ], [ 29.6873226, 60.2078588 ], [ 29.6882315, 60.2076827 ], [ 29.6889968, 60.2075254 ], [ 29.6899204, 60.2073373 ], [ 29.6901948, 60.2072814 ], [ 29.6909284, 60.2071196 ], [ 29.6925301, 60.206772 ], [ 29.6930538, 60.2066482 ], [ 29.693876, 60.206451199999989 ], [ 29.698543, 60.2054721 ], [ 29.7009208, 60.205015799999984 ], [ 29.7017997, 60.2048445 ], [ 29.702474, 60.2047362 ], [ 29.7028605, 60.204688 ], [ 29.7028855, 60.2046849 ], [ 29.703195, 60.2046446 ], [ 29.7034489, 60.2046171 ], [ 29.7046465, 60.2045274 ], [ 29.7054251, 60.204470599999972 ], [ 29.705751, 60.2044392 ], [ 29.706290890404478, 60.204367927403801 ], [ 29.7062286, 60.2042311 ], [ 29.7057636, 60.2037461 ], [ 29.7056208, 60.2035968 ], [ 29.705552, 60.203463400000018 ], [ 29.7055314, 60.2033511 ], [ 29.7056701, 60.2031586 ], [ 29.7057053, 60.2031235 ], [ 29.7057234, 60.2030736 ], [ 29.705719426260448, 60.202986107956725 ], [ 29.7055794, 60.202987299999982 ], [ 29.7054938, 60.202981800000011 ], [ 29.7052108, 60.2029607 ], [ 29.7048021, 60.202984 ], [ 29.70439, 60.2030327 ], [ 29.7037933, 60.203134700000021 ], [ 29.7034492, 60.203213299999959 ], [ 29.7012, 60.2037532 ], [ 29.6998617, 60.204075 ], [ 29.69934, 60.204177 ], [ 29.6989323, 60.204235 ], [ 29.6987043, 60.204257 ], [ 29.6985139, 60.2042596 ], [ 29.6983168, 60.204251599999957 ], [ 29.6981384, 60.204237 ], [ 29.6978286, 60.2041963 ], [ 29.6970722, 60.204087700000024 ] ] ] } },
{ "type": "Feature", "properties": { "block_id": "51" }, "geometry": { "type": "Polygon", "coordinates": [ [ [ 29.6785966, 60.228065 ], [ 29.6791335, 60.227792299999948 ], [ 29.6794047, 60.2276543 ], [ 29.6808429, 60.2269646 ], [ 29.680981, 60.22689840000001 ], [ 29.681988, 60.22656 ], [ 29.6830843, 60.226387800000019 ], [ 29.6833326, 60.226353 ], [ 29.6836049, 60.2263148 ], [ 29.6836515, 60.2263083 ], [ 29.6840167, 60.2262571 ], [ 29.684375, 60.2261899 ], [ 29.6849294, 60.226086 ], [ 29.6856527, 60.2258497 ], [ 29.6867305, 60.2253575 ], [ 29.6876074, 60.2252208 ], [ 29.6893663, 60.2250482 ], [ 29.6899873, 60.2249752 ], [ 29.6906126, 60.224901600000038 ], [ 29.6912988, 60.2247537 ], [ 29.6916101, 60.2246594 ], [ 29.6898191, 60.2227807 ], [ 29.6896489, 60.2225373 ], [ 29.6894452, 60.222241900000022 ], [ 29.6892288, 60.2218554 ], [ 29.6881558, 60.2202518 ], [ 29.6857062, 60.2172106 ], [ 29.6843795, 60.2154807 ], [ 29.6836865, 60.2144983 ], [ 29.6830782, 60.213644899999984 ], [ 29.6829057, 60.213190199999957 ], [ 29.6827738, 60.2127129 ], [ 29.6827159, 60.2121858 ], [ 29.6827613, 60.211691 ], [ 29.6828653, 60.2113517 ], [ 29.6831391, 60.2108412 ], [ 29.6835371, 60.2103066 ], [ 29.6839228, 60.2099726 ], [ 29.6841584, 60.2097702 ], [ 29.6844714, 60.2095522 ], [ 29.6850752, 60.209147 ], [ 29.6852512, 60.20904440000001 ], [ 29.6856236, 60.2088272 ], [ 29.6860195, 60.2086446 ], [ 29.6865532, 60.20848560000001 ], [ 29.6869992, 60.208372 ], [ 29.6875538, 60.2082739 ], [ 29.6883136, 60.2080673 ], [ 29.6875572, 60.2082124 ], [ 29.6869023, 60.2083379 ], [ 29.6860767, 60.2084989 ], [ 29.6843533, 60.2088568 ], [ 29.682876, 60.2091365 ], [ 29.6813224, 60.2094059 ], [ 29.6809764, 60.2094605 ], [ 29.6800645, 60.2096191 ], [ 29.6793948, 60.20974360000001 ], [ 29.67887, 60.209846099999979 ], [ 29.6779244, 60.2100234 ], [ 29.6772387, 60.2101134 ], [ 29.6768944, 60.21017160000001 ], [ 29.6764825, 60.210247699999989 ], [ 29.6754278, 60.2103802 ], [ 29.6745951, 60.210548199999984 ], [ 29.6738649, 60.210689 ], [ 29.6724811, 60.2109558 ], [ 29.6704137, 60.2113527 ], [ 29.6684628, 60.2117174 ], [ 29.666259, 60.212139399999984 ], [ 29.6627578, 60.2128429 ], [ 29.657053891742702, 60.213951425687739 ], [ 29.6559527, 60.2141654 ], [ 29.6548083, 60.2143886 ], [ 29.648588023948886, 60.215629373567737 ], [ 29.660896, 60.2284521 ], [ 29.662538592202971, 60.228442369248164 ], [ 29.6640725, 60.2284271 ], [ 29.6654789, 60.228424900000029 ], [ 29.6727629, 60.2283468 ], [ 29.6730373, 60.228343899999985 ], [ 29.6732765, 60.2283426 ], [ 29.675691, 60.228329 ], [ 29.6765505, 60.2283237 ], [ 29.6782739, 60.2283146 ], [ 29.6783155, 60.2282422 ], [ 29.6784025, 60.2281761 ], [ 29.6785966, 60.228065 ] ] ] } },
{ "type": "Feature", "properties": { "block_id": "52" }, "geometry": { "type": "Polygon", "coordinates": [ [ [ 29.6916101, 60.2246594 ], [ 29.6912988, 60.2247537 ], [ 29.6906126, 60.224901600000038 ], [ 29.6899873, 60.2249752 ], [ 29.6893663, 60.2250482 ], [ 29.6876074, 60.2252208 ], [ 29.6867305, 60.2253575 ], [ 29.6856527, 60.2258497 ], [ 29.6849294, 60.226086 ], [ 29.684375, 60.2261899 ], [ 29.6840167, 60.2262571 ], [ 29.6836515, 60.2263083 ], [ 29.6836049, 60.2263148 ], [ 29.6833326, 60.226353 ], [ 29.6830843, 60.226387800000019 ], [ 29.681988, 60.22656 ], [ 29.680981, 60.22689840000001 ], [ 29.6808429, 60.2269646 ], [ 29.6794047, 60.2276543 ], [ 29.6791335, 60.227792299999948 ], [ 29.6785966, 60.228065 ], [ 29.6784025, 60.2281761 ], [ 29.6783155, 60.2282422 ], [ 29.6782739, 60.2283146 ], [ 29.6784401, 60.2283152 ], [ 29.6788323, 60.228318199999983 ], [ 29.6789937, 60.2283222 ], [ 29.6797658, 60.2283307 ], [ 29.6820175, 60.228355399999984 ], [ 29.6830417, 60.2283885 ], [ 29.6840155, 60.228479899999989 ], [ 29.6852191, 60.228637500000012 ], [ 29.6867153, 60.2288663 ], [ 29.6876702, 60.2290695 ], [ 29.6888392, 60.2293625 ], [ 29.6895819, 60.229570399999979 ], [ 29.6898693, 60.2296526 ], [ 29.6902967, 60.2297815 ], [ 29.6903969, 60.2298098 ], [ 29.6906816, 60.22989 ], [ 29.6909882, 60.2299942 ], [ 29.6911825, 60.2300571 ], [ 29.691678, 60.2295649 ], [ 29.6920771, 60.2289562 ], [ 29.6922895, 60.22871329999996 ], [ 29.6924556, 60.2282039 ], [ 29.6924649, 60.2274237 ], [ 29.6924273, 60.2265091 ], [ 29.6923049, 60.22570790000001 ], [ 29.6921293, 60.225299899999989 ], [ 29.6916101, 60.2246594 ] ] ] } },
{ "type": "Feature", "properties": { "block_id": "53" }, "geometry": { "type": "Polygon", "coordinates": [ [ [ 29.5831924, 60.2560043 ], [ 29.583455, 60.255794100000024 ], [ 29.5835689, 60.255716 ], [ 29.5826538, 60.255528399999982 ], [ 29.5819971, 60.255321 ], [ 29.5819733, 60.2553404 ], [ 29.5818237, 60.255432099999958 ], [ 29.5830325, 60.2559557 ], [ 29.5831924, 60.2560043 ] ] ] } },
{ "type": "Feature", "properties": { "block_id": "54" }, "geometry": { "type": "Polygon", "coordinates": [ [ [ 29.5835689, 60.255716 ], [ 29.583455, 60.255794100000024 ], [ 29.5831924, 60.2560043 ], [ 29.5841191, 60.2564166 ], [ 29.5850755, 60.256763399999983 ], [ 29.5858481, 60.257164199999984 ], [ 29.5869848, 60.257700299999989 ], [ 29.5877454, 60.2579442 ], [ 29.5887769, 60.2582798 ], [ 29.589006, 60.2579274 ], [ 29.5892894, 60.2573766 ], [ 29.5878151, 60.2571437 ], [ 29.5861792, 60.2568111 ], [ 29.5866421, 60.2561502 ], [ 29.5857759, 60.2560229 ], [ 29.58383, 60.2557587 ], [ 29.5835689, 60.255716 ] ] ] } },
{ "type": "Feature", "properties": { "block_id": "55" }, "geometry": { "type": "Polygon", "coordinates": [ [ [ 29.6885401, 60.20141730000001 ], [ 29.6876632, 60.200083 ], [ 29.6875908, 60.1999754 ], [ 29.687347, 60.1996074 ], [ 29.6870537, 60.1991196 ], [ 29.6870008, 60.1990374 ], [ 29.6867669, 60.1990474 ], [ 29.686397, 60.1990533 ], [ 29.6861857, 60.199056699999986 ], [ 29.6861033, 60.1991442 ], [ 29.6857403, 60.1995302 ], [ 29.6856809, 60.199659099999984 ], [ 29.6856567, 60.1998244 ], [ 29.6856141, 60.1999607 ], [ 29.6855333, 60.2000736 ], [ 29.6853965, 60.2001829 ], [ 29.685249, 60.2002563 ], [ 29.6850532, 60.20031620000001 ], [ 29.6845542, 60.2004227 ], [ 29.6843129, 60.2004742 ], [ 29.6843841, 60.200570899999967 ], [ 29.68449, 60.2007148 ], [ 29.6845208, 60.2007861 ], [ 29.6845114, 60.2008521 ], [ 29.684494, 60.2008954 ], [ 29.6844524, 60.2009441 ], [ 29.6843063, 60.2010898 ], [ 29.6841976, 60.20118930000001 ], [ 29.6843024, 60.201216 ], [ 29.6863192, 60.201755799999972 ], [ 29.6864627, 60.2017772 ], [ 29.6865847, 60.2017772 ], [ 29.6867349, 60.2017518 ], [ 29.6870246, 60.2016905 ], [ 29.6876255, 60.2016239 ], [ 29.6883087, 60.2014695 ], [ 29.6885401, 60.20141730000001 ] ] ] } },
{ "type": "Feature", "properties": { "block_id": "56" }, "geometry": { "type": "Polygon", "coordinates": [ [ [ 29.7065945, 60.2024392 ], [ 29.7066517, 60.2026347 ], [ 29.7066704, 60.202694199999968 ], [ 29.7067233, 60.202833799999986 ], [ 29.7070881, 60.2027723 ], [ 29.7082558, 60.2025773 ], [ 29.7086641, 60.2025316 ], [ 29.7091772, 60.202502399999979 ], [ 29.7096313, 60.20249410000001 ], [ 29.7100067, 60.202495 ], [ 29.7104392, 60.20248990000001 ], [ 29.7105233, 60.20246869999994 ], [ 29.7105896, 60.202440299999978 ], [ 29.7106183, 60.2024158 ], [ 29.7106636, 60.202386 ], [ 29.7107213, 60.2023218 ], [ 29.7106991, 60.2022562 ], [ 29.7106809, 60.2022024 ], [ 29.7106206, 60.2021406 ], [ 29.7104924, 60.2020694 ], [ 29.7100185, 60.201953899999978 ], [ 29.7094301, 60.2018104 ], [ 29.7090129, 60.2017087 ], [ 29.7086765, 60.201637 ], [ 29.7081642, 60.2016106 ], [ 29.7077719, 60.2016196 ], [ 29.7069638, 60.201638099999983 ], [ 29.7068209, 60.2016414 ], [ 29.7065098, 60.2016485 ], [ 29.7063772, 60.2016515 ], [ 29.7064651, 60.2019702 ], [ 29.7065945, 60.2024392 ] ] ] } },
{ "type": "Feature", "properties": { "block_id": "57" }, "geometry": { "type": "Polygon", "coordinates": [ [ [ 29.7114179, 60.2081131 ], [ 29.711334, 60.208161400000016 ], [ 29.710750486177016, 60.208482995399301 ], [ 29.7107899, 60.2085016 ], [ 29.7108983, 60.2085053 ], [ 29.7110281, 60.2085274 ], [ 29.7110726, 60.2085532 ], [ 29.7111505, 60.2085532 ], [ 29.7111319, 60.2085772 ], [ 29.7111505, 60.2086122 ], [ 29.7112024, 60.2086269 ], [ 29.7112506, 60.208641699999987 ], [ 29.7113656, 60.208614 ], [ 29.7113915, 60.208647199999987 ], [ 29.7115102, 60.2086656 ], [ 29.7114768, 60.2087117 ], [ 29.7115436, 60.208754099999979 ], [ 29.711577, 60.208785399999982 ], [ 29.7117068, 60.208837 ], [ 29.7117513, 60.2088425 ], [ 29.7118106, 60.2088665 ], [ 29.7119144, 60.208862799999984 ], [ 29.7119849, 60.2088536 ], [ 29.7120368, 60.208813 ], [ 29.7120702, 60.2087707 ], [ 29.7121518, 60.2087873 ], [ 29.7122408, 60.2088186 ], [ 29.7122705, 60.2088536 ], [ 29.7123595, 60.208907 ], [ 29.7124448, 60.2089162 ], [ 29.7126228, 60.2089089 ], [ 29.7126858, 60.2089365 ], [ 29.7127414, 60.2089218 ], [ 29.7128379, 60.208899600000031 ], [ 29.7128601, 60.2089218 ], [ 29.7129306, 60.2089439 ], [ 29.7129083, 60.2089862 ], [ 29.7129454, 60.20902490000001 ], [ 29.71309, 60.2090821 ], [ 29.7130455, 60.2091097 ], [ 29.7131123, 60.2091429 ], [ 29.7130455, 60.2091779 ], [ 29.713053, 60.2092129 ], [ 29.7131568, 60.209249699999965 ], [ 29.7132273, 60.2092608 ], [ 29.713383, 60.2092516 ], [ 29.7135128, 60.2092663 ], [ 29.7136092, 60.2092792 ], [ 29.7136426, 60.2093197 ], [ 29.7136982, 60.209373199999952 ], [ 29.7137428, 60.2094137 ], [ 29.7138169, 60.209463499999984 ], [ 29.7138614, 60.2095058 ], [ 29.7139519, 60.2095707 ], [ 29.7139905, 60.209598700000022 ], [ 29.7140053, 60.2096385 ], [ 29.7140498, 60.2096621 ], [ 29.7141092, 60.2096636 ], [ 29.7141537, 60.2096916 ], [ 29.7141299, 60.209721 ], [ 29.714213, 60.2097373 ], [ 29.7142694, 60.209756400000025 ], [ 29.7142694, 60.2097844 ], [ 29.7143317, 60.2098213 ], [ 29.7144177, 60.2098095 ], [ 29.7144503, 60.2098331 ], [ 29.7144937, 60.2098292 ], [ 29.7145459, 60.2098666 ], [ 29.7145922, 60.2098983 ], [ 29.7147197, 60.2099098 ], [ 29.7147371, 60.2099472 ], [ 29.7147951, 60.209981799999966 ], [ 29.7148298, 60.210016300000014 ], [ 29.7149341, 60.210016300000014 ], [ 29.7149631, 60.2100509 ], [ 29.7150152, 60.2100883 ], [ 29.715108, 60.2100797 ], [ 29.7151833, 60.2101085 ], [ 29.7152354, 60.2101775 ], [ 29.7152354, 60.2102409 ], [ 29.7152934, 60.2102524 ], [ 29.715502, 60.2102697 ], [ 29.7155999, 60.2102831 ], [ 29.7156206, 60.2103082 ], [ 29.7156651, 60.210337599999988 ], [ 29.7156473, 60.2103539 ], [ 29.7156889, 60.2103745 ], [ 29.7157393, 60.210373 ], [ 29.7158075, 60.2103819 ], [ 29.7158639, 60.2104261 ], [ 29.7158936, 60.210417199999988 ], [ 29.7159796, 60.210411299999983 ], [ 29.7160182, 60.2104526 ], [ 29.7160775, 60.2104718 ], [ 29.7161606, 60.210483600000011 ], [ 29.7161992, 60.210516 ], [ 29.7162644, 60.210529299999983 ], [ 29.7162733, 60.2105587 ], [ 29.7162852, 60.2105867 ], [ 29.7163208, 60.2105838 ], [ 29.716389, 60.2105823 ], [ 29.7164306, 60.2106133 ], [ 29.7164899, 60.210625099999973 ], [ 29.7165641, 60.210647199999983 ], [ 29.7166115, 60.2106884 ], [ 29.7166383, 60.210738600000013 ], [ 29.7166739, 60.2107636 ], [ 29.7168133, 60.2107813 ], [ 29.7169438, 60.210801899999986 ], [ 29.717021, 60.2108034 ], [ 29.7170655, 60.2108432 ], [ 29.7170951, 60.2108594 ], [ 29.7171545, 60.2108388 ], [ 29.7172168, 60.2108167 ], [ 29.7172207, 60.2108597 ], [ 29.7173273, 60.2109058 ], [ 29.7174293, 60.2109288 ], [ 29.7175962, 60.2109357 ], [ 29.7176611, 60.210951799999961 ], [ 29.7178697, 60.2109196 ], [ 29.7180412, 60.210919600000018 ], [ 29.7182359, 60.2108827 ], [ 29.7183703, 60.210891899999986 ], [ 29.7185928, 60.2108988 ], [ 29.7186948, 60.2109127 ], [ 29.7188107, 60.210905799999985 ], [ 29.7190889, 60.210915 ], [ 29.7192604, 60.210928799999984 ], [ 29.7193716, 60.2109311 ], [ 29.7195246, 60.210942599999981 ], [ 29.7197065, 60.2109681 ], [ 29.7199462, 60.21102350000001 ], [ 29.7199961, 60.2110471 ], [ 29.7201574, 60.2110848 ], [ 29.7202002, 60.211067099999987 ], [ 29.7202737, 60.2110341 ], [ 29.7203687, 60.2110565 ], [ 29.7204375, 60.2110706 ], [ 29.7204779, 60.2110871 ], [ 29.7205348, 60.2111072 ], [ 29.7205776, 60.211093 ], [ 29.7207318, 60.2110978 ], [ 29.7208505, 60.2111308 ], [ 29.7209715, 60.2111567 ], [ 29.7211102, 60.2112155 ], [ 29.7212604, 60.2112568 ], [ 29.721351800823463, 60.211281972771211 ], [ 29.7213784, 60.2112635 ], [ 29.7216305, 60.2110489 ], [ 29.7217137, 60.2110076 ], [ 29.7217888, 60.210957 ], [ 29.7218193, 60.210870600000028 ], [ 29.721513, 60.2108615 ], [ 29.721198, 60.2108352 ], [ 29.7208992, 60.2107885 ], [ 29.7205567, 60.2107193 ], [ 29.7201032, 60.2106143 ], [ 29.7197124, 60.210519 ], [ 29.7188712, 60.2103422 ], [ 29.7182669, 60.2102316 ], [ 29.7177509, 60.2101238 ], [ 29.7171989, 60.209990399999988 ], [ 29.7165624, 60.2098235 ], [ 29.7158926, 60.209606699999988 ], [ 29.7149112, 60.209274099999988 ], [ 29.7149016, 60.209270400000015 ], [ 29.7135052, 60.2088222 ], [ 29.7129207, 60.2086202 ], [ 29.7121914, 60.208396 ], [ 29.7115617, 60.20816659999997 ], [ 29.7114179, 60.2081131 ] ] ] } },
{ "type": "Feature", "properties": { "block_id": "58" }, "geometry": { "type": "Polygon", "coordinates": [ [ [ 29.710750486177016, 60.208482995399301 ], [ 29.711334, 60.208161400000016 ], [ 29.7114179, 60.2081131 ], [ 29.7111309, 60.2079981 ], [ 29.7107817, 60.207811 ], [ 29.7103431, 60.207550099999985 ], [ 29.7100827, 60.2073392 ], [ 29.7097662, 60.207025799999982 ], [ 29.7094524, 60.2066769 ], [ 29.7092517, 60.2064621 ], [ 29.7083922, 60.2056226 ], [ 29.7082133, 60.2054733 ], [ 29.708056, 60.20534210000001 ], [ 29.7078749, 60.205191 ], [ 29.7077475, 60.205230599999965 ], [ 29.7076763, 60.2052548 ], [ 29.7071675806508, 60.205442164444705 ], [ 29.7072012, 60.205467699999986 ], [ 29.7072274, 60.2056288 ], [ 29.7073416, 60.2057281 ], [ 29.7074272, 60.2058132 ], [ 29.7075057, 60.205894699999966 ], [ 29.7076271, 60.205969199999977 ], [ 29.7076913, 60.20606140000001 ], [ 29.7077912, 60.2061501 ], [ 29.7078983, 60.206221 ], [ 29.7079911, 60.2062848 ], [ 29.708091, 60.2063735 ], [ 29.7081766, 60.2064515 ], [ 29.7082194, 60.2064869 ], [ 29.7082979, 60.2065543 ], [ 29.7083765, 60.2066359 ], [ 29.7084121, 60.2066962 ], [ 29.7084692, 60.2067458 ], [ 29.7085549, 60.2068061 ], [ 29.7086191, 60.206869900000015 ], [ 29.7086833, 60.2069444 ], [ 29.7087333, 60.2070047 ], [ 29.7087619, 60.207050799999983 ], [ 29.7087975, 60.2071146 ], [ 29.7088261, 60.2071997 ], [ 29.7089545, 60.2072316 ], [ 29.7090402, 60.2072706 ], [ 29.7090545, 60.2073557 ], [ 29.7090973, 60.2074302 ], [ 29.7091687, 60.207536599999983 ], [ 29.7092258, 60.2076004 ], [ 29.70924, 60.207646499999989 ], [ 29.7092686, 60.2077139 ], [ 29.7093043, 60.2077635 ], [ 29.7093328, 60.207845099999986 ], [ 29.7094184, 60.2078841 ], [ 29.7094879, 60.2079813 ], [ 29.7095885, 60.2080761 ], [ 29.7097347, 60.2081519 ], [ 29.709787, 60.2082493 ], [ 29.7097668, 60.2083438 ], [ 29.7098835, 60.2084519 ], [ 29.7100228, 60.2084867 ], [ 29.7102128, 60.2084994 ], [ 29.7103663, 60.208488499999987 ], [ 29.710549, 60.208457599999988 ], [ 29.7106294, 60.2084322 ], [ 29.7107166, 60.208467 ], [ 29.710750486177016, 60.208482995399301 ] ] ] } },
{ "type": "Feature", "properties": { "block_id": "59" }, "geometry": { "type": "Polygon", "coordinates": [ [ [ 29.7088781, 60.2092383 ], [ 29.7098621, 60.2089726 ], [ 29.710750486177016, 60.208482995399301 ], [ 29.7107166, 60.208467 ], [ 29.7106294, 60.2084322 ], [ 29.710549, 60.208457599999988 ], [ 29.7103663, 60.208488499999987 ], [ 29.7102128, 60.2084994 ], [ 29.7100228, 60.2084867 ], [ 29.7098835, 60.2084519 ], [ 29.7097668, 60.2083438 ], [ 29.709787, 60.2082493 ], [ 29.7097347, 60.2081519 ], [ 29.7095885, 60.2080761 ], [ 29.7094879, 60.2079813 ], [ 29.7094184, 60.2078841 ], [ 29.7093328, 60.207845099999986 ], [ 29.7093043, 60.2077635 ], [ 29.7092686, 60.2077139 ], [ 29.70924, 60.207646499999989 ], [ 29.7092258, 60.2076004 ], [ 29.7091687, 60.207536599999983 ], [ 29.7090973, 60.2074302 ], [ 29.7090545, 60.2073557 ], [ 29.7090402, 60.2072706 ], [ 29.7089545, 60.2072316 ], [ 29.7088261, 60.2071997 ], [ 29.7087975, 60.2071146 ], [ 29.7087619, 60.207050799999983 ], [ 29.7087333, 60.2070047 ], [ 29.7086833, 60.2069444 ], [ 29.7086191, 60.206869900000015 ], [ 29.7085549, 60.2068061 ], [ 29.7084692, 60.2067458 ], [ 29.7084121, 60.2066962 ], [ 29.7083765, 60.2066359 ], [ 29.7082979, 60.2065543 ], [ 29.7082194, 60.2064869 ], [ 29.7081766, 60.2064515 ], [ 29.708091, 60.2063735 ], [ 29.7079911, 60.2062848 ], [ 29.7078983, 60.206221 ], [ 29.7077912, 60.2061501 ], [ 29.7076913, 60.20606140000001 ], [ 29.7076271, 60.205969199999977 ], [ 29.7075057, 60.205894699999966 ], [ 29.7074272, 60.2058132 ], [ 29.7073416, 60.2057281 ], [ 29.7072274, 60.2056288 ], [ 29.7072012, 60.205467699999986 ], [ 29.7071675806508, 60.205442164444705 ], [ 29.7070844, 60.2054728 ], [ 29.705782, 60.2058967 ], [ 29.7056776, 60.205934 ], [ 29.7062895, 60.2063534 ], [ 29.7074664, 60.2073311 ], [ 29.7078745, 60.2078804 ], [ 29.7078549, 60.208212 ], [ 29.7078969, 60.208330399999987 ], [ 29.7082822, 60.2087689 ], [ 29.7088781, 60.2092383 ] ] ] } },
{ "type": "Feature", "properties": { "block_id": "60" }, "geometry": { "type": "Polygon", "coordinates": [ [ [ 29.7003834, 60.2108551 ], [ 29.7025656, 60.2104491 ], [ 29.7008215, 60.2082779 ], [ 29.7001119, 60.2075594 ], [ 29.6982537, 60.2080502 ], [ 29.6992631, 60.2093838 ], [ 29.6998329, 60.2101365 ], [ 29.7003834, 60.2108551 ] ] ] } },
{ "type": "Feature", "properties": { "block_id": "61" }, "geometry": { "type": "Polygon", "coordinates": [ [ [ 29.6997794, 60.2109772 ], [ 29.7003834, 60.2108551 ], [ 29.6998329, 60.2101365 ], [ 29.6987609, 60.210299599999956 ], [ 29.6976687, 60.210515300000026 ], [ 29.6984039, 60.21125259999998 ], [ 29.6997794, 60.2109772 ] ] ] } },
{ "type": "Feature", "properties": { "block_id": "62" }, "geometry": { "type": "Polygon", "coordinates": [ [ [ 29.6976578, 60.2114022 ], [ 29.6984039, 60.21125259999998 ], [ 29.6976687, 60.210515300000026 ], [ 29.6970255, 60.209870299999935 ], [ 29.6941147, 60.2104194 ], [ 29.6939276, 60.2104236 ], [ 29.6950473, 60.2119101 ], [ 29.6976578, 60.2114022 ] ] ] } },
{ "type": "Feature", "properties": { "block_id": "63" }, "geometry": { "type": "Polygon", "coordinates": [ [ [ 29.6976578, 60.2114022 ], [ 29.6950473, 60.2119101 ], [ 29.6956438, 60.212735 ], [ 29.6983287, 60.212209 ], [ 29.6976578, 60.2114022 ] ] ] } },
{ "type": "Feature", "properties": { "block_id": "64" }, "geometry": { "type": "Polygon", "coordinates": [ [ [ 29.7298094, 60.213655699999983 ], [ 29.730681, 60.2135449 ], [ 29.7315305, 60.2134088 ], [ 29.7323567, 60.2132609 ], [ 29.7333223, 60.2130557 ], [ 29.7341618, 60.2128785 ], [ 29.735265, 60.2126456 ], [ 29.7357604, 60.2125454 ], [ 29.7361707, 60.212462799999983 ], [ 29.7364846, 60.2124028 ], [ 29.7366348, 60.212357499999968 ], [ 29.7368869, 60.212264200000014 ], [ 29.7371257, 60.212120199999987 ], [ 29.7372758, 60.2119844 ], [ 29.737359, 60.2118818 ], [ 29.7374257, 60.21176470000001 ], [ 29.7374636, 60.2116326 ], [ 29.7374528, 60.2114866 ], [ 29.737418, 60.2114007 ], [ 29.7363798, 60.2104668 ], [ 29.7362968, 60.2103387 ], [ 29.7362781, 60.2102174 ], [ 29.7362721, 60.209856199999955 ], [ 29.7362848, 60.2097397 ], [ 29.7363237, 60.2096717 ], [ 29.7363871, 60.2096141 ], [ 29.7366344, 60.2095187 ], [ 29.7372382, 60.209364 ], [ 29.737259147725343, 60.209357054644435 ], [ 29.7372179, 60.209334 ], [ 29.7369573, 60.2091811 ], [ 29.736585, 60.2088889 ], [ 29.7362126, 60.2082415 ], [ 29.7367711, 60.206820399999984 ], [ 29.7376681, 60.206677399999975 ], [ 29.738802, 60.2061729 ], [ 29.7395636, 60.205723 ], [ 29.7407483, 60.2045099 ], [ 29.7395382, 60.203107599999989 ], [ 29.7389374, 60.2028427 ], [ 29.7386074, 60.20260720000001 ], [ 29.7378058, 60.202271900000028 ], [ 29.7367965, 60.201812399999987 ], [ 29.7360318, 60.2016134 ], [ 29.7360307, 60.201613199999983 ], [ 29.7360294, 60.2016129 ], [ 29.7359491, 60.2015939 ], [ 29.7352311, 60.2014213 ], [ 29.7345203, 60.2011102 ], [ 29.7342241, 60.2010219 ], [ 29.7328025, 60.201114399999987 ], [ 29.7318717, 60.200971399999986 ], [ 29.7311524, 60.2006812 ], [ 29.7296885, 60.2005088 ], [ 29.7288254, 60.200723299999986 ], [ 29.728123, 60.2005677 ], [ 29.7277507, 60.200471 ], [ 29.7276246, 60.2003732 ], [ 29.7276201, 60.2003698 ], [ 29.7230145, 60.2012804 ], [ 29.7163592, 60.2025453 ], [ 29.7086858, 60.2039633 ], [ 29.708099, 60.204076399999984 ], [ 29.7072503, 60.20424340000001 ], [ 29.707010634303224, 60.204289580830064 ], [ 29.7072277, 60.2045788 ], [ 29.7075195, 60.204518499999978 ], [ 29.7087047, 60.2042735 ], [ 29.7103074, 60.2039422 ], [ 29.711052, 60.2045278 ], [ 29.7118897, 60.2052792 ], [ 29.7147116, 60.2044856 ], [ 29.715982, 60.2060792 ], [ 29.7170029, 60.2074788 ], [ 29.7148215, 60.2079245 ], [ 29.7121914, 60.208396 ], [ 29.7129207, 60.2086202 ], [ 29.7135052, 60.2088222 ], [ 29.7149016, 60.209270400000015 ], [ 29.7149112, 60.209274099999988 ], [ 29.7158926, 60.209606699999988 ], [ 29.7165624, 60.2098235 ], [ 29.7171989, 60.209990399999988 ], [ 29.7177509, 60.2101238 ], [ 29.7182669, 60.2102316 ], [ 29.7188712, 60.2103422 ], [ 29.7197124, 60.210519 ], [ 29.7201032, 60.2106143 ], [ 29.7205567, 60.2107193 ], [ 29.7208992, 60.2107885 ], [ 29.721198, 60.2108352 ], [ 29.721513, 60.2108615 ], [ 29.7218193, 60.210870600000028 ], [ 29.722574, 60.2108697 ], [ 29.7231874, 60.2108732 ], [ 29.7237236, 60.210905 ], [ 29.7241611, 60.2109581 ], [ 29.7244899, 60.2110334 ], [ 29.7247482, 60.2111104 ], [ 29.7250044, 60.2112394 ], [ 29.7256693, 60.211645 ], [ 29.7266141, 60.2122056 ], [ 29.7271746, 60.2125094 ], [ 29.7276944, 60.2127673 ], [ 29.7283774, 60.2130775 ], [ 29.7298094, 60.213655699999983 ] ] ] } },
{ "type": "Feature", "properties": { "block_id": "65" }, "geometry": { "type": "Polygon", "coordinates": [ [ [ 29.7106809, 60.2022024 ], [ 29.7106991, 60.2022562 ], [ 29.7107213, 60.2023218 ], [ 29.7107814, 60.2023974 ], [ 29.71082, 60.2024341 ], [ 29.7109139, 60.202465499999988 ], [ 29.7110702, 60.202499199999984 ], [ 29.7123179, 60.202520899999989 ], [ 29.7128307, 60.2025164 ], [ 29.7131546, 60.20251360000001 ], [ 29.7135244, 60.2024362 ], [ 29.7135912, 60.2023928 ], [ 29.7136268, 60.2023478 ], [ 29.7136132, 60.2022554 ], [ 29.7134025, 60.2020684 ], [ 29.7130901, 60.2017914 ], [ 29.7124141, 60.201521 ], [ 29.7119652, 60.2013414 ], [ 29.711224, 60.2010138 ], [ 29.7108397, 60.2008437 ], [ 29.7107122, 60.2007872 ], [ 29.7102481, 60.2005818 ], [ 29.7102133, 60.200566399999964 ], [ 29.7098652, 60.2004129 ], [ 29.7096923, 60.200336599999986 ], [ 29.7091812, 60.2001118 ], [ 29.7089751, 60.2000232 ], [ 29.708537, 60.199834799999984 ], [ 29.7083103, 60.199736 ], [ 29.7076867, 60.199819200000015 ], [ 29.7076363, 60.199825899999958 ], [ 29.7075879, 60.1998323 ], [ 29.7068489, 60.1999145 ], [ 29.7060934, 60.1999572 ], [ 29.7059219, 60.199966899999978 ], [ 29.7059391, 60.2000449 ], [ 29.7059488, 60.2000889 ], [ 29.7061096, 60.2008172 ], [ 29.7061602, 60.201046399999953 ], [ 29.7062172, 60.2012064 ], [ 29.7063772, 60.2016515 ], [ 29.7065098, 60.2016485 ], [ 29.7068209, 60.2016414 ], [ 29.7069638, 60.201638099999983 ], [ 29.7077719, 60.2016196 ], [ 29.7081642, 60.2016106 ], [ 29.7086765, 60.201637 ], [ 29.7090129, 60.2017087 ], [ 29.7094301, 60.2018104 ], [ 29.7100185, 60.201953899999978 ], [ 29.7104924, 60.2020694 ], [ 29.7106206, 60.2021406 ], [ 29.7106809, 60.2022024 ] ] ] } },
{ "type": "Feature", "properties": { "block_id": "66" }, "geometry": { "type": "Polygon", "coordinates": [ [ [ 29.7010857, 60.1997443 ], [ 29.7000768, 60.199542299999983 ], [ 29.6994974, 60.1994698 ], [ 29.699232, 60.1994375 ], [ 29.6990277, 60.199402099999986 ], [ 29.6988757, 60.1993688 ], [ 29.6983911, 60.2000284 ], [ 29.6980665, 60.200345699999986 ], [ 29.6971366, 60.201073099999988 ], [ 29.6958706, 60.202245 ], [ 29.6957982, 60.202325 ], [ 29.6957964, 60.202408699999971 ], [ 29.695833, 60.2024689 ], [ 29.6962634, 60.2029845 ], [ 29.6987737, 60.2005483 ], [ 29.6990183, 60.2004473 ], [ 29.6993807, 60.2003461 ], [ 29.6996508, 60.2003125 ], [ 29.6997659, 60.2002982 ], [ 29.7002158, 60.2002546 ], [ 29.7006958, 60.2000804 ], [ 29.7010857, 60.1997443 ] ] ] } },
{ "type": "Feature", "properties": { "block_id": "67" }, "geometry": { "type": "Polygon", "coordinates": [ [ [ 29.6970876, 60.198818299999985 ], [ 29.6975471, 60.198972 ], [ 29.6975804, 60.1989566 ], [ 29.6981643, 60.198686 ], [ 29.6985161, 60.198485 ], [ 29.6988562, 60.198281 ], [ 29.6995233, 60.1977547 ], [ 29.699650492153683, 60.197703765802629 ], [ 29.6996163, 60.1976762 ], [ 29.6995096, 60.1976206 ], [ 29.6992815, 60.1975609 ], [ 29.6992695, 60.197503299999987 ], [ 29.6992295, 60.19743960000001 ], [ 29.6990934, 60.1973759 ], [ 29.6990294, 60.1973143 ], [ 29.6989693, 60.1972705 ], [ 29.6988973, 60.1972228 ], [ 29.6987725, 60.1972412 ], [ 29.6987537, 60.1971914 ], [ 29.6986599, 60.197104399999986 ], [ 29.6984347, 60.1970267 ], [ 29.6983472, 60.196933499999986 ], [ 29.6981471, 60.1968247 ], [ 29.698085, 60.196783399999987 ], [ 29.6977758, 60.196777399999981 ], [ 29.6975878, 60.19669 ], [ 29.6974119, 60.1965906 ], [ 29.6973028, 60.1965242 ], [ 29.6970299, 60.196436799999979 ], [ 29.696848, 60.1963434 ], [ 29.6967874, 60.196259 ], [ 29.6965873, 60.1961746 ], [ 29.6964236, 60.196087199999987 ], [ 29.6963083, 60.1959998 ], [ 29.6962295, 60.19593050000001 ], [ 29.6960112, 60.1958672 ], [ 29.6956898, 60.195816 ], [ 29.6954776, 60.195779799999983 ], [ 29.6953381, 60.1957557 ], [ 29.6951077, 60.195713499999982 ], [ 29.6949076, 60.1956924 ], [ 29.6947378, 60.195698400000012 ], [ 29.6946287, 60.1956804 ], [ 29.6945499, 60.1956291 ], [ 29.6944225, 60.195602 ], [ 29.6942346, 60.195611 ], [ 29.6941739, 60.195586899999988 ], [ 29.6940405, 60.1954814 ], [ 29.693798, 60.195376 ], [ 29.6936993, 60.195347 ], [ 29.6936646, 60.1953368 ], [ 29.6935312, 60.1953006 ], [ 29.6935248, 60.1952022 ], [ 29.6934232, 60.1951031 ], [ 29.6932463, 60.1950208 ], [ 29.6931786, 60.194960899999984 ], [ 29.6931184, 60.1948973 ], [ 29.6929754, 60.1947627 ], [ 29.6928889, 60.1946448 ], [ 29.692697, 60.1944634 ], [ 29.69249, 60.194338100000024 ], [ 29.6924975, 60.1942259 ], [ 29.6924712, 60.1941529 ], [ 29.6923696, 60.194070600000011 ], [ 29.6924336, 60.1939809 ], [ 29.6924072, 60.193891099999988 ], [ 29.692322, 60.19381910000002 ], [ 29.6923475, 60.1937085 ], [ 29.6922768, 60.193590200000017 ], [ 29.6923511, 60.193422 ], [ 29.6923913, 60.193159 ], [ 29.6924059, 60.1929886 ], [ 29.6924387, 60.1928525 ], [ 29.6925299, 60.1926694 ], [ 29.6925299, 60.1925878 ], [ 29.6925364, 60.192548800000019 ], [ 29.6925044, 60.1925134 ], [ 29.692478946251008, 60.192435257710699 ], [ 29.6923461, 60.1924465 ], [ 29.6918557, 60.1924931 ], [ 29.6909436, 60.19258880000001 ], [ 29.6906856, 60.1926159 ], [ 29.6907006, 60.1926558 ], [ 29.6909197, 60.193328899999983 ], [ 29.6917202, 60.195539200000013 ], [ 29.6917735, 60.1958258 ], [ 29.6921546, 60.1965328 ], [ 29.6922328, 60.1966778 ], [ 29.6924338, 60.1970508 ], [ 29.69255, 60.1972663 ], [ 29.6926948, 60.1974076 ], [ 29.6928228, 60.197527 ], [ 29.6928477, 60.1975502 ], [ 29.6929952, 60.1976475 ], [ 29.6931346, 60.197721899999983 ], [ 29.693175, 60.1977435 ], [ 29.6932957, 60.1978048 ], [ 29.69386, 60.198037599999957 ], [ 29.6942787, 60.1982167 ], [ 29.6945375, 60.1982874 ], [ 29.6953334, 60.198414599999985 ], [ 29.69549, 60.1984335 ], [ 29.6957043, 60.1984594 ], [ 29.6959671, 60.1985007 ], [ 29.6970876, 60.198818299999985 ] ] ] } },
{ "type": "Feature", "properties": { "block_id": "68" }, "geometry": { "type": "Polygon", "coordinates": [ [ [ 29.5733339, 60.2510855 ], [ 29.5733866, 60.251229399999986 ], [ 29.5734553, 60.251343699999985 ], [ 29.5735005, 60.2513978 ], [ 29.573582, 60.2514952 ], [ 29.5738242, 60.2516914 ], [ 29.5741474, 60.2518939 ], [ 29.5743428, 60.2519931 ], [ 29.5746507, 60.252132899999971 ], [ 29.5753301, 60.2524295 ], [ 29.5756798, 60.2525913 ], [ 29.5757107, 60.2525724 ], [ 29.5757589, 60.2525393 ], [ 29.5765177, 60.2519801 ], [ 29.5771924, 60.2515431 ], [ 29.5761038, 60.2509364 ], [ 29.5755653, 60.250603 ], [ 29.5747569, 60.2501097 ], [ 29.5744903, 60.2499715 ], [ 29.5743372, 60.249892199999984 ], [ 29.5740853, 60.2500574 ], [ 29.5739111, 60.2501705 ], [ 29.5737872, 60.25027139999996 ], [ 29.5736088, 60.250450199999989 ], [ 29.5734664, 60.2506262 ], [ 29.5733429, 60.250831 ], [ 29.573309, 60.2509557 ], [ 29.5733339, 60.2510855 ] ] ] } },
{ "type": "Feature", "properties": { "block_id": "69" }, "geometry": { "type": "Polygon", "coordinates": [ [ [ 29.5756798, 60.2525913 ], [ 29.5753301, 60.2524295 ], [ 29.5746507, 60.252132899999971 ], [ 29.5743428, 60.2519931 ], [ 29.5741474, 60.2518939 ], [ 29.5738242, 60.2516914 ], [ 29.573582, 60.2514952 ], [ 29.5735005, 60.2513978 ], [ 29.5734553, 60.251343699999985 ], [ 29.5733866, 60.251229399999986 ], [ 29.5733339, 60.2510855 ], [ 29.573309, 60.2509557 ], [ 29.5733429, 60.250831 ], [ 29.5734664, 60.2506262 ], [ 29.5736088, 60.250450199999989 ], [ 29.5737872, 60.25027139999996 ], [ 29.5739111, 60.2501705 ], [ 29.5740853, 60.2500574 ], [ 29.5743372, 60.249892199999984 ], [ 29.5745779, 60.249738 ], [ 29.5746928, 60.2496641 ], [ 29.5748455, 60.249572 ], [ 29.57496, 60.2494995 ], [ 29.5753294, 60.249280499999983 ], [ 29.5754549, 60.24919830000001 ], [ 29.5755426, 60.249141 ], [ 29.5756153, 60.249083199999987 ], [ 29.5757198, 60.248967199999989 ], [ 29.5758085, 60.2488799 ], [ 29.5758958, 60.248773300000011 ], [ 29.5760192, 60.2485944 ], [ 29.5761014, 60.2485011 ], [ 29.5761867, 60.2484203 ], [ 29.5763226, 60.2482964 ], [ 29.5764183, 60.2482204 ], [ 29.5764973, 60.2481729 ], [ 29.5775206, 60.247594 ], [ 29.5782654, 60.247184 ], [ 29.5784245, 60.2470828 ], [ 29.5786331, 60.2469578 ], [ 29.5783664, 60.2468576 ], [ 29.5783121, 60.2468371 ], [ 29.5781124, 60.2469589 ], [ 29.5759204, 60.248197499999989 ], [ 29.5744547, 60.2490217 ], [ 29.5738316, 60.249438899999987 ], [ 29.5707361, 60.2512038 ], [ 29.566701713132407, 60.253478358037626 ], [ 29.5680854, 60.2539506 ], [ 29.5589315, 60.2602886 ], [ 29.575721158683184, 60.265292593536863 ], [ 29.575961, 60.26507740000001 ], [ 29.5689632, 60.262270499999985 ], [ 29.5697012, 60.261814299999983 ], [ 29.5700454, 60.2616016 ], [ 29.5714175, 60.2607536 ], [ 29.5742872, 60.258976699999977 ], [ 29.574837, 60.258674500000019 ], [ 29.5760215, 60.2580673 ], [ 29.5762249, 60.257967 ], [ 29.5769667, 60.257505499999986 ], [ 29.5769504, 60.257392699999954 ], [ 29.5768894, 60.257123 ], [ 29.5768931, 60.2570303 ], [ 29.5769285, 60.256942599999988 ], [ 29.5771308, 60.2566212 ], [ 29.577338, 60.2563038 ], [ 29.5774208, 60.2562096 ], [ 29.5775328, 60.2561445 ], [ 29.5783162, 60.2558692 ], [ 29.5793336, 60.255524 ], [ 29.5809225, 60.254986899999984 ], [ 29.580999, 60.254950799999953 ], [ 29.580749, 60.2548424 ], [ 29.5805178, 60.2547416 ], [ 29.5791756, 60.2541563 ], [ 29.5782864, 60.2537597 ], [ 29.5773956, 60.253365199999983 ], [ 29.5756798, 60.2525913 ] ] ] } },
{ "type": "Feature", "properties": { "block_id": "70" }, "geometry": { "type": "Polygon", "coordinates": [ [ [ 29.5756798, 60.2525913 ], [ 29.5773956, 60.253365199999983 ], [ 29.5782864, 60.2537597 ], [ 29.5791756, 60.2541563 ], [ 29.5805178, 60.2547416 ], [ 29.580749, 60.2548424 ], [ 29.580999, 60.254950799999953 ], [ 29.5812143, 60.2550312 ], [ 29.5812366, 60.2550095 ], [ 29.5812999, 60.2549625 ], [ 29.5814433, 60.254877399999984 ], [ 29.5818001, 60.254611899999986 ], [ 29.5819335, 60.254531599999986 ], [ 29.5823939, 60.254243 ], [ 29.5795732, 60.2527963 ], [ 29.5787436, 60.252341299999983 ], [ 29.5771924, 60.2515431 ], [ 29.5765177, 60.2519801 ], [ 29.5757589, 60.2525393 ], [ 29.5757107, 60.2525724 ], [ 29.5756798, 60.2525913 ] ] ] } },
{ "type": "Feature", "properties": { "block_id": "71" }, "geometry": { "type": "Polygon", "coordinates": [ [ [ 29.5812143, 60.2550312 ], [ 29.5815268, 60.255146900000028 ], [ 29.5819971, 60.255321 ], [ 29.5826538, 60.255528399999982 ], [ 29.5835689, 60.255716 ], [ 29.58383, 60.2557587 ], [ 29.5857759, 60.2560229 ], [ 29.5866421, 60.2561502 ], [ 29.5889707, 60.2564977 ], [ 29.5891569, 60.256525399999987 ], [ 29.5894311, 60.25656630000001 ], [ 29.5894967, 60.256474299999986 ], [ 29.5895587, 60.2564522 ], [ 29.59082, 60.2562042 ], [ 29.59104, 60.2561259 ], [ 29.5916721, 60.255859 ], [ 29.5920018, 60.2557051 ], [ 29.5923401, 60.255557100000019 ], [ 29.5925196, 60.255478600000025 ], [ 29.5933608, 60.2551219 ], [ 29.5934607, 60.2550785 ], [ 29.5937295, 60.2549748 ], [ 29.5935557, 60.25472220000001 ], [ 29.5934389, 60.2545526 ], [ 29.5930882, 60.254043 ], [ 29.59304, 60.253914 ], [ 29.593024, 60.2538169 ], [ 29.5930287, 60.2537423 ], [ 29.5930367, 60.253618199999984 ], [ 29.5928226, 60.2532213 ], [ 29.5923475, 60.2523376 ], [ 29.5923018, 60.2521507 ], [ 29.5921587, 60.251587499999985 ], [ 29.5908376, 60.2516864 ], [ 29.5907333, 60.2517221 ], [ 29.5907212, 60.2517587 ], [ 29.5896632, 60.251284 ], [ 29.5892099, 60.251012699999983 ], [ 29.5886948, 60.2507817 ], [ 29.5886102, 60.2507437 ], [ 29.5865143, 60.251834699999989 ], [ 29.5848581, 60.2527317 ], [ 29.5843724, 60.2530216 ], [ 29.5839239, 60.2532849 ], [ 29.58321, 60.2537178 ], [ 29.5823939, 60.254243 ], [ 29.5819335, 60.254531599999986 ], [ 29.5818001, 60.254611899999986 ], [ 29.5814433, 60.254877399999984 ], [ 29.5812999, 60.2549625 ], [ 29.5812366, 60.2550095 ], [ 29.5812143, 60.2550312 ] ] ] } },
{ "type": "Feature", "properties": { "block_id": "72" }, "geometry": { "type": "Polygon", "coordinates": [ [ [ 29.5894311, 60.25656630000001 ], [ 29.5891569, 60.256525399999987 ], [ 29.5889707, 60.2564977 ], [ 29.5866421, 60.2561502 ], [ 29.5861792, 60.2568111 ], [ 29.5878151, 60.2571437 ], [ 29.5892894, 60.2573766 ], [ 29.5895813, 60.2566658 ], [ 29.5896308, 60.2565961 ], [ 29.5894311, 60.25656630000001 ] ] ] } },
{ "type": "Feature", "properties": { "block_id": "73" }, "geometry": { "type": "Polygon", "coordinates": [ [ [ 29.5894311, 60.25656630000001 ], [ 29.5896308, 60.2565961 ], [ 29.5902238, 60.2566845 ], [ 29.5912423, 60.2568363 ], [ 29.5914187, 60.2568634 ], [ 29.5925261, 60.257033299999982 ], [ 29.5929844, 60.2571037 ], [ 29.5931709, 60.257129900000017 ], [ 29.5934647, 60.2571774 ], [ 29.5937046, 60.25721570000001 ], [ 29.5944181, 60.257346499999983 ], [ 29.5945984, 60.2573779 ], [ 29.5948226, 60.2574539 ], [ 29.5950146, 60.2574859 ], [ 29.595332, 60.2575388 ], [ 29.5966484, 60.2577482 ], [ 29.5970427, 60.2577965 ], [ 29.5972121, 60.2578094 ], [ 29.5975706, 60.257806699999989 ], [ 29.5979524, 60.257781199999982 ], [ 29.5982436, 60.2577609 ], [ 29.5983544, 60.2577519 ], [ 29.5983769, 60.2577493 ], [ 29.5994567, 60.257613399999983 ], [ 29.5994403, 60.25757 ], [ 29.5993874, 60.2574306 ], [ 29.5993451, 60.257323899999946 ], [ 29.5993293, 60.257284 ], [ 29.5992704, 60.2571567 ], [ 29.5992247, 60.2570579 ], [ 29.5991678, 60.256917299999984 ], [ 29.5990245, 60.256562599999988 ], [ 29.5987619, 60.2559125 ], [ 29.5986888, 60.25573150000001 ], [ 29.5986228, 60.2555681 ], [ 29.5985208, 60.255342499999983 ], [ 29.5985033, 60.2553036 ], [ 29.5984825, 60.255257499999971 ], [ 29.5984143, 60.2551066 ], [ 29.5982192, 60.2546749 ], [ 29.5979822, 60.2543017 ], [ 29.5974965, 60.2541853 ], [ 29.597383, 60.2541581 ], [ 29.5971723, 60.2541994 ], [ 29.5960639, 60.2544167 ], [ 29.5954288, 60.2545511 ], [ 29.5952469, 60.25458960000001 ], [ 29.5942979, 60.2547988 ], [ 29.5937295, 60.2549748 ], [ 29.5934607, 60.2550785 ], [ 29.5933608, 60.2551219 ], [ 29.5925196, 60.255478600000025 ], [ 29.5923401, 60.255557100000019 ], [ 29.5920018, 60.2557051 ], [ 29.5916721, 60.255859 ], [ 29.59104, 60.2561259 ], [ 29.59082, 60.2562042 ], [ 29.5895587, 60.2564522 ], [ 29.5894967, 60.256474299999986 ], [ 29.5894311, 60.25656630000001 ] ] ] } },
{ "type": "Feature", "properties": { "block_id": "74" }, "geometry": { "type": "Polygon", "coordinates": [ [ [ 29.7170586, 60.2011523 ], [ 29.7169159, 60.2010248 ], [ 29.7165007, 60.200477599999964 ], [ 29.7164146, 60.2003885 ], [ 29.716206, 60.2001388 ], [ 29.7160784, 60.199984 ], [ 29.7159831, 60.1998685 ], [ 29.7155869, 60.1993631 ], [ 29.7154418, 60.199178 ], [ 29.7154367, 60.1991716 ], [ 29.7148911, 60.198486 ], [ 29.7147007, 60.198092 ], [ 29.7146041, 60.197739 ], [ 29.7146027, 60.1973802 ], [ 29.7145997, 60.197268499999943 ], [ 29.714169, 60.197318 ], [ 29.7133926, 60.197482 ], [ 29.7130283, 60.1976015 ], [ 29.7126401, 60.1977837 ], [ 29.7125609, 60.197821500000011 ], [ 29.7121911, 60.1980222 ], [ 29.711826, 60.1982231 ], [ 29.7116166, 60.198346899999976 ], [ 29.7115339, 60.1983958 ], [ 29.7111387, 60.1986294 ], [ 29.7108986, 60.198796399999985 ], [ 29.7107766, 60.198922299999985 ], [ 29.7104905, 60.1992482 ], [ 29.7103947, 60.1993192 ], [ 29.7102794, 60.199368 ], [ 29.7100968, 60.1994146 ], [ 29.7100672, 60.199422199999972 ], [ 29.710025, 60.199433 ], [ 29.7099325, 60.1994494 ], [ 29.7089043, 60.199631599999989 ], [ 29.7087146, 60.199665 ], [ 29.7083103, 60.199736 ], [ 29.708537, 60.199834799999984 ], [ 29.7089751, 60.2000232 ], [ 29.7091812, 60.2001118 ], [ 29.7096923, 60.200336599999986 ], [ 29.7098652, 60.2004129 ], [ 29.7102133, 60.200566399999964 ], [ 29.7102481, 60.2005818 ], [ 29.7107122, 60.2007872 ], [ 29.7108397, 60.2008437 ], [ 29.711224, 60.2010138 ], [ 29.7119652, 60.2013414 ], [ 29.7124141, 60.201521 ], [ 29.7130901, 60.2017914 ], [ 29.7134025, 60.2020684 ], [ 29.7136132, 60.2022554 ], [ 29.713735, 60.20233 ], [ 29.7138181, 60.2023688 ], [ 29.7138967, 60.202393700000016 ], [ 29.7139867, 60.202408699999985 ], [ 29.7141433, 60.202406 ], [ 29.7149285, 60.2022651 ], [ 29.7159917, 60.2021036 ], [ 29.716762, 60.2020131 ], [ 29.7177738, 60.2018194 ], [ 29.7174022, 60.201471399999988 ], [ 29.7170586, 60.2011523 ] ] ] } },
{ "type": "Feature", "properties": { "block_id": "75" }, "geometry": { "type": "Polygon", "coordinates": [ [ [ 29.7165007, 60.200477599999964 ], [ 29.7169159, 60.2010248 ], [ 29.7170586, 60.2011523 ], [ 29.7174022, 60.201471399999988 ], [ 29.7177738, 60.2018194 ], [ 29.7183451, 60.2017096 ], [ 29.7256087, 60.200325 ], [ 29.7256321, 60.2001663 ], [ 29.7256884, 60.1997835 ], [ 29.725881, 60.198475 ], [ 29.7250022, 60.1982856 ], [ 29.725277958302954, 60.197925216636101 ], [ 29.725129, 60.197895899999985 ], [ 29.7244089, 60.1977239 ], [ 29.7237443, 60.1975553 ], [ 29.7228456, 60.1973977 ], [ 29.7217804, 60.1971839 ], [ 29.7213196, 60.1969379 ], [ 29.7213687, 60.1966892 ], [ 29.7216145, 60.1964924 ], [ 29.721594, 60.196395700000025 ], [ 29.7217511, 60.1962039 ], [ 29.722098, 60.1960364 ], [ 29.722105, 60.1959909 ], [ 29.72211414650975, 60.195920207065782 ], [ 29.7220597, 60.1959331 ], [ 29.7218139, 60.195996099999988 ], [ 29.7216949, 60.1960598 ], [ 29.7215816, 60.1961332 ], [ 29.7210968, 60.196593 ], [ 29.7209604, 60.1966802 ], [ 29.7207944, 60.1967409 ], [ 29.7205694, 60.196774900000023 ], [ 29.7199106, 60.196768299999981 ], [ 29.7190008, 60.196756 ], [ 29.7187431, 60.1967638 ], [ 29.7185352, 60.1967717 ], [ 29.7183341, 60.1967943 ], [ 29.7177455, 60.1969114 ], [ 29.7162769, 60.1972051 ], [ 29.7161804, 60.1972211 ], [ 29.7163548, 60.197435 ], [ 29.716784, 60.1979616 ], [ 29.7181974, 60.1996952 ], [ 29.7184111, 60.2000063 ], [ 29.7183476, 60.2000311 ], [ 29.7175886, 60.200214599999988 ], [ 29.7165007, 60.200477599999964 ] ] ] } },
{ "type": "Feature", "properties": { "block_id": "76" }, "geometry": { "type": "Polygon", "coordinates": [ [ [ 29.7145997, 60.197268499999943 ], [ 29.7146027, 60.1973802 ], [ 29.7146041, 60.197739 ], [ 29.7147007, 60.198092 ], [ 29.7148911, 60.198486 ], [ 29.7154367, 60.1991716 ], [ 29.7154418, 60.199178 ], [ 29.7155869, 60.1993631 ], [ 29.7159831, 60.1998685 ], [ 29.7160784, 60.199984 ], [ 29.716206, 60.2001388 ], [ 29.7164146, 60.2003885 ], [ 29.7165007, 60.200477599999964 ], [ 29.7175886, 60.200214599999988 ], [ 29.7183476, 60.2000311 ], [ 29.7184111, 60.2000063 ], [ 29.7181974, 60.1996952 ], [ 29.716784, 60.1979616 ], [ 29.7163548, 60.197435 ], [ 29.7161804, 60.1972211 ], [ 29.7159689, 60.1972399 ], [ 29.7150119, 60.1972533 ], [ 29.7145997, 60.197268499999943 ] ] ] } },
{ "type": "Feature", "properties": { "block_id": "77" }, "geometry": { "type": "Polygon", "coordinates": [ [ [ 29.6138171, 60.2540611 ], [ 29.6139213, 60.254252 ], [ 29.6142597, 60.2548121 ], [ 29.6147075, 60.2555919 ], [ 29.6147603, 60.2557426 ], [ 29.6147669, 60.255783400000013 ], [ 29.6147987, 60.256006300000017 ], [ 29.6148018, 60.2560743 ], [ 29.615027, 60.2561283 ], [ 29.6151112, 60.2560823 ], [ 29.6154233, 60.255959399999988 ], [ 29.6162367, 60.255888400000011 ], [ 29.6166076, 60.255838200000021 ], [ 29.6172977, 60.25571080000001 ], [ 29.6170515, 60.255317699999985 ], [ 29.6168692, 60.2548036 ], [ 29.6167627, 60.2545339 ], [ 29.6166471, 60.2542952 ], [ 29.6163752, 60.2539882 ], [ 29.6160927, 60.2537787 ], [ 29.6156531, 60.2535314 ], [ 29.615585, 60.2535057 ], [ 29.6153222, 60.2536303 ], [ 29.6150348, 60.2537551 ], [ 29.6148049, 60.2538348 ], [ 29.6145102, 60.253920900000018 ], [ 29.6141294, 60.2540135 ], [ 29.6138171, 60.2540611 ] ] ] } },
{ "type": "Feature", "properties": { "block_id": "78" }, "geometry": { "type": "Polygon", "coordinates": [ [ [ 29.6148018, 60.2560743 ], [ 29.6147987, 60.256006300000017 ], [ 29.6147669, 60.255783400000013 ], [ 29.6147603, 60.2557426 ], [ 29.6147075, 60.2555919 ], [ 29.6142597, 60.2548121 ], [ 29.6139213, 60.254252 ], [ 29.6138171, 60.2540611 ], [ 29.6136038, 60.2540918 ], [ 29.6130579, 60.2541788 ], [ 29.6125645, 60.254253399999968 ], [ 29.6117936, 60.2543711 ], [ 29.6111971, 60.2544702 ], [ 29.6101311, 60.2546248 ], [ 29.6096718, 60.2547163 ], [ 29.6091977, 60.2547617 ], [ 29.608187, 60.2549589 ], [ 29.607344, 60.255178599999986 ], [ 29.6066586, 60.2554059 ], [ 29.6066228, 60.255417799999982 ], [ 29.606573, 60.255436 ], [ 29.6063073, 60.2555581 ], [ 29.6059736, 60.255711499999983 ], [ 29.6052438, 60.2560777 ], [ 29.605373, 60.256247 ], [ 29.6054268, 60.25631340000001 ], [ 29.6054674, 60.2563699 ], [ 29.6056226, 60.2566079 ], [ 29.6056365, 60.2566292 ], [ 29.605665, 60.2566712 ], [ 29.6062853, 60.2566089 ], [ 29.6065249, 60.2565869 ], [ 29.6066818, 60.2565722 ], [ 29.6070432, 60.2565392 ], [ 29.6076093, 60.256489 ], [ 29.6079852, 60.256447599999987 ], [ 29.6083901, 60.2564059 ], [ 29.6097483, 60.256237599999984 ], [ 29.610294, 60.2561775 ], [ 29.6105024, 60.25616 ], [ 29.6112611, 60.2560638 ], [ 29.6121468, 60.255956599999983 ], [ 29.6122228, 60.255953599999984 ], [ 29.6125685, 60.255924100000016 ], [ 29.6128227, 60.2559024 ], [ 29.613004, 60.2558947 ], [ 29.613216, 60.2558936 ], [ 29.6133846, 60.255898200000011 ], [ 29.6135067, 60.2558967 ], [ 29.6135831, 60.2559024 ], [ 29.6137779, 60.2559117 ], [ 29.6138958, 60.255920199999984 ], [ 29.6141332, 60.2559457 ], [ 29.6143712, 60.255981 ], [ 29.6148018, 60.2560743 ] ] ] } },
{ "type": "Feature", "properties": { "block_id": "79" }, "geometry": { "type": "Polygon", "coordinates": [ [ [ 29.6803122, 60.192778199999985 ], [ 29.6800536, 60.1926389 ], [ 29.6798727, 60.192559299999978 ], [ 29.6790815, 60.1924448 ], [ 29.6789813, 60.192448300000024 ], [ 29.6784105, 60.1924595 ], [ 29.6777775, 60.1925011 ], [ 29.6773392, 60.1925534 ], [ 29.6769639, 60.1926343 ], [ 29.675566, 60.1930532 ], [ 29.6766472, 60.1938093 ], [ 29.6767545, 60.1939067 ], [ 29.6768323, 60.1940013 ], [ 29.6771085, 60.194188 ], [ 29.6773043, 60.194250599999982 ], [ 29.6783892, 60.1949741 ], [ 29.6795269, 60.194624099999984 ], [ 29.6798744, 60.1946011 ], [ 29.6805723, 60.194633299999985 ], [ 29.6814913, 60.194773300000023 ], [ 29.6831177, 60.1951452 ], [ 29.6835584, 60.19512670000001 ], [ 29.6833431, 60.1948592 ], [ 29.6829919, 60.1943012 ], [ 29.6828289, 60.1940999 ], [ 29.682669, 60.1939662 ], [ 29.6824108, 60.193812200000018 ], [ 29.6811166, 60.1932459 ], [ 29.6806326, 60.1929707 ], [ 29.6803122, 60.192778199999985 ] ] ] } },
{ "type": "Feature", "properties": { "block_id": "80" }, "geometry": { "type": "Polygon", "coordinates": [ [ [ 29.6848798, 60.1958813 ], [ 29.6847206, 60.1957692 ], [ 29.6843362, 60.1955636 ], [ 29.6841413, 60.1954652 ], [ 29.6840154, 60.1954087 ], [ 29.6839462, 60.1953776 ], [ 29.6838623, 60.1953399 ], [ 29.6837121, 60.1952519 ], [ 29.6835584, 60.19512670000001 ], [ 29.6831177, 60.1951452 ], [ 29.6829445, 60.1953191 ], [ 29.6826783, 60.1955782 ], [ 29.6826367, 60.1956192 ], [ 29.6824751, 60.195776 ], [ 29.6814564, 60.1955438 ], [ 29.6813247, 60.195541099999986 ], [ 29.6811874, 60.1955628 ], [ 29.6801066, 60.1959371 ], [ 29.680236, 60.1959755 ], [ 29.6803701, 60.1960031 ], [ 29.6831757, 60.1964184 ], [ 29.6833755, 60.196453 ], [ 29.6834868, 60.196501 ], [ 29.683629, 60.1966037 ], [ 29.6841373, 60.1973531 ], [ 29.6844724, 60.1978472 ], [ 29.684538, 60.1979787 ], [ 29.6847564, 60.197933399999982 ], [ 29.6854298, 60.1977744 ], [ 29.6858529, 60.1976835 ], [ 29.6860533, 60.1976422 ], [ 29.6857356, 60.197127599999988 ], [ 29.6850912, 60.1960835 ], [ 29.6850261, 60.19600530000001 ], [ 29.6848798, 60.1958813 ] ] ] } },
{ "type": "Feature", "properties": { "block_id": "81" }, "geometry": { "type": "Polygon", "coordinates": [ [ [ 29.6870008, 60.1990374 ], [ 29.6861813, 60.1978331 ], [ 29.6861235, 60.1977458 ], [ 29.6860533, 60.1976422 ], [ 29.6858529, 60.1976835 ], [ 29.6854298, 60.1977744 ], [ 29.6847564, 60.197933399999982 ], [ 29.684538, 60.1979787 ], [ 29.684045, 60.1981162 ], [ 29.683923, 60.1981596 ], [ 29.683679, 60.198268199999987 ], [ 29.6839513, 60.1983439 ], [ 29.6847762, 60.1985814 ], [ 29.6851055, 60.198684 ], [ 29.6861857, 60.199056699999986 ], [ 29.686397, 60.1990533 ], [ 29.6867669, 60.1990474 ], [ 29.6870008, 60.1990374 ] ] ] } },
{ "type": "Feature", "properties": { "block_id": "82" }, "geometry": { "type": "Polygon", "coordinates": [ [ [ 29.70108, 60.196492799999987 ], [ 29.7008113, 60.1963853 ], [ 29.700076, 60.1960726 ], [ 29.6991939, 60.1956376 ], [ 29.6980564, 60.1951776 ], [ 29.6977838, 60.1950674 ], [ 29.6960905, 60.1943176 ], [ 29.6959703, 60.1942067 ], [ 29.6959302, 60.1941385 ], [ 29.6958414, 60.1933836 ], [ 29.6958345, 60.193248 ], [ 29.69586, 60.192762 ], [ 29.6958291, 60.1923136 ], [ 29.6958241, 60.1922055 ], [ 29.6953226, 60.192231300000017 ], [ 29.6950685, 60.19224829999996 ], [ 29.6945371, 60.1922831 ], [ 29.6933886, 60.1923582 ], [ 29.6927325, 60.1924138 ], [ 29.692478946251008, 60.192435257710699 ], [ 29.6925044, 60.1925134 ], [ 29.6925364, 60.192548800000019 ], [ 29.6925299, 60.1925878 ], [ 29.6925299, 60.1926694 ], [ 29.6924387, 60.1928525 ], [ 29.6924059, 60.1929886 ], [ 29.6923913, 60.193159 ], [ 29.6923511, 60.193422 ], [ 29.6922768, 60.193590200000017 ], [ 29.6923475, 60.1937085 ], [ 29.692322, 60.19381910000002 ], [ 29.6924072, 60.193891099999988 ], [ 29.6924336, 60.1939809 ], [ 29.6923696, 60.194070600000011 ], [ 29.6924712, 60.1941529 ], [ 29.6924975, 60.1942259 ], [ 29.69249, 60.194338100000024 ], [ 29.692697, 60.1944634 ], [ 29.6928889, 60.1946448 ], [ 29.6929754, 60.1947627 ], [ 29.6931184, 60.1948973 ], [ 29.6931786, 60.194960899999984 ], [ 29.6932463, 60.1950208 ], [ 29.6934232, 60.1951031 ], [ 29.6935248, 60.1952022 ], [ 29.6935312, 60.1953006 ], [ 29.6936646, 60.1953368 ], [ 29.6936993, 60.195347 ], [ 29.693798, 60.195376 ], [ 29.6940405, 60.1954814 ], [ 29.6941739, 60.195586899999988 ], [ 29.6942346, 60.195611 ], [ 29.6944225, 60.195602 ], [ 29.6945499, 60.1956291 ], [ 29.6946287, 60.1956804 ], [ 29.6947378, 60.195698400000012 ], [ 29.6949076, 60.1956924 ], [ 29.6951077, 60.195713499999982 ], [ 29.6953381, 60.1957557 ], [ 29.6954776, 60.195779799999983 ], [ 29.6956898, 60.195816 ], [ 29.6960112, 60.1958672 ], [ 29.6962295, 60.19593050000001 ], [ 29.6963083, 60.1959998 ], [ 29.6964236, 60.196087199999987 ], [ 29.6965873, 60.1961746 ], [ 29.6967874, 60.196259 ], [ 29.696848, 60.1963434 ], [ 29.6970299, 60.196436799999979 ], [ 29.6973028, 60.1965242 ], [ 29.6974119, 60.1965906 ], [ 29.6975878, 60.19669 ], [ 29.6977758, 60.196777399999981 ], [ 29.698085, 60.196783399999987 ], [ 29.6981471, 60.1968247 ], [ 29.6983472, 60.196933499999986 ], [ 29.6984347, 60.1970267 ], [ 29.6986599, 60.197104399999986 ], [ 29.6987537, 60.1971914 ], [ 29.6987725, 60.1972412 ], [ 29.6988973, 60.1972228 ], [ 29.6989693, 60.1972705 ], [ 29.6990294, 60.1973143 ], [ 29.6990934, 60.1973759 ], [ 29.6992295, 60.19743960000001 ], [ 29.6992695, 60.197503299999987 ], [ 29.6992815, 60.1975609 ], [ 29.6995096, 60.1976206 ], [ 29.6996163, 60.1976762 ], [ 29.699650492153683, 60.197703765802629 ], [ 29.6997006, 60.1976837 ], [ 29.6998512, 60.1976187 ], [ 29.6999845, 60.197543 ], [ 29.7001146, 60.1974755 ], [ 29.700114, 60.1974637 ], [ 29.7000894, 60.1969606 ], [ 29.7001017, 60.1968658 ], [ 29.7001509, 60.1967949 ], [ 29.7005904, 60.196661 ], [ 29.7008037, 60.1965958 ], [ 29.7008774, 60.196567 ], [ 29.70108, 60.196492799999987 ] ] ] } },
{ "type": "Feature", "properties": { "block_id": "83" }, "geometry": { "type": "Polygon", "coordinates": [ [ [ 29.693493, 60.1906366 ], [ 29.693454, 60.191196599999977 ], [ 29.6947487, 60.1911489 ], [ 29.694770620013848, 60.191151075133895 ], [ 29.6947743, 60.1911263 ], [ 29.6947771, 60.1911072 ], [ 29.6950424, 60.191027500000025 ], [ 29.695164, 60.191077 ], [ 29.6952493, 60.191007899999988 ], [ 29.6952027, 60.190887399999987 ], [ 29.6951806, 60.1907775 ], [ 29.6950866, 60.1906154 ], [ 29.6948489, 60.1906594 ], [ 29.6946161, 60.1906524 ], [ 29.6945737, 60.1905874 ], [ 29.6944003, 60.190541599999982 ], [ 29.6943508, 60.190452 ], [ 29.6943331, 60.1903904 ], [ 29.6942754, 60.1903291 ], [ 29.6943031, 60.1902824 ], [ 29.6944122, 60.190199 ], [ 29.6945076, 60.190153199999983 ], [ 29.6945849, 60.190101 ], [ 29.6947618, 60.190079 ], [ 29.694806, 60.1900378 ], [ 29.6947839, 60.1899142 ], [ 29.6945003, 60.189813300000012 ], [ 29.6944087, 60.1896936 ], [ 29.694292, 60.1896339 ], [ 29.6942699, 60.1895213 ], [ 29.6941593, 60.189518500000013 ], [ 29.6940875, 60.189331699999983 ], [ 29.6941403, 60.1892196 ], [ 29.6940827, 60.189084800000025 ], [ 29.6939327, 60.188988199999983 ], [ 29.6940709, 60.1889497 ], [ 29.6940985, 60.18888650000001 ], [ 29.6939517, 60.188752599999944 ], [ 29.6936257, 60.1886426 ], [ 29.6936281, 60.1886022 ], [ 29.6935892, 60.1884564 ], [ 29.6934009, 60.1883114 ], [ 29.6933332, 60.1882597 ], [ 29.6930844, 60.1882303 ], [ 29.6928748, 60.18811980000001 ], [ 29.6927592, 60.1880293 ], [ 29.6924615, 60.1880706 ], [ 29.6922271, 60.1880717 ], [ 29.6919283, 60.1880034 ], [ 29.6918178, 60.1878919 ], [ 29.6916354, 60.1878119 ], [ 29.6911095, 60.1878289 ], [ 29.6906869, 60.1877972 ], [ 29.6899032, 60.1878685 ], [ 29.689371, 60.1880543 ], [ 29.6886254, 60.1882005 ], [ 29.6882982, 60.188190599999963 ], [ 29.6879404, 60.1882864 ], [ 29.6870874, 60.1883682 ], [ 29.6865939, 60.1883613 ], [ 29.6864142, 60.1883042 ], [ 29.6862468, 60.1883266 ], [ 29.6857029, 60.1884586 ], [ 29.6846697, 60.188584299999988 ], [ 29.6826457, 60.1887659 ], [ 29.6822224, 60.18872480000001 ], [ 29.6799517, 60.189155199999945 ], [ 29.6783729, 60.1894931 ], [ 29.6764761, 60.1898854 ], [ 29.6756574, 60.1899873 ], [ 29.6753892, 60.1899227 ], [ 29.67518, 60.1898 ], [ 29.6746484, 60.189808599999985 ], [ 29.6740133, 60.1898851 ], [ 29.6737504, 60.189837700000012 ], [ 29.6730761, 60.1898163 ], [ 29.6726266, 60.189847799999988 ], [ 29.6722393, 60.1899176 ], [ 29.6722646, 60.190056 ], [ 29.672274, 60.1903832 ], [ 29.6722579, 60.1905368 ], [ 29.6718073, 60.1906755 ], [ 29.6716142, 60.1908141 ], [ 29.6718288, 60.1910061 ], [ 29.6718931, 60.1911661 ], [ 29.6720219, 60.1913901 ], [ 29.6717429, 60.191614099999988 ], [ 29.6717, 60.191838099999984 ], [ 29.6717644, 60.1920408 ], [ 29.671989, 60.19252070000001 ], [ 29.6716786, 60.1925848 ], [ 29.6718502, 60.1927448 ], [ 29.6714855, 60.1930648 ], [ 29.6709276, 60.1931074 ], [ 29.6707988, 60.192979399999984 ], [ 29.6703697, 60.1929794 ], [ 29.6697688, 60.1931181 ], [ 29.6698118, 60.193352699999977 ], [ 29.6695113, 60.1934381 ], [ 29.6690393, 60.1934274 ], [ 29.6689278, 60.1934787 ], [ 29.6688491, 60.1935079 ], [ 29.6682668, 60.1936621 ], [ 29.6677542, 60.193703499999984 ], [ 29.667703953370108, 60.193981720961226 ], [ 29.6678084, 60.1939908 ], [ 29.6679837, 60.193988 ], [ 29.6682396, 60.19395870000001 ], [ 29.6685815, 60.1938814 ], [ 29.6690915, 60.1937571 ], [ 29.6695657, 60.1936785 ], [ 29.669818, 60.1936376 ], [ 29.6700783, 60.1936028 ], [ 29.6703447, 60.1935759 ], [ 29.6706889, 60.193541 ], [ 29.6716472, 60.1934672 ], [ 29.6736886, 60.193372499999988 ], [ 29.6741825, 60.193347799999984 ], [ 29.6745148, 60.1933174 ], [ 29.6748192, 60.193262 ], [ 29.675436, 60.193087 ], [ 29.675566, 60.1930532 ], [ 29.6769639, 60.1926343 ], [ 29.6773392, 60.1925534 ], [ 29.6777775, 60.1925011 ], [ 29.6784105, 60.1924595 ], [ 29.6789813, 60.192448300000024 ], [ 29.6790815, 60.1924448 ], [ 29.6799937, 60.1924811 ], [ 29.6801605, 60.192491100000012 ], [ 29.6803188, 60.19249940000001 ], [ 29.6815046, 60.1925899 ], [ 29.6815694, 60.1925909 ], [ 29.6823274, 60.192615699999955 ], [ 29.6832519, 60.192666799999984 ], [ 29.6839562, 60.1927221 ], [ 29.6844766, 60.1927912 ], [ 29.6851876, 60.19288310000001 ], [ 29.6860351, 60.192966 ], [ 29.6868792, 60.192995700000019 ], [ 29.6870799, 60.1930027 ], [ 29.6874462, 60.1930172 ], [ 29.6879058, 60.1930134 ], [ 29.6883921, 60.1929741 ], [ 29.6893473, 60.192838799999983 ], [ 29.6906856, 60.1926159 ], [ 29.690611, 60.192472 ], [ 29.6900468, 60.191552099999988 ], [ 29.6899849, 60.1914524 ], [ 29.689652, 60.1909156 ], [ 29.693493, 60.1906366 ] ] ] } },
{ "type": "Feature", "properties": { "block_id": "84" }, "geometry": { "type": "Polygon", "coordinates": [ [ [ 29.693454, 60.191196599999977 ], [ 29.693493, 60.1906366 ], [ 29.689652, 60.1909156 ], [ 29.6899849, 60.1914524 ], [ 29.6900468, 60.191552099999988 ], [ 29.690611, 60.192472 ], [ 29.6906856, 60.1926159 ], [ 29.6909436, 60.19258880000001 ], [ 29.6918557, 60.1924931 ], [ 29.6923461, 60.1924465 ], [ 29.692478946251008, 60.192435257710699 ], [ 29.6924601, 60.1923774 ], [ 29.692446, 60.192333899999966 ], [ 29.69257, 60.1922577 ], [ 29.692607, 60.1922475 ], [ 29.6926427, 60.1922351 ], [ 29.6927317, 60.1922144 ], [ 29.6928819, 60.1921814 ], [ 29.6929473, 60.1921499 ], [ 29.6930556, 60.192117399999987 ], [ 29.693192, 60.192073699999987 ], [ 29.6932687, 60.192071199999987 ], [ 29.693367938407651, 60.19206792222262 ], [ 29.6933654, 60.1920228 ], [ 29.6934056, 60.19173880000001 ], [ 29.69347, 60.1915961 ], [ 29.693454, 60.191196599999977 ] ] ] } },
{ "type": "Feature", "properties": { "block_id": "85" }, "geometry": { "type": "Polygon", "coordinates": [ [ [ 29.693454, 60.191196599999977 ], [ 29.69347, 60.1915961 ], [ 29.6934056, 60.19173880000001 ], [ 29.6933654, 60.1920228 ], [ 29.693367938407651, 60.19206792222262 ], [ 29.6934443, 60.1920654 ], [ 29.6936495, 60.192056900000019 ], [ 29.6940542, 60.1920455 ], [ 29.6943905, 60.1919605 ], [ 29.6946352, 60.191902500000012 ], [ 29.69486, 60.1918573 ], [ 29.69507, 60.1917557 ], [ 29.6951806, 60.19165120000001 ], [ 29.6951474, 60.1914974 ], [ 29.6950258, 60.1914287 ], [ 29.6949318, 60.191409500000013 ], [ 29.6947715, 60.1913847 ], [ 29.6946886, 60.191327 ], [ 29.6947494, 60.191261099999977 ], [ 29.6947605, 60.1912199 ], [ 29.6947672, 60.191174099999976 ], [ 29.694770620013848, 60.191151075133895 ], [ 29.6947487, 60.1911489 ], [ 29.693454, 60.191196599999977 ] ] ] } },
{ "type": "Feature", "properties": { "block_id": "86" }, "geometry": { "type": "Polygon", "coordinates": [ [ [ 29.693367938407651, 60.19206792222262 ], [ 29.6933761, 60.192213 ], [ 29.6933886, 60.1923582 ], [ 29.6945371, 60.1922831 ], [ 29.6950685, 60.19224829999996 ], [ 29.6953226, 60.192231300000017 ], [ 29.6958241, 60.1922055 ], [ 29.6965854, 60.192172 ], [ 29.6964759, 60.192045 ], [ 29.6959381, 60.191381899999989 ], [ 29.6957847, 60.191204 ], [ 29.6957339, 60.1912162 ], [ 29.6956737, 60.191230699999963 ], [ 29.6955334, 60.1912266 ], [ 29.6951259, 60.191175499999986 ], [ 29.6948656, 60.1911605 ], [ 29.694770620013848, 60.191151075133895 ], [ 29.6947672, 60.191174099999976 ], [ 29.6947605, 60.1912199 ], [ 29.6947494, 60.191261099999977 ], [ 29.6946886, 60.191327 ], [ 29.6947715, 60.1913847 ], [ 29.6949318, 60.191409500000013 ], [ 29.6950258, 60.1914287 ], [ 29.6951474, 60.1914974 ], [ 29.6951806, 60.19165120000001 ], [ 29.69507, 60.1917557 ], [ 29.69486, 60.1918573 ], [ 29.6946352, 60.191902500000012 ], [ 29.6943905, 60.1919605 ], [ 29.6940542, 60.1920455 ], [ 29.6936495, 60.192056900000019 ], [ 29.6934443, 60.1920654 ], [ 29.693367938407651, 60.19206792222262 ] ] ] } },
{ "type": "Feature", "properties": { "block_id": "87" }, "geometry": { "type": "Polygon", "coordinates": [ [ [ 29.6933886, 60.1923582 ], [ 29.6933761, 60.192213 ], [ 29.693367938407651, 60.19206792222262 ], [ 29.6932687, 60.192071199999987 ], [ 29.693192, 60.192073699999987 ], [ 29.6930556, 60.192117399999987 ], [ 29.6929473, 60.1921499 ], [ 29.6928819, 60.1921814 ], [ 29.6927317, 60.1922144 ], [ 29.6926427, 60.1922351 ], [ 29.692607, 60.1922475 ], [ 29.69257, 60.1922577 ], [ 29.692446, 60.192333899999966 ], [ 29.6924601, 60.1923774 ], [ 29.692478946251008, 60.192435257710699 ], [ 29.6927325, 60.1924138 ], [ 29.6933886, 60.1923582 ] ] ] } },
{ "type": "Feature", "properties": { "block_id": "88" }, "geometry": { "type": "Polygon", "coordinates": [ [ [ 29.694770620013848, 60.191151075133895 ], [ 29.6948656, 60.1911605 ], [ 29.6951259, 60.191175499999986 ], [ 29.6955334, 60.1912266 ], [ 29.6956737, 60.191230699999963 ], [ 29.6957339, 60.1912162 ], [ 29.6957847, 60.191204 ], [ 29.6959381, 60.191381899999989 ], [ 29.6964759, 60.192045 ], [ 29.6965854, 60.192172 ], [ 29.6974158, 60.19216 ], [ 29.6976006, 60.1921646 ], [ 29.6987004, 60.1921922 ], [ 29.6994539, 60.192226399999988 ], [ 29.6997231, 60.1922452 ], [ 29.7008997, 60.192379499999987 ], [ 29.7010549, 60.1924004 ], [ 29.7012164, 60.192407 ], [ 29.7014317, 60.1924006 ], [ 29.7015737, 60.1923801 ], [ 29.7017107, 60.1923557 ], [ 29.7021386, 60.1922883 ], [ 29.7033446, 60.1921198 ], [ 29.7043522, 60.1920188 ], [ 29.7048331, 60.1919643 ], [ 29.7053648, 60.1919034 ], [ 29.705755, 60.1918588 ], [ 29.707863, 60.191456600000031 ], [ 29.7078118, 60.1913468 ], [ 29.7077405, 60.1911933 ], [ 29.7074024, 60.1905239 ], [ 29.7067664, 60.1892645 ], [ 29.706515, 60.1889052 ], [ 29.7087868, 60.1887542 ], [ 29.7116768, 60.188788 ], [ 29.7146767, 60.1887089 ], [ 29.7147273, 60.1887872 ], [ 29.7153728, 60.1897875 ], [ 29.7162266, 60.1903372 ], [ 29.7166755, 60.1905657 ], [ 29.7168751, 60.190845299999985 ], [ 29.7169332, 60.1909225 ], [ 29.7174239, 60.1908473 ], [ 29.7173951, 60.1907767 ], [ 29.7168615, 60.1894502 ], [ 29.7171039, 60.1894452 ], [ 29.7172132, 60.1894312 ], [ 29.7187718, 60.1892312 ], [ 29.7194578, 60.1890952 ], [ 29.720129, 60.189053099999988 ], [ 29.7205067, 60.1897454 ], [ 29.7208017, 60.1897134 ], [ 29.7211799, 60.1897 ], [ 29.7215527, 60.1897587 ], [ 29.7218853, 60.1899507 ], [ 29.7219918, 60.190016200000017 ], [ 29.7221413, 60.1901358 ], [ 29.7233431, 60.1899937 ], [ 29.7236001, 60.189963300000024 ], [ 29.7238795, 60.1899294 ], [ 29.7243811, 60.189868399999988 ], [ 29.724781420451002, 60.189819690125105 ], [ 29.7261044, 60.189132 ], [ 29.7267159, 60.1888208 ], [ 29.7269688, 60.188771099999983 ], [ 29.7271988, 60.188601399999989 ], [ 29.727093, 60.188255 ], [ 29.7269362, 60.1879631 ], [ 29.7271961, 60.187734299999988 ], [ 29.7275182, 60.187691 ], [ 29.7277431, 60.1874339 ], [ 29.7276093, 60.1872101 ], [ 29.7276346, 60.1867547 ], [ 29.7274075, 60.186563899999989 ], [ 29.7270445, 60.186263800000013 ], [ 29.7270562, 60.186028599999965 ], [ 29.7266038, 60.1856079 ], [ 29.7265014, 60.1856756 ], [ 29.7263083, 60.1857409 ], [ 29.7260401, 60.1857796 ], [ 29.7258309, 60.18579960000001 ], [ 29.7256538, 60.1857969 ], [ 29.7254473, 60.1858143 ], [ 29.725391, 60.185868899999988 ], [ 29.7252595, 60.1859263 ], [ 29.7247606, 60.186045 ], [ 29.7245219, 60.1860663 ], [ 29.7244334, 60.1860636 ], [ 29.7242886, 60.186067599999966 ], [ 29.7240579, 60.1861303 ], [ 29.723905, 60.186159699999983 ], [ 29.7237548, 60.1861677 ], [ 29.7236797, 60.186147699999985 ], [ 29.723492, 60.186150300000023 ], [ 29.7233015, 60.186214300000017 ], [ 29.722808, 60.186293 ], [ 29.7225156, 60.1863157 ], [ 29.7222984, 60.186310399999989 ], [ 29.7206193, 60.1865131 ], [ 29.720394, 60.1864997 ], [ 29.7201419, 60.1864757 ], [ 29.7184145, 60.1865824 ], [ 29.718157, 60.1865531 ], [ 29.7179639, 60.1865211 ], [ 29.7178513, 60.1863664 ], [ 29.7175991, 60.1864064 ], [ 29.7171968, 60.1865157 ], [ 29.7164029, 60.1866171 ], [ 29.7159952, 60.186593100000024 ], [ 29.7155821, 60.186558399999988 ], [ 29.71533, 60.1864997 ], [ 29.7150779, 60.186441 ], [ 29.7131708, 60.186917099999967 ], [ 29.7115695, 60.1870542 ], [ 29.710266, 60.187141099999984 ], [ 29.7083643, 60.187270499999983 ], [ 29.7079083, 60.1873758 ], [ 29.7077045, 60.1873878 ], [ 29.7076052, 60.187377200000029 ], [ 29.7075382, 60.1873438 ], [ 29.7075355, 60.1872945 ], [ 29.7074845, 60.1872452 ], [ 29.707337, 60.1872065 ], [ 29.7071251, 60.18720110000001 ], [ 29.7059743, 60.18724 ], [ 29.7023986, 60.1874165 ], [ 29.7023717, 60.187259699999984 ], [ 29.701871, 60.18727639999998 ], [ 29.7018783, 60.187348800000017 ], [ 29.7019289, 60.187694 ], [ 29.7018292, 60.1876978 ], [ 29.7002009, 60.1877607 ], [ 29.7001577, 60.1874975 ], [ 29.700124, 60.1872926 ], [ 29.7001171, 60.1872508 ], [ 29.7000969, 60.1871274 ], [ 29.7000834, 60.1870453 ], [ 29.700045, 60.18682050000001 ], [ 29.7013449, 60.186717299999984 ], [ 29.7015166, 60.1867037 ], [ 29.7015837, 60.18668839999998 ], [ 29.7016212, 60.1866691 ], [ 29.702749, 60.186565600000016 ], [ 29.702784, 60.1865704 ], [ 29.7028001, 60.1865824 ], [ 29.702839, 60.18659370000001 ], [ 29.7028792, 60.186595100000019 ], [ 29.702906, 60.1865891 ], [ 29.7029543, 60.18656909999995 ], [ 29.7029543, 60.1865277 ], [ 29.7029355, 60.18648240000001 ], [ 29.7028846, 60.186457 ], [ 29.7027987, 60.186439699999973 ], [ 29.7027075, 60.186437 ], [ 29.7019109, 60.1865144 ], [ 29.7017956, 60.1865131 ], [ 29.7016132, 60.186503700000031 ], [ 29.7014174, 60.186518400000011 ], [ 29.7013128, 60.1865637 ], [ 29.7011733, 60.1866171 ], [ 29.7010794, 60.186650399999962 ], [ 29.7000629, 60.1866997 ], [ 29.6998215, 60.1867451 ], [ 29.6989889, 60.1869902 ], [ 29.6974053, 60.187306499999984 ], [ 29.695862, 60.187539599999987 ], [ 29.6944615, 60.1877759 ], [ 29.6938802, 60.1879085 ], [ 29.6935063, 60.187951 ], [ 29.6932141, 60.1879522 ], [ 29.693006, 60.1880063 ], [ 29.6927592, 60.1880293 ], [ 29.6928748, 60.18811980000001 ], [ 29.6930844, 60.1882303 ], [ 29.6933332, 60.1882597 ], [ 29.6934009, 60.1883114 ], [ 29.6935892, 60.1884564 ], [ 29.6936281, 60.1886022 ], [ 29.6936257, 60.1886426 ], [ 29.6939517, 60.188752599999944 ], [ 29.6940985, 60.18888650000001 ], [ 29.6940709, 60.1889497 ], [ 29.6939327, 60.188988199999983 ], [ 29.6940827, 60.189084800000025 ], [ 29.6941403, 60.1892196 ], [ 29.6940875, 60.189331699999983 ], [ 29.6941593, 60.189518500000013 ], [ 29.6942699, 60.1895213 ], [ 29.694292, 60.1896339 ], [ 29.6944087, 60.1896936 ], [ 29.6945003, 60.189813300000012 ], [ 29.6947839, 60.1899142 ], [ 29.694806, 60.1900378 ], [ 29.6947618, 60.190079 ], [ 29.6945849, 60.190101 ], [ 29.6945076, 60.190153199999983 ], [ 29.6944122, 60.190199 ], [ 29.6943031, 60.1902824 ], [ 29.6942754, 60.1903291 ], [ 29.6943331, 60.1903904 ], [ 29.6943508, 60.190452 ], [ 29.6944003, 60.190541599999982 ], [ 29.6945737, 60.1905874 ], [ 29.6946161, 60.1906524 ], [ 29.6948489, 60.1906594 ], [ 29.6950866, 60.1906154 ], [ 29.6951806, 60.1907775 ], [ 29.6952027, 60.190887399999987 ], [ 29.6952493, 60.191007899999988 ], [ 29.695164, 60.191077 ], [ 29.6950424, 60.191027500000025 ], [ 29.6947771, 60.1911072 ], [ 29.6947743, 60.1911263 ], [ 29.694770620013848, 60.191151075133895 ] ] ] } },
{ "type": "Feature", "properties": { "block_id": "89" }, "geometry": { "type": "Polygon", "coordinates": [ [ [ 29.7103074, 60.2039422 ], [ 29.7087047, 60.2042735 ], [ 29.7075195, 60.204518499999978 ], [ 29.7072277, 60.2045788 ], [ 29.707739, 60.205077 ], [ 29.708461680766426, 60.204957208933529 ], [ 29.711052, 60.2045278 ], [ 29.7103074, 60.2039422 ] ] ] } },
{ "type": "Feature", "properties": { "block_id": "90" }, "geometry": { "type": "Polygon", "coordinates": [ [ [ 29.662893, 60.1998306 ], [ 29.6634147, 60.1997397 ], [ 29.664124, 60.1996029 ], [ 29.6642876, 60.1992858 ], [ 29.6644592, 60.1990326 ], [ 29.6647452, 60.1985974 ], [ 29.6648979, 60.1977244 ], [ 29.664876, 60.1976408 ], [ 29.6647616, 60.1974461 ], [ 29.6641581, 60.1969332 ], [ 29.6640826, 60.196872899999988 ], [ 29.664057, 60.1968525 ], [ 29.6638047, 60.196977899999979 ], [ 29.6635901, 60.1969779 ], [ 29.6636534, 60.197107 ], [ 29.6637188, 60.197223199999989 ], [ 29.6634174, 60.1973416 ], [ 29.6635247, 60.1975549 ], [ 29.6639324, 60.1977255 ], [ 29.6638036, 60.1980348 ], [ 29.6639324, 60.1981734 ], [ 29.6640504, 60.198237400000011 ], [ 29.6639442, 60.1983236 ], [ 29.6639431, 60.1984027 ], [ 29.6638948, 60.1984801 ], [ 29.6639645, 60.1985414 ], [ 29.6638798, 60.198670099999987 ], [ 29.6635311, 60.1987555 ], [ 29.6633702, 60.198816799999982 ], [ 29.6631663, 60.1989874 ], [ 29.6631234, 60.1990487 ], [ 29.6631073, 60.1991767 ], [ 29.6630848, 60.1994345 ], [ 29.6629464, 60.199549899999987 ], [ 29.6627318, 60.199656599999969 ], [ 29.6627578, 60.1997405 ], [ 29.6628036, 60.1998083 ], [ 29.6628176, 60.19984370000001 ], [ 29.662893, 60.1998306 ] ] ] } },
{ "type": "Feature", "properties": { "block_id": "91" }, "geometry": { "type": "Polygon", "coordinates": [ [ [ 29.5743372, 60.249892199999984 ], [ 29.5744903, 60.2499715 ], [ 29.5747569, 60.2501097 ], [ 29.5755653, 60.250603 ], [ 29.5761038, 60.2509364 ], [ 29.5771924, 60.2515431 ], [ 29.5781955, 60.250849399999943 ], [ 29.5785108, 60.250587 ], [ 29.5792302, 60.250156 ], [ 29.5793573, 60.2500762 ], [ 29.5795791, 60.2499347 ], [ 29.5796616, 60.2498834 ], [ 29.5798721, 60.249755 ], [ 29.5806209, 60.249346199999984 ], [ 29.5794479, 60.248948199999987 ], [ 29.5792407, 60.2488982 ], [ 29.5787302, 60.248817799999976 ], [ 29.5784247, 60.24881 ], [ 29.5774402, 60.248720300000016 ], [ 29.5771712, 60.2486189 ], [ 29.5765172, 60.2483724 ], [ 29.576394, 60.248326 ], [ 29.5763226, 60.2482964 ], [ 29.5761867, 60.2484203 ], [ 29.5761014, 60.2485011 ], [ 29.5760192, 60.2485944 ], [ 29.5758958, 60.248773300000011 ], [ 29.5758085, 60.2488799 ], [ 29.5757198, 60.248967199999989 ], [ 29.5756153, 60.249083199999987 ], [ 29.5755426, 60.249141 ], [ 29.5754549, 60.24919830000001 ], [ 29.5753294, 60.249280499999983 ], [ 29.57496, 60.2494995 ], [ 29.5748455, 60.249572 ], [ 29.5746928, 60.2496641 ], [ 29.5745779, 60.249738 ], [ 29.5743372, 60.249892199999984 ] ] ] } },
{ "type": "Feature", "properties": { "block_id": "92" }, "geometry": { "type": "Polygon", "coordinates": [ [ [ 29.5771924, 60.2515431 ], [ 29.5787436, 60.252341299999983 ], [ 29.5808927, 60.2510565 ], [ 29.581785, 60.2506134 ], [ 29.5826143, 60.250134699999983 ], [ 29.5827219, 60.2500584 ], [ 29.5851886, 60.251227 ], [ 29.5865143, 60.251834699999989 ], [ 29.5886102, 60.2507437 ], [ 29.5875665, 60.2503106 ], [ 29.5870152, 60.2500986 ], [ 29.5869452, 60.250075 ], [ 29.58649, 60.24989870000001 ], [ 29.5858001, 60.249536400000018 ], [ 29.584519, 60.248970399999955 ], [ 29.583199, 60.2484168 ], [ 29.5825311, 60.2481322 ], [ 29.5819226, 60.2478538 ], [ 29.5825336, 60.247500299999984 ], [ 29.5829107, 60.2472888 ], [ 29.5832132, 60.247113199999987 ], [ 29.5838716, 60.2468196 ], [ 29.5830842, 60.246736099999985 ], [ 29.5820431, 60.2466206 ], [ 29.5800126, 60.2463954 ], [ 29.5798783, 60.2463805 ], [ 29.5797478, 60.2463328 ], [ 29.5791228, 60.246698299999984 ], [ 29.5787077, 60.2469116 ], [ 29.5786331, 60.2469578 ], [ 29.5784245, 60.2470828 ], [ 29.5782654, 60.247184 ], [ 29.5775206, 60.247594 ], [ 29.5764973, 60.2481729 ], [ 29.5764183, 60.2482204 ], [ 29.5763226, 60.2482964 ], [ 29.576394, 60.248326 ], [ 29.5765172, 60.2483724 ], [ 29.5771712, 60.2486189 ], [ 29.5774402, 60.248720300000016 ], [ 29.5784247, 60.24881 ], [ 29.5787302, 60.248817799999976 ], [ 29.5792407, 60.2488982 ], [ 29.5794479, 60.248948199999987 ], [ 29.5806209, 60.249346199999984 ], [ 29.5798721, 60.249755 ], [ 29.5796616, 60.2498834 ], [ 29.5795791, 60.2499347 ], [ 29.5793573, 60.2500762 ], [ 29.5792302, 60.250156 ], [ 29.5785108, 60.250587 ], [ 29.5781955, 60.250849399999943 ], [ 29.5771924, 60.2515431 ] ] ] } },
{ "type": "Feature", "properties": { "block_id": "93" }, "geometry": { "type": "Polygon", "coordinates": [ [ [ 29.5787436, 60.252341299999983 ], [ 29.5795732, 60.2527963 ], [ 29.5820111, 60.251480199999989 ], [ 29.5808927, 60.2510565 ], [ 29.5787436, 60.252341299999983 ] ] ] } },
{ "type": "Feature", "properties": { "block_id": "94" }, "geometry": { "type": "Polygon", "coordinates": [ [ [ 29.5795732, 60.2527963 ], [ 29.5823939, 60.254243 ], [ 29.58321, 60.2537178 ], [ 29.5825289, 60.2533697 ], [ 29.5823002, 60.25294 ], [ 29.5821905, 60.2528763 ], [ 29.583559, 60.2521071 ], [ 29.5838581, 60.251933599999987 ], [ 29.5826547, 60.251483 ], [ 29.5822584, 60.251363399999967 ], [ 29.5820111, 60.251480199999989 ], [ 29.5795732, 60.2527963 ] ] ] } },
{ "type": "Feature", "properties": { "block_id": "95" }, "geometry": { "type": "Polygon", "coordinates": [ [ [ 29.5827219, 60.2500584 ], [ 29.5826143, 60.250134699999983 ], [ 29.581785, 60.2506134 ], [ 29.5808927, 60.2510565 ], [ 29.5820111, 60.251480199999989 ], [ 29.5822584, 60.251363399999967 ], [ 29.5826547, 60.251483 ], [ 29.5838581, 60.251933599999987 ], [ 29.5851886, 60.251227 ], [ 29.5827219, 60.2500584 ] ] ] } },
{ "type": "Feature", "properties": { "block_id": "96" }, "geometry": { "type": "Polygon", "coordinates": [ [ [ 29.5892894, 60.2573766 ], [ 29.589006, 60.2579274 ], [ 29.5887769, 60.2582798 ], [ 29.5901346, 60.2585453 ], [ 29.5902689, 60.2581817 ], [ 29.5909568, 60.2572747 ], [ 29.5912161, 60.256895299999982 ], [ 29.5912423, 60.2568363 ], [ 29.5902238, 60.2566845 ], [ 29.5896308, 60.2565961 ], [ 29.5895813, 60.2566658 ], [ 29.5892894, 60.2573766 ] ] ] } },
{ "type": "Feature", "properties": { "block_id": "97" }, "geometry": { "type": "Polygon", "coordinates": [ [ [ 29.625756, 60.247674399999987 ], [ 29.6259279, 60.2477087 ], [ 29.627076, 60.2482314 ], [ 29.6281535, 60.24866260000001 ], [ 29.6287136, 60.2489027 ], [ 29.6292236, 60.2491078 ], [ 29.6295585, 60.2492802 ], [ 29.6296063, 60.2493106 ], [ 29.6296397, 60.2493404 ], [ 29.6296555, 60.2493688 ], [ 29.6296632, 60.249403599999958 ], [ 29.6296588, 60.24944390000001 ], [ 29.6296454, 60.249488499999977 ], [ 29.6296138, 60.2495497 ], [ 29.6295893, 60.2495834 ], [ 29.6293942, 60.2498179 ], [ 29.629357, 60.2498743 ], [ 29.6293339, 60.249936399999989 ], [ 29.6293242, 60.2499939 ], [ 29.6293264, 60.2500761 ], [ 29.6293592, 60.25020940000001 ], [ 29.6293987, 60.250373699999962 ], [ 29.6294098, 60.2504197 ], [ 29.6303952, 60.2509081 ], [ 29.6312553, 60.2513163 ], [ 29.6314595, 60.2513819 ], [ 29.6316859, 60.2515117 ], [ 29.6318124, 60.251524700000012 ], [ 29.6320329, 60.251524699999983 ], [ 29.6323562, 60.251482 ], [ 29.6326452, 60.251403 ], [ 29.6330389, 60.2512721 ], [ 29.6334407, 60.25115730000001 ], [ 29.6339242, 60.2511113 ], [ 29.6343562, 60.251068899999986 ], [ 29.6347845, 60.2510906 ], [ 29.635056, 60.2510068 ], [ 29.6353056, 60.250884100000015 ], [ 29.6359956, 60.2506946 ], [ 29.6366357, 60.2504675 ], [ 29.6368353, 60.2503296 ], [ 29.6369424, 60.2502355 ], [ 29.6369533, 60.2501034 ], [ 29.6369523, 60.249720500000016 ], [ 29.6369713, 60.249582 ], [ 29.6337957, 60.2482764 ], [ 29.6335359, 60.2481644 ], [ 29.6334021, 60.2481052 ], [ 29.6332256, 60.2480289 ], [ 29.6330058, 60.247930699999984 ], [ 29.63278, 60.2477994 ], [ 29.6318121, 60.2474358 ], [ 29.6312503, 60.2471935 ], [ 29.6310811, 60.2471157 ], [ 29.6309389, 60.2470396 ], [ 29.6307837, 60.2469493 ], [ 29.6303352, 60.246719399999989 ], [ 29.6298802, 60.2465026 ], [ 29.6294253, 60.2463111 ], [ 29.6290701, 60.2461588 ], [ 29.6288164, 60.2460508 ], [ 29.6285987, 60.2459235 ], [ 29.628434, 60.2459038 ], [ 29.628336, 60.245990799999973 ], [ 29.6282281, 60.246111 ], [ 29.6281589, 60.2461975 ], [ 29.6280983, 60.2463006 ], [ 29.6280471, 60.2464059 ], [ 29.6278612, 60.2467507 ], [ 29.6278085, 60.2468395 ], [ 29.6277296, 60.2469383 ], [ 29.627665, 60.2470052 ], [ 29.6275548, 60.2470704 ], [ 29.6274955, 60.247106799999983 ], [ 29.6273311, 60.2471976 ], [ 29.6271386, 60.2472731 ], [ 29.626925, 60.2473449 ], [ 29.6264516, 60.24747090000001 ], [ 29.6261016, 60.2475667 ], [ 29.6259234, 60.247622200000016 ], [ 29.625756, 60.247674399999987 ] ] ] } },
{ "type": "Feature", "properties": { "block_id": "98" }, "geometry": { "type": "Polygon", "coordinates": [ [ [ 29.6287136, 60.2489027 ], [ 29.6281535, 60.24866260000001 ], [ 29.627076, 60.2482314 ], [ 29.6259279, 60.2477087 ], [ 29.625756, 60.247674399999987 ], [ 29.6254546, 60.2477708 ], [ 29.6252564, 60.247834899999987 ], [ 29.6249806, 60.247924099999985 ], [ 29.6251006, 60.247937399999984 ], [ 29.6250527, 60.247974499999984 ], [ 29.6255166, 60.248178199999984 ], [ 29.6264989, 60.2485641 ], [ 29.6278312, 60.2490974 ], [ 29.6281892, 60.2492406 ], [ 29.6287136, 60.2489027 ] ] ] } },
{ "type": "Feature", "properties": { "block_id": "99" }, "geometry": { "type": "Polygon", "coordinates": [ [ [ 29.6295893, 60.2495834 ], [ 29.6296138, 60.2495497 ], [ 29.6296454, 60.249488499999977 ], [ 29.6296588, 60.24944390000001 ], [ 29.6296632, 60.249403599999958 ], [ 29.6296555, 60.2493688 ], [ 29.6296397, 60.2493404 ], [ 29.6296063, 60.2493106 ], [ 29.6295585, 60.2492802 ], [ 29.6292236, 60.2491078 ], [ 29.6287136, 60.2489027 ], [ 29.6281892, 60.2492406 ], [ 29.628424, 60.2493147 ], [ 29.6288073, 60.249412899999989 ], [ 29.6290997, 60.249518100000017 ], [ 29.6295893, 60.2495834 ] ] ] } },
{ "type": "Feature", "properties": { "block_id": "100" }, "geometry": { "type": "Polygon", "coordinates": [ [ [ 29.6293987, 60.250373699999962 ], [ 29.6293592, 60.25020940000001 ], [ 29.6293264, 60.2500761 ], [ 29.6293242, 60.2499939 ], [ 29.6293339, 60.249936399999989 ], [ 29.629357, 60.2498743 ], [ 29.6293942, 60.2498179 ], [ 29.6295893, 60.2495834 ], [ 29.6290997, 60.249518100000017 ], [ 29.6288073, 60.249412899999989 ], [ 29.628424, 60.2493147 ], [ 29.6281892, 60.2492406 ], [ 29.627144, 60.249904300000011 ], [ 29.6273309, 60.2499627 ], [ 29.6280317, 60.250162 ], [ 29.6288555, 60.2503247 ], [ 29.6290953, 60.2503524 ], [ 29.6293987, 60.250373699999962 ] ] ] } },
{ "type": "Feature", "properties": { "block_id": "101" }, "geometry": { "type": "Polygon", "coordinates": [ [ [ 29.6294098, 60.2504197 ], [ 29.6293987, 60.250373699999962 ], [ 29.6290953, 60.2503524 ], [ 29.6288555, 60.2503247 ], [ 29.6280317, 60.250162 ], [ 29.6273309, 60.2499627 ], [ 29.627144, 60.249904300000011 ], [ 29.6260598, 60.250544 ], [ 29.6275511, 60.2511727 ], [ 29.6286786, 60.2515461 ], [ 29.6291477, 60.2517109 ], [ 29.62946, 60.2518016 ], [ 29.6298156, 60.2518919 ], [ 29.6295734, 60.251225 ], [ 29.6295034, 60.2509412 ], [ 29.6294098, 60.2504197 ] ] ] } },
{ "type": "Feature", "properties": { "block_id": "102" }, "geometry": { "type": "Polygon", "coordinates": [ [ [ 29.6215515, 60.2476145 ], [ 29.6233936, 60.2483987 ], [ 29.6235403, 60.2483507 ], [ 29.6248929, 60.247952 ], [ 29.6249806, 60.247924099999985 ], [ 29.6249508, 60.247881400000018 ], [ 29.624911, 60.247854399999987 ], [ 29.6247361, 60.2477748 ], [ 29.6241304, 60.247531799999983 ], [ 29.6237617, 60.247393699999989 ], [ 29.6231815, 60.2472083 ], [ 29.6226679, 60.2470014 ], [ 29.6215515, 60.2476145 ] ] ] } },
{ "type": "Feature", "properties": { "block_id": "103" }, "geometry": { "type": "Polygon", "coordinates": [ [ [ 29.6233936, 60.2483987 ], [ 29.6215515, 60.2476145 ], [ 29.620293869472377, 60.248408243289973 ], [ 29.6202529, 60.248434099999983 ], [ 29.6223003, 60.24911310000001 ], [ 29.6224083, 60.249154399999988 ], [ 29.622468, 60.2490374 ], [ 29.6225423, 60.2489092 ], [ 29.6226055, 60.248837500000015 ], [ 29.6226767, 60.248769 ], [ 29.6227911, 60.2486837 ], [ 29.6229434, 60.2485919 ], [ 29.6231316, 60.2484888 ], [ 29.6233936, 60.2483987 ] ] ] } },
{ "type": "Feature", "properties": { "block_id": "104" }, "geometry": { "type": "Polygon", "coordinates": [ [ [ 29.6233936, 60.2483987 ], [ 29.6235245, 60.2484064 ], [ 29.6269969, 60.249858400000036 ], [ 29.627144, 60.249904300000011 ], [ 29.6281892, 60.2492406 ], [ 29.6278312, 60.2490974 ], [ 29.6264989, 60.2485641 ], [ 29.6255166, 60.248178199999984 ], [ 29.6250527, 60.247974499999984 ], [ 29.6251006, 60.247937399999984 ], [ 29.6249806, 60.247924099999985 ], [ 29.6248929, 60.247952 ], [ 29.6235403, 60.2483507 ], [ 29.6233936, 60.2483987 ] ] ] } },
{ "type": "Feature", "properties": { "block_id": "105" }, "geometry": { "type": "Polygon", "coordinates": [ [ [ 29.627144, 60.249904300000011 ], [ 29.6269969, 60.249858400000036 ], [ 29.6235245, 60.2484064 ], [ 29.6233936, 60.2483987 ], [ 29.6231316, 60.2484888 ], [ 29.6229434, 60.2485919 ], [ 29.6227911, 60.2486837 ], [ 29.6226767, 60.248769 ], [ 29.6226055, 60.248837500000015 ], [ 29.6225423, 60.2489092 ], [ 29.622468, 60.2490374 ], [ 29.6224083, 60.249154399999988 ], [ 29.6225526, 60.2491598 ], [ 29.6260598, 60.250544 ], [ 29.627144, 60.249904300000011 ] ] ] } },
{ "type": "Feature", "properties": { "block_id": "106" }, "geometry": { "type": "Polygon", "coordinates": [ [ [ 29.6148049, 60.2538348 ], [ 29.6140333, 60.2532799 ], [ 29.6134141, 60.252836 ], [ 29.6129182, 60.2525433 ], [ 29.6123942, 60.2528368 ], [ 29.6120259, 60.2530851 ], [ 29.6119805, 60.2531146 ], [ 29.6119785, 60.253183 ], [ 29.6130078, 60.2541326 ], [ 29.6130579, 60.2541788 ], [ 29.6136038, 60.2540918 ], [ 29.6138171, 60.2540611 ], [ 29.6141294, 60.2540135 ], [ 29.6145102, 60.253920900000018 ], [ 29.6148049, 60.2538348 ] ] ] } },
{ "type": "Feature", "properties": { "block_id": "107" }, "geometry": { "type": "Polygon", "coordinates": [ [ [ 29.6129182, 60.2525433 ], [ 29.6134141, 60.252836 ], [ 29.6140333, 60.2532799 ], [ 29.6148049, 60.2538348 ], [ 29.6150348, 60.2537551 ], [ 29.6153222, 60.2536303 ], [ 29.615585, 60.2535057 ], [ 29.6157892, 60.253400399999983 ], [ 29.6161459, 60.2531949 ], [ 29.6136085, 60.252148 ], [ 29.6129182, 60.2525433 ] ] ] } },
{ "type": "Feature", "properties": { "block_id": "108" }, "geometry": { "type": "Polygon", "coordinates": [ [ [ 29.6136085, 60.252148 ], [ 29.6161459, 60.2531949 ], [ 29.6164637, 60.2530048 ], [ 29.6172445, 60.2525624 ], [ 29.6160105, 60.2520255 ], [ 29.614708, 60.2515273 ], [ 29.6139794, 60.2519092 ], [ 29.6136085, 60.252148 ] ] ] } },
{ "type": "Feature", "properties": { "block_id": "109" }, "geometry": { "type": "Polygon", "coordinates": [ [ [ 29.6103422, 60.251337599999985 ], [ 29.6107624, 60.2517705 ], [ 29.6110254, 60.252088600000015 ], [ 29.6111503, 60.252203899999984 ], [ 29.6115909, 60.2519706 ], [ 29.6134222, 60.2508798 ], [ 29.6122495, 60.2503261 ], [ 29.6114348, 60.2508015 ], [ 29.6107827, 60.2511436 ], [ 29.6103422, 60.251337599999985 ] ] ] } },
{ "type": "Feature", "properties": { "block_id": "110" }, "geometry": { "type": "Polygon", "coordinates": [ [ [ 29.6110254, 60.252088600000015 ], [ 29.6107624, 60.2517705 ], [ 29.6103422, 60.251337599999985 ], [ 29.6107827, 60.2511436 ], [ 29.6114348, 60.2508015 ], [ 29.6122495, 60.2503261 ], [ 29.611145, 60.2498904 ], [ 29.6105706, 60.2496207 ], [ 29.6100265, 60.249310399999978 ], [ 29.6090857, 60.2494295 ], [ 29.6077962, 60.2497215 ], [ 29.6075616, 60.2498867 ], [ 29.6072256, 60.2501232 ], [ 29.6073752, 60.250660299999986 ], [ 29.6074498, 60.250850399999983 ], [ 29.6074892, 60.2512719 ], [ 29.6076782, 60.2521964 ], [ 29.6095217, 60.2521323 ], [ 29.6110254, 60.252088600000015 ] ] ] } },
{ "type": "Feature", "properties": { "block_id": "111" }, "geometry": { "type": "Polygon", "coordinates": [ [ [ 29.6111503, 60.252203899999984 ], [ 29.6110254, 60.252088600000015 ], [ 29.6095217, 60.2521323 ], [ 29.6097557, 60.2535436 ], [ 29.6101878, 60.253508399999987 ], [ 29.6105938, 60.253461699999974 ], [ 29.6111311, 60.25339670000001 ], [ 29.611316, 60.2533786 ], [ 29.611787, 60.253250499999986 ], [ 29.6119785, 60.253183 ], [ 29.6119805, 60.2531146 ], [ 29.6111503, 60.252203899999984 ] ] ] } },
{ "type": "Feature", "properties": { "block_id": "112" }, "geometry": { "type": "Polygon", "coordinates": [ [ [ 29.6111503, 60.252203899999984 ], [ 29.6119805, 60.2531146 ], [ 29.6120259, 60.2530851 ], [ 29.6123942, 60.2528368 ], [ 29.6129182, 60.2525433 ], [ 29.6136085, 60.252148 ], [ 29.6139794, 60.2519092 ], [ 29.614708, 60.2515273 ], [ 29.6134222, 60.2508798 ], [ 29.6115909, 60.2519706 ], [ 29.6111503, 60.252203899999984 ] ] ] } },
{ "type": "Feature", "properties": { "block_id": "113" }, "geometry": { "type": "Polygon", "coordinates": [ [ [ 29.6181398, 60.2571086 ], [ 29.6182388, 60.2570424 ], [ 29.6186273, 60.2567738 ], [ 29.6189448, 60.2566026 ], [ 29.6194414, 60.2565252 ], [ 29.6198662, 60.2563819 ], [ 29.6206553, 60.2555889 ], [ 29.6203312, 60.255573799999979 ], [ 29.6201386, 60.255527 ], [ 29.6199812, 60.255453799999984 ], [ 29.6196725, 60.255279099999989 ], [ 29.6194413, 60.2552557 ], [ 29.6185889, 60.2554286 ], [ 29.6172977, 60.25571080000001 ], [ 29.6166076, 60.255838200000021 ], [ 29.6162367, 60.255888400000011 ], [ 29.6154233, 60.255959399999988 ], [ 29.6151112, 60.2560823 ], [ 29.615027, 60.2561283 ], [ 29.6153972, 60.2562439 ], [ 29.6157226, 60.256405799999982 ], [ 29.6162582, 60.2566566 ], [ 29.6165291, 60.256765200000018 ], [ 29.6166985, 60.2568144 ], [ 29.6170496, 60.256897100000025 ], [ 29.6172856, 60.2569511 ], [ 29.6181398, 60.2571086 ] ] ] } },
{ "type": "Feature", "properties": { "block_id": "114" }, "geometry": { "type": "Polygon", "coordinates": [ [ [ 29.6198662, 60.2563819 ], [ 29.6194414, 60.2565252 ], [ 29.6189448, 60.2566026 ], [ 29.6186273, 60.2567738 ], [ 29.6182388, 60.2570424 ], [ 29.6181398, 60.2571086 ], [ 29.6195584, 60.25739 ], [ 29.6198863, 60.2574591 ], [ 29.6203913, 60.2575666 ], [ 29.6211649, 60.2578494 ], [ 29.6212696, 60.2577822 ], [ 29.6213246, 60.2577521 ], [ 29.6218024, 60.2574596 ], [ 29.6225263, 60.2570136 ], [ 29.6225721, 60.2569574 ], [ 29.6225662, 60.2568222 ], [ 29.6224165, 60.2567227 ], [ 29.622256, 60.2566352 ], [ 29.6218425, 60.2565654 ], [ 29.6209035, 60.256477100000019 ], [ 29.6198662, 60.2563819 ] ] ] } },
{ "type": "Feature", "properties": { "block_id": "115" }, "geometry": { "type": "Polygon", "coordinates": [ [ [ 29.6206553, 60.2555889 ], [ 29.6198662, 60.2563819 ], [ 29.6209035, 60.256477100000019 ], [ 29.6218425, 60.2565654 ], [ 29.622256, 60.2566352 ], [ 29.6224165, 60.2567227 ], [ 29.6225662, 60.2568222 ], [ 29.6225721, 60.2569574 ], [ 29.6225263, 60.2570136 ], [ 29.6218024, 60.2574596 ], [ 29.6213246, 60.2577521 ], [ 29.6212696, 60.2577822 ], [ 29.6211649, 60.2578494 ], [ 29.622891, 60.2584803 ], [ 29.6240531, 60.2589324 ], [ 29.6249223, 60.259219399999985 ], [ 29.6251594, 60.2592906 ], [ 29.6261006, 60.2595906 ], [ 29.6261374, 60.2595725 ], [ 29.626243, 60.2594791 ], [ 29.627313, 60.2594243 ], [ 29.6274594, 60.25942 ], [ 29.6275027, 60.2594178 ], [ 29.6273026, 60.259234099999986 ], [ 29.6271985, 60.2591148 ], [ 29.6271787, 60.259060499999983 ], [ 29.6270397, 60.258678299999985 ], [ 29.626999, 60.258559599999984 ], [ 29.6257707, 60.257410799999988 ], [ 29.6245155, 60.256784 ], [ 29.6241256, 60.256564899999987 ], [ 29.623475, 60.2560841 ], [ 29.6229809, 60.255810200000013 ], [ 29.6217407, 60.2549142 ], [ 29.6208678, 60.2554323 ], [ 29.6206553, 60.2555889 ] ] ] } },
{ "type": "Feature", "properties": { "block_id": "116" }, "geometry": { "type": "Polygon", "coordinates": [ [ [ 29.6206553, 60.2555889 ], [ 29.6208678, 60.2554323 ], [ 29.6217407, 60.2549142 ], [ 29.6209606, 60.2543878 ], [ 29.6199806, 60.253545699999989 ], [ 29.6181466, 60.252131199999965 ], [ 29.6180377, 60.252123499999954 ], [ 29.6177502, 60.2522775 ], [ 29.6172445, 60.2525624 ], [ 29.6164637, 60.2530048 ], [ 29.6165502, 60.2530317 ], [ 29.6175275, 60.2537149 ], [ 29.6178597, 60.2538202 ], [ 29.6184032, 60.253876499999954 ], [ 29.6185405, 60.2539575 ], [ 29.6188324, 60.2541959 ], [ 29.6188495, 60.2542257 ], [ 29.6190898, 60.2544003 ], [ 29.6193731, 60.254604699999987 ], [ 29.6194965, 60.2547792 ], [ 29.6196048, 60.254945399999954 ], [ 29.6196735, 60.2551285 ], [ 29.6196725, 60.255279099999989 ], [ 29.6199812, 60.255453799999984 ], [ 29.6201386, 60.255527 ], [ 29.6203312, 60.255573799999979 ], [ 29.6206553, 60.2555889 ] ] ] } },
{ "type": "Feature", "properties": { "block_id": "117" }, "geometry": { "type": "Polygon", "coordinates": [ [ [ 29.6217407, 60.2549142 ], [ 29.6238657, 60.2545928 ], [ 29.6249431, 60.2544634 ], [ 29.6250725, 60.2544438 ], [ 29.6256561, 60.2543203 ], [ 29.6257935, 60.254247899999989 ], [ 29.6259222, 60.253992400000016 ], [ 29.6260681, 60.2538519 ], [ 29.6268717, 60.253510299999988 ], [ 29.6270578, 60.253341900000017 ], [ 29.6275114, 60.2529512 ], [ 29.6280971, 60.2523943 ], [ 29.626589, 60.251880599999986 ], [ 29.6247839, 60.2512931 ], [ 29.6235893, 60.252107099999961 ], [ 29.6218117, 60.252879399999983 ], [ 29.6208742, 60.2532419 ], [ 29.6199806, 60.253545699999989 ], [ 29.6209606, 60.2543878 ], [ 29.6217407, 60.2549142 ] ] ] } },
{ "type": "Feature", "properties": { "block_id": "118" }, "geometry": { "type": "Polygon", "coordinates": [ [ [ 29.6250725, 60.2544438 ], [ 29.6249431, 60.2544634 ], [ 29.6238657, 60.2545928 ], [ 29.6217407, 60.2549142 ], [ 29.6229809, 60.255810200000013 ], [ 29.625007, 60.2555951 ], [ 29.6253416, 60.255549200000011 ], [ 29.6259796, 60.255462 ], [ 29.6270551, 60.255360599999989 ], [ 29.6287522, 60.2551961 ], [ 29.6287691, 60.25512190000002 ], [ 29.628818, 60.254907500000023 ], [ 29.6288361, 60.2546425 ], [ 29.6288471, 60.2544586 ], [ 29.6289225, 60.254282 ], [ 29.6286411, 60.254288299999985 ], [ 29.6283477, 60.2543265 ], [ 29.6277195, 60.254345 ], [ 29.6267942, 60.2543763 ], [ 29.6264711, 60.2543891 ], [ 29.6264265, 60.2543899 ], [ 29.6258055, 60.254401099999988 ], [ 29.6250725, 60.2544438 ] ] ] } },
{ "type": "Feature", "properties": { "block_id": "119" }, "geometry": { "type": "Polygon", "coordinates": [ [ [ 29.6280971, 60.2523943 ], [ 29.6275114, 60.2529512 ], [ 29.6270578, 60.253341900000017 ], [ 29.6268717, 60.253510299999988 ], [ 29.6260681, 60.2538519 ], [ 29.6259222, 60.253992400000016 ], [ 29.6257935, 60.254247899999989 ], [ 29.6256561, 60.2543203 ], [ 29.6250725, 60.2544438 ], [ 29.6258055, 60.254401099999988 ], [ 29.6264265, 60.2543899 ], [ 29.6264711, 60.2543891 ], [ 29.6267942, 60.2543763 ], [ 29.6277195, 60.254345 ], [ 29.6283477, 60.2543265 ], [ 29.6286411, 60.254288299999985 ], [ 29.6289225, 60.254282 ], [ 29.629052, 60.254055 ], [ 29.6295485, 60.2534155 ], [ 29.6298411, 60.2529257 ], [ 29.6280971, 60.2523943 ] ] ] } },
{ "type": "Feature", "properties": { "block_id": "120" }, "geometry": { "type": "Polygon", "coordinates": [ [ [ 29.6172977, 60.25571080000001 ], [ 29.6185889, 60.2554286 ], [ 29.6194413, 60.2552557 ], [ 29.6196725, 60.255279099999989 ], [ 29.6196735, 60.2551285 ], [ 29.6196048, 60.254945399999954 ], [ 29.6194965, 60.2547792 ], [ 29.6193731, 60.254604699999987 ], [ 29.6190898, 60.2544003 ], [ 29.6188495, 60.2542257 ], [ 29.6188324, 60.2541959 ], [ 29.6185405, 60.2539575 ], [ 29.6184032, 60.253876499999954 ], [ 29.6178597, 60.2538202 ], [ 29.6175275, 60.2537149 ], [ 29.6165502, 60.2530317 ], [ 29.6164637, 60.2530048 ], [ 29.6161459, 60.2531949 ], [ 29.6157892, 60.253400399999983 ], [ 29.615585, 60.2535057 ], [ 29.6156531, 60.2535314 ], [ 29.6160927, 60.2537787 ], [ 29.6163752, 60.2539882 ], [ 29.6166471, 60.2542952 ], [ 29.6167627, 60.2545339 ], [ 29.6168692, 60.2548036 ], [ 29.6170515, 60.255317699999985 ], [ 29.6172977, 60.25571080000001 ] ] ] } },
{ "type": "Feature", "properties": { "block_id": "121" }, "geometry": { "type": "Polygon", "coordinates": [ [ [ 29.601405, 60.2466374 ], [ 29.6011982, 60.246503400000023 ], [ 29.6009456, 60.2463421 ], [ 29.6005009, 60.2461229 ], [ 29.6001238, 60.24589610000001 ], [ 29.5998395, 60.245733799999989 ], [ 29.5995954, 60.245620799999983 ], [ 29.5992464, 60.245498799999986 ], [ 29.5987129, 60.245661 ], [ 29.5976103, 60.2457271 ], [ 29.5976274, 60.2466285 ], [ 29.5993386, 60.2466074 ], [ 29.6002615, 60.2466155 ], [ 29.6009149, 60.2466255 ], [ 29.601405, 60.2466374 ] ] ] } },
{ "type": "Feature", "properties": { "block_id": "122" }, "geometry": { "type": "Polygon", "coordinates": [ [ [ 29.5995954, 60.245620799999983 ], [ 29.5997123, 60.245287500000011 ], [ 29.599818500809992, 60.244915706646111 ], [ 29.5997281, 60.244886 ], [ 29.5986509, 60.2445318 ], [ 29.5958963, 60.243605 ], [ 29.5958611, 60.243513499999956 ], [ 29.5944468, 60.242962 ], [ 29.594426109965521, 60.242954492378672 ], [ 29.5937615, 60.243550899999988 ], [ 29.5949468, 60.244000699999965 ], [ 29.5953258, 60.244150499999989 ], [ 29.5968873, 60.2446428 ], [ 29.597577, 60.2448373 ], [ 29.5981821, 60.245017499999989 ], [ 29.5988344, 60.245307099999984 ], [ 29.5992464, 60.245498799999986 ], [ 29.5995954, 60.245620799999983 ] ] ] } },
{ "type": "Feature", "properties": { "block_id": "123" }, "geometry": { "type": "Polygon", "coordinates": [ [ [ 29.599818500809992, 60.244915706646111 ], [ 29.5998291, 60.2448786 ], [ 29.5997827, 60.2444804 ], [ 29.5997995, 60.2439559 ], [ 29.5995133, 60.243268199999982 ], [ 29.5993237, 60.242887399999987 ], [ 29.5989743, 60.24228380000001 ], [ 29.5981546, 60.242430499999983 ], [ 29.5972471, 60.2418911 ], [ 29.5955532, 60.241136300000029 ], [ 29.5944892, 60.240661 ], [ 29.5943765, 60.2407192 ], [ 29.59405, 60.2409087 ], [ 29.5930506, 60.241489 ], [ 29.5930883, 60.2415133 ], [ 29.593764, 60.241755399999988 ], [ 29.5951445, 60.2423748 ], [ 29.594835, 60.2426401 ], [ 29.5944862, 60.242905799999988 ], [ 29.5944602, 60.2429239 ], [ 29.594426109965521, 60.242954492378672 ], [ 29.5944468, 60.242962 ], [ 29.5958611, 60.243513499999956 ], [ 29.5958963, 60.243605 ], [ 29.5986509, 60.2445318 ], [ 29.5997281, 60.244886 ], [ 29.599818500809992, 60.244915706646111 ] ] ] } },
{ "type": "Feature", "properties": { "block_id": "124" }, "geometry": { "type": "Polygon", "coordinates": [ [ [ 29.5989743, 60.24228380000001 ], [ 29.5993237, 60.242887399999987 ], [ 29.5995133, 60.243268199999982 ], [ 29.6004244, 60.243185199999985 ], [ 29.599758, 60.2416737 ], [ 29.5993954, 60.2409204 ], [ 29.5979334, 60.240932 ], [ 29.5979586, 60.241120899999984 ], [ 29.5980682, 60.241166899999989 ], [ 29.5982177, 60.2412456 ], [ 29.5984054, 60.2413657 ], [ 29.598528, 60.241476799999958 ], [ 29.5989743, 60.24228380000001 ] ] ] } },
{ "type": "Feature", "properties": { "block_id": "125" }, "geometry": { "type": "Polygon", "coordinates": [ [ [ 29.5989743, 60.24228380000001 ], [ 29.598528, 60.241476799999958 ], [ 29.5984054, 60.2413657 ], [ 29.5982177, 60.2412456 ], [ 29.5980682, 60.241166899999989 ], [ 29.5979586, 60.241120899999984 ], [ 29.5977526, 60.2413712 ], [ 29.5975711, 60.2415548 ], [ 29.5972471, 60.2418911 ], [ 29.5981546, 60.242430499999983 ], [ 29.5989743, 60.24228380000001 ] ] ] } },
{ "type": "Feature", "properties": { "block_id": "126" }, "geometry": { "type": "Polygon", "coordinates": [ [ [ 29.5979586, 60.241120899999984 ], [ 29.5979334, 60.240932 ], [ 29.5978681, 60.2408575 ], [ 29.5978623, 60.2407007 ], [ 29.5979209, 60.2405448 ], [ 29.5980342, 60.2403702 ], [ 29.5982101, 60.2402241 ], [ 29.5973852, 60.2397859 ], [ 29.596538, 60.2394543 ], [ 29.5954462, 60.2401315 ], [ 29.5944892, 60.240661 ], [ 29.5955532, 60.241136300000029 ], [ 29.5972471, 60.2418911 ], [ 29.5975711, 60.2415548 ], [ 29.5977526, 60.2413712 ], [ 29.5979586, 60.241120899999984 ] ] ] } },
{ "type": "Feature", "properties": { "block_id": "127" }, "geometry": { "type": "Polygon", "coordinates": [ [ [ 29.5982101, 60.2402241 ], [ 29.5980342, 60.2403702 ], [ 29.5979209, 60.2405448 ], [ 29.5978623, 60.2407007 ], [ 29.5978681, 60.2408575 ], [ 29.5979334, 60.240932 ], [ 29.5993954, 60.2409204 ], [ 29.599758, 60.2416737 ], [ 29.6010353, 60.2415645 ], [ 29.6022928, 60.2414234 ], [ 29.6035106, 60.2413116 ], [ 29.6047315, 60.2411835 ], [ 29.6058757, 60.2410448 ], [ 29.6072421, 60.2409035 ], [ 29.607644, 60.2418267 ], [ 29.6078748, 60.2424053 ], [ 29.6094374, 60.2422586 ], [ 29.6096014, 60.2422442 ], [ 29.6096599, 60.2422982 ], [ 29.610122, 60.2423551 ], [ 29.6104862, 60.24232640000001 ], [ 29.610797, 60.2423631 ], [ 29.6109945, 60.242448799999984 ], [ 29.6111085, 60.2425143 ], [ 29.6111532, 60.2425415 ], [ 29.611894, 60.2430217 ], [ 29.6122703, 60.2432786 ], [ 29.6127575, 60.2434851 ], [ 29.6136912, 60.2439319 ], [ 29.6146831, 60.2433864 ], [ 29.6171914, 60.2420012 ], [ 29.6173255, 60.2419751 ], [ 29.6169956, 60.2414816 ], [ 29.6169769, 60.2411952 ], [ 29.6166455, 60.2405363 ], [ 29.615725, 60.24069380000001 ], [ 29.6160195, 60.2414296 ], [ 29.615865, 60.24149419999997 ], [ 29.613306433391493, 60.241924688337342 ], [ 29.6131794, 60.2416667 ], [ 29.6128917, 60.2411454 ], [ 29.6127396, 60.240828 ], [ 29.612439, 60.2402358 ], [ 29.6122814, 60.2398892 ], [ 29.6121705, 60.2396568 ], [ 29.6119085, 60.2395553 ], [ 29.6113981, 60.2393638 ], [ 29.6109307, 60.239203700000019 ], [ 29.6100969, 60.2389008 ], [ 29.6094096, 60.238657900000021 ], [ 29.6085592, 60.2383304 ], [ 29.6079764, 60.2380802 ], [ 29.6075348, 60.2378855 ], [ 29.6072525, 60.2377045 ], [ 29.606761566352557, 60.237419047549935 ], [ 29.6022198, 60.2349437 ], [ 29.5994384, 60.2365634 ], [ 29.600278, 60.236918 ], [ 29.6005772, 60.2371088 ], [ 29.6008137, 60.2373562 ], [ 29.6010184, 60.2376549 ], [ 29.6010431, 60.237851500000012 ], [ 29.6007182, 60.2384668 ], [ 29.6003905, 60.2388636 ], [ 29.5999938, 60.2390057 ], [ 29.5996277, 60.2391825 ], [ 29.5994141, 60.2393793 ], [ 29.5991343, 60.2396882 ], [ 29.5988862, 60.23983530000001 ], [ 29.5986249, 60.2400012 ], [ 29.5984095, 60.2401068 ], [ 29.5982101, 60.2402241 ] ] ] } },
{ "type": "Feature", "properties": { "block_id": "128" }, "geometry": { "type": "Polygon", "coordinates": [ [ [ 29.5982101, 60.2402241 ], [ 29.5984095, 60.2401068 ], [ 29.5986249, 60.2400012 ], [ 29.5988862, 60.23983530000001 ], [ 29.5991343, 60.2396882 ], [ 29.5994141, 60.2393793 ], [ 29.5978792, 60.238649399999986 ], [ 29.596538, 60.2394543 ], [ 29.5973852, 60.2397859 ], [ 29.5982101, 60.2402241 ] ] ] } },
{ "type": "Feature", "properties": { "block_id": "129" }, "geometry": { "type": "Polygon", "coordinates": [ [ [ 29.6151021, 60.247603499999983 ], [ 29.6167902, 60.2484144 ], [ 29.6170209, 60.248439 ], [ 29.6175884, 60.2484996 ], [ 29.6180176, 60.248687 ], [ 29.6189266, 60.2491424 ], [ 29.6202529, 60.248434099999983 ], [ 29.620293869472377, 60.248408243289973 ], [ 29.6215515, 60.2476145 ], [ 29.6226679, 60.2470014 ], [ 29.6237387, 60.24636730000001 ], [ 29.6244118, 60.2460545 ], [ 29.6248528, 60.2456826 ], [ 29.6253996, 60.2458803 ], [ 29.6257939, 60.2460186 ], [ 29.6278612, 60.2467507 ], [ 29.6280471, 60.2464059 ], [ 29.6280983, 60.2463006 ], [ 29.6281589, 60.2461975 ], [ 29.6282281, 60.246111 ], [ 29.628336, 60.245990799999973 ], [ 29.628434, 60.2459038 ], [ 29.6285177, 60.2458301 ], [ 29.6286064, 60.245752 ], [ 29.628784, 60.2455998 ], [ 29.628903, 60.2454978 ], [ 29.6290129, 60.24540360000001 ], [ 29.6291488, 60.2452325 ], [ 29.6293254, 60.245079100000012 ], [ 29.6294878, 60.2449558 ], [ 29.6296946, 60.244815 ], [ 29.6298915, 60.244702 ], [ 29.6301386, 60.2445858 ], [ 29.6304531, 60.2444578 ], [ 29.630037, 60.2443357 ], [ 29.629583, 60.244082199999987 ], [ 29.6283946, 60.243395799999988 ], [ 29.6280191, 60.24285 ], [ 29.6273401, 60.2422715 ], [ 29.6269512, 60.242145 ], [ 29.6267222, 60.241747599999989 ], [ 29.6264453, 60.2416297 ], [ 29.6261967, 60.2416334 ], [ 29.6252509, 60.2416804 ], [ 29.6250178, 60.241723 ], [ 29.6241836, 60.241864299999989 ], [ 29.6232439, 60.2418975 ], [ 29.621624, 60.2418253 ], [ 29.6215018, 60.241764699999983 ], [ 29.6214599, 60.2419481 ], [ 29.6213654, 60.242386 ], [ 29.6211939, 60.2429493 ], [ 29.6208161, 60.2432236 ], [ 29.620344, 60.243480499999976 ], [ 29.619577, 60.243801 ], [ 29.6194954, 60.243838199999985 ], [ 29.6205488, 60.244369499999955 ], [ 29.6211948, 60.24487 ], [ 29.6211536, 60.244897900000012 ], [ 29.6199358, 60.24542610000001 ], [ 29.6184297, 60.244323 ], [ 29.616649, 60.2457004 ], [ 29.6162941, 60.2466535 ], [ 29.6161868, 60.2468169 ], [ 29.6160681, 60.2470011 ], [ 29.6159508, 60.247115200000032 ], [ 29.6151021, 60.247603499999983 ] ] ] } },
{ "type": "Feature", "properties": { "block_id": "130" }, "geometry": { "type": "Polygon", "coordinates": [ [ [ 29.6189266, 60.2491424 ], [ 29.6180176, 60.248687 ], [ 29.6175884, 60.2484996 ], [ 29.6170209, 60.248439 ], [ 29.6167902, 60.2484144 ], [ 29.6151021, 60.247603499999983 ], [ 29.6140547, 60.248003499999989 ], [ 29.6140201, 60.2480168 ], [ 29.6132956, 60.248274599999988 ], [ 29.6131295, 60.2483147 ], [ 29.6130537, 60.2483329 ], [ 29.6128939, 60.248380499999953 ], [ 29.6117478, 60.2487214 ], [ 29.6135334, 60.2495648 ], [ 29.6143139, 60.249933399999989 ], [ 29.6160066, 60.2506909 ], [ 29.616252, 60.2505587 ], [ 29.6163904, 60.2504841 ], [ 29.6174373, 60.249919700000014 ], [ 29.6189266, 60.2491424 ] ] ] } },
{ "type": "Feature", "properties": { "block_id": "131" }, "geometry": { "type": "Polygon", "coordinates": [ [ [ 29.6189266, 60.2491424 ], [ 29.6216751, 60.25009969999995 ], [ 29.6220255, 60.249827 ], [ 29.6221389, 60.2497066 ], [ 29.6222413, 60.24958 ], [ 29.6223005, 60.249450299999985 ], [ 29.6224083, 60.249154399999988 ], [ 29.6223003, 60.24911310000001 ], [ 29.6202529, 60.248434099999983 ], [ 29.6189266, 60.2491424 ] ] ] } },
{ "type": "Feature", "properties": { "block_id": "132" }, "geometry": { "type": "Polygon", "coordinates": [ [ [ 29.6216751, 60.25009969999995 ], [ 29.6189266, 60.2491424 ], [ 29.6174373, 60.249919700000014 ], [ 29.6203127, 60.250965799999989 ], [ 29.6210479, 60.2504894 ], [ 29.6216751, 60.25009969999995 ] ] ] } },
{ "type": "Feature", "properties": { "block_id": "133" }, "geometry": { "type": "Polygon", "coordinates": [ [ [ 29.6216751, 60.25009969999995 ], [ 29.6217544, 60.250124 ], [ 29.6247839, 60.2512931 ], [ 29.6260598, 60.250544 ], [ 29.6225526, 60.2491598 ], [ 29.6224083, 60.249154399999988 ], [ 29.6223005, 60.249450299999985 ], [ 29.6222413, 60.24958 ], [ 29.6221389, 60.2497066 ], [ 29.6220255, 60.249827 ], [ 29.6216751, 60.25009969999995 ] ] ] } },
{ "type": "Feature", "properties": { "block_id": "134" }, "geometry": { "type": "Polygon", "coordinates": [ [ [ 29.6247839, 60.2512931 ], [ 29.6217544, 60.250124 ], [ 29.6216751, 60.25009969999995 ], [ 29.6210479, 60.2504894 ], [ 29.6203127, 60.250965799999989 ], [ 29.6204471, 60.2509758 ], [ 29.6235893, 60.252107099999961 ], [ 29.6247839, 60.2512931 ] ] ] } },
{ "type": "Feature", "properties": { "block_id": "135" }, "geometry": { "type": "Polygon", "coordinates": [ [ [ 29.6247839, 60.2512931 ], [ 29.626589, 60.251880599999986 ], [ 29.6280971, 60.2523943 ], [ 29.6298411, 60.2529257 ], [ 29.6298794, 60.2527554 ], [ 29.6299092, 60.2524207 ], [ 29.6298913, 60.252253799999977 ], [ 29.6298735, 60.2520879 ], [ 29.6298156, 60.2518919 ], [ 29.62946, 60.2518016 ], [ 29.6291477, 60.2517109 ], [ 29.6286786, 60.2515461 ], [ 29.6275511, 60.2511727 ], [ 29.6260598, 60.250544 ], [ 29.6247839, 60.2512931 ] ] ] } },
{ "type": "Feature", "properties": { "block_id": "136" }, "geometry": { "type": "Polygon", "coordinates": [ [ [ 29.6218117, 60.252879399999983 ], [ 29.6235893, 60.252107099999961 ], [ 29.6204471, 60.2509758 ], [ 29.6203127, 60.250965799999989 ], [ 29.6200695, 60.251113 ], [ 29.6196288, 60.251361 ], [ 29.6192239, 60.2515536 ], [ 29.6192911, 60.251580299999951 ], [ 29.6218117, 60.252879399999983 ] ] ] } },
{ "type": "Feature", "properties": { "block_id": "137" }, "geometry": { "type": "Polygon", "coordinates": [ [ [ 29.6199806, 60.253545699999989 ], [ 29.6208742, 60.2532419 ], [ 29.6218117, 60.252879399999983 ], [ 29.6192911, 60.251580299999951 ], [ 29.6192239, 60.2515536 ], [ 29.6187834, 60.251753 ], [ 29.6186637, 60.2518076 ], [ 29.6185516, 60.251861 ], [ 29.618539, 60.2518674 ], [ 29.6180377, 60.252123499999954 ], [ 29.6181466, 60.252131199999965 ], [ 29.6199806, 60.253545699999989 ] ] ] } },
{ "type": "Feature", "properties": { "block_id": "138" }, "geometry": { "type": "Polygon", "coordinates": [ [ [ 29.6226679, 60.2470014 ], [ 29.6231815, 60.2472083 ], [ 29.6237617, 60.247393699999989 ], [ 29.6241304, 60.247531799999983 ], [ 29.6247361, 60.2477748 ], [ 29.624911, 60.247854399999987 ], [ 29.6249508, 60.247881400000018 ], [ 29.6249806, 60.247924099999985 ], [ 29.6252564, 60.247834899999987 ], [ 29.6254546, 60.2477708 ], [ 29.625756, 60.247674399999987 ], [ 29.6259234, 60.247622200000016 ], [ 29.6261016, 60.2475667 ], [ 29.6264516, 60.24747090000001 ], [ 29.6261852, 60.2473 ], [ 29.625721, 60.2470913 ], [ 29.6250601, 60.2468395 ], [ 29.6237387, 60.24636730000001 ], [ 29.6226679, 60.2470014 ] ] ] } },
{ "type": "Feature", "properties": { "block_id": "139" }, "geometry": { "type": "Polygon", "coordinates": [ [ [ 29.6237387, 60.24636730000001 ], [ 29.6250601, 60.2468395 ], [ 29.625721, 60.2470913 ], [ 29.6261852, 60.2473 ], [ 29.6264516, 60.24747090000001 ], [ 29.626925, 60.2473449 ], [ 29.6271386, 60.2472731 ], [ 29.6273311, 60.2471976 ], [ 29.6274955, 60.247106799999983 ], [ 29.6275548, 60.2470704 ], [ 29.627665, 60.2470052 ], [ 29.6277296, 60.2469383 ], [ 29.6278085, 60.2468395 ], [ 29.6278612, 60.2467507 ], [ 29.6257939, 60.2460186 ], [ 29.6253996, 60.2458803 ], [ 29.6248528, 60.2456826 ], [ 29.6244118, 60.2460545 ], [ 29.6237387, 60.24636730000001 ] ] ] } },
{ "type": "Feature", "properties": { "block_id": "140" }, "geometry": { "type": "Polygon", "coordinates": [ [ [ 29.6607486, 60.19296 ], [ 29.6606127, 60.1930655 ], [ 29.6603995, 60.193190800000011 ], [ 29.6600264, 60.1934492 ], [ 29.6595044, 60.1935518 ], [ 29.6587467, 60.1938086 ], [ 29.6579321, 60.193992399999971 ], [ 29.6565346, 60.194099 ], [ 29.656375, 60.194985199999984 ], [ 29.656359, 60.195021199999985 ], [ 29.6563134, 60.195049199999971 ], [ 29.6562439, 60.195065899999989 ], [ 29.6535233, 60.195349299999982 ], [ 29.6527168, 60.195453899999976 ], [ 29.6519275, 60.19557240000001 ], [ 29.653118, 60.1981667 ], [ 29.6535603, 60.1981192 ], [ 29.6542995, 60.198127199999988 ], [ 29.655381, 60.1982979 ], [ 29.6561878, 60.198413 ], [ 29.6568058, 60.1985111 ], [ 29.6576812, 60.1984429 ], [ 29.6584612, 60.1984264 ], [ 29.6584097, 60.198225599999972 ], [ 29.6582027, 60.1978574 ], [ 29.6579999, 60.1973943 ], [ 29.6579806, 60.197209700000016 ], [ 29.6581318, 60.1967824 ], [ 29.6582783, 60.196521099999977 ], [ 29.6584966, 60.196391 ], [ 29.6589526, 60.1962171 ], [ 29.6595683, 60.19601 ], [ 29.6600978, 60.1960228 ], [ 29.6606853, 60.1960796 ], [ 29.6612646, 60.196094 ], [ 29.6621155, 60.1960673 ], [ 29.6637666, 60.1959004 ], [ 29.6640241, 60.1958364 ], [ 29.6645904, 60.1956342 ], [ 29.6646335, 60.1956188 ], [ 29.6653717, 60.1952178 ], [ 29.6659677, 60.1949535 ], [ 29.6660754, 60.1948479 ], [ 29.666113, 60.194789 ], [ 29.6661642, 60.194642399999985 ], [ 29.6663629, 60.194449 ], [ 29.6666763, 60.194147 ], [ 29.6669374, 60.193952699999983 ], [ 29.6670536, 60.1938651 ], [ 29.6668502, 60.1938205 ], [ 29.6662087, 60.1936809 ], [ 29.6655516, 60.193538 ], [ 29.6651953, 60.1934745 ], [ 29.6647855, 60.193420899999985 ], [ 29.6640591, 60.1933411 ], [ 29.6633198, 60.193254100000011 ], [ 29.6622666, 60.1931325 ], [ 29.662012205541995, 60.193103367314237 ], [ 29.6609734, 60.192984400000029 ], [ 29.6608325, 60.192968899999983 ], [ 29.6607486, 60.19296 ] ] ] } },
{ "type": "Feature", "properties": { "block_id": "141" }, "geometry": { "type": "Polygon", "coordinates": [ [ [ 29.6595044, 60.1935518 ], [ 29.6600264, 60.1934492 ], [ 29.6603995, 60.193190800000011 ], [ 29.6606127, 60.1930655 ], [ 29.6607486, 60.19296 ], [ 29.6588373, 60.192757399999984 ], [ 29.6582231, 60.1926734 ], [ 29.6577591, 60.1925881 ], [ 29.6572307, 60.192444099999989 ], [ 29.6563509, 60.1921161 ], [ 29.6559513, 60.1919974 ], [ 29.6555945, 60.1919421 ], [ 29.6552114, 60.1919172 ], [ 29.6547413, 60.1919006 ], [ 29.6543741, 60.191885100000015 ], [ 29.6542611, 60.1918793 ], [ 29.653841, 60.1927391 ], [ 29.6535872, 60.1933457 ], [ 29.653552, 60.193447299999967 ], [ 29.6531539, 60.1944374 ], [ 29.6532798, 60.194468 ], [ 29.6535249, 60.1944839 ], [ 29.653902, 60.1944493 ], [ 29.6542077, 60.1943984 ], [ 29.6544224, 60.19434 ], [ 29.6547274, 60.194274699999987 ], [ 29.655877, 60.1941598 ], [ 29.6565346, 60.194099 ], [ 29.6579321, 60.193992399999971 ], [ 29.6587467, 60.1938086 ], [ 29.6595044, 60.1935518 ] ] ] } },
{ "type": "Feature", "properties": { "block_id": "142" }, "geometry": { "type": "Polygon", "coordinates": [ [ [ 29.7237722, 60.1925239 ], [ 29.7243669, 60.192665199999986 ], [ 29.7253656, 60.192926300000011 ], [ 29.7258204, 60.1930206 ], [ 29.7264243, 60.1930943 ], [ 29.7268619, 60.193127399999987 ], [ 29.7274581, 60.1931822 ], [ 29.727468, 60.1927561 ], [ 29.727418, 60.192629099999984 ], [ 29.7273072, 60.1923479 ], [ 29.7272615, 60.19188149999998 ], [ 29.7272245, 60.1917922 ], [ 29.72713, 60.191690800000011 ], [ 29.7271101, 60.191670199999983 ], [ 29.7270566, 60.1916148 ], [ 29.7270115, 60.191497699999985 ], [ 29.7269654, 60.1913961 ], [ 29.7270057, 60.1911214 ], [ 29.72707, 60.1909388 ], [ 29.7271085, 60.1907264 ], [ 29.7271178, 60.190516799999983 ], [ 29.7270724, 60.190350399999971 ], [ 29.7270077, 60.1902602 ], [ 29.7268704, 60.190289 ], [ 29.7264979, 60.1904375 ], [ 29.7261151, 60.1906264 ], [ 29.7259643, 60.1906883 ], [ 29.7258522, 60.1907446 ], [ 29.7257347, 60.1907858 ], [ 29.7246951, 60.1910881 ], [ 29.7232029, 60.1915165 ], [ 29.7224533, 60.1918473 ], [ 29.7220365, 60.192154 ], [ 29.7223322, 60.1922342 ], [ 29.7225829, 60.1922917 ], [ 29.7230655, 60.192389400000017 ], [ 29.7237722, 60.1925239 ] ] ] } },
{ "type": "Feature", "properties": { "block_id": "143" }, "geometry": { "type": "Polygon", "coordinates": [ [ [ 29.7274581, 60.1931822 ], [ 29.7268619, 60.193127399999987 ], [ 29.7264243, 60.1930943 ], [ 29.7258204, 60.1930206 ], [ 29.7253656, 60.192926300000011 ], [ 29.7243669, 60.192665199999986 ], [ 29.7237722, 60.1925239 ], [ 29.7230655, 60.192389400000017 ], [ 29.7225829, 60.1922917 ], [ 29.7223322, 60.1922342 ], [ 29.7220365, 60.192154 ], [ 29.7218756, 60.1921065 ], [ 29.721839062542806, 60.19209580191287 ], [ 29.7216943, 60.1922165 ], [ 29.722049, 60.192357 ], [ 29.722643, 60.1925301 ], [ 29.7235316, 60.1927707 ], [ 29.7242744, 60.1929306 ], [ 29.724972, 60.1932008 ], [ 29.7256016, 60.1933967 ], [ 29.7261724, 60.193669099999987 ], [ 29.7265076, 60.1937884 ], [ 29.7267703, 60.1937862 ], [ 29.726954368717074, 60.193846932911583 ], [ 29.7269852, 60.193799899999988 ], [ 29.7274581, 60.1931822 ] ] ] } },
{ "type": "Feature", "properties": { "block_id": "144" }, "geometry": { "type": "Polygon", "coordinates": [ [ [ 29.7274581, 60.1931822 ], [ 29.7276679, 60.1932373 ], [ 29.7286257, 60.1932554 ], [ 29.7290182, 60.1932588 ], [ 29.7296009, 60.1932638 ], [ 29.7302108, 60.1932672 ], [ 29.7303003, 60.193263500000015 ], [ 29.7302977, 60.192744 ], [ 29.7303052, 60.192592199999986 ], [ 29.7303826, 60.1910361 ], [ 29.729889, 60.190882799999983 ], [ 29.729543, 60.1907988 ], [ 29.7289529, 60.190712099999956 ], [ 29.7283897, 60.190624100000022 ], [ 29.7270077, 60.1902602 ], [ 29.7270724, 60.190350399999971 ], [ 29.7271178, 60.190516799999983 ], [ 29.7271085, 60.1907264 ], [ 29.72707, 60.1909388 ], [ 29.7270057, 60.1911214 ], [ 29.7269654, 60.1913961 ], [ 29.7270115, 60.191497699999985 ], [ 29.7270566, 60.1916148 ], [ 29.7271101, 60.191670199999983 ], [ 29.72713, 60.191690800000011 ], [ 29.7272245, 60.1917922 ], [ 29.7272615, 60.19188149999998 ], [ 29.7273072, 60.1923479 ], [ 29.727418, 60.192629099999984 ], [ 29.727468, 60.1927561 ], [ 29.7274581, 60.1931822 ] ] ] } },
{ "type": "Feature", "properties": { "block_id": "145" }, "geometry": { "type": "Polygon", "coordinates": [ [ [ 29.7302108, 60.1932672 ], [ 29.7296009, 60.1932638 ], [ 29.7290182, 60.1932588 ], [ 29.7286257, 60.1932554 ], [ 29.7276679, 60.1932373 ], [ 29.7274581, 60.1931822 ], [ 29.7269852, 60.193799899999988 ], [ 29.726954368717074, 60.193846932911583 ], [ 29.7270852, 60.1938901 ], [ 29.7278435, 60.1941709 ], [ 29.7284819, 60.1942625 ], [ 29.7292273, 60.19442870000001 ], [ 29.7298796, 60.1945503 ], [ 29.730084507847561, 60.194571627630324 ], [ 29.7301964, 60.1934253 ], [ 29.7302108, 60.1932672 ] ] ] } },
{ "type": "Feature", "properties": { "block_id": "146" }, "geometry": { "type": "Polygon", "coordinates": [ [ [ 29.7303003, 60.193263500000015 ], [ 29.7302108, 60.1932672 ], [ 29.7301964, 60.1934253 ], [ 29.730084507847561, 60.194571627630324 ], [ 29.7300244, 60.1951874 ], [ 29.7286767, 60.195363900000011 ], [ 29.7282124, 60.195325599999961 ], [ 29.7263286, 60.1948014 ], [ 29.7261698, 60.1950187 ], [ 29.7259891, 60.195126599999988 ], [ 29.7257504, 60.195199899999984 ], [ 29.7253834, 60.1952845 ], [ 29.7241511, 60.1955216 ], [ 29.7227409, 60.195805499999985 ], [ 29.7228718, 60.1958949 ], [ 29.7231969, 60.196018499999987 ], [ 29.7250674, 60.1964824 ], [ 29.72579, 60.196765099999951 ], [ 29.7259755, 60.1968098 ], [ 29.7265631, 60.1969876 ], [ 29.7277003, 60.197232899999975 ], [ 29.7285881, 60.197439199999955 ], [ 29.728731, 60.1974887 ], [ 29.7292989, 60.1976995 ], [ 29.7297658, 60.1978264 ], [ 29.7330682, 60.198546 ], [ 29.7334643, 60.198645599999985 ], [ 29.7338795, 60.19875 ], [ 29.7339398, 60.198738400000011 ], [ 29.7429343, 60.197006799999983 ], [ 29.7471464, 60.1961897 ], [ 29.7529946, 60.1950698 ], [ 29.7529026, 60.194990899999986 ], [ 29.7525841, 60.1947095 ], [ 29.7519433, 60.1945732 ], [ 29.750353, 60.1942349 ], [ 29.7502023, 60.1942029 ], [ 29.7476059, 60.1936536 ], [ 29.7458464, 60.1934829 ], [ 29.7450375, 60.1931733 ], [ 29.7448269, 60.1930927 ], [ 29.7447685, 60.1931307 ], [ 29.7439889, 60.1936095 ], [ 29.7436579, 60.1937815 ], [ 29.7420841, 60.194074599999986 ], [ 29.7404375, 60.1943812 ], [ 29.739663, 60.193476 ], [ 29.7394584, 60.192429399999988 ], [ 29.7394365, 60.1923176 ], [ 29.7372308, 60.1925531 ], [ 29.7364942, 60.192560099999987 ], [ 29.7358902, 60.1925855 ], [ 29.7341821, 60.1927391 ], [ 29.7331522, 60.1929865 ], [ 29.7321394, 60.19317 ], [ 29.7309817, 60.193235599999987 ], [ 29.7306014, 60.1932512 ], [ 29.7303003, 60.193263500000015 ] ] ] } },
{ "type": "Feature", "properties": { "block_id": "147" }, "geometry": { "type": "Polygon", "coordinates": [ [ [ 29.7303003, 60.193263500000015 ], [ 29.7306014, 60.1932512 ], [ 29.7309817, 60.193235599999987 ], [ 29.7321394, 60.19317 ], [ 29.7331522, 60.1929865 ], [ 29.7341821, 60.1927391 ], [ 29.7358902, 60.1925855 ], [ 29.7364942, 60.192560099999987 ], [ 29.7362807, 60.1914734 ], [ 29.7361332, 60.191101399999987 ], [ 29.7356772, 60.19106810000001 ], [ 29.7343575, 60.191092099999985 ], [ 29.7340813, 60.1910454 ], [ 29.7338292, 60.1909788 ], [ 29.7336036, 60.1908836 ], [ 29.7333813, 60.190817399999986 ], [ 29.7331587, 60.1907988 ], [ 29.7319597, 60.1908214 ], [ 29.7313937, 60.190897400000011 ], [ 29.7308574, 60.1910014 ], [ 29.7303826, 60.1910361 ], [ 29.7303052, 60.192592199999986 ], [ 29.7302977, 60.192744 ], [ 29.7303003, 60.193263500000015 ] ] ] } },
{ "type": "Feature", "properties": { "block_id": "148" }, "geometry": { "type": "Polygon", "coordinates": [ [ [ 29.7364942, 60.192560099999987 ], [ 29.7372308, 60.1925531 ], [ 29.7394365, 60.1923176 ], [ 29.7426279, 60.1919284 ], [ 29.7418639, 60.19084849999998 ], [ 29.7410407, 60.189685 ], [ 29.7400777, 60.1883239 ], [ 29.7398829, 60.1883719 ], [ 29.7393653, 60.18852 ], [ 29.7389019, 60.188662 ], [ 29.7385445, 60.1887623 ], [ 29.7382789, 60.1888181 ], [ 29.7378752, 60.188874599999984 ], [ 29.73788, 60.1890194 ], [ 29.7378353, 60.1895633 ], [ 29.7378705, 60.1899018 ], [ 29.7378688, 60.1901082 ], [ 29.7378519, 60.1904195 ], [ 29.7376558, 60.1905762 ], [ 29.737497, 60.1906366 ], [ 29.7361332, 60.191101399999987 ], [ 29.7362807, 60.1914734 ], [ 29.7364942, 60.192560099999987 ] ] ] } },
{ "type": "Feature", "properties": { "block_id": "149" }, "geometry": { "type": "Polygon", "coordinates": [ [ [ 29.7426279, 60.1919284 ], [ 29.7394365, 60.1923176 ], [ 29.7394584, 60.192429399999988 ], [ 29.739663, 60.193476 ], [ 29.7404375, 60.1943812 ], [ 29.7420841, 60.194074599999986 ], [ 29.7436579, 60.1937815 ], [ 29.7439889, 60.1936095 ], [ 29.7447685, 60.1931307 ], [ 29.7448269, 60.1930927 ], [ 29.7435397, 60.1925976 ], [ 29.7426279, 60.1919284 ] ] ] } },
{ "type": "Feature", "properties": { "block_id": "150" }, "geometry": { "type": "Polygon", "coordinates": [ [ [ 29.7426279, 60.1919284 ], [ 29.7428188, 60.191905600000013 ], [ 29.7465199, 60.1914668 ], [ 29.749193, 60.1911498 ], [ 29.7471825, 60.187828499999988 ], [ 29.7469658, 60.187470500000011 ], [ 29.7468621, 60.1872991 ], [ 29.7463293, 60.187405 ], [ 29.7461749, 60.1874393 ], [ 29.7454995, 60.1875885 ], [ 29.7450462, 60.1876759 ], [ 29.7447056, 60.1877279 ], [ 29.7443517, 60.1877701 ], [ 29.7438218, 60.187832599999986 ], [ 29.7424498, 60.1879706 ], [ 29.741808, 60.1880499 ], [ 29.741381, 60.1881013 ], [ 29.7405615, 60.1882266 ], [ 29.740292, 60.188275299999987 ], [ 29.7400777, 60.1883239 ], [ 29.7410407, 60.189685 ], [ 29.7418639, 60.19084849999998 ], [ 29.7426279, 60.1919284 ] ] ] } },
{ "type": "Feature", "properties": { "block_id": "151" }, "geometry": { "type": "Polygon", "coordinates": [ [ [ 29.749193, 60.1911498 ], [ 29.7465199, 60.1914668 ], [ 29.7428188, 60.191905600000013 ], [ 29.7426279, 60.1919284 ], [ 29.7435397, 60.1925976 ], [ 29.7448269, 60.1930927 ], [ 29.7450375, 60.1931733 ], [ 29.7458464, 60.1934829 ], [ 29.7476059, 60.1936536 ], [ 29.7502023, 60.1942029 ], [ 29.750353, 60.1942349 ], [ 29.749507, 60.1931824 ], [ 29.750086, 60.1927638 ], [ 29.7501091, 60.1927471 ], [ 29.749899, 60.192380799999988 ], [ 29.749193, 60.1911498 ] ] ] } },
{ "type": "Feature", "properties": { "block_id": "152" }, "geometry": { "type": "Polygon", "coordinates": [ [ [ 29.6110346, 60.2474359 ], [ 29.6120695, 60.2467703 ], [ 29.6129879, 60.2462464 ], [ 29.6135653, 60.2458808 ], [ 29.6108772, 60.2447427 ], [ 29.6094088, 60.245633 ], [ 29.6083007, 60.246284299999985 ], [ 29.6096631, 60.24684460000001 ], [ 29.6110346, 60.2474359 ] ] ] } },
{ "type": "Feature", "properties": { "block_id": "153" }, "geometry": { "type": "Polygon", "coordinates": [ [ [ 29.6135653, 60.2458808 ], [ 29.6129879, 60.2462464 ], [ 29.6120695, 60.2467703 ], [ 29.6110346, 60.2474359 ], [ 29.6126151, 60.2481013 ], [ 29.6130537, 60.2483329 ], [ 29.6131295, 60.2483147 ], [ 29.6132956, 60.248274599999988 ], [ 29.6140201, 60.2480168 ], [ 29.6140547, 60.248003499999989 ], [ 29.6151021, 60.247603499999983 ], [ 29.6159508, 60.247115200000032 ], [ 29.6160681, 60.2470011 ], [ 29.6161868, 60.2468169 ], [ 29.615817, 60.2467549 ], [ 29.6153704, 60.246594500000015 ], [ 29.6148409, 60.246385099999983 ], [ 29.6146974, 60.246328400000031 ], [ 29.6140006, 60.2460373 ], [ 29.6135653, 60.2458808 ] ] ] } },
{ "type": "Feature", "properties": { "block_id": "154" }, "geometry": { "type": "Polygon", "coordinates": [ [ [ 29.6155381, 60.2447616 ], [ 29.6146444, 60.2452581 ], [ 29.6136278, 60.245812 ], [ 29.6135653, 60.2458808 ], [ 29.6140006, 60.2460373 ], [ 29.6146974, 60.246328400000031 ], [ 29.6148409, 60.246385099999983 ], [ 29.6153704, 60.246594500000015 ], [ 29.615817, 60.2467549 ], [ 29.6161868, 60.2468169 ], [ 29.6162941, 60.2466535 ], [ 29.616649, 60.2457004 ], [ 29.6184297, 60.244323 ], [ 29.6188981, 60.2441094 ], [ 29.6182099, 60.2437208 ], [ 29.6178748, 60.2433222 ], [ 29.6175821, 60.243064399999973 ], [ 29.6159329, 60.2437822 ], [ 29.6153107, 60.2439739 ], [ 29.6146211, 60.2443559 ], [ 29.6155381, 60.2447616 ] ] ] } },
{ "type": "Feature", "properties": { "block_id": "155" }, "geometry": { "type": "Polygon", "coordinates": [ [ [ 29.6135653, 60.2458808 ], [ 29.6136278, 60.245812 ], [ 29.6146444, 60.2452581 ], [ 29.6155381, 60.2447616 ], [ 29.6146211, 60.2443559 ], [ 29.6136912, 60.2439319 ], [ 29.6127575, 60.2434851 ], [ 29.6122703, 60.2432786 ], [ 29.611894, 60.2430217 ], [ 29.6111532, 60.2425415 ], [ 29.6111085, 60.2425143 ], [ 29.6109945, 60.242448799999984 ], [ 29.610797, 60.2423631 ], [ 29.6104862, 60.24232640000001 ], [ 29.610122, 60.2423551 ], [ 29.6096599, 60.2422982 ], [ 29.6094811, 60.242690399999987 ], [ 29.6095437, 60.242890099999983 ], [ 29.6096199, 60.24297320000003 ], [ 29.6099208, 60.243233 ], [ 29.6091939, 60.2434361 ], [ 29.60869, 60.2435755 ], [ 29.6083415, 60.243692099999983 ], [ 29.6084601, 60.2437279 ], [ 29.6089139, 60.2439108 ], [ 29.6095223, 60.2441635 ], [ 29.6098665, 60.2443167 ], [ 29.6103697, 60.2445328 ], [ 29.6108772, 60.2447427 ], [ 29.6135653, 60.2458808 ] ] ] } },
{ "type": "Feature", "properties": { "block_id": "156" }, "geometry": { "type": "Polygon", "coordinates": [ [ [ 29.6353056, 60.250884100000015 ], [ 29.635056, 60.2510068 ], [ 29.6347845, 60.2510906 ], [ 29.6343562, 60.251068899999986 ], [ 29.6339242, 60.2511113 ], [ 29.6334407, 60.25115730000001 ], [ 29.6330389, 60.2512721 ], [ 29.6326452, 60.251403 ], [ 29.6323562, 60.251482 ], [ 29.6320329, 60.251524699999983 ], [ 29.6318124, 60.251524700000012 ], [ 29.6316859, 60.2515117 ], [ 29.6314595, 60.2513819 ], [ 29.6312553, 60.2513163 ], [ 29.6303952, 60.2509081 ], [ 29.6294098, 60.2504197 ], [ 29.6295034, 60.2509412 ], [ 29.6295734, 60.251225 ], [ 29.6298156, 60.2518919 ], [ 29.6298735, 60.2520879 ], [ 29.6298913, 60.252253799999977 ], [ 29.6306519, 60.252661100000026 ], [ 29.6313729, 60.2530471 ], [ 29.6316338, 60.253250399999985 ], [ 29.6331309, 60.2531994 ], [ 29.6352675, 60.253174 ], [ 29.6366394, 60.2531376 ], [ 29.6366279, 60.2530249 ], [ 29.6365186, 60.2524648 ], [ 29.6364421, 60.2524139 ], [ 29.6363793, 60.2522378 ], [ 29.6359802, 60.2516193 ], [ 29.6353056, 60.250884100000015 ] ] ] } },
{ "type": "Feature", "properties": { "block_id": "157" }, "geometry": { "type": "Polygon", "coordinates": [ [ [ 29.6366357, 60.2504675 ], [ 29.6359956, 60.2506946 ], [ 29.6353056, 60.250884100000015 ], [ 29.6359802, 60.2516193 ], [ 29.6378344, 60.2513592 ], [ 29.6380663, 60.25137680000001 ], [ 29.637004, 60.250733799999985 ], [ 29.6366357, 60.2504675 ] ] ] } },
{ "type": "Feature", "properties": { "block_id": "158" }, "geometry": { "type": "Polygon", "coordinates": [ [ [ 29.6282463, 60.25615269999998 ], [ 29.6276755, 60.2560014 ], [ 29.6267142, 60.256078 ], [ 29.6260104, 60.2561717 ], [ 29.6253581, 60.2563761 ], [ 29.624826, 60.256589 ], [ 29.6245155, 60.256784 ], [ 29.6257707, 60.257410799999988 ], [ 29.626999, 60.258559599999984 ], [ 29.6270693, 60.2581694 ], [ 29.6271881, 60.2578986 ], [ 29.6276111, 60.257164599999989 ], [ 29.6278096, 60.256852499999987 ], [ 29.6282463, 60.25615269999998 ] ] ] } },
{ "type": "Feature", "properties": { "block_id": "159" }, "geometry": { "type": "Polygon", "coordinates": [ [ [ 29.6245155, 60.256784 ], [ 29.624826, 60.256589 ], [ 29.6253581, 60.2563761 ], [ 29.6260104, 60.2561717 ], [ 29.6267142, 60.256078 ], [ 29.6276755, 60.2560014 ], [ 29.6282463, 60.25615269999998 ], [ 29.6283291, 60.2559975 ], [ 29.6287522, 60.2551961 ], [ 29.6270551, 60.255360599999989 ], [ 29.6259796, 60.255462 ], [ 29.6253416, 60.255549200000011 ], [ 29.625007, 60.2555951 ], [ 29.6229809, 60.255810200000013 ], [ 29.623475, 60.2560841 ], [ 29.6241256, 60.256564899999987 ], [ 29.6245155, 60.256784 ] ] ] } },
{ "type": "Feature", "properties": { "block_id": "160" }, "geometry": { "type": "Polygon", "coordinates": [ [ [ 29.626999, 60.258559599999984 ], [ 29.6309504, 60.25843110000001 ], [ 29.6307419, 60.2573364 ], [ 29.6277625, 60.2571479 ], [ 29.6276111, 60.257164599999989 ], [ 29.6271881, 60.2578986 ], [ 29.6270693, 60.2581694 ], [ 29.626999, 60.258559599999984 ] ] ] } },
{ "type": "Feature", "properties": { "block_id": "161" }, "geometry": { "type": "Polygon", "coordinates": [ [ [ 29.6309504, 60.25843110000001 ], [ 29.626999, 60.258559599999984 ], [ 29.6270397, 60.258678299999985 ], [ 29.6271787, 60.259060499999983 ], [ 29.6271985, 60.2591148 ], [ 29.6273026, 60.259234099999986 ], [ 29.6275027, 60.2594178 ], [ 29.6277507, 60.259568799999968 ], [ 29.6298551, 60.2592497 ], [ 29.6312863, 60.2592356 ], [ 29.6320595, 60.2592946 ], [ 29.6324296, 60.259304 ], [ 29.6326107, 60.2593226 ], [ 29.6328821, 60.2593991 ], [ 29.6330719, 60.2594884 ], [ 29.633152729351298, 60.259519919172327 ], [ 29.6331639, 60.2593834 ], [ 29.6334515, 60.2592784 ], [ 29.6334961, 60.2591767 ], [ 29.6331886, 60.2589866 ], [ 29.6330549, 60.258884899999984 ], [ 29.6328768, 60.2587847 ], [ 29.632705, 60.258580799999983 ], [ 29.6326477, 60.2585432 ], [ 29.6325334, 60.258468099999973 ], [ 29.632523252601413, 60.258396928560785 ], [ 29.6318563, 60.258413799999985 ], [ 29.6309504, 60.25843110000001 ] ] ] } },
{ "type": "Feature", "properties": { "block_id": "162" }, "geometry": { "type": "Polygon", "coordinates": [ [ [ 29.6309504, 60.25843110000001 ], [ 29.6318563, 60.258413799999985 ], [ 29.632523252601413, 60.258396928560785 ], [ 29.6338799, 60.2583626 ], [ 29.6341767, 60.258356899999974 ], [ 29.6340054, 60.2578622 ], [ 29.6337224, 60.2573758 ], [ 29.6333331, 60.2566201 ], [ 29.6329919, 60.255985399999986 ], [ 29.6330414, 60.255911500000011 ], [ 29.6330543, 60.255841699999984 ], [ 29.6327857, 60.2553857 ], [ 29.6324877, 60.254793 ], [ 29.632358, 60.254793599999985 ], [ 29.6314399, 60.254819600000026 ], [ 29.631046, 60.254885499999986 ], [ 29.629836, 60.255057700000023 ], [ 29.6287522, 60.2551961 ], [ 29.6283291, 60.2559975 ], [ 29.6282463, 60.25615269999998 ], [ 29.6278096, 60.256852499999987 ], [ 29.6276111, 60.257164599999989 ], [ 29.6277625, 60.2571479 ], [ 29.6307419, 60.2573364 ], [ 29.6309504, 60.25843110000001 ] ] ] } },
{ "type": "Feature", "properties": { "block_id": "163" }, "geometry": { "type": "Polygon", "coordinates": [ [ [ 29.6341767, 60.258356899999974 ], [ 29.6338799, 60.2583626 ], [ 29.632523252601413, 60.258396928560785 ], [ 29.6325334, 60.258468099999973 ], [ 29.6326477, 60.2585432 ], [ 29.632705, 60.258580799999983 ], [ 29.6328768, 60.2587847 ], [ 29.6330549, 60.258884899999984 ], [ 29.6331886, 60.2589866 ], [ 29.6334961, 60.2591767 ], [ 29.6337724, 60.2590286 ], [ 29.6338928, 60.258924699999987 ], [ 29.6342984, 60.258849499999982 ], [ 29.6345212, 60.2587854 ], [ 29.6347345, 60.2586916 ], [ 29.6347242, 60.258429100000015 ], [ 29.634714290402989, 60.258340589326117 ], [ 29.6341767, 60.258356899999974 ] ] ] } },
{ "type": "Feature", "properties": { "block_id": "164" }, "geometry": { "type": "Polygon", "coordinates": [ [ [ 29.6341767, 60.258356899999974 ], [ 29.634714290402989, 60.258340589326117 ], [ 29.6362791, 60.25829309999996 ], [ 29.6380741, 60.2581984 ], [ 29.6386592, 60.2581893 ], [ 29.6393649, 60.2581661 ], [ 29.6406493, 60.258124100000025 ], [ 29.6425352, 60.25805 ], [ 29.6444631, 60.2579726 ], [ 29.6458264, 60.2578983 ], [ 29.64582, 60.257769 ], [ 29.6457885, 60.2574935 ], [ 29.6455974, 60.2564956 ], [ 29.6462922, 60.2564685 ], [ 29.6463954, 60.2564008 ], [ 29.6465366, 60.2563228 ], [ 29.6472184, 60.2559997 ], [ 29.6474725, 60.2559132 ], [ 29.6481113, 60.2558853 ], [ 29.6486499, 60.2561256 ], [ 29.6487051, 60.256203299999974 ], [ 29.6485911, 60.256576799999984 ], [ 29.6485591, 60.2566673 ], [ 29.6484585, 60.2570803 ], [ 29.6482609, 60.2577854 ], [ 29.6482556, 60.2578623 ], [ 29.6491297, 60.2579175 ], [ 29.6491903, 60.257923300000016 ], [ 29.649327862310134, 60.257928845553764 ], [ 29.64934, 60.2578917 ], [ 29.6494199, 60.25777 ], [ 29.6499072, 60.2572057 ], [ 29.6499703, 60.257092399999983 ], [ 29.6499974, 60.256604899999964 ], [ 29.6502784, 60.2562175 ], [ 29.6509069, 60.2559665 ], [ 29.651876, 60.2553385 ], [ 29.6519111, 60.2552101 ], [ 29.651112765545825, 60.254510756646731 ], [ 29.6487444, 60.2543041 ], [ 29.6383601, 60.2494323 ], [ 29.635617, 60.248145200000017 ], [ 29.647874459281311, 60.245621550872194 ], [ 29.6538195, 60.244397 ], [ 29.6538278, 60.2426765 ], [ 29.653483897260902, 60.241029086493455 ], [ 29.6534656, 60.241031099999987 ], [ 29.6529721, 60.24106720000001 ], [ 29.6523104, 60.2411346 ], [ 29.6515227, 60.2412942 ], [ 29.6509512, 60.2413854 ], [ 29.6505035, 60.2414393 ], [ 29.650059, 60.24149280000001 ], [ 29.6496287, 60.2415405 ], [ 29.6493021, 60.2415459 ], [ 29.6490204, 60.241541899999987 ], [ 29.6486557, 60.2415339 ], [ 29.6482911, 60.2415269 ], [ 29.6480074, 60.2415274 ], [ 29.6477205, 60.241549300000017 ], [ 29.6474212, 60.2415923 ], [ 29.6471019, 60.241676299999988 ], [ 29.64658, 60.241839 ], [ 29.646297, 60.2419241 ], [ 29.6460073, 60.2419801 ], [ 29.6456509, 60.242028599999983 ], [ 29.6449434, 60.24211440000002 ], [ 29.6446605, 60.2421632 ], [ 29.6444293, 60.2422243 ], [ 29.6441166, 60.24233 ], [ 29.6439645, 60.2423996 ], [ 29.6437209, 60.2425433 ], [ 29.6434294, 60.2426616 ], [ 29.6430886, 60.2427808 ], [ 29.6426294, 60.2428962 ], [ 29.6424572, 60.2429558 ], [ 29.6422318, 60.243014 ], [ 29.6421341, 60.243036 ], [ 29.641197, 60.2431317 ], [ 29.6397839, 60.24336 ], [ 29.638753, 60.2435174 ], [ 29.6383894, 60.243566 ], [ 29.6368719, 60.243585299999978 ], [ 29.6368959, 60.243908700000027 ], [ 29.6371806, 60.2441161 ], [ 29.6374675, 60.2442239 ], [ 29.6376086, 60.2443186 ], [ 29.6378813, 60.244657300000014 ], [ 29.6382054, 60.2448429 ], [ 29.6383474, 60.2449564 ], [ 29.6385091, 60.2449802 ], [ 29.6387041, 60.245009 ], [ 29.6390783, 60.2450052 ], [ 29.640631, 60.2457154 ], [ 29.6405544, 60.245839599999954 ], [ 29.640276, 60.2459407 ], [ 29.6390703, 60.2463389 ], [ 29.6386101, 60.245931499999983 ], [ 29.6380897, 60.2457396 ], [ 29.6377002, 60.245485800000012 ], [ 29.6372726, 60.245196 ], [ 29.6357583, 60.2458701 ], [ 29.634261, 60.2463739 ], [ 29.6341342, 60.24630759999998 ], [ 29.6332714, 60.2457432 ], [ 29.6320338, 60.2450183 ], [ 29.6314325, 60.244681699999987 ], [ 29.6304531, 60.2444578 ], [ 29.6301386, 60.2445858 ], [ 29.6298915, 60.244702 ], [ 29.6296946, 60.244815 ], [ 29.6294878, 60.2449558 ], [ 29.6293254, 60.245079100000012 ], [ 29.6291488, 60.2452325 ], [ 29.6290129, 60.24540360000001 ], [ 29.628903, 60.2454978 ], [ 29.628784, 60.2455998 ], [ 29.6286064, 60.245752 ], [ 29.6285177, 60.2458301 ], [ 29.628434, 60.2459038 ], [ 29.6285987, 60.2459235 ], [ 29.6288164, 60.2460508 ], [ 29.6290701, 60.2461588 ], [ 29.6294253, 60.2463111 ], [ 29.6298802, 60.2465026 ], [ 29.6303352, 60.246719399999989 ], [ 29.6307837, 60.2469493 ], [ 29.6309389, 60.2470396 ], [ 29.6310811, 60.2471157 ], [ 29.6312503, 60.2471935 ], [ 29.6318121, 60.2474358 ], [ 29.63278, 60.2477994 ], [ 29.6330058, 60.247930699999984 ], [ 29.6332256, 60.2480289 ], [ 29.6334021, 60.2481052 ], [ 29.6335359, 60.2481644 ], [ 29.6337957, 60.2482764 ], [ 29.6369713, 60.249582 ], [ 29.6369523, 60.249720500000016 ], [ 29.6369533, 60.2501034 ], [ 29.6369424, 60.2502355 ], [ 29.6368353, 60.2503296 ], [ 29.6366357, 60.2504675 ], [ 29.637004, 60.250733799999985 ], [ 29.6380663, 60.25137680000001 ], [ 29.6391353, 60.252066800000016 ], [ 29.6388818, 60.2521134 ], [ 29.6380005, 60.2522501 ], [ 29.6365186, 60.2524648 ], [ 29.6366279, 60.2530249 ], [ 29.6366394, 60.2531376 ], [ 29.6352675, 60.253174 ], [ 29.6359567, 60.2557703 ], [ 29.6332099, 60.2558682 ], [ 29.6330414, 60.255911500000011 ], [ 29.6329919, 60.255985399999986 ], [ 29.6333331, 60.2566201 ], [ 29.6337224, 60.2573758 ], [ 29.6340054, 60.2578622 ], [ 29.6341767, 60.258356899999974 ] ] ] } },
{ "type": "Feature", "properties": { "block_id": "165" }, "geometry": { "type": "Polygon", "coordinates": [ [ [ 29.6362791, 60.25829309999996 ], [ 29.634714290402989, 60.258340589326117 ], [ 29.6347242, 60.258429100000015 ], [ 29.6347345, 60.2586916 ], [ 29.6345212, 60.2587854 ], [ 29.6342984, 60.258849499999982 ], [ 29.6338928, 60.258924699999987 ], [ 29.6337724, 60.2590286 ], [ 29.6334961, 60.2591767 ], [ 29.6334515, 60.2592784 ], [ 29.6331639, 60.2593834 ], [ 29.633152729351298, 60.259519919172327 ], [ 29.6330719, 60.2594884 ], [ 29.6328821, 60.2593991 ], [ 29.6326107, 60.2593226 ], [ 29.6324296, 60.259304 ], [ 29.6320595, 60.2592946 ], [ 29.6312863, 60.2592356 ], [ 29.6298551, 60.2592497 ], [ 29.6277507, 60.259568799999968 ], [ 29.6281326, 60.2600346 ], [ 29.6284184, 60.2603425 ], [ 29.6290197, 60.2607056 ], [ 29.6293384, 60.2609585 ], [ 29.6299111, 60.2614434 ], [ 29.630159238803763, 60.261665059987209 ], [ 29.6317276, 60.2613082 ], [ 29.6346648, 60.261055699999979 ], [ 29.6393251, 60.2613908 ], [ 29.645875, 60.2608614 ], [ 29.6465784, 60.260855399999983 ], [ 29.6474017, 60.26029519999998 ], [ 29.6478148, 60.2603085 ], [ 29.6484639, 60.2601036 ], [ 29.6489426, 60.2593153 ], [ 29.6491626, 60.2586839 ], [ 29.6492296, 60.258251499999986 ], [ 29.6493168, 60.257962699999958 ], [ 29.649327862310134, 60.257928845553764 ], [ 29.6491903, 60.257923300000016 ], [ 29.6491297, 60.2579175 ], [ 29.6482556, 60.2578623 ], [ 29.6475397, 60.2578634 ], [ 29.647558, 60.2579452 ], [ 29.6476409, 60.2584575 ], [ 29.6477479, 60.2597541 ], [ 29.6462306, 60.2597816 ], [ 29.6461414, 60.2591045 ], [ 29.6460873, 60.2584021 ], [ 29.6460368, 60.2579533 ], [ 29.6460297, 60.25789120000001 ], [ 29.6458264, 60.2578983 ], [ 29.6444631, 60.2579726 ], [ 29.6425352, 60.25805 ], [ 29.6406493, 60.258124100000025 ], [ 29.6406549, 60.2582006 ], [ 29.6410824, 60.2602754 ], [ 29.6404427, 60.260281299999988 ], [ 29.640153, 60.2602759 ], [ 29.6397078, 60.26026 ], [ 29.6392518, 60.2602147 ], [ 29.6391413, 60.2601975 ], [ 29.639048, 60.25964519999998 ], [ 29.6389112, 60.2590678 ], [ 29.6387187, 60.2582543 ], [ 29.6386592, 60.2581893 ], [ 29.6380741, 60.2581984 ], [ 29.6362791, 60.25829309999996 ] ] ] } },
{ "type": "Feature", "properties": { "block_id": "166" }, "geometry": { "type": "Polygon", "coordinates": [ [ [ 29.6406493, 60.258124100000025 ], [ 29.6393649, 60.2581661 ], [ 29.6386592, 60.2581893 ], [ 29.6387187, 60.2582543 ], [ 29.6389112, 60.2590678 ], [ 29.639048, 60.25964519999998 ], [ 29.6391413, 60.2601975 ], [ 29.6392518, 60.2602147 ], [ 29.6397078, 60.26026 ], [ 29.640153, 60.2602759 ], [ 29.6404427, 60.260281299999988 ], [ 29.6410824, 60.2602754 ], [ 29.6406549, 60.2582006 ], [ 29.6406493, 60.258124100000025 ] ] ] } },
{ "type": "Feature", "properties": { "block_id": "167" }, "geometry": { "type": "Polygon", "coordinates": [ [ [ 29.6458264, 60.2578983 ], [ 29.6460297, 60.25789120000001 ], [ 29.6475397, 60.2578634 ], [ 29.6482556, 60.2578623 ], [ 29.6482609, 60.2577854 ], [ 29.6484585, 60.2570803 ], [ 29.6474018, 60.257029599999974 ], [ 29.6462922, 60.2564685 ], [ 29.6455974, 60.2564956 ], [ 29.6457885, 60.2574935 ], [ 29.64582, 60.257769 ], [ 29.6458264, 60.2578983 ] ] ] } },
{ "type": "Feature", "properties": { "block_id": "168" }, "geometry": { "type": "Polygon", "coordinates": [ [ [ 29.6475397, 60.2578634 ], [ 29.6460297, 60.25789120000001 ], [ 29.6460368, 60.2579533 ], [ 29.6460873, 60.2584021 ], [ 29.6461414, 60.2591045 ], [ 29.6462306, 60.2597816 ], [ 29.6477479, 60.2597541 ], [ 29.6476409, 60.2584575 ], [ 29.647558, 60.2579452 ], [ 29.6475397, 60.2578634 ] ] ] } },
{ "type": "Feature", "properties": { "block_id": "169" }, "geometry": { "type": "Polygon", "coordinates": [ [ [ 29.6372726, 60.245196 ], [ 29.6377002, 60.245485800000012 ], [ 29.6380897, 60.2457396 ], [ 29.6386101, 60.245931499999983 ], [ 29.6390703, 60.2463389 ], [ 29.640276, 60.2459407 ], [ 29.6405544, 60.245839599999954 ], [ 29.640631, 60.2457154 ], [ 29.6390783, 60.2450052 ], [ 29.6387041, 60.245009 ], [ 29.6385091, 60.2449802 ], [ 29.6383474, 60.2449564 ], [ 29.6382054, 60.2448429 ], [ 29.6378813, 60.244657300000014 ], [ 29.6376086, 60.2443186 ], [ 29.6374675, 60.2442239 ], [ 29.6371806, 60.2441161 ], [ 29.6368959, 60.243908700000027 ], [ 29.6368719, 60.243585299999978 ], [ 29.6346125, 60.243559 ], [ 29.6337448, 60.2435567 ], [ 29.6339412, 60.243665100000015 ], [ 29.6346037, 60.2439727 ], [ 29.6350086, 60.2441448 ], [ 29.6355153, 60.244308599999989 ], [ 29.6357964, 60.244383899999988 ], [ 29.6361986, 60.244441300000013 ], [ 29.636682, 60.244498 ], [ 29.6369289, 60.2446942 ], [ 29.6371252, 60.24491470000001 ], [ 29.6372268, 60.245073699999963 ], [ 29.6372726, 60.245196 ] ] ] } },
{ "type": "Feature", "properties": { "block_id": "170" }, "geometry": { "type": "Polygon", "coordinates": [ [ [ 29.6372726, 60.245196 ], [ 29.6372268, 60.245073699999963 ], [ 29.6371252, 60.24491470000001 ], [ 29.6369289, 60.2446942 ], [ 29.636682, 60.244498 ], [ 29.6361986, 60.244441300000013 ], [ 29.6363389, 60.2445638 ], [ 29.6363765, 60.2446211 ], [ 29.6363398, 60.2447124 ], [ 29.6360531, 60.2448397 ], [ 29.6332714, 60.2457432 ], [ 29.6341342, 60.24630759999998 ], [ 29.634261, 60.2463739 ], [ 29.6357583, 60.2458701 ], [ 29.6372726, 60.245196 ] ] ] } },
{ "type": "Feature", "properties": { "block_id": "171" }, "geometry": { "type": "Polygon", "coordinates": [ [ [ 29.6361986, 60.244441300000013 ], [ 29.6357964, 60.244383899999988 ], [ 29.6355153, 60.244308599999989 ], [ 29.6350086, 60.2441448 ], [ 29.6320338, 60.2450183 ], [ 29.6332714, 60.2457432 ], [ 29.6360531, 60.2448397 ], [ 29.6363398, 60.2447124 ], [ 29.6363765, 60.2446211 ], [ 29.6363389, 60.2445638 ], [ 29.6361986, 60.244441300000013 ] ] ] } },
{ "type": "Feature", "properties": { "block_id": "172" }, "geometry": { "type": "Polygon", "coordinates": [ [ [ 29.6350086, 60.2441448 ], [ 29.6346037, 60.2439727 ], [ 29.6339412, 60.243665100000015 ], [ 29.6337448, 60.2435567 ], [ 29.6334903, 60.2435556 ], [ 29.6332787, 60.2436547 ], [ 29.6329413, 60.243777 ], [ 29.632891, 60.2437921 ], [ 29.632618, 60.2438743 ], [ 29.6323214, 60.2439569 ], [ 29.6320014, 60.244037 ], [ 29.6312025, 60.244226 ], [ 29.6308074, 60.2443379 ], [ 29.6304531, 60.2444578 ], [ 29.6314325, 60.244681699999987 ], [ 29.6320338, 60.2450183 ], [ 29.6350086, 60.2441448 ] ] ] } },
{ "type": "Feature", "properties": { "block_id": "173" }, "geometry": { "type": "Polygon", "coordinates": [ [ [ 29.5862154, 60.246994199999982 ], [ 29.5854918, 60.246001600000021 ], [ 29.5853633, 60.245764599999987 ], [ 29.5852647, 60.2455601 ], [ 29.585684, 60.2454999 ], [ 29.5866649, 60.2452766 ], [ 29.5878688, 60.245245 ], [ 29.5896367, 60.2451282 ], [ 29.5895869, 60.2447031 ], [ 29.5895636, 60.2446746 ], [ 29.5895242, 60.2446522 ], [ 29.5884665, 60.244200299999989 ], [ 29.5880575, 60.2444213 ], [ 29.5872422, 60.2449166 ], [ 29.5871507, 60.244966299999952 ], [ 29.587047, 60.2449737 ], [ 29.5869585, 60.24495550000001 ], [ 29.5868943, 60.244925099999989 ], [ 29.5844579, 60.2438403 ], [ 29.584398908737324, 60.243797627221227 ], [ 29.584241, 60.243887199999989 ], [ 29.584184733160299, 60.243859197108613 ], [ 29.5841802, 60.243862 ], [ 29.5820946, 60.2450426 ], [ 29.5810518, 60.2455986 ], [ 29.5797478, 60.2463328 ], [ 29.5798783, 60.2463805 ], [ 29.5800126, 60.2463954 ], [ 29.5820431, 60.2466206 ], [ 29.5830842, 60.246736099999985 ], [ 29.5838716, 60.2468196 ], [ 29.5844864, 60.246895299999984 ], [ 29.5862154, 60.246994199999982 ] ] ] } },
{ "type": "Feature", "properties": { "block_id": "174" }, "geometry": { "type": "Polygon", "coordinates": [ [ [ 29.5854918, 60.246001600000021 ], [ 29.5862154, 60.246994199999982 ], [ 29.5878964, 60.247001899999987 ], [ 29.5893206, 60.2469633 ], [ 29.5908798, 60.2468843 ], [ 29.5907389, 60.24595049999995 ], [ 29.5878277, 60.246090799999983 ], [ 29.5869897, 60.2460703 ], [ 29.585859, 60.2460016 ], [ 29.5854918, 60.246001600000021 ] ] ] } },
{ "type": "Feature", "properties": { "block_id": "175" }, "geometry": { "type": "Polygon", "coordinates": [ [ [ 29.6031077, 60.252259 ], [ 29.6040887, 60.2529413 ], [ 29.6042355, 60.2537994 ], [ 29.6051544, 60.2537569 ], [ 29.6060522, 60.253715200000023 ], [ 29.6058504, 60.2522643 ], [ 29.6048113, 60.252244 ], [ 29.6039861, 60.2519014 ], [ 29.6031077, 60.252259 ] ] ] } },
{ "type": "Feature", "properties": { "block_id": "176" }, "geometry": { "type": "Polygon", "coordinates": [ [ [ 29.6042355, 60.2537994 ], [ 29.6040887, 60.2529413 ], [ 29.6031077, 60.252259 ], [ 29.6023736, 60.252478 ], [ 29.6026382, 60.2528442 ], [ 29.602749, 60.252997599999972 ], [ 29.6029086, 60.25321850000001 ], [ 29.602987, 60.253607 ], [ 29.602917, 60.2538112 ], [ 29.6029091, 60.2538609 ], [ 29.6042355, 60.2537994 ] ] ] } },
{ "type": "Feature", "properties": { "block_id": "177" }, "geometry": { "type": "Polygon", "coordinates": [ [ [ 29.6203127, 60.250965799999989 ], [ 29.6174373, 60.249919700000014 ], [ 29.6163904, 60.2504841 ], [ 29.616252, 60.2505587 ], [ 29.6160066, 60.2506909 ], [ 29.6174539, 60.2513294 ], [ 29.6185516, 60.251861 ], [ 29.6186637, 60.2518076 ], [ 29.6187834, 60.251753 ], [ 29.6192239, 60.2515536 ], [ 29.6196288, 60.251361 ], [ 29.6200695, 60.251113 ], [ 29.6203127, 60.250965799999989 ] ] ] } },
{ "type": "Feature", "properties": { "block_id": "178" }, "geometry": { "type": "Polygon", "coordinates": [ [ [ 29.6108772, 60.2447427 ], [ 29.6103697, 60.2445328 ], [ 29.6098665, 60.2443167 ], [ 29.6095223, 60.2441635 ], [ 29.6089139, 60.2439108 ], [ 29.6084601, 60.2437279 ], [ 29.6083415, 60.243692099999983 ], [ 29.6073999, 60.2439577 ], [ 29.6071638, 60.2440291 ], [ 29.6068506, 60.2441239 ], [ 29.6064671, 60.2442472 ], [ 29.6062472, 60.2443133 ], [ 29.6059619, 60.244399100000031 ], [ 29.6054653, 60.2445353 ], [ 29.6049708, 60.2446294 ], [ 29.6046019, 60.2447756 ], [ 29.6060166, 60.2453491 ], [ 29.6083007, 60.246284299999985 ], [ 29.6094088, 60.245633 ], [ 29.6108772, 60.2447427 ] ] ] } },
{ "type": "Feature", "properties": { "block_id": "179" }, "geometry": { "type": "Polygon", "coordinates": [ [ [ 29.6071638, 60.2440291 ], [ 29.6073999, 60.2439577 ], [ 29.6083415, 60.243692099999983 ], [ 29.6082983, 60.2435916 ], [ 29.6080167, 60.242935600000024 ], [ 29.6078748, 60.2424053 ], [ 29.6064848, 60.2425387 ], [ 29.6070265, 60.2437406 ], [ 29.6071638, 60.2440291 ] ] ] } },
{ "type": "Feature", "properties": { "block_id": "180" }, "geometry": { "type": "Polygon", "coordinates": [ [ [ 29.597902, 60.2512015 ], [ 29.5975851, 60.2506951 ], [ 29.5973551, 60.2501899 ], [ 29.5972762, 60.2498443 ], [ 29.59688, 60.2487774 ], [ 29.5966851, 60.2487375 ], [ 29.5962995, 60.2484147 ], [ 29.596079, 60.2478131 ], [ 29.59606, 60.2473398 ], [ 29.5962067, 60.2466303 ], [ 29.5949802, 60.246682 ], [ 29.5943843, 60.2466898 ], [ 29.5945349, 60.247494199999977 ], [ 29.5946911, 60.2483497 ], [ 29.5948414, 60.2488827 ], [ 29.5949716, 60.2497004 ], [ 29.5950406, 60.250603699999985 ], [ 29.5952231, 60.2513511 ], [ 29.5956629, 60.251451599999989 ], [ 29.5958299, 60.251517699999944 ], [ 29.5963788, 60.2514536 ], [ 29.5970281, 60.2513588 ], [ 29.597902, 60.2512015 ] ] ] } },
{ "type": "Feature", "properties": { "block_id": "181" }, "geometry": { "type": "Polygon", "coordinates": [ [ [ 29.5972762, 60.2498443 ], [ 29.5973551, 60.2501899 ], [ 29.5975851, 60.2506951 ], [ 29.597902, 60.2512015 ], [ 29.5984153, 60.251112 ], [ 29.5994589, 60.2509465 ], [ 29.5991545, 60.250714299999984 ], [ 29.5989747, 60.250442199999966 ], [ 29.5986712, 60.249833099999982 ], [ 29.5972762, 60.2498443 ] ] ] } },
{ "type": "Feature", "properties": { "block_id": "182" }, "geometry": { "type": "Polygon", "coordinates": [ [ [ 29.59688, 60.2487774 ], [ 29.5972762, 60.2498443 ], [ 29.5986712, 60.249833099999982 ], [ 29.5986956, 60.248760499999989 ], [ 29.5974779, 60.2487609 ], [ 29.59688, 60.2487774 ] ] ] } },
{ "type": "Feature", "properties": { "block_id": "183" }, "geometry": { "type": "Polygon", "coordinates": [ [ [ 29.5962067, 60.2466303 ], [ 29.59606, 60.2473398 ], [ 29.596079, 60.2478131 ], [ 29.5962995, 60.2484147 ], [ 29.5966851, 60.2487375 ], [ 29.59688, 60.2487774 ], [ 29.5974779, 60.2487609 ], [ 29.5976274, 60.2466285 ], [ 29.5962067, 60.2466303 ] ] ] } },
{ "type": "Feature", "properties": { "block_id": "184" }, "geometry": { "type": "Polygon", "coordinates": [ [ [ 29.5838716, 60.2468196 ], [ 29.5832132, 60.247113199999987 ], [ 29.5829107, 60.2472888 ], [ 29.5825336, 60.247500299999984 ], [ 29.5819226, 60.2478538 ], [ 29.5825311, 60.2481322 ], [ 29.583199, 60.2484168 ], [ 29.5839983, 60.2480262 ], [ 29.5848192, 60.2476164 ], [ 29.5849285, 60.2475634 ], [ 29.5850475, 60.2475326 ], [ 29.5855387, 60.24740220000001 ], [ 29.5857867, 60.2473148 ], [ 29.5859795, 60.247216 ], [ 29.5860708, 60.247142 ], [ 29.586094, 60.2470574 ], [ 29.5862154, 60.246994199999982 ], [ 29.5844864, 60.246895299999984 ], [ 29.5838716, 60.2468196 ] ] ] } },
{ "type": "Feature", "properties": { "block_id": "185" }, "geometry": { "type": "Polygon", "coordinates": [ [ [ 29.5976274, 60.2466285 ], [ 29.5976103, 60.2457271 ], [ 29.594088, 60.2458089 ], [ 29.5943843, 60.2466898 ], [ 29.5949802, 60.246682 ], [ 29.5962067, 60.2466303 ], [ 29.5976274, 60.2466285 ] ] ] } },
{ "type": "Feature", "properties": { "block_id": "186" }, "geometry": { "type": "Polygon", "coordinates": [ [ [ 29.5976274, 60.2466285 ], [ 29.5974779, 60.2487609 ], [ 29.5986956, 60.248760499999989 ], [ 29.5992597, 60.2487549 ], [ 29.5993386, 60.2466074 ], [ 29.5976274, 60.2466285 ] ] ] } },
{ "type": "Feature", "properties": { "block_id": "187" }, "geometry": { "type": "Polygon", "coordinates": [ [ [ 29.5993386, 60.2466074 ], [ 29.5992597, 60.2487549 ], [ 29.6014942, 60.248721 ], [ 29.6012633, 60.247486 ], [ 29.6014334, 60.247086099999983 ], [ 29.6016676, 60.2467635 ], [ 29.6014961, 60.246676700000016 ], [ 29.601405, 60.2466374 ], [ 29.6009149, 60.2466255 ], [ 29.6002615, 60.2466155 ], [ 29.5993386, 60.2466074 ] ] ] } },
{ "type": "Feature", "properties": { "block_id": "188" }, "geometry": { "type": "Polygon", "coordinates": [ [ [ 29.5852647, 60.2455601 ], [ 29.5853633, 60.245764599999987 ], [ 29.5854918, 60.246001600000021 ], [ 29.585859, 60.2460016 ], [ 29.5869897, 60.2460703 ], [ 29.5878277, 60.246090799999983 ], [ 29.5907389, 60.24595049999995 ], [ 29.5906092, 60.2450998 ], [ 29.5896367, 60.2451282 ], [ 29.5878688, 60.245245 ], [ 29.5866649, 60.2452766 ], [ 29.585684, 60.2454999 ], [ 29.5852647, 60.2455601 ] ] ] } },
{ "type": "Feature", "properties": { "block_id": "189" }, "geometry": { "type": "Polygon", "coordinates": [ [ [ 29.583199, 60.2484168 ], [ 29.584519, 60.248970399999955 ], [ 29.5858001, 60.249536400000018 ], [ 29.5858772, 60.2494981 ], [ 29.5862364, 60.2493154 ], [ 29.5872871, 60.248755 ], [ 29.587512, 60.2487075 ], [ 29.5909312, 60.2486393 ], [ 29.5913443, 60.248612099999988 ], [ 29.5910707, 60.2477879 ], [ 29.5908798, 60.2468843 ], [ 29.5893206, 60.2469633 ], [ 29.5878964, 60.247001899999987 ], [ 29.5862154, 60.246994199999982 ], [ 29.586094, 60.2470574 ], [ 29.5860708, 60.247142 ], [ 29.5859795, 60.247216 ], [ 29.5857867, 60.2473148 ], [ 29.5855387, 60.24740220000001 ], [ 29.5850475, 60.2475326 ], [ 29.5849285, 60.2475634 ], [ 29.5848192, 60.2476164 ], [ 29.5839983, 60.2480262 ], [ 29.583199, 60.2484168 ] ] ] } },
{ "type": "Feature", "properties": { "block_id": "190" }, "geometry": { "type": "Polygon", "coordinates": [ [ [ 29.5858001, 60.249536400000018 ], [ 29.58649, 60.24989870000001 ], [ 29.5865401, 60.2498684 ], [ 29.5916144, 60.249518399999985 ], [ 29.5914635, 60.249019099999977 ], [ 29.5880671, 60.249249399999989 ], [ 29.5863574, 60.2493622 ], [ 29.5862364, 60.2493154 ], [ 29.5858772, 60.2494981 ], [ 29.5858001, 60.249536400000018 ] ] ] } },
{ "type": "Feature", "properties": { "block_id": "191" }, "geometry": { "type": "Polygon", "coordinates": [ [ [ 29.58649, 60.24989870000001 ], [ 29.5869452, 60.250075 ], [ 29.5870152, 60.2500986 ], [ 29.5875665, 60.2503106 ], [ 29.5899931, 60.2501534 ], [ 29.5917572, 60.250044199999969 ], [ 29.5916144, 60.249518399999985 ], [ 29.5865401, 60.2498684 ], [ 29.58649, 60.24989870000001 ] ] ] } },
{ "type": "Feature", "properties": { "block_id": "192" }, "geometry": { "type": "Polygon", "coordinates": [ [ [ 29.5986956, 60.248760499999989 ], [ 29.5986712, 60.249833099999982 ], [ 29.5989747, 60.250442199999966 ], [ 29.5991545, 60.250714299999984 ], [ 29.5994589, 60.2509465 ], [ 29.6001833, 60.2507946 ], [ 29.6001031, 60.2506655 ], [ 29.6001205, 60.2504627 ], [ 29.6003452, 60.2501095 ], [ 29.6007709, 60.249631799999989 ], [ 29.6010994, 60.2493049 ], [ 29.6014126, 60.24897170000002 ], [ 29.6014669, 60.2488835 ], [ 29.6014942, 60.248721 ], [ 29.5992597, 60.2487549 ], [ 29.5986956, 60.248760499999989 ] ] ] } },
{ "type": "Feature", "properties": { "block_id": "193" }, "geometry": { "type": "Polygon", "coordinates": [ [ [ 29.604366, 60.2517052 ], [ 29.6026102, 60.2509861 ], [ 29.6021215, 60.2507228 ], [ 29.6019189, 60.250606 ], [ 29.6018913, 60.2505283 ], [ 29.6019247, 60.2504194 ], [ 29.602074, 60.2502025 ], [ 29.6030448, 60.2492305 ], [ 29.6031821, 60.2487197 ], [ 29.6022982, 60.2486979 ], [ 29.6014942, 60.248721 ], [ 29.6014669, 60.2488835 ], [ 29.6014126, 60.24897170000002 ], [ 29.6010994, 60.2493049 ], [ 29.6007709, 60.249631799999989 ], [ 29.6003452, 60.2501095 ], [ 29.6001205, 60.2504627 ], [ 29.6001031, 60.2506655 ], [ 29.6001833, 60.2507946 ], [ 29.6005503, 60.2511297 ], [ 29.6009915, 60.25135 ], [ 29.6012747, 60.2514822 ], [ 29.601618, 60.2516789 ], [ 29.6019023, 60.2518881 ], [ 29.6022397, 60.2522491 ], [ 29.6023736, 60.252478 ], [ 29.6031077, 60.252259 ], [ 29.6039861, 60.2519014 ], [ 29.604366, 60.2517052 ] ] ] } },
{ "type": "Feature", "properties": { "block_id": "194" }, "geometry": { "type": "Polygon", "coordinates": [ [ [ 29.5945349, 60.247494199999977 ], [ 29.5943843, 60.2466898 ], [ 29.5908798, 60.2468843 ], [ 29.5910707, 60.2477879 ], [ 29.593261, 60.2476108 ], [ 29.5945349, 60.247494199999977 ] ] ] } },
{ "type": "Feature", "properties": { "block_id": "195" }, "geometry": { "type": "Polygon", "coordinates": [ [ [ 29.5948414, 60.2488827 ], [ 29.5946911, 60.2483497 ], [ 29.5945349, 60.247494199999977 ], [ 29.593261, 60.2476108 ], [ 29.5910707, 60.2477879 ], [ 29.5913443, 60.248612099999988 ], [ 29.5914635, 60.249019099999977 ], [ 29.5916144, 60.249518399999985 ], [ 29.5917572, 60.250044199999969 ], [ 29.5918916, 60.2505711 ], [ 29.5920334, 60.2510892 ], [ 29.5921587, 60.251587499999985 ], [ 29.5923018, 60.2521507 ], [ 29.5923475, 60.2523376 ], [ 29.5928226, 60.2532213 ], [ 29.5930367, 60.253618199999984 ], [ 29.5930287, 60.2537423 ], [ 29.593024, 60.2538169 ], [ 29.59304, 60.253914 ], [ 29.5930882, 60.254043 ], [ 29.5934389, 60.2545526 ], [ 29.5935557, 60.25472220000001 ], [ 29.5937295, 60.2549748 ], [ 29.5942979, 60.2547988 ], [ 29.5952469, 60.25458960000001 ], [ 29.5954288, 60.2545511 ], [ 29.5953416, 60.2544554 ], [ 29.5951292, 60.2542063 ], [ 29.5951234, 60.2541363 ], [ 29.5951635, 60.254033299999989 ], [ 29.5951719, 60.2539192 ], [ 29.5950314, 60.253381699999984 ], [ 29.5952458, 60.2527738 ], [ 29.5952612, 60.2527381 ], [ 29.5955867, 60.2519836 ], [ 29.5958299, 60.251517699999944 ], [ 29.5956629, 60.251451599999989 ], [ 29.5952231, 60.2513511 ], [ 29.5950406, 60.250603699999985 ], [ 29.5949716, 60.2497004 ], [ 29.5948414, 60.2488827 ] ] ] } },
{ "type": "Feature", "properties": { "block_id": "196" }, "geometry": { "type": "Polygon", "coordinates": [ [ [ 29.5540983, 60.2484723 ], [ 29.554624, 60.2482427 ], [ 29.5548257, 60.2481851 ], [ 29.5571291, 60.2474996 ], [ 29.5584766, 60.2470815 ], [ 29.5621139, 60.2459695 ], [ 29.5620505, 60.2459273 ], [ 29.5617914, 60.245822399999987 ], [ 29.5606751, 60.2455961 ], [ 29.5601926, 60.2454362 ], [ 29.5598757, 60.2452891 ], [ 29.5595088, 60.2451088 ], [ 29.5591743, 60.24495450000002 ], [ 29.5586617, 60.2447829 ], [ 29.5585853, 60.2447573 ], [ 29.5580254, 60.2445802 ], [ 29.5578254, 60.2445076 ], [ 29.5576753, 60.2444459 ], [ 29.557326, 60.24429819999996 ], [ 29.5569298, 60.244114599999989 ], [ 29.5565085, 60.243934 ], [ 29.5561503, 60.243824399999966 ], [ 29.555551, 60.24372349999998 ], [ 29.555421381135318, 60.243708185753803 ], [ 29.5545186, 60.243793 ], [ 29.554088, 60.2450711 ], [ 29.5519821, 60.246258399999981 ], [ 29.549565, 60.2481985 ], [ 29.5518241338515, 60.248849780626891 ], [ 29.5528452, 60.248874200000017 ], [ 29.5531746, 60.2488281 ], [ 29.553615, 60.2486666 ], [ 29.5540983, 60.2484723 ] ] ] } },
{ "type": "Feature", "properties": { "block_id": "197" }, "geometry": { "type": "Polygon", "coordinates": [ [ [ 29.5584766, 60.2470815 ], [ 29.5571291, 60.2474996 ], [ 29.5548257, 60.2481851 ], [ 29.554624, 60.2482427 ], [ 29.5540983, 60.2484723 ], [ 29.553615, 60.2486666 ], [ 29.5531746, 60.2488281 ], [ 29.5528452, 60.248874200000017 ], [ 29.5518241338515, 60.248849780626891 ], [ 29.5602917, 60.251290299999987 ], [ 29.566440225459459, 60.253389111080089 ], [ 29.5673882, 60.252858600000025 ], [ 29.5679441, 60.2525405 ], [ 29.5681523, 60.2524214 ], [ 29.5688878, 60.251958 ], [ 29.5701957, 60.251210299999975 ], [ 29.5702202, 60.2511926 ], [ 29.5709057, 60.2507374 ], [ 29.5713874, 60.2503973 ], [ 29.5727474, 60.2494866 ], [ 29.5735061, 60.24903110000001 ], [ 29.5738615, 60.24883929999995 ], [ 29.5743976, 60.2485947 ], [ 29.5755037, 60.2481544 ], [ 29.5762709, 60.247793499999986 ], [ 29.5776834, 60.2471373 ], [ 29.5780317, 60.2469335 ], [ 29.5782593, 60.2468148 ], [ 29.5781055, 60.2468553 ], [ 29.5779049, 60.2468924 ], [ 29.5778727, 60.2469051 ], [ 29.5775006, 60.2470627 ], [ 29.5767531, 60.247372899999988 ], [ 29.5762188, 60.2475841 ], [ 29.5760187, 60.2476384 ], [ 29.5758672, 60.2476407 ], [ 29.5757076, 60.2476282 ], [ 29.5752581, 60.2475337 ], [ 29.5750978, 60.2475017 ], [ 29.5749856, 60.2474908 ], [ 29.5748587, 60.2474954 ], [ 29.5747285, 60.247519 ], [ 29.5746179, 60.2475589 ], [ 29.5744975, 60.2476181 ], [ 29.5742753, 60.247722299999985 ], [ 29.5740387, 60.2478345 ], [ 29.5737072, 60.2479124 ], [ 29.5731141, 60.2480294 ], [ 29.5727815, 60.2481392 ], [ 29.5725048, 60.2482521 ], [ 29.5717583, 60.248694399999984 ], [ 29.5712679, 60.248976 ], [ 29.570804, 60.2492109 ], [ 29.570439169830124, 60.249383666873818 ], [ 29.5702841, 60.249457099999979 ], [ 29.5698976, 60.2495961 ], [ 29.5694438, 60.2496823 ], [ 29.5689626, 60.2497112 ], [ 29.5686106, 60.249705200000015 ], [ 29.5682525, 60.2496788 ], [ 29.5678552, 60.2496328 ], [ 29.5676627, 60.2496007 ], [ 29.5671308, 60.2494791 ], [ 29.5667093, 60.2493828 ], [ 29.5663805, 60.249307599999987 ], [ 29.5658712, 60.249142899999967 ], [ 29.5655331, 60.2489909 ], [ 29.5649572, 60.2490158 ], [ 29.5646915, 60.2490357 ], [ 29.5640782, 60.2491075 ], [ 29.5631736, 60.2492683 ], [ 29.5624417, 60.249330899999968 ], [ 29.5623783, 60.249311299999945 ], [ 29.5619022, 60.2496718 ], [ 29.5614758, 60.24994130000001 ], [ 29.5613095, 60.2499759 ], [ 29.5611823, 60.2499679 ], [ 29.5609769, 60.2498761 ], [ 29.5607686, 60.2497659 ], [ 29.5605726, 60.249664499999987 ], [ 29.5600673, 60.2494109 ], [ 29.5598687, 60.2493175 ], [ 29.5597962, 60.2492002 ], [ 29.5600917, 60.2489762 ], [ 29.5608652, 60.2485577 ], [ 29.5608128, 60.2485118 ], [ 29.5597461, 60.2479352 ], [ 29.5591557, 60.247599899999955 ], [ 29.5588629, 60.2473862 ], [ 29.5584766, 60.2470815 ] ] ] } },
{ "type": "Feature", "properties": { "block_id": "198" }, "geometry": { "type": "Polygon", "coordinates": [ [ [ 29.5621139, 60.2459695 ], [ 29.5584766, 60.2470815 ], [ 29.5588629, 60.2473862 ], [ 29.5591557, 60.247599899999955 ], [ 29.5597461, 60.2479352 ], [ 29.5608128, 60.2485118 ], [ 29.5610748, 60.2483685 ], [ 29.5619478, 60.2480113 ], [ 29.5628424, 60.247664 ], [ 29.5632878, 60.2475216 ], [ 29.5636095, 60.247499199999957 ], [ 29.5640708, 60.2473824 ], [ 29.5641645, 60.247358 ], [ 29.5636796, 60.247003 ], [ 29.562994, 60.2465545 ], [ 29.562908, 60.2464982 ], [ 29.5621139, 60.2459695 ] ] ] } },
{ "type": "Feature", "properties": { "block_id": "199" }, "geometry": { "type": "Polygon", "coordinates": [ [ [ 29.5767531, 60.247372899999988 ], [ 29.5762048, 60.2470115 ], [ 29.5761803, 60.2468637 ], [ 29.5761511, 60.2466471 ], [ 29.576299409515972, 60.246388211433782 ], [ 29.5744702, 60.2468459 ], [ 29.5736342, 60.247415799999942 ], [ 29.5711324, 60.248677399999941 ], [ 29.5695387, 60.2487313 ], [ 29.5675216, 60.247866099999989 ], [ 29.5654148, 60.247399299999984 ], [ 29.5652656, 60.2472798 ], [ 29.5639278, 60.2451905 ], [ 29.5616293, 60.244474799999985 ], [ 29.5572316, 60.243538099999988 ], [ 29.555421381135318, 60.243708185753803 ], [ 29.555551, 60.24372349999998 ], [ 29.5561503, 60.243824399999966 ], [ 29.5565085, 60.243934 ], [ 29.5569298, 60.244114599999989 ], [ 29.557326, 60.24429819999996 ], [ 29.5576753, 60.2444459 ], [ 29.5578254, 60.2445076 ], [ 29.5580254, 60.2445802 ], [ 29.5585853, 60.2447573 ], [ 29.5586617, 60.2447829 ], [ 29.5591743, 60.24495450000002 ], [ 29.5595088, 60.2451088 ], [ 29.5598757, 60.2452891 ], [ 29.5601926, 60.2454362 ], [ 29.5606751, 60.2455961 ], [ 29.5617914, 60.245822399999987 ], [ 29.5620505, 60.2459273 ], [ 29.5621139, 60.2459695 ], [ 29.562908, 60.2464982 ], [ 29.562994, 60.2465545 ], [ 29.5636796, 60.247003 ], [ 29.5641645, 60.247358 ], [ 29.564492, 60.247644399999942 ], [ 29.5645678, 60.2477422 ], [ 29.5645852, 60.2477645 ], [ 29.56458843551594, 60.247768706173055 ], [ 29.5646117, 60.2477605 ], [ 29.5654065, 60.247496299999959 ], [ 29.5678689, 60.2480782 ], [ 29.5695207, 60.2488619 ], [ 29.5702394, 60.249199399999988 ], [ 29.5703963, 60.249319 ], [ 29.570439169830124, 60.249383666873818 ], [ 29.570804, 60.2492109 ], [ 29.5712679, 60.248976 ], [ 29.5717583, 60.248694399999984 ], [ 29.5725048, 60.2482521 ], [ 29.5727815, 60.2481392 ], [ 29.5731141, 60.2480294 ], [ 29.5737072, 60.2479124 ], [ 29.5740387, 60.2478345 ], [ 29.5742753, 60.247722299999985 ], [ 29.5744975, 60.2476181 ], [ 29.5746179, 60.2475589 ], [ 29.5747285, 60.247519 ], [ 29.5748587, 60.2474954 ], [ 29.5749856, 60.2474908 ], [ 29.5750978, 60.2475017 ], [ 29.5752581, 60.2475337 ], [ 29.5757076, 60.2476282 ], [ 29.5758672, 60.2476407 ], [ 29.5760187, 60.2476384 ], [ 29.5762188, 60.2475841 ], [ 29.5767531, 60.247372899999988 ] ] ] } },
{ "type": "Feature", "properties": { "block_id": "200" }, "geometry": { "type": "Polygon", "coordinates": [ [ [ 29.576299409515972, 60.246388211433782 ], [ 29.5761511, 60.2466471 ], [ 29.5761803, 60.2468637 ], [ 29.5762048, 60.2470115 ], [ 29.5767531, 60.247372899999988 ], [ 29.5775006, 60.2470627 ], [ 29.5778727, 60.2469051 ], [ 29.5779049, 60.2468924 ], [ 29.5781055, 60.2468553 ], [ 29.5782593, 60.2468148 ], [ 29.578684800928901, 60.246571894117935 ], [ 29.5783899, 60.2464922 ], [ 29.5769165, 60.2462338 ], [ 29.576299409515972, 60.246388211433782 ] ] ] } },
{ "type": "Feature", "properties": { "block_id": "201" }, "geometry": { "type": "Polygon", "coordinates": [ [ [ 29.6928326, 60.2306431 ], [ 29.6927147, 60.2307503 ], [ 29.6925446, 60.2308997 ], [ 29.6923246, 60.2310611 ], [ 29.6919077, 60.2313111 ], [ 29.6914234, 60.2315208 ], [ 29.6907429, 60.2317856 ], [ 29.6903702, 60.231925400000016 ], [ 29.6902179, 60.2319767 ], [ 29.6901088, 60.2320311 ], [ 29.6900088, 60.232159599999967 ], [ 29.6900247, 60.232330200000014 ], [ 29.6901007, 60.2324819 ], [ 29.6901926, 60.2326066 ], [ 29.6911929, 60.233543 ], [ 29.6924985, 60.2347653 ], [ 29.6937161, 60.2356897 ], [ 29.6943859, 60.236117199999988 ], [ 29.694617, 60.2362574 ], [ 29.694758, 60.2363546 ], [ 29.6951015, 60.2366957 ], [ 29.695254, 60.236900099999986 ], [ 29.695277, 60.2369309 ], [ 29.6953709, 60.2370569 ], [ 29.695432, 60.237194299999985 ], [ 29.6955073, 60.2372984 ], [ 29.6955689, 60.2373835 ], [ 29.6955907, 60.237413599999989 ], [ 29.6956966, 60.23756 ], [ 29.6957839, 60.2376804 ], [ 29.6958015, 60.237704699999981 ], [ 29.6960052, 60.237975600000013 ], [ 29.6960905, 60.2380178 ], [ 29.6963882, 60.2380511 ], [ 29.6972287, 60.2381277 ], [ 29.6978113, 60.238167200000021 ], [ 29.6978825, 60.2380296 ], [ 29.6979691, 60.237973899999986 ], [ 29.6980964, 60.2379516 ], [ 29.6982238, 60.2379293 ], [ 29.6985111, 60.237879099999986 ], [ 29.6985783, 60.2378673 ], [ 29.6987984, 60.237828800000017 ], [ 29.6989381, 60.2378043 ], [ 29.6989681, 60.237799 ], [ 29.6990262, 60.237778800000022 ], [ 29.6990973, 60.2377302 ], [ 29.6991697, 60.2375411 ], [ 29.6991205, 60.237375 ], [ 29.6995966, 60.2372366 ], [ 29.7000555, 60.2372699 ], [ 29.7011553, 60.2371355 ], [ 29.6996546, 60.2363905 ], [ 29.6994744, 60.2363011 ], [ 29.6975795, 60.2366446 ], [ 29.6966747, 60.2359297 ], [ 29.6952496, 60.2347424 ], [ 29.6972292, 60.233766 ], [ 29.6984065, 60.2330756 ], [ 29.6986725, 60.2328065 ], [ 29.698916513788692, 60.23275898051773 ], [ 29.6986177, 60.2326572 ], [ 29.6977054, 60.2323533 ], [ 29.6961428, 60.231793099999969 ], [ 29.6928326, 60.2306431 ] ] ] } },
{ "type": "Feature", "properties": { "block_id": "202" }, "geometry": { "type": "Polygon", "coordinates": [ [ [ 29.6901088, 60.2320311 ], [ 29.6902179, 60.2319767 ], [ 29.6903702, 60.231925400000016 ], [ 29.6907429, 60.2317856 ], [ 29.6914234, 60.2315208 ], [ 29.6919077, 60.2313111 ], [ 29.6923246, 60.2310611 ], [ 29.6925446, 60.2308997 ], [ 29.6927147, 60.2307503 ], [ 29.6928326, 60.2306431 ], [ 29.6924074, 60.230492 ], [ 29.6914963, 60.230161 ], [ 29.6911825, 60.2300571 ], [ 29.6902454, 60.2305983 ], [ 29.688827, 60.2311715 ], [ 29.6869073, 60.2320328 ], [ 29.6866582, 60.2322228 ], [ 29.6862581, 60.23265270000001 ], [ 29.6859592, 60.2330773 ], [ 29.6858365, 60.2335894 ], [ 29.6858658, 60.2340441 ], [ 29.6858524, 60.2344599 ], [ 29.6858684, 60.234444399999987 ], [ 29.6863314, 60.2339367 ], [ 29.6863373, 60.233389399999986 ], [ 29.6863859, 60.2329202 ], [ 29.6865787, 60.232631499999989 ], [ 29.6867951, 60.2324718 ], [ 29.687086, 60.2323487 ], [ 29.6873449, 60.2322639 ], [ 29.6877032, 60.2322169 ], [ 29.6901088, 60.2320311 ] ] ] } },
{ "type": "Feature", "properties": { "block_id": "203" }, "geometry": { "type": "Polygon", "coordinates": [ [ [ 29.6937161, 60.2356897 ], [ 29.6924985, 60.2347653 ], [ 29.6911929, 60.233543 ], [ 29.6901926, 60.2326066 ], [ 29.6901007, 60.2324819 ], [ 29.6900247, 60.232330200000014 ], [ 29.6900088, 60.232159599999967 ], [ 29.6901088, 60.2320311 ], [ 29.6877032, 60.2322169 ], [ 29.6873449, 60.2322639 ], [ 29.687086, 60.2323487 ], [ 29.6867951, 60.2324718 ], [ 29.6865787, 60.232631499999989 ], [ 29.6863859, 60.2329202 ], [ 29.6863373, 60.233389399999986 ], [ 29.6863314, 60.2339367 ], [ 29.6858684, 60.234444399999987 ], [ 29.6858524, 60.2344599 ], [ 29.6858658, 60.2340441 ], [ 29.6858365, 60.2335894 ], [ 29.6859592, 60.2330773 ], [ 29.6862581, 60.23265270000001 ], [ 29.6866582, 60.2322228 ], [ 29.6869073, 60.2320328 ], [ 29.688827, 60.2311715 ], [ 29.6902454, 60.2305983 ], [ 29.6911825, 60.2300571 ], [ 29.6909882, 60.2299942 ], [ 29.6906816, 60.22989 ], [ 29.6903969, 60.2298098 ], [ 29.6902967, 60.2297815 ], [ 29.6898693, 60.2296526 ], [ 29.6895819, 60.229570399999979 ], [ 29.6888392, 60.2293625 ], [ 29.6876702, 60.2290695 ], [ 29.6867153, 60.2288663 ], [ 29.6852191, 60.228637500000012 ], [ 29.6840155, 60.228479899999989 ], [ 29.6830417, 60.2283885 ], [ 29.6820175, 60.228355399999984 ], [ 29.6797658, 60.2283307 ], [ 29.6789937, 60.2283222 ], [ 29.6788323, 60.228318199999983 ], [ 29.6784401, 60.2283152 ], [ 29.6782739, 60.2283146 ], [ 29.6765505, 60.2283237 ], [ 29.675691, 60.228329 ], [ 29.6732765, 60.2283426 ], [ 29.6730373, 60.228343899999985 ], [ 29.6730391, 60.2284055 ], [ 29.6730512, 60.2288272 ], [ 29.6730576, 60.2290056 ], [ 29.67308, 60.2298244 ], [ 29.6730821, 60.229902 ], [ 29.6731387, 60.230070499999982 ], [ 29.6732559, 60.230219 ], [ 29.6735956, 60.2305947 ], [ 29.6739227, 60.230891200000023 ], [ 29.6744804, 60.2314009 ], [ 29.6747067, 60.2316537 ], [ 29.6747231, 60.2317651 ], [ 29.6747431, 60.2319005 ], [ 29.674638, 60.2320911 ], [ 29.6738493, 60.2325615 ], [ 29.6736089, 60.232736199999984 ], [ 29.6735645, 60.2329289 ], [ 29.6736817, 60.2330974 ], [ 29.6740494, 60.233408399999973 ], [ 29.674251, 60.233607 ], [ 29.6744495, 60.233807699999979 ], [ 29.6745344, 60.233978200000017 ], [ 29.674498, 60.2341748 ], [ 29.6742838, 60.2343574 ], [ 29.6737935, 60.234625499999986 ], [ 29.6736304, 60.2347072 ], [ 29.673425, 60.234791499999986 ], [ 29.6732113, 60.2348408 ], [ 29.6730337, 60.2348662 ], [ 29.6727271, 60.2349205 ], [ 29.6725258, 60.2349738 ], [ 29.672042319454842, 60.23514645612164 ], [ 29.6739031, 60.2370515 ], [ 29.675284516089519, 60.236989037672714 ], [ 29.6757076, 60.236962 ], [ 29.675941250876356, 60.236961361993266 ], [ 29.6764052, 60.2369444 ], [ 29.677561, 60.2369184 ], [ 29.6777882, 60.2369425 ], [ 29.678136, 60.237042499999966 ], [ 29.6784084, 60.2371563 ], [ 29.6786766, 60.2373028 ], [ 29.678839, 60.237461900000014 ], [ 29.6789209, 60.237603 ], [ 29.6790372, 60.2376992 ], [ 29.679141116876032, 60.237744849207303 ], [ 29.679172712170157, 60.237752013274438 ], [ 29.6793301, 60.2377762 ], [ 29.6794722, 60.2377741 ], [ 29.679671723275629, 60.237758810254036 ], [ 29.6797881, 60.2377427 ], [ 29.6803729, 60.237680599999983 ], [ 29.6805612, 60.237662499999949 ], [ 29.6806911, 60.2377211 ], [ 29.681005, 60.2381852 ], [ 29.6813857, 60.238553099999983 ], [ 29.681517, 60.2387589 ], [ 29.6815752, 60.238931399999984 ], [ 29.681615775633002, 60.239097946752196 ], [ 29.6818582, 60.239362 ], [ 29.682429, 60.2399838 ], [ 29.6831672, 60.240469399999967 ], [ 29.6926497, 60.2400866 ], [ 29.693419279104479, 60.240056389227476 ], [ 29.6934208, 60.240042 ], [ 29.6937485, 60.239498499999968 ], [ 29.693816, 60.2393279 ], [ 29.6937463, 60.2388859 ], [ 29.6937014, 60.2387012 ], [ 29.693529, 60.2385344 ], [ 29.6934689, 60.2384543 ], [ 29.6933573, 60.238316 ], [ 29.6933117, 60.2381588 ], [ 29.6933708, 60.238044400000014 ], [ 29.6934421, 60.2379549 ], [ 29.693521, 60.2378527 ], [ 29.6935049, 60.2377262 ], [ 29.6935092, 60.237652699999984 ], [ 29.6936082, 60.2376223 ], [ 29.693985, 60.2377195 ], [ 29.6950859, 60.2378625 ], [ 29.6953358, 60.2379238 ], [ 29.6957365, 60.2379792 ], [ 29.6960052, 60.237975600000013 ], [ 29.6958015, 60.237704699999981 ], [ 29.6957839, 60.2376804 ], [ 29.6956966, 60.23756 ], [ 29.6955907, 60.237413599999989 ], [ 29.6955689, 60.2373835 ], [ 29.6955073, 60.2372984 ], [ 29.695432, 60.237194299999985 ], [ 29.6953709, 60.2370569 ], [ 29.695277, 60.2369309 ], [ 29.695254, 60.236900099999986 ], [ 29.6951015, 60.2366957 ], [ 29.694758, 60.2363546 ], [ 29.694617, 60.2362574 ], [ 29.6943859, 60.236117199999988 ], [ 29.6937161, 60.2356897 ] ] ] } },
{ "type": "Feature", "properties": { "block_id": "204" }, "geometry": { "type": "Polygon", "coordinates": [ [ [ 29.681615775633002, 60.239097946752196 ], [ 29.6815752, 60.238931399999984 ], [ 29.681517, 60.2387589 ], [ 29.6813857, 60.238553099999983 ], [ 29.681005, 60.2381852 ], [ 29.6806911, 60.2377211 ], [ 29.6805612, 60.237662499999949 ], [ 29.6803729, 60.237680599999983 ], [ 29.6797881, 60.2377427 ], [ 29.679671723275629, 60.237758810254036 ], [ 29.680002, 60.2377335 ], [ 29.6801999, 60.2380225 ], [ 29.6802592, 60.2381092 ], [ 29.6808386, 60.2382514 ], [ 29.681615775633002, 60.239097946752196 ] ] ] } },
{ "type": "Feature", "properties": { "block_id": "205" }, "geometry": { "type": "Polygon", "coordinates": [ [ [ 29.6099208, 60.243233 ], [ 29.6096199, 60.24297320000003 ], [ 29.6095437, 60.242890099999983 ], [ 29.6094811, 60.242690399999987 ], [ 29.6096599, 60.2422982 ], [ 29.6096014, 60.2422442 ], [ 29.6094374, 60.2422586 ], [ 29.6078748, 60.2424053 ], [ 29.6080167, 60.242935600000024 ], [ 29.6082983, 60.2435916 ], [ 29.6083415, 60.243692099999983 ], [ 29.60869, 60.2435755 ], [ 29.6091939, 60.2434361 ], [ 29.6099208, 60.243233 ] ] ] } },
{ "type": "Feature", "properties": { "block_id": "206" }, "geometry": { "type": "Polygon", "coordinates": [ [ [ 29.6072421, 60.2409035 ], [ 29.6058757, 60.2410448 ], [ 29.6064848, 60.2425387 ], [ 29.6078748, 60.2424053 ], [ 29.607644, 60.2418267 ], [ 29.6072421, 60.2409035 ] ] ] } },
{ "type": "Feature", "properties": { "block_id": "207" }, "geometry": { "type": "Polygon", "coordinates": [ [ [ 29.6058757, 60.2410448 ], [ 29.6047315, 60.2411835 ], [ 29.6053923, 60.242664499999982 ], [ 29.6064848, 60.2425387 ], [ 29.6058757, 60.2410448 ] ] ] } },
{ "type": "Feature", "properties": { "block_id": "208" }, "geometry": { "type": "Polygon", "coordinates": [ [ [ 29.6047315, 60.2411835 ], [ 29.6035106, 60.2413116 ], [ 29.6037788, 60.2419772 ], [ 29.6041541, 60.2427941 ], [ 29.6053923, 60.242664499999982 ], [ 29.6047315, 60.2411835 ] ] ] } },
{ "type": "Feature", "properties": { "block_id": "209" }, "geometry": { "type": "Polygon", "coordinates": [ [ [ 29.6035106, 60.2413116 ], [ 29.6022928, 60.2414234 ], [ 29.6026148, 60.2422009 ], [ 29.6029094, 60.2429002 ], [ 29.6041541, 60.2427941 ], [ 29.6037788, 60.2419772 ], [ 29.6035106, 60.2413116 ] ] ] } },
{ "type": "Feature", "properties": { "block_id": "210" }, "geometry": { "type": "Polygon", "coordinates": [ [ [ 29.6022928, 60.2414234 ], [ 29.6010353, 60.2415645 ], [ 29.6016699, 60.24302740000001 ], [ 29.6029094, 60.2429002 ], [ 29.6026148, 60.2422009 ], [ 29.6022928, 60.2414234 ] ] ] } },
{ "type": "Feature", "properties": { "block_id": "211" }, "geometry": { "type": "Polygon", "coordinates": [ [ [ 29.6010353, 60.2415645 ], [ 29.599758, 60.2416737 ], [ 29.6004244, 60.243185199999985 ], [ 29.6016699, 60.24302740000001 ], [ 29.6010353, 60.2415645 ] ] ] } },
{ "type": "Feature", "properties": { "block_id": "212" }, "geometry": { "type": "Polygon", "coordinates": [ [ [ 29.6236023, 60.2391507 ], [ 29.625096, 60.2390861 ], [ 29.6260986, 60.2388978 ], [ 29.6270263, 60.2389641 ], [ 29.6285961, 60.239117699999987 ], [ 29.6291007, 60.239219 ], [ 29.6294551, 60.239209 ], [ 29.629778, 60.2391522 ], [ 29.6300849, 60.2391437 ], [ 29.6304979, 60.2391322 ], [ 29.630841, 60.2390721 ], [ 29.6313711, 60.2393157 ], [ 29.6319273, 60.2395651 ], [ 29.6320175, 60.239529199999986 ], [ 29.6326528, 60.2392726 ], [ 29.6337571, 60.2388508 ], [ 29.6331664, 60.2385142 ], [ 29.6329014, 60.238041699999989 ], [ 29.6324246, 60.2373405 ], [ 29.6321588, 60.2369994 ], [ 29.6319933, 60.2368064 ], [ 29.6317542, 60.2366652 ], [ 29.6312952, 60.2363534 ], [ 29.6304346, 60.235762699999988 ], [ 29.629872, 60.2353766 ], [ 29.6279693, 60.235973799999947 ], [ 29.6264295, 60.23647170000001 ], [ 29.6248884, 60.23695110000002 ], [ 29.624660620543871, 60.237028250092102 ], [ 29.623694703952577, 60.237434823859807 ], [ 29.6237682, 60.2375463 ], [ 29.6239151, 60.23776920000001 ], [ 29.6240422, 60.238137399999957 ], [ 29.6240446, 60.2382544 ], [ 29.6240497, 60.238509300000018 ], [ 29.6239286, 60.238852399999985 ], [ 29.6236023, 60.2391507 ] ] ] } },
{ "type": "Feature", "properties": { "block_id": "213" }, "geometry": { "type": "Polygon", "coordinates": [ [ [ 29.6260986, 60.2388978 ], [ 29.625096, 60.2390861 ], [ 29.6236023, 60.2391507 ], [ 29.6238969, 60.2392568 ], [ 29.6241839, 60.2394623 ], [ 29.6243901, 60.2396921 ], [ 29.6243948, 60.2398015 ], [ 29.6248325, 60.2401426 ], [ 29.625718, 60.2409884 ], [ 29.6257617, 60.240977 ], [ 29.6278555, 60.240126 ], [ 29.6287917, 60.2407514 ], [ 29.6264949, 60.2416193 ], [ 29.6264453, 60.2416297 ], [ 29.6267222, 60.241747599999989 ], [ 29.6280627, 60.2417109 ], [ 29.6285045, 60.241660899999985 ], [ 29.6287387, 60.2416318 ], [ 29.6297303, 60.241362599999981 ], [ 29.6325466, 60.2401756 ], [ 29.6328104, 60.2400772 ], [ 29.6327436, 60.240037099999988 ], [ 29.6319273, 60.2395651 ], [ 29.6313711, 60.2393157 ], [ 29.630841, 60.2390721 ], [ 29.6304979, 60.2391322 ], [ 29.6300849, 60.2391437 ], [ 29.629778, 60.2391522 ], [ 29.6294551, 60.239209 ], [ 29.6291007, 60.239219 ], [ 29.6285961, 60.239117699999987 ], [ 29.6270263, 60.2389641 ], [ 29.6260986, 60.2388978 ] ] ] } },
{ "type": "Feature", "properties": { "block_id": "214" }, "geometry": { "type": "Polygon", "coordinates": [ [ [ 29.7083103, 60.199736 ], [ 29.7087146, 60.199665 ], [ 29.7089043, 60.199631599999989 ], [ 29.7099325, 60.1994494 ], [ 29.710025, 60.199433 ], [ 29.7100672, 60.199422199999972 ], [ 29.7100968, 60.1994146 ], [ 29.7102794, 60.199368 ], [ 29.7103947, 60.1993192 ], [ 29.7104905, 60.1992482 ], [ 29.7107766, 60.198922299999985 ], [ 29.7108986, 60.198796399999985 ], [ 29.7111387, 60.1986294 ], [ 29.7115339, 60.1983958 ], [ 29.7116166, 60.198346899999976 ], [ 29.711826, 60.1982231 ], [ 29.7121911, 60.1980222 ], [ 29.7125609, 60.197821500000011 ], [ 29.7126401, 60.1977837 ], [ 29.7130283, 60.1976015 ], [ 29.7133926, 60.197482 ], [ 29.714169, 60.197318 ], [ 29.7145997, 60.197268499999943 ], [ 29.7150119, 60.1972533 ], [ 29.7149971, 60.1966117 ], [ 29.7149867, 60.1962104 ], [ 29.7150537, 60.1960291 ], [ 29.7150813, 60.1959845 ], [ 29.7151724, 60.1958373 ], [ 29.7153676, 60.1956265 ], [ 29.71544, 60.1955159 ], [ 29.7154373, 60.1954119 ], [ 29.7153944, 60.1953199 ], [ 29.7151578, 60.195096 ], [ 29.7143501, 60.1943398 ], [ 29.7142169, 60.1942306 ], [ 29.7141836, 60.1941568 ], [ 29.7139725, 60.1941629 ], [ 29.7138105, 60.194176 ], [ 29.7134871, 60.1942193 ], [ 29.7121257, 60.194401700000014 ], [ 29.7119617, 60.194423699999987 ], [ 29.7113127, 60.1945111 ], [ 29.710318, 60.1946451 ], [ 29.7102415, 60.194663799999958 ], [ 29.7095732, 60.194883 ], [ 29.7092645, 60.1950383 ], [ 29.7090684, 60.1951506 ], [ 29.7088632, 60.195318499999985 ], [ 29.7083725, 60.195739199999984 ], [ 29.7083634, 60.195747 ], [ 29.7082801, 60.195818899999978 ], [ 29.7076422, 60.1963664 ], [ 29.7075739, 60.196425 ], [ 29.7073637, 60.1965051 ], [ 29.7069753, 60.1966071 ], [ 29.7062674, 60.1969116 ], [ 29.7061485, 60.1969627 ], [ 29.7060875, 60.1969889 ], [ 29.7060341, 60.1970118 ], [ 29.7058612, 60.1970276 ], [ 29.7058633, 60.1972065 ], [ 29.7057665, 60.1977299 ], [ 29.7056971, 60.1981051 ], [ 29.7056848, 60.198171699999989 ], [ 29.7055886, 60.198691900000014 ], [ 29.7055653, 60.1988664 ], [ 29.7055696, 60.199036 ], [ 29.705618, 60.1992013 ], [ 29.7056416, 60.1992554 ], [ 29.7057458, 60.199494 ], [ 29.7057969, 60.1995934 ], [ 29.7059219, 60.199966899999978 ], [ 29.7060934, 60.1999572 ], [ 29.7068489, 60.1999145 ], [ 29.7075879, 60.1998323 ], [ 29.7076363, 60.199825899999958 ], [ 29.7076867, 60.199819200000015 ], [ 29.7083103, 60.199736 ] ] ] } },
{ "type": "Feature", "properties": { "block_id": "215" }, "geometry": { "type": "Polygon", "coordinates": [ [ [ 29.6013711, 60.253953399999979 ], [ 29.6013872, 60.2539928 ], [ 29.6014353, 60.25411 ], [ 29.6014744, 60.2542053 ], [ 29.6017354, 60.2548415 ], [ 29.601833, 60.2550796 ], [ 29.6018801, 60.25519460000001 ], [ 29.6019608, 60.2553914 ], [ 29.6019718, 60.2554181 ], [ 29.6020476, 60.255602899999985 ], [ 29.6020765, 60.2556733 ], [ 29.60216, 60.2558768 ], [ 29.6023128, 60.2561644 ], [ 29.6023495, 60.256243400000017 ], [ 29.6023821, 60.2563308 ], [ 29.6025375, 60.2566799 ], [ 29.6026112, 60.25682250000002 ], [ 29.6026673, 60.256917 ], [ 29.6026854, 60.25694750000001 ], [ 29.6027172, 60.2570012 ], [ 29.6030937, 60.2569593 ], [ 29.6033568, 60.2569302 ], [ 29.6036356, 60.2568973 ], [ 29.6048153, 60.2567656 ], [ 29.6055172, 60.2566857 ], [ 29.605665, 60.2566712 ], [ 29.6056365, 60.2566292 ], [ 29.6056226, 60.2566079 ], [ 29.6054674, 60.2563699 ], [ 29.6054268, 60.25631340000001 ], [ 29.605373, 60.256247 ], [ 29.6052438, 60.2560777 ], [ 29.6059736, 60.255711499999983 ], [ 29.6063073, 60.2555581 ], [ 29.606573, 60.255436 ], [ 29.6066228, 60.255417799999982 ], [ 29.6066586, 60.2554059 ], [ 29.607344, 60.255178599999986 ], [ 29.608187, 60.2549589 ], [ 29.6091977, 60.2547617 ], [ 29.6096718, 60.2547163 ], [ 29.6101311, 60.2546248 ], [ 29.6111971, 60.2544702 ], [ 29.6117936, 60.2543711 ], [ 29.6125645, 60.254253399999968 ], [ 29.6130579, 60.2541788 ], [ 29.6130078, 60.2541326 ], [ 29.6119785, 60.253183 ], [ 29.611787, 60.253250499999986 ], [ 29.611316, 60.2533786 ], [ 29.6111311, 60.25339670000001 ], [ 29.6105938, 60.253461699999974 ], [ 29.6101878, 60.253508399999987 ], [ 29.6097557, 60.2535436 ], [ 29.6089679, 60.2535801 ], [ 29.6079123, 60.2536291 ], [ 29.6065711, 60.2536912 ], [ 29.6060522, 60.253715200000023 ], [ 29.6051544, 60.2537569 ], [ 29.6042355, 60.2537994 ], [ 29.6029091, 60.2538609 ], [ 29.6020744, 60.253913 ], [ 29.601408, 60.253950499999988 ], [ 29.6013711, 60.253953399999979 ] ] ] } },
{ "type": "Feature", "properties": { "block_id": "216" }, "geometry": { "type": "Polygon", "coordinates": [ [ [ 29.601833, 60.2550796 ], [ 29.6017354, 60.2548415 ], [ 29.6014744, 60.2542053 ], [ 29.6014353, 60.25411 ], [ 29.6013872, 60.2539928 ], [ 29.6013711, 60.253953399999979 ], [ 29.6004512, 60.2539831 ], [ 29.6002945, 60.253982699999987 ], [ 29.5999588, 60.2539734 ], [ 29.5994301, 60.253946499999984 ], [ 29.599356, 60.2539433 ], [ 29.5988747, 60.2539228 ], [ 29.5985867, 60.2539442 ], [ 29.5984063, 60.2539648 ], [ 29.5982634, 60.2539863 ], [ 29.5978281, 60.2540708 ], [ 29.5978532, 60.2541084 ], [ 29.5978659, 60.2541274 ], [ 29.5979202, 60.254208799999986 ], [ 29.5979822, 60.2543017 ], [ 29.5982192, 60.2546749 ], [ 29.5984143, 60.2551066 ], [ 29.5984825, 60.255257499999971 ], [ 29.5985033, 60.2553036 ], [ 29.5985208, 60.255342499999983 ], [ 29.5986228, 60.2555681 ], [ 29.5986888, 60.25573150000001 ], [ 29.5987619, 60.2559125 ], [ 29.5990245, 60.256562599999988 ], [ 29.5991678, 60.256917299999984 ], [ 29.5992247, 60.2570579 ], [ 29.5992704, 60.2571567 ], [ 29.5993293, 60.257284 ], [ 29.5993451, 60.257323899999946 ], [ 29.5993874, 60.2574306 ], [ 29.5994403, 60.25757 ], [ 29.5994567, 60.257613399999983 ], [ 29.5997241, 60.25757039999997 ], [ 29.5997669, 60.2575635 ], [ 29.5998309, 60.2575532 ], [ 29.6001048, 60.257502700000011 ], [ 29.6004803, 60.257432799999989 ], [ 29.6006504, 60.2573998 ], [ 29.6010559, 60.2573228 ], [ 29.6015791, 60.257225 ], [ 29.601906, 60.25714760000001 ], [ 29.6021285, 60.25710680000001 ], [ 29.6027172, 60.2570012 ], [ 29.6026854, 60.25694750000001 ], [ 29.6026673, 60.256917 ], [ 29.6026112, 60.25682250000002 ], [ 29.6025375, 60.2566799 ], [ 29.6023821, 60.2563308 ], [ 29.6023495, 60.256243400000017 ], [ 29.6023128, 60.2561644 ], [ 29.60216, 60.2558768 ], [ 29.6020765, 60.2556733 ], [ 29.6020476, 60.255602899999985 ], [ 29.6019718, 60.2554181 ], [ 29.6019608, 60.2553914 ], [ 29.6018801, 60.25519460000001 ], [ 29.601833, 60.2550796 ] ] ] } },
{ "type": "Feature", "properties": { "block_id": "217" }, "geometry": { "type": "Polygon", "coordinates": [ [ [ 29.614708, 60.2515273 ], [ 29.6160105, 60.2520255 ], [ 29.6172445, 60.2525624 ], [ 29.6177502, 60.2522775 ], [ 29.6180377, 60.252123499999954 ], [ 29.618539, 60.2518674 ], [ 29.6185516, 60.251861 ], [ 29.6174539, 60.2513294 ], [ 29.6160066, 60.2506909 ], [ 29.614708, 60.2515273 ] ] ] } },
{ "type": "Feature", "properties": { "block_id": "218" }, "geometry": { "type": "Polygon", "coordinates": [ [ [ 29.6134222, 60.2508798 ], [ 29.614708, 60.2515273 ], [ 29.6160066, 60.2506909 ], [ 29.6143139, 60.249933399999989 ], [ 29.6135334, 60.2495648 ], [ 29.6117478, 60.2487214 ], [ 29.6108668, 60.249002 ], [ 29.6100265, 60.249310399999978 ], [ 29.6105706, 60.2496207 ], [ 29.611145, 60.2498904 ], [ 29.6122495, 60.2503261 ], [ 29.6134222, 60.2508798 ] ] ] } },
{ "type": "Feature", "properties": { "block_id": "219" }, "geometry": { "type": "Polygon", "coordinates": [ [ [ 29.5908798, 60.2468843 ], [ 29.5943843, 60.2466898 ], [ 29.594088, 60.2458089 ], [ 29.5907389, 60.24595049999995 ], [ 29.5908798, 60.2468843 ] ] ] } },
{ "type": "Feature", "properties": { "block_id": "220" }, "geometry": { "type": "Polygon", "coordinates": [ [ [ 29.6068573, 60.2599126 ], [ 29.6068403, 60.2599835 ], [ 29.6067849, 60.2600492 ], [ 29.6059181, 60.2609454 ], [ 29.6050416, 60.2618251 ], [ 29.6023908, 60.2645008 ], [ 29.6009576, 60.2658287 ], [ 29.6007997, 60.266012 ], [ 29.6007699, 60.2660433 ], [ 29.600741685671828, 60.26606937801462 ], [ 29.6021237, 60.266431199999971 ], [ 29.6021684, 60.2666154 ], [ 29.6176567, 60.2703007 ], [ 29.63152013198814, 60.266620397195922 ], [ 29.6313166, 60.26638389999998 ], [ 29.6290465, 60.2626806 ], [ 29.6287405, 60.2621143 ], [ 29.6270181, 60.261882300000011 ], [ 29.6245645, 60.2619478 ], [ 29.6234718, 60.261152800000012 ], [ 29.620762, 60.2603157 ], [ 29.61659, 60.259469 ], [ 29.6113093, 60.2588178 ], [ 29.6078083, 60.2584993 ], [ 29.6044024, 60.2583301 ], [ 29.6041523, 60.2583786 ], [ 29.60405379664757, 60.258397691052338 ], [ 29.6041593, 60.2584878 ], [ 29.6043858, 60.258669899999987 ], [ 29.6046304, 60.2588165 ], [ 29.6049215, 60.2589579 ], [ 29.6056453, 60.2592721 ], [ 29.6057891, 60.259336499999989 ], [ 29.6059585, 60.2594107 ], [ 29.606347, 60.259592599999984 ], [ 29.606722, 60.2597597 ], [ 29.6068346, 60.259826199999985 ], [ 29.6068573, 60.2599126 ] ] ] } },
{ "type": "Feature", "properties": { "block_id": "221" }, "geometry": { "type": "Polygon", "coordinates": [ [ [ 29.6050416, 60.2618251 ], [ 29.6059181, 60.2609454 ], [ 29.6049061, 60.2606551 ], [ 29.6039808, 60.260442199999957 ], [ 29.6035989, 60.2603376 ], [ 29.6029065, 60.2601462 ], [ 29.602234, 60.2606556 ], [ 29.6018005, 60.2609508 ], [ 29.6013557, 60.2612538 ], [ 29.6027724, 60.261176399999961 ], [ 29.6032496, 60.2613075 ], [ 29.6039939, 60.2614971 ], [ 29.6050416, 60.2618251 ] ] ] } },
{ "type": "Feature", "properties": { "block_id": "222" }, "geometry": { "type": "Polygon", "coordinates": [ [ [ 29.6736089, 60.232736199999984 ], [ 29.6738493, 60.2325615 ], [ 29.674638, 60.2320911 ], [ 29.6747431, 60.2319005 ], [ 29.6747231, 60.2317651 ], [ 29.6747067, 60.2316537 ], [ 29.6744804, 60.2314009 ], [ 29.6739227, 60.230891200000023 ], [ 29.6735956, 60.2305947 ], [ 29.6732559, 60.230219 ], [ 29.6731387, 60.230070499999982 ], [ 29.6730821, 60.229902 ], [ 29.67308, 60.2298244 ], [ 29.6730576, 60.2290056 ], [ 29.6730512, 60.2288272 ], [ 29.6730391, 60.2284055 ], [ 29.6730373, 60.228343899999985 ], [ 29.6727629, 60.2283468 ], [ 29.6654789, 60.228424900000029 ], [ 29.672042319454842, 60.23514645612164 ], [ 29.6725258, 60.2349738 ], [ 29.6727271, 60.2349205 ], [ 29.6730337, 60.2348662 ], [ 29.6732113, 60.2348408 ], [ 29.673425, 60.234791499999986 ], [ 29.6736304, 60.2347072 ], [ 29.6737935, 60.234625499999986 ], [ 29.6742838, 60.2343574 ], [ 29.674498, 60.2341748 ], [ 29.6745344, 60.233978200000017 ], [ 29.6744495, 60.233807699999979 ], [ 29.674251, 60.233607 ], [ 29.6740494, 60.233408399999973 ], [ 29.6736817, 60.2330974 ], [ 29.6735645, 60.2329289 ], [ 29.6736089, 60.232736199999984 ] ] ] } },
{ "type": "Feature", "properties": { "block_id": "223" }, "geometry": { "type": "Polygon", "coordinates": [ [ [ 29.715982, 60.2060792 ], [ 29.7147116, 60.2044856 ], [ 29.7118897, 60.2052792 ], [ 29.7133136, 60.2065827 ], [ 29.715982, 60.2060792 ] ] ] } },
{ "type": "Feature", "properties": { "block_id": "224" }, "geometry": { "type": "Polygon", "coordinates": [ [ [ 29.7121914, 60.208396 ], [ 29.7148215, 60.2079245 ], [ 29.7140038, 60.2072408 ], [ 29.7115617, 60.20816659999997 ], [ 29.7121914, 60.208396 ] ] ] } },
{ "type": "Feature", "properties": { "block_id": "225" }, "geometry": { "type": "Polygon", "coordinates": [ [ [ 29.711052, 60.2045278 ], [ 29.708461680766426, 60.204957208933529 ], [ 29.707739, 60.205077 ], [ 29.7078749, 60.205191 ], [ 29.708056, 60.20534210000001 ], [ 29.7082133, 60.2054733 ], [ 29.7083922, 60.2056226 ], [ 29.7092517, 60.2064621 ], [ 29.7094524, 60.2066769 ], [ 29.7097662, 60.207025799999982 ], [ 29.7100827, 60.2073392 ], [ 29.7103431, 60.207550099999985 ], [ 29.7107817, 60.207811 ], [ 29.7111309, 60.2079981 ], [ 29.7114179, 60.2081131 ], [ 29.7115617, 60.20816659999997 ], [ 29.7140038, 60.2072408 ], [ 29.7133136, 60.2065827 ], [ 29.7118897, 60.2052792 ], [ 29.711052, 60.2045278 ] ] ] } },
{ "type": "Feature", "properties": { "block_id": "226" }, "geometry": { "type": "Polygon", "coordinates": [ [ [ 29.7133136, 60.2065827 ], [ 29.7140038, 60.2072408 ], [ 29.7148215, 60.2079245 ], [ 29.7170029, 60.2074788 ], [ 29.715982, 60.2060792 ], [ 29.7133136, 60.2065827 ] ] ] } },
{ "type": "Feature", "properties": { "block_id": "227" }, "geometry": { "type": "Polygon", "coordinates": [ [ [ 29.6060522, 60.253715200000023 ], [ 29.6065711, 60.2536912 ], [ 29.6079123, 60.2536291 ], [ 29.6078163, 60.2529026 ], [ 29.6076782, 60.2521964 ], [ 29.6058504, 60.2522643 ], [ 29.6060522, 60.253715200000023 ] ] ] } },
{ "type": "Feature", "properties": { "block_id": "228" }, "geometry": { "type": "Polygon", "coordinates": [ [ [ 29.6079123, 60.2536291 ], [ 29.6089679, 60.2535801 ], [ 29.6097557, 60.2535436 ], [ 29.6095217, 60.2521323 ], [ 29.6076782, 60.2521964 ], [ 29.6078163, 60.2529026 ], [ 29.6079123, 60.2536291 ] ] ] } },
{ "type": "Feature", "properties": { "block_id": "229" }, "geometry": { "type": "Polygon", "coordinates": [ [ [ 29.6388685137638, 60.192367452777688 ], [ 29.6392924, 60.1923085 ], [ 29.6401666, 60.192160699999974 ], [ 29.6402499, 60.19214659999998 ], [ 29.6415544, 60.191926099999989 ], [ 29.6420077, 60.1918495 ], [ 29.6440094, 60.19167430000001 ], [ 29.6450753, 60.1915799 ], [ 29.6462655, 60.1914746 ], [ 29.647076, 60.1914029 ], [ 29.6476494, 60.19135210000001 ], [ 29.647723, 60.1913456 ], [ 29.6480748, 60.191309200000013 ], [ 29.6482553, 60.1912953 ], [ 29.6485054, 60.191272100000013 ], [ 29.6488219, 60.191254099999966 ], [ 29.648944364333179, 60.191253786747325 ], [ 29.6489442, 60.1912035 ], [ 29.6490384, 60.1910784 ], [ 29.6490836, 60.191032799999988 ], [ 29.6493733, 60.1908195 ], [ 29.6493304, 60.1905634 ], [ 29.6493546, 60.190477400000013 ], [ 29.64851, 60.19072 ], [ 29.6473741, 60.1909156 ], [ 29.6458731, 60.191162800000022 ], [ 29.6448448, 60.191340899999986 ], [ 29.6433873, 60.1914308 ], [ 29.6428905, 60.1913951 ], [ 29.6422859, 60.19131 ], [ 29.6417419, 60.1912568 ], [ 29.6412302, 60.1912695 ], [ 29.6407726, 60.1913364 ], [ 29.6403891, 60.191418 ], [ 29.6395914, 60.191427299999987 ], [ 29.6388205, 60.1913996 ], [ 29.6385759, 60.1914524 ], [ 29.6385539, 60.1915593 ], [ 29.6383393, 60.1915863 ], [ 29.6386285, 60.1917908 ], [ 29.638611645772677, 60.192086906911427 ], [ 29.6387537, 60.1921183 ], [ 29.6388133, 60.1922001 ], [ 29.6387382, 60.192228099999987 ], [ 29.638743, 60.1922623 ], [ 29.6388637, 60.192328899999971 ], [ 29.6388685137638, 60.192367452777688 ] ] ] } },
{ "type": "Feature", "properties": { "block_id": "230" }, "geometry": { "type": "Polygon", "coordinates": [ [ [ 29.6232439, 60.2418975 ], [ 29.6241836, 60.241864299999989 ], [ 29.6250178, 60.241723 ], [ 29.6252509, 60.2416804 ], [ 29.6261967, 60.2416334 ], [ 29.6264453, 60.2416297 ], [ 29.625718, 60.2409884 ], [ 29.6248325, 60.2401426 ], [ 29.6243948, 60.2398015 ], [ 29.6243901, 60.2396921 ], [ 29.6241839, 60.2394623 ], [ 29.6238969, 60.2392568 ], [ 29.6236023, 60.2391507 ], [ 29.6234326, 60.239227799999988 ], [ 29.6226219, 60.2394846 ], [ 29.622001, 60.2397535 ], [ 29.6215151, 60.240398199999987 ], [ 29.621671, 60.2407077 ], [ 29.621649, 60.24087 ], [ 29.6215018, 60.241764699999983 ], [ 29.621624, 60.2418253 ], [ 29.6232439, 60.2418975 ] ] ] } },
{ "type": "Feature", "properties": { "block_id": "231" }, "geometry": { "type": "Polygon", "coordinates": [ [ [ 29.6287387, 60.2416318 ], [ 29.6285045, 60.241660899999985 ], [ 29.6280627, 60.2417109 ], [ 29.6267222, 60.241747599999989 ], [ 29.6269512, 60.242145 ], [ 29.6273401, 60.2422715 ], [ 29.6280191, 60.24285 ], [ 29.6283946, 60.243395799999988 ], [ 29.629583, 60.244082199999987 ], [ 29.6309628, 60.24347310000001 ], [ 29.6296178, 60.2423123 ], [ 29.6287387, 60.2416318 ] ] ] } },
{ "type": "Feature", "properties": { "block_id": "232" }, "geometry": { "type": "Polygon", "coordinates": [ [ [ 29.6325466, 60.2401756 ], [ 29.6297303, 60.241362599999981 ], [ 29.6287387, 60.2416318 ], [ 29.6296178, 60.2423123 ], [ 29.6309628, 60.24347310000001 ], [ 29.631768, 60.2429995 ], [ 29.6362928, 60.2403907 ], [ 29.636707, 60.2403169 ], [ 29.6372971, 60.240304599999988 ], [ 29.637284, 60.2402699 ], [ 29.6372257, 60.240115 ], [ 29.6367368, 60.23925460000001 ], [ 29.6365323, 60.2389342 ], [ 29.6359933, 60.238962100000023 ], [ 29.6351922, 60.2392651 ], [ 29.6348745, 60.2395192 ], [ 29.6347344, 60.2396312 ], [ 29.6334665, 60.23983230000001 ], [ 29.6328104, 60.2400772 ], [ 29.6325466, 60.2401756 ] ] ] } },
{ "type": "Feature", "properties": { "block_id": "233" }, "geometry": { "type": "Polygon", "coordinates": [ [ [ 29.6328104, 60.2400772 ], [ 29.6334665, 60.23983230000001 ], [ 29.6347344, 60.2396312 ], [ 29.6348745, 60.2395192 ], [ 29.6346329, 60.2393923 ], [ 29.6345373, 60.23934220000001 ], [ 29.6345341, 60.2393405 ], [ 29.6337571, 60.2388508 ], [ 29.6326528, 60.2392726 ], [ 29.6320175, 60.239529199999986 ], [ 29.6319273, 60.2395651 ], [ 29.6327436, 60.240037099999988 ], [ 29.6328104, 60.2400772 ] ] ] } },
{ "type": "Feature", "properties": { "block_id": "234" }, "geometry": { "type": "Polygon", "coordinates": [ [ [ 29.6348745, 60.2395192 ], [ 29.6351922, 60.2392651 ], [ 29.6359933, 60.238962100000023 ], [ 29.6365323, 60.2389342 ], [ 29.6362817, 60.23873480000001 ], [ 29.6362498, 60.2385795 ], [ 29.6373245, 60.2380913 ], [ 29.6374074, 60.2378931 ], [ 29.6371778, 60.2377514 ], [ 29.637107, 60.2376913 ], [ 29.6367666, 60.2374025 ], [ 29.6361496, 60.237426400000011 ], [ 29.6353535, 60.237477399999982 ], [ 29.6351973, 60.237514599999983 ], [ 29.6353278, 60.238087099999987 ], [ 29.6350839, 60.2382401 ], [ 29.6337571, 60.2388508 ], [ 29.6345341, 60.2393405 ], [ 29.6345373, 60.23934220000001 ], [ 29.6346329, 60.2393923 ], [ 29.6348745, 60.2395192 ] ] ] } },
{ "type": "Feature", "properties": { "block_id": "235" }, "geometry": { "type": "Polygon", "coordinates": [ [ [ 29.6264453, 60.2416297 ], [ 29.6264949, 60.2416193 ], [ 29.6287917, 60.2407514 ], [ 29.6278555, 60.240126 ], [ 29.6257617, 60.240977 ], [ 29.625718, 60.2409884 ], [ 29.6264453, 60.2416297 ] ] ] } },
{ "type": "Feature", "properties": { "block_id": "236" }, "geometry": { "type": "Polygon", "coordinates": [ [ [ 29.584398908737324, 60.243797627221227 ], [ 29.5844579, 60.2438403 ], [ 29.5868943, 60.244925099999989 ], [ 29.5869585, 60.24495550000001 ], [ 29.587047, 60.2449737 ], [ 29.5871507, 60.244966299999952 ], [ 29.5872422, 60.2449166 ], [ 29.5880575, 60.2444213 ], [ 29.5865625, 60.2437065 ], [ 29.586524, 60.2436663 ], [ 29.5865115, 60.243628 ], [ 29.5872362, 60.243196 ], [ 29.5889059, 60.243919 ], [ 29.5894277, 60.2436327 ], [ 29.5897944, 60.243428 ], [ 29.589763128140859, 60.243414768916082 ], [ 29.5882818, 60.242788 ], [ 29.5882057, 60.2427389 ], [ 29.588204, 60.2426775 ], [ 29.5889343, 60.2422715 ], [ 29.5890784, 60.2422888 ], [ 29.5901433, 60.2427547 ], [ 29.590626505284103, 60.242915833343204 ], [ 29.590845064662272, 60.242794822956576 ], [ 29.5915225, 60.2423805 ], [ 29.588866445815842, 60.241263165279229 ], [ 29.584536276880179, 60.243719705424219 ], [ 29.584398908737324, 60.243797627221227 ] ] ] } },
{ "type": "Feature", "properties": { "block_id": "237" }, "geometry": { "type": "Polygon", "coordinates": [ [ [ 29.6288709, 60.2607607 ], [ 29.6289874, 60.2607178 ], [ 29.6290197, 60.2607056 ], [ 29.6284184, 60.2603425 ], [ 29.6281326, 60.2600346 ], [ 29.6280001, 60.2601691 ], [ 29.6279772, 60.2602002 ], [ 29.628449, 60.260465 ], [ 29.6288709, 60.2607607 ] ] ] } },
{ "type": "Feature", "properties": { "block_id": "238" }, "geometry": { "type": "Polygon", "coordinates": [ [ [ 29.6290197, 60.2607056 ], [ 29.6289874, 60.2607178 ], [ 29.6288709, 60.2607607 ], [ 29.629453, 60.2612395 ], [ 29.629991224940962, 60.261712586532127 ], [ 29.6300905, 60.2616807 ], [ 29.630159238803763, 60.261665059987209 ], [ 29.6299111, 60.2614434 ], [ 29.6293384, 60.2609585 ], [ 29.6290197, 60.2607056 ] ] ] } },
{ "type": "Feature", "properties": { "block_id": "239" }, "geometry": { "type": "Polygon", "coordinates": [ [ [ 29.770904233673107, 60.233107181640108 ], [ 29.7707978, 60.232882199999985 ], [ 29.7704876, 60.2330329 ], [ 29.7697201, 60.233344700000011 ], [ 29.7693183, 60.2334661 ], [ 29.7686248, 60.2336129 ], [ 29.7680837, 60.2337475 ], [ 29.7676052, 60.2339127 ], [ 29.7664317, 60.234375900000011 ], [ 29.7656527, 60.2346478 ], [ 29.7651558, 60.2348212 ], [ 29.7649239, 60.2349022 ], [ 29.7624523, 60.23579320000001 ], [ 29.7616654, 60.236103 ], [ 29.7610745, 60.2363605 ], [ 29.7606781, 60.2365811 ], [ 29.760470380373178, 60.236748113905861 ], [ 29.770904233673107, 60.233107181640108 ] ] ] } },
{ "type": "Feature", "properties": { "block_id": "240" }, "geometry": { "type": "Polygon", "coordinates": [ [ [ 29.7023352, 60.2407142 ], [ 29.7035013, 60.240703499999988 ], [ 29.7052636, 60.2406689 ], [ 29.7053469, 60.24066770000001 ], [ 29.7052953, 60.240529799999983 ], [ 29.7052583, 60.2403237 ], [ 29.7052905, 60.240110700000017 ], [ 29.7053683, 60.239889699999985 ], [ 29.7055534, 60.23958479999996 ], [ 29.7058189, 60.2390936 ], [ 29.704247, 60.2387033 ], [ 29.7046789, 60.2382841 ], [ 29.7045777, 60.238205199999967 ], [ 29.7021604, 60.2375731 ], [ 29.7013686, 60.2373684 ], [ 29.7013399, 60.237351799999985 ], [ 29.7013128, 60.237336 ], [ 29.701227563501686, 60.23717138728837 ], [ 29.7011553, 60.2371355 ], [ 29.7000555, 60.2372699 ], [ 29.6995966, 60.2372366 ], [ 29.6991205, 60.237375 ], [ 29.6991697, 60.2375411 ], [ 29.6990973, 60.2377302 ], [ 29.6990262, 60.237778800000022 ], [ 29.6989681, 60.237799 ], [ 29.6989381, 60.2378043 ], [ 29.6987984, 60.237828800000017 ], [ 29.6985783, 60.2378673 ], [ 29.6985111, 60.237879099999986 ], [ 29.6982238, 60.2379293 ], [ 29.6980964, 60.2379516 ], [ 29.6979691, 60.237973899999986 ], [ 29.6978825, 60.2380296 ], [ 29.6978113, 60.238167200000021 ], [ 29.6983266, 60.2382095 ], [ 29.6983918, 60.238212599999983 ], [ 29.6984174, 60.2382138 ], [ 29.6986901, 60.23853 ], [ 29.699075, 60.2391362 ], [ 29.6992495, 60.239475600000013 ], [ 29.6995164, 60.2400194 ], [ 29.6995446, 60.2403232 ], [ 29.6995687, 60.2403861 ], [ 29.6996075, 60.240505799999987 ], [ 29.6997742, 60.2406661 ], [ 29.6998939, 60.2407405 ], [ 29.7023352, 60.2407142 ] ] ] } },
{ "type": "Feature", "properties": { "block_id": "241" }, "geometry": { "type": "Polygon", "coordinates": [ [ [ 29.7035013, 60.240703499999988 ], [ 29.7023352, 60.2407142 ], [ 29.7024225, 60.2408981 ], [ 29.7027825, 60.241594299999988 ], [ 29.7029252, 60.2419033 ], [ 29.7029328, 60.2420065 ], [ 29.7029145, 60.242123 ], [ 29.7027934, 60.242340299999988 ], [ 29.7027461, 60.2424253 ], [ 29.7027236, 60.242567 ], [ 29.7027209, 60.243174 ], [ 29.7027088, 60.243672300000014 ], [ 29.7027223, 60.2438416 ], [ 29.7027309, 60.243938 ], [ 29.7027384, 60.2440214 ], [ 29.702762482522349, 60.244295874135346 ], [ 29.7065102, 60.243936 ], [ 29.7065514, 60.2426357 ], [ 29.706879062954695, 60.242367978903296 ], [ 29.7059595, 60.241500800000019 ], [ 29.7052636, 60.2406689 ], [ 29.7035013, 60.240703499999988 ] ] ] } },
{ "type": "Feature", "properties": { "block_id": "242" }, "geometry": { "type": "Polygon", "coordinates": [ [ [ 29.7053469, 60.24066770000001 ], [ 29.7052636, 60.2406689 ], [ 29.7059595, 60.241500800000019 ], [ 29.706879062954695, 60.242367978903296 ], [ 29.7078706, 60.241557799999974 ], [ 29.7083018, 60.2412066 ], [ 29.708312731075978, 60.240606980727812 ], [ 29.7053469, 60.24066770000001 ] ] ] } },
{ "type": "Feature", "properties": { "block_id": "243" }, "geometry": { "type": "Polygon", "coordinates": [ [ [ 29.7053469, 60.24066770000001 ], [ 29.708312731075978, 60.240606980727812 ], [ 29.7083273, 60.2398078 ], [ 29.7068353, 60.2391922 ], [ 29.7059779, 60.2390079 ], [ 29.7059403281397, 60.238949850461367 ], [ 29.7058189, 60.2390936 ], [ 29.7055534, 60.23958479999996 ], [ 29.7053683, 60.239889699999985 ], [ 29.7052905, 60.240110700000017 ], [ 29.7052583, 60.2403237 ], [ 29.7052953, 60.240529799999983 ], [ 29.7053469, 60.24066770000001 ] ] ] } },
{ "type": "Feature", "properties": { "block_id": "244" }, "geometry": { "type": "Polygon", "coordinates": [ [ [ 29.711347218392994, 60.24054457890761 ], [ 29.7129824, 60.2405081 ], [ 29.7172607, 60.240254 ], [ 29.7175044, 60.2398871 ], [ 29.7168251, 60.2393723 ], [ 29.7148241, 60.2383863 ], [ 29.713750178954509, 60.237963705507639 ], [ 29.7133822, 60.2385414 ], [ 29.7127625, 60.239541499999987 ], [ 29.7097028, 60.2397976 ], [ 29.711347218392994, 60.24054457890761 ] ] ] } },
{ "type": "Feature", "properties": { "block_id": "245" }, "geometry": { "type": "Polygon", "coordinates": [ [ [ 29.7129824, 60.2405081 ], [ 29.711347218392994, 60.24054457890761 ], [ 29.7118578, 60.2407765 ], [ 29.7133948, 60.2414747 ], [ 29.7148601, 60.2416302 ], [ 29.719247397800189, 60.241402455699856 ], [ 29.7185672, 60.240637 ], [ 29.7179356, 60.2402139 ], [ 29.7172607, 60.240254 ], [ 29.7129824, 60.2405081 ] ] ] } },
{ "type": "Feature", "properties": { "block_id": "246" }, "geometry": { "type": "Polygon", "coordinates": [ [ [ 29.5937615, 60.243550899999988 ], [ 29.5937215, 60.243589299999989 ], [ 29.5936929, 60.2437029 ], [ 29.5939101, 60.244549199999987 ], [ 29.5940702, 60.244991 ], [ 29.5966852, 60.244908199999983 ], [ 29.5968873, 60.2446428 ], [ 29.5953258, 60.244150499999989 ], [ 29.5949468, 60.244000699999965 ], [ 29.5937615, 60.243550899999988 ] ] ] } },
{ "type": "Feature", "properties": { "block_id": "247" }, "geometry": { "type": "Polygon", "coordinates": [ [ [ 29.5939101, 60.244549199999987 ], [ 29.5936929, 60.2437029 ], [ 29.5937215, 60.243589299999989 ], [ 29.5937615, 60.243550899999988 ], [ 29.594426109965521, 60.242954492378672 ], [ 29.5943881, 60.2429407 ], [ 29.5921549, 60.2420379 ], [ 29.5916098, 60.24237140000001 ], [ 29.590845064662272, 60.242794822956576 ], [ 29.5906399, 60.242920299999966 ], [ 29.5897944, 60.243428 ], [ 29.5894277, 60.2436327 ], [ 29.5928324, 60.2450406 ], [ 29.5940702, 60.244991 ], [ 29.5939101, 60.244549199999987 ] ] ] } },
{ "type": "Feature", "properties": { "block_id": "248" }, "geometry": { "type": "Polygon", "coordinates": [ [ [ 29.5940702, 60.244991 ], [ 29.594088, 60.2458089 ], [ 29.5976103, 60.2457271 ], [ 29.5987129, 60.245661 ], [ 29.5992464, 60.245498799999986 ], [ 29.5988344, 60.245307099999984 ], [ 29.5981821, 60.245017499999989 ], [ 29.597577, 60.2448373 ], [ 29.597338, 60.2448894 ], [ 29.5966852, 60.244908199999983 ], [ 29.5940702, 60.244991 ] ] ] } },
{ "type": "Feature", "properties": { "block_id": "249" }, "geometry": { "type": "Polygon", "coordinates": [ [ [ 29.594088, 60.2458089 ], [ 29.5940702, 60.244991 ], [ 29.5928324, 60.2450406 ], [ 29.5906092, 60.2450998 ], [ 29.5907389, 60.24595049999995 ], [ 29.594088, 60.2458089 ] ] ] } },
{ "type": "Feature", "properties": { "block_id": "250" }, "geometry": { "type": "Polygon", "coordinates": [ [ [ 29.6304531, 60.2444578 ], [ 29.6308074, 60.2443379 ], [ 29.6312025, 60.244226 ], [ 29.6320014, 60.244037 ], [ 29.6323214, 60.2439569 ], [ 29.632618, 60.2438743 ], [ 29.632891, 60.2437921 ], [ 29.6329413, 60.243777 ], [ 29.6332787, 60.2436547 ], [ 29.6334903, 60.2435556 ], [ 29.6335054, 60.2434823 ], [ 29.6337653, 60.2431198 ], [ 29.6339691, 60.2428412 ], [ 29.6342678, 60.2424721 ], [ 29.6344846, 60.2421882 ], [ 29.6358309, 60.2413918 ], [ 29.6362746, 60.2411971 ], [ 29.6367275, 60.2409168 ], [ 29.6369099, 60.2407892 ], [ 29.6370719, 60.2406319 ], [ 29.6372128, 60.240464599999981 ], [ 29.6372971, 60.240304599999988 ], [ 29.636707, 60.2403169 ], [ 29.6362928, 60.2403907 ], [ 29.631768, 60.2429995 ], [ 29.6309628, 60.24347310000001 ], [ 29.629583, 60.244082199999987 ], [ 29.630037, 60.2443357 ], [ 29.6304531, 60.2444578 ] ] ] } },
{ "type": "Feature", "properties": { "block_id": "251" }, "geometry": { "type": "Polygon", "coordinates": [ [ [ 29.6405838, 60.19474 ], [ 29.6374595, 60.19604540000001 ], [ 29.6372863, 60.196115399999982 ], [ 29.6372106, 60.1962076 ], [ 29.6369613, 60.1968903 ], [ 29.6352171, 60.2016661 ], [ 29.6386697, 60.2013179 ], [ 29.6400259, 60.200929699999989 ], [ 29.64053205387151, 60.20077921903372 ], [ 29.6405213, 60.2007266 ], [ 29.6405124, 60.2006832 ], [ 29.6404158, 60.200443799999988 ], [ 29.6404373, 60.2000386 ], [ 29.6404373, 60.199761399999986 ], [ 29.6410166, 60.19945210000003 ], [ 29.6413589, 60.1991332 ], [ 29.6417033, 60.1989509 ], [ 29.642583, 60.1988229 ], [ 29.6433555, 60.198385700000017 ], [ 29.6434843, 60.1981511 ], [ 29.6428824, 60.197288300000032 ], [ 29.6423899, 60.196476699999977 ], [ 29.6424972, 60.196242099999978 ], [ 29.6423245, 60.1960725 ], [ 29.6423041, 60.195836799999967 ], [ 29.6429146, 60.195651200000022 ], [ 29.6432257, 60.1956192 ], [ 29.6437621, 60.195608499999985 ], [ 29.6441055, 60.1955819 ], [ 29.6441275, 60.1954843 ], [ 29.6441698, 60.1953312 ], [ 29.6444922, 60.195191 ], [ 29.6447707, 60.195043300000023 ], [ 29.6449852, 60.194952599999986 ], [ 29.6453286, 60.194808599999988 ], [ 29.6460372, 60.1946044 ], [ 29.6464443, 60.1943767 ], [ 29.6467882, 60.1942524 ], [ 29.6469057, 60.1940887 ], [ 29.6471476, 60.1939649 ], [ 29.647155042531445, 60.193961090935758 ], [ 29.6471226, 60.193941600000016 ], [ 29.6468264, 60.193764 ], [ 29.6464751, 60.1935907 ], [ 29.6461731, 60.193593899999975 ], [ 29.6454503, 60.1936014 ], [ 29.6448756, 60.193669399999969 ], [ 29.6441641, 60.193676199999963 ], [ 29.6436167, 60.1935741 ], [ 29.6409632, 60.1945755 ], [ 29.6405838, 60.19474 ] ] ] } },
{ "type": "Feature", "properties": { "block_id": "252" }, "geometry": { "type": "Polygon", "coordinates": [ [ [ 29.6352171, 60.2016661 ], [ 29.6349895, 60.2022642 ], [ 29.6346635, 60.2031366 ], [ 29.6346381, 60.2032046 ], [ 29.6345404, 60.2034662 ], [ 29.6344984, 60.2035785 ], [ 29.6314218, 60.2116191 ], [ 29.6346652, 60.211720699999987 ], [ 29.6369437, 60.2121069 ], [ 29.6389006, 60.212692800000013 ], [ 29.6440205, 60.2107751 ], [ 29.6478537, 60.209842899999984 ], [ 29.6487651, 60.209803 ], [ 29.6508827, 60.210428899999989 ], [ 29.65204862759764, 60.211925993771139 ], [ 29.6533555, 60.2116686 ], [ 29.6568058, 60.2108795 ], [ 29.6581207, 60.2106063 ], [ 29.6582332, 60.2102086 ], [ 29.6579943, 60.209694 ], [ 29.65819, 60.2094892 ], [ 29.658222, 60.2077964 ], [ 29.6580846, 60.2068624 ], [ 29.6579559, 60.2062739 ], [ 29.6587799, 60.20583890000001 ], [ 29.6593807, 60.2054508 ], [ 29.6602386, 60.2045207 ], [ 29.6611745, 60.203506 ], [ 29.6614749, 60.2031008 ], [ 29.6615436, 60.20262730000001 ], [ 29.6614921, 60.202188 ], [ 29.6613033, 60.2019705 ], [ 29.660857, 60.2016975 ], [ 29.6603763, 60.2011345 ], [ 29.6607969, 60.200606599999986 ], [ 29.6612781, 60.2002429 ], [ 29.6616606, 60.1998934 ], [ 29.6615088, 60.1999177 ], [ 29.6611467, 60.199927 ], [ 29.6608698, 60.1999127 ], [ 29.6605539, 60.1998297 ], [ 29.6602535, 60.1997337 ], [ 29.6599987, 60.199619099999985 ], [ 29.6594623, 60.1993605 ], [ 29.659083, 60.199190899999977 ], [ 29.6589097, 60.199023199999985 ], [ 29.6584612, 60.1984264 ], [ 29.6576812, 60.1984429 ], [ 29.6568058, 60.1985111 ], [ 29.6561878, 60.198413 ], [ 29.655381, 60.1982979 ], [ 29.6542995, 60.198127199999988 ], [ 29.6535603, 60.1981192 ], [ 29.653118, 60.1981667 ], [ 29.6527149, 60.1982797 ], [ 29.6514757, 60.198587899999985 ], [ 29.6506431, 60.1988567 ], [ 29.6497505, 60.1993131 ], [ 29.6491132, 60.1994929 ], [ 29.6481197, 60.1995434 ], [ 29.6471069, 60.19977380000001 ], [ 29.6455791, 60.200132099999969 ], [ 29.644326, 60.200614100000017 ], [ 29.643502, 60.20089990000001 ], [ 29.6433218, 60.2008487 ], [ 29.6428239, 60.200661 ], [ 29.6423948, 60.2004307 ], [ 29.6421373, 60.2003624 ], [ 29.6417425, 60.2004093 ], [ 29.6409872, 60.2006439 ], [ 29.64053205387151, 60.20077921903372 ], [ 29.6400259, 60.200929699999989 ], [ 29.6386697, 60.2013179 ], [ 29.6352171, 60.2016661 ] ] ] } },
{ "type": "Feature", "properties": { "block_id": "253" }, "geometry": { "type": "Polygon", "coordinates": [ [ [ 29.6917735, 60.1958258 ], [ 29.6917202, 60.195539200000013 ], [ 29.6909197, 60.193328899999983 ], [ 29.6907006, 60.1926558 ], [ 29.6906856, 60.1926159 ], [ 29.6893473, 60.192838799999983 ], [ 29.6892898, 60.1931398 ], [ 29.6891518, 60.193780100000033 ], [ 29.6891911, 60.194003199999983 ], [ 29.6892894, 60.194384099999986 ], [ 29.6894149, 60.1945903 ], [ 29.6898529, 60.195170599999955 ], [ 29.6899846, 60.195263599999983 ], [ 29.6905866, 60.1954759 ], [ 29.6913671, 60.1957892 ], [ 29.6915361, 60.195834499999989 ], [ 29.6916756, 60.195835799999983 ], [ 29.6917735, 60.1958258 ] ] ] } },
{ "type": "Feature", "properties": { "block_id": "254" }, "geometry": { "type": "Polygon", "coordinates": [ [ [ 29.6334903, 60.2435556 ], [ 29.6337448, 60.2435567 ], [ 29.6346125, 60.243559 ], [ 29.6368719, 60.243585299999978 ], [ 29.6383894, 60.243566 ], [ 29.638753, 60.2435174 ], [ 29.6397839, 60.24336 ], [ 29.641197, 60.2431317 ], [ 29.6421341, 60.243036 ], [ 29.6422318, 60.243014 ], [ 29.6424572, 60.2429558 ], [ 29.6426294, 60.2428962 ], [ 29.6431789, 60.2420597 ], [ 29.6432719, 60.2419217 ], [ 29.642536, 60.241537499999964 ], [ 29.6418496, 60.2411535 ], [ 29.6400644, 60.2404586 ], [ 29.6397416, 60.2403319 ], [ 29.6392545, 60.2403178 ], [ 29.6383057, 60.240279599999987 ], [ 29.6372971, 60.240304599999988 ], [ 29.6372128, 60.240464599999981 ], [ 29.6370719, 60.2406319 ], [ 29.6369099, 60.2407892 ], [ 29.6367275, 60.2409168 ], [ 29.6362746, 60.2411971 ], [ 29.6358309, 60.2413918 ], [ 29.6344846, 60.2421882 ], [ 29.6342678, 60.2424721 ], [ 29.6339691, 60.2428412 ], [ 29.6337653, 60.2431198 ], [ 29.6335054, 60.2434823 ], [ 29.6334903, 60.2435556 ] ] ] } },
{ "type": "Feature", "properties": { "block_id": "255" }, "geometry": { "type": "Polygon", "coordinates": [ [ [ 29.5994141, 60.2393793 ], [ 29.5996277, 60.2391825 ], [ 29.5999938, 60.2390057 ], [ 29.6003905, 60.2388636 ], [ 29.6007182, 60.2384668 ], [ 29.6010431, 60.237851500000012 ], [ 29.6010184, 60.2376549 ], [ 29.6008137, 60.2373562 ], [ 29.6005772, 60.2371088 ], [ 29.598388, 60.2383857 ], [ 29.5978792, 60.238649399999986 ], [ 29.5994141, 60.2393793 ] ] ] } },
{ "type": "Feature", "properties": { "block_id": "256" }, "geometry": { "type": "Polygon", "coordinates": [ [ [ 29.6005772, 60.2371088 ], [ 29.600278, 60.236918 ], [ 29.5994384, 60.2365634 ], [ 29.5992002, 60.23645519999998 ], [ 29.5969665, 60.2377623 ], [ 29.5951121, 60.2388927 ], [ 29.596538, 60.2394543 ], [ 29.5978792, 60.238649399999986 ], [ 29.598388, 60.2383857 ], [ 29.6005772, 60.2371088 ] ] ] } },
{ "type": "Feature", "properties": { "block_id": "257" }, "geometry": { "type": "Polygon", "coordinates": [ [ [ 29.5992002, 60.23645519999998 ], [ 29.5994384, 60.2365634 ], [ 29.6022198, 60.2349437 ], [ 29.601011794058905, 60.234484675656823 ], [ 29.6002754, 60.2348428 ], [ 29.598178280044863, 60.236015518384114 ], [ 29.5982783, 60.236057799999983 ], [ 29.5992002, 60.23645519999998 ] ] ] } },
{ "type": "Feature", "properties": { "block_id": "258" }, "geometry": { "type": "Polygon", "coordinates": [ [ [ 29.5992002, 60.23645519999998 ], [ 29.5982783, 60.236057799999983 ], [ 29.598178280044863, 60.236015518384114 ], [ 29.59389497572112, 60.238410399661269 ], [ 29.594021, 60.2384449 ], [ 29.5951121, 60.2388927 ], [ 29.5969665, 60.2377623 ], [ 29.5992002, 60.23645519999998 ] ] ] } },
{ "type": "Feature", "properties": { "block_id": "259" }, "geometry": { "type": "Polygon", "coordinates": [ [ [ 29.601484230694169, 60.23432501090047 ], [ 29.6018512, 60.2344074 ], [ 29.6042158, 60.234918 ], [ 29.6088117, 60.2361397 ], [ 29.6095052, 60.236324099999983 ], [ 29.6111325, 60.236990099999986 ], [ 29.6124661, 60.2375359 ], [ 29.6125394, 60.2375659 ], [ 29.6130842, 60.23781480000001 ], [ 29.6134062, 60.2379857 ], [ 29.6158397, 60.2372631 ], [ 29.615909, 60.237183 ], [ 29.6158992, 60.2371133 ], [ 29.615857, 60.237060499999984 ], [ 29.6159719, 60.236919699999987 ], [ 29.6159922, 60.2368532 ], [ 29.6159535, 60.2367476 ], [ 29.6157912, 60.236450099999985 ], [ 29.6156015, 60.2361849 ], [ 29.6156796, 60.2360083 ], [ 29.6158573, 60.2358268 ], [ 29.6159517, 60.2357222 ], [ 29.6160848, 60.2355745 ], [ 29.6161911, 60.23551530000001 ], [ 29.6163399, 60.2354683 ], [ 29.6164469, 60.2354931 ], [ 29.6165151, 60.235447099999988 ], [ 29.6166402, 60.235436099999987 ], [ 29.6176496, 60.2354585 ], [ 29.6178792, 60.2365181 ], [ 29.6193844, 60.236467099999977 ], [ 29.6190802, 60.2356551 ], [ 29.6188575, 60.2350605 ], [ 29.6189012, 60.2349945 ], [ 29.6190254, 60.2349923 ], [ 29.6197593, 60.2349854 ], [ 29.6199389, 60.2350236 ], [ 29.6203971, 60.2356896 ], [ 29.6207769, 60.2364106 ], [ 29.6208241, 60.2365002 ], [ 29.620974984025743, 60.236486347335266 ], [ 29.6198924, 60.2344184 ], [ 29.6152666, 60.2338399 ], [ 29.61317, 60.2330863 ], [ 29.6111296, 60.232144 ], [ 29.6080063, 60.2311216 ], [ 29.6042121, 60.2331286 ], [ 29.602878, 60.2338802 ], [ 29.601484230694169, 60.23432501090047 ] ] ] } },
{ "type": "Feature", "properties": { "block_id": "260" }, "geometry": { "type": "Polygon", "coordinates": [ [ [ 29.6124661, 60.2375359 ], [ 29.6111325, 60.236990099999986 ], [ 29.6095052, 60.236324099999983 ], [ 29.6088117, 60.2361397 ], [ 29.6042158, 60.234918 ], [ 29.6018512, 60.2344074 ], [ 29.601484230694169, 60.23432501090047 ], [ 29.601065, 60.2344588 ], [ 29.601011794058905, 60.234484675656823 ], [ 29.6022198, 60.2349437 ], [ 29.606761566352557, 60.237419047549935 ], [ 29.6074342, 60.237785599999974 ], [ 29.6078778, 60.237994 ], [ 29.608556, 60.237694099999985 ], [ 29.6089637, 60.2376835 ], [ 29.6101868, 60.2383386 ], [ 29.6108671, 60.238606799999985 ], [ 29.6116996, 60.238935 ], [ 29.6127617, 60.239361100000011 ], [ 29.6130836, 60.239212 ], [ 29.6133518, 60.2388605 ], [ 29.6138346, 60.2386421 ], [ 29.6142042, 60.238562 ], [ 29.6134062, 60.2379857 ], [ 29.6130842, 60.23781480000001 ], [ 29.6125394, 60.2375659 ], [ 29.6124661, 60.2375359 ] ] ] } },
{ "type": "Feature", "properties": { "block_id": "261" }, "geometry": { "type": "Polygon", "coordinates": [ [ [ 29.6134062, 60.2379857 ], [ 29.6142042, 60.238562 ], [ 29.614305, 60.238604699999968 ], [ 29.6178274, 60.237593 ], [ 29.6172743, 60.236537199999987 ], [ 29.6170006, 60.235947 ], [ 29.616896, 60.2358063 ], [ 29.616633, 60.23562680000002 ], [ 29.6164469, 60.2354931 ], [ 29.6163399, 60.2354683 ], [ 29.6161911, 60.23551530000001 ], [ 29.6160848, 60.2355745 ], [ 29.6159517, 60.2357222 ], [ 29.6158573, 60.2358268 ], [ 29.6156796, 60.2360083 ], [ 29.6156015, 60.2361849 ], [ 29.6157912, 60.236450099999985 ], [ 29.6159535, 60.2367476 ], [ 29.6159922, 60.2368532 ], [ 29.6159719, 60.236919699999987 ], [ 29.615857, 60.237060499999984 ], [ 29.6158992, 60.2371133 ], [ 29.615909, 60.237183 ], [ 29.6158397, 60.2372631 ], [ 29.6134062, 60.2379857 ] ] ] } },
{ "type": "Feature", "properties": { "block_id": "262" }, "geometry": { "type": "Polygon", "coordinates": [ [ [ 29.614305, 60.238604699999968 ], [ 29.6142042, 60.238562 ], [ 29.6138346, 60.2386421 ], [ 29.6133518, 60.2388605 ], [ 29.6130836, 60.239212 ], [ 29.6127617, 60.239361100000011 ], [ 29.6116996, 60.238935 ], [ 29.6108671, 60.238606799999985 ], [ 29.6101868, 60.2383386 ], [ 29.6089637, 60.2376835 ], [ 29.608556, 60.237694099999985 ], [ 29.6078778, 60.237994 ], [ 29.6074342, 60.237785599999974 ], [ 29.606761566352557, 60.237419047549935 ], [ 29.6072525, 60.2377045 ], [ 29.6075348, 60.2378855 ], [ 29.6079764, 60.2380802 ], [ 29.6085592, 60.2383304 ], [ 29.6094096, 60.238657900000021 ], [ 29.6100969, 60.2389008 ], [ 29.6109307, 60.239203700000019 ], [ 29.6113981, 60.2393638 ], [ 29.6119085, 60.2395553 ], [ 29.6121705, 60.2396568 ], [ 29.6122814, 60.2398892 ], [ 29.612439, 60.2402358 ], [ 29.6127396, 60.240828 ], [ 29.6128917, 60.2411454 ], [ 29.6131794, 60.2416667 ], [ 29.613306433391493, 60.241924688337342 ], [ 29.615865, 60.24149419999997 ], [ 29.6160195, 60.2414296 ], [ 29.615725, 60.24069380000001 ], [ 29.6166455, 60.2405363 ], [ 29.6177628, 60.2403346 ], [ 29.6173245, 60.2400946 ], [ 29.6165169, 60.23969970000001 ], [ 29.615505, 60.2391689 ], [ 29.614305, 60.238604699999968 ] ] ] } },
{ "type": "Feature", "properties": { "block_id": "263" }, "geometry": { "type": "Polygon", "coordinates": [ [ [ 29.614305, 60.238604699999968 ], [ 29.615505, 60.2391689 ], [ 29.6181844, 60.238286399999978 ], [ 29.6178274, 60.237593 ], [ 29.614305, 60.238604699999968 ] ] ] } },
{ "type": "Feature", "properties": { "block_id": "264" }, "geometry": { "type": "Polygon", "coordinates": [ [ [ 29.615505, 60.2391689 ], [ 29.6165169, 60.23969970000001 ], [ 29.6188553, 60.239117 ], [ 29.6196001, 60.2390949 ], [ 29.6201212, 60.2390792 ], [ 29.6206371, 60.239087 ], [ 29.6211884, 60.2390256 ], [ 29.6207348, 60.2380729 ], [ 29.620059, 60.2381366 ], [ 29.6181844, 60.238286399999978 ], [ 29.615505, 60.2391689 ] ] ] } },
{ "type": "Feature", "properties": { "block_id": "265" }, "geometry": { "type": "Polygon", "coordinates": [ [ [ 29.6165169, 60.23969970000001 ], [ 29.6173245, 60.2400946 ], [ 29.6194409, 60.2397953 ], [ 29.6196078, 60.2398563 ], [ 29.6203957, 60.240144099999952 ], [ 29.6206157, 60.2401548 ], [ 29.6215151, 60.240398199999987 ], [ 29.622001, 60.2397535 ], [ 29.6211884, 60.2390256 ], [ 29.6206371, 60.239087 ], [ 29.6201212, 60.2390792 ], [ 29.6196001, 60.2390949 ], [ 29.6188553, 60.239117 ], [ 29.6165169, 60.23969970000001 ] ] ] } },
{ "type": "Feature", "properties": { "block_id": "266" }, "geometry": { "type": "Polygon", "coordinates": [ [ [ 29.6173245, 60.2400946 ], [ 29.6177628, 60.2403346 ], [ 29.618027, 60.240399900000014 ], [ 29.6181616, 60.24083 ], [ 29.6182474, 60.2408742 ], [ 29.6184002, 60.2408955 ], [ 29.6190995, 60.240851 ], [ 29.6193356, 60.2408476 ], [ 29.6195313, 60.240904799999988 ], [ 29.619785, 60.2410036 ], [ 29.6203077, 60.2412071 ], [ 29.6210284, 60.2414876 ], [ 29.6212655, 60.2415886 ], [ 29.6215018, 60.241764699999983 ], [ 29.621649, 60.24087 ], [ 29.621671, 60.2407077 ], [ 29.6215151, 60.240398199999987 ], [ 29.6206157, 60.2401548 ], [ 29.6203957, 60.240144099999952 ], [ 29.6196078, 60.2398563 ], [ 29.6194409, 60.2397953 ], [ 29.6173245, 60.2400946 ] ] ] } },
{ "type": "Feature", "properties": { "block_id": "267" }, "geometry": { "type": "Polygon", "coordinates": [ [ [ 29.6215018, 60.241764699999983 ], [ 29.6212655, 60.2415886 ], [ 29.6210284, 60.2414876 ], [ 29.6203077, 60.2412071 ], [ 29.619785, 60.2410036 ], [ 29.6195313, 60.240904799999988 ], [ 29.6193356, 60.2408476 ], [ 29.6190995, 60.240851 ], [ 29.6184002, 60.2408955 ], [ 29.6182474, 60.2408742 ], [ 29.6181616, 60.24083 ], [ 29.618027, 60.240399900000014 ], [ 29.6177628, 60.2403346 ], [ 29.6166455, 60.2405363 ], [ 29.6169769, 60.2411952 ], [ 29.6169956, 60.2414816 ], [ 29.6173255, 60.2419751 ], [ 29.6174232, 60.2420069 ], [ 29.6177885, 60.2427596 ], [ 29.6194891, 60.2420186 ], [ 29.6196822, 60.2415885 ], [ 29.6214599, 60.2419481 ], [ 29.6215018, 60.241764699999983 ] ] ] } },
{ "type": "Feature", "properties": { "block_id": "268" }, "geometry": { "type": "Polygon", "coordinates": [ [ [ 29.624660620543871, 60.237028250092102 ], [ 29.6248884, 60.23695110000002 ], [ 29.6264295, 60.23647170000001 ], [ 29.6279693, 60.235973799999947 ], [ 29.629872, 60.2353766 ], [ 29.629700960638583, 60.235255385936057 ], [ 29.6264118, 60.23629110000001 ], [ 29.624660620543871, 60.237028250092102 ] ] ] } },
{ "type": "Feature", "properties": { "block_id": "269" }, "geometry": { "type": "Polygon", "coordinates": [ [ [ 29.5921816, 60.258820299999989 ], [ 29.5923961, 60.2582958 ], [ 29.592445, 60.2580577 ], [ 29.5924245, 60.25755370000001 ], [ 29.5924217, 60.2574689 ], [ 29.5924914, 60.2571447 ], [ 29.5925261, 60.257033299999982 ], [ 29.5914187, 60.2568634 ], [ 29.5912423, 60.2568363 ], [ 29.5912161, 60.256895299999982 ], [ 29.5909568, 60.2572747 ], [ 29.5902689, 60.2581817 ], [ 29.5901346, 60.2585453 ], [ 29.5911758, 60.2587564 ], [ 29.5921816, 60.258820299999989 ] ] ] } },
{ "type": "Feature", "properties": { "block_id": "270" }, "geometry": { "type": "Polygon", "coordinates": [ [ [ 29.5925261, 60.257033299999982 ], [ 29.5924914, 60.2571447 ], [ 29.5924217, 60.2574689 ], [ 29.5924245, 60.25755370000001 ], [ 29.592445, 60.2580577 ], [ 29.5923961, 60.2582958 ], [ 29.5921816, 60.258820299999989 ], [ 29.5931982, 60.2589502 ], [ 29.5934021, 60.2588562 ], [ 29.5955167, 60.2584136 ], [ 29.5963418, 60.25817760000001 ], [ 29.5966231, 60.258060199999989 ], [ 29.5971952, 60.257906499999969 ], [ 29.5972033, 60.257860099999988 ], [ 29.5972121, 60.2578094 ], [ 29.5970427, 60.2577965 ], [ 29.5966484, 60.2577482 ], [ 29.595332, 60.2575388 ], [ 29.5950146, 60.2574859 ], [ 29.5948226, 60.2574539 ], [ 29.5945984, 60.2573779 ], [ 29.5944181, 60.257346499999983 ], [ 29.5937046, 60.25721570000001 ], [ 29.5934647, 60.2571774 ], [ 29.5931709, 60.257129900000017 ], [ 29.5929844, 60.2571037 ], [ 29.5925261, 60.257033299999982 ] ] ] } },
{ "type": "Feature", "properties": { "block_id": "271" }, "geometry": { "type": "Polygon", "coordinates": [ [ [ 29.6359567, 60.2557703 ], [ 29.6352675, 60.253174 ], [ 29.6331309, 60.2531994 ], [ 29.6316338, 60.253250399999985 ], [ 29.631994, 60.2541618 ], [ 29.6321839, 60.2544902 ], [ 29.6322593, 60.254583400000016 ], [ 29.6323804, 60.254572700000018 ], [ 29.6324877, 60.254793 ], [ 29.6327857, 60.2553857 ], [ 29.6330543, 60.255841699999984 ], [ 29.6330414, 60.255911500000011 ], [ 29.6332099, 60.2558682 ], [ 29.6359567, 60.2557703 ] ] ] } },
{ "type": "Feature", "properties": { "block_id": "272" }, "geometry": { "type": "Polygon", "coordinates": [ [ [ 29.653118, 60.1981667 ], [ 29.6519275, 60.19557240000001 ], [ 29.6516865, 60.1956305 ], [ 29.6513552, 60.1956505 ], [ 29.6500803, 60.1954661 ], [ 29.6497022, 60.1954044 ], [ 29.6493101, 60.1953719 ], [ 29.6482938, 60.1953614 ], [ 29.6469265, 60.1952677 ], [ 29.6466072, 60.1958702 ], [ 29.6463534, 60.1965871 ], [ 29.6466954, 60.1973964 ], [ 29.6469281, 60.1988449 ], [ 29.6481197, 60.1995434 ], [ 29.6491132, 60.1994929 ], [ 29.6497505, 60.1993131 ], [ 29.6506431, 60.1988567 ], [ 29.6514757, 60.198587899999985 ], [ 29.6527149, 60.1982797 ], [ 29.653118, 60.1981667 ] ] ] } },
{ "type": "Feature", "properties": { "block_id": "273" }, "geometry": { "type": "Polygon", "coordinates": [ [ [ 29.6828289, 60.1940999 ], [ 29.6853439, 60.1937948 ], [ 29.6866137, 60.1932986 ], [ 29.6868792, 60.192995700000019 ], [ 29.6860351, 60.192966 ], [ 29.6851876, 60.19288310000001 ], [ 29.6844766, 60.1927912 ], [ 29.6839562, 60.1927221 ], [ 29.6832519, 60.192666799999984 ], [ 29.6823274, 60.192615699999955 ], [ 29.6815694, 60.1925909 ], [ 29.6815046, 60.1925899 ], [ 29.6803188, 60.19249940000001 ], [ 29.6801605, 60.192491100000012 ], [ 29.6806326, 60.1929707 ], [ 29.6811166, 60.1932459 ], [ 29.6824108, 60.193812200000018 ], [ 29.682669, 60.1939662 ], [ 29.6828289, 60.1940999 ] ] ] } },
{ "type": "Feature", "properties": { "block_id": "274" }, "geometry": { "type": "Polygon", "coordinates": [ [ [ 29.6868792, 60.192995700000019 ], [ 29.6866137, 60.1932986 ], [ 29.6853439, 60.1937948 ], [ 29.6828289, 60.1940999 ], [ 29.6829919, 60.1943012 ], [ 29.6833431, 60.1948592 ], [ 29.6835584, 60.19512670000001 ], [ 29.6839297, 60.195097599999983 ], [ 29.6849197, 60.194992399999983 ], [ 29.685906, 60.194858 ], [ 29.6869238, 60.1947115 ], [ 29.6870672, 60.1947159 ], [ 29.6874258, 60.194674 ], [ 29.6874775, 60.194668 ], [ 29.6877185, 60.1946435 ], [ 29.6881523, 60.1946652 ], [ 29.6885797, 60.1945826 ], [ 29.6891421, 60.1944424 ], [ 29.6892894, 60.194384099999986 ], [ 29.6891911, 60.194003199999983 ], [ 29.6891518, 60.193780100000033 ], [ 29.6892898, 60.1931398 ], [ 29.6893473, 60.192838799999983 ], [ 29.6883921, 60.1929741 ], [ 29.6879058, 60.1930134 ], [ 29.6874462, 60.1930172 ], [ 29.6870799, 60.1930027 ], [ 29.6868792, 60.192995700000019 ] ] ] } },
{ "type": "Feature", "properties": { "block_id": "275" }, "geometry": { "type": "Polygon", "coordinates": [ [ [ 29.6843129, 60.2004742 ], [ 29.6845542, 60.2004227 ], [ 29.6850532, 60.20031620000001 ], [ 29.685249, 60.2002563 ], [ 29.6853965, 60.2001829 ], [ 29.6855333, 60.2000736 ], [ 29.6856141, 60.1999607 ], [ 29.6856567, 60.1998244 ], [ 29.6856809, 60.199659099999984 ], [ 29.6857403, 60.1995302 ], [ 29.6861033, 60.1991442 ], [ 29.6861857, 60.199056699999986 ], [ 29.6851055, 60.198684 ], [ 29.6847762, 60.1985814 ], [ 29.6839513, 60.1983439 ], [ 29.683679, 60.198268199999987 ], [ 29.6835397, 60.1983943 ], [ 29.6830499, 60.198749599999957 ], [ 29.6829519, 60.198820599999983 ], [ 29.6830247, 60.198913 ], [ 29.6838076, 60.1998618 ], [ 29.6842369, 60.200382 ], [ 29.6843129, 60.2004742 ] ] ] } },
{ "type": "Feature", "properties": { "block_id": "276" }, "geometry": { "type": "Polygon", "coordinates": [ [ [ 29.6958497, 60.20869110000001 ], [ 29.6970255, 60.209870299999935 ], [ 29.6992631, 60.2093838 ], [ 29.6982537, 60.2080502 ], [ 29.6964531, 60.2085201 ], [ 29.6958497, 60.20869110000001 ] ] ] } },
{ "type": "Feature", "properties": { "block_id": "277" }, "geometry": { "type": "Polygon", "coordinates": [ [ [ 29.6970255, 60.209870299999935 ], [ 29.6958497, 60.20869110000001 ], [ 29.6946082, 60.2090221 ], [ 29.6932191, 60.209454 ], [ 29.6939276, 60.2104236 ], [ 29.6941147, 60.2104194 ], [ 29.6970255, 60.209870299999935 ] ] ] } },
{ "type": "Feature", "properties": { "block_id": "278" }, "geometry": { "type": "Polygon", "coordinates": [ [ [ 29.6970255, 60.209870299999935 ], [ 29.6976687, 60.210515300000026 ], [ 29.6987609, 60.210299599999956 ], [ 29.6998329, 60.2101365 ], [ 29.6992631, 60.2093838 ], [ 29.6970255, 60.209870299999935 ] ] ] } },
{ "type": "Feature", "properties": { "block_id": "279" }, "geometry": { "type": "Polygon", "coordinates": [ [ [ 29.6807215, 60.1994711 ], [ 29.6807549, 60.199520199999988 ], [ 29.6812499, 60.2002736 ], [ 29.6814644, 60.2004202 ], [ 29.6816146, 60.200493499999986 ], [ 29.6818829, 60.2005615 ], [ 29.6840601, 60.2011534 ], [ 29.6841976, 60.20118930000001 ], [ 29.6843063, 60.2010898 ], [ 29.6844524, 60.2009441 ], [ 29.684494, 60.2008954 ], [ 29.6845114, 60.2008521 ], [ 29.6845208, 60.2007861 ], [ 29.68449, 60.2007148 ], [ 29.6843841, 60.200570899999967 ], [ 29.6843129, 60.2004742 ], [ 29.6842369, 60.200382 ], [ 29.6838076, 60.1998618 ], [ 29.6830247, 60.198913 ], [ 29.6829519, 60.198820599999983 ], [ 29.6826345, 60.1989131 ], [ 29.6809143, 60.1994122 ], [ 29.6807215, 60.1994711 ] ] ] } },
{ "type": "Feature", "properties": { "block_id": "280" }, "geometry": { "type": "Polygon", "coordinates": [ [ [ 29.7259755, 60.1968098 ], [ 29.7257734, 60.1970176 ], [ 29.725316, 60.1978755 ], [ 29.725277958302954, 60.197925216636101 ], [ 29.7254613, 60.1979613 ], [ 29.726029, 60.1981196 ], [ 29.7266174, 60.1982125 ], [ 29.726832, 60.198339799999985 ], [ 29.7270536, 60.1984361 ], [ 29.7270605, 60.198532499999985 ], [ 29.726922, 60.1986116 ], [ 29.7268113, 60.198680399999986 ], [ 29.7268096, 60.1988967 ], [ 29.7268256, 60.1990831 ], [ 29.7267694, 60.19913 ], [ 29.7266182, 60.1992699 ], [ 29.726473, 60.1994717 ], [ 29.7266253, 60.1995752 ], [ 29.7272091, 60.1997224 ], [ 29.7272432, 60.2000134 ], [ 29.7272434, 60.2000152 ], [ 29.7295036, 60.1995868 ], [ 29.7338795, 60.19875 ], [ 29.7334643, 60.198645599999985 ], [ 29.7330682, 60.198546 ], [ 29.7297658, 60.1978264 ], [ 29.7292989, 60.1976995 ], [ 29.728731, 60.1974887 ], [ 29.7285881, 60.197439199999955 ], [ 29.7277003, 60.197232899999975 ], [ 29.7265631, 60.1969876 ], [ 29.7259755, 60.1968098 ] ] ] } },
{ "type": "Feature", "properties": { "block_id": "281" }, "geometry": { "type": "Polygon", "coordinates": [ [ [ 29.725277958302954, 60.197925216636101 ], [ 29.725316, 60.1978755 ], [ 29.7257734, 60.1970176 ], [ 29.7259755, 60.1968098 ], [ 29.72579, 60.196765099999951 ], [ 29.7250674, 60.1964824 ], [ 29.7231969, 60.196018499999987 ], [ 29.7228718, 60.1958949 ], [ 29.7227409, 60.195805499999985 ], [ 29.7223836, 60.1958564 ], [ 29.72211414650975, 60.195920207065782 ], [ 29.722105, 60.1959909 ], [ 29.722098, 60.1960364 ], [ 29.7217511, 60.1962039 ], [ 29.721594, 60.196395700000025 ], [ 29.7216145, 60.1964924 ], [ 29.7213687, 60.1966892 ], [ 29.7213196, 60.1969379 ], [ 29.7217804, 60.1971839 ], [ 29.7228456, 60.1973977 ], [ 29.7237443, 60.1975553 ], [ 29.7244089, 60.1977239 ], [ 29.725129, 60.197895899999985 ], [ 29.725277958302954, 60.197925216636101 ] ] ] } },
{ "type": "Feature", "properties": { "block_id": "282" }, "geometry": { "type": "Polygon", "coordinates": [ [ [ 29.725277958302954, 60.197925216636101 ], [ 29.7250022, 60.1982856 ], [ 29.725881, 60.198475 ], [ 29.7256884, 60.1997835 ], [ 29.7256321, 60.2001663 ], [ 29.7256087, 60.200325 ], [ 29.7261395, 60.2002244 ], [ 29.7272434, 60.2000152 ], [ 29.7272432, 60.2000134 ], [ 29.7272091, 60.1997224 ], [ 29.7266253, 60.1995752 ], [ 29.726473, 60.1994717 ], [ 29.7266182, 60.1992699 ], [ 29.7267694, 60.19913 ], [ 29.7268256, 60.1990831 ], [ 29.7268096, 60.1988967 ], [ 29.7268113, 60.198680399999986 ], [ 29.726922, 60.1986116 ], [ 29.7270605, 60.198532499999985 ], [ 29.7270536, 60.1984361 ], [ 29.726832, 60.198339799999985 ], [ 29.7266174, 60.1982125 ], [ 29.726029, 60.1981196 ], [ 29.7254613, 60.1979613 ], [ 29.725277958302954, 60.197925216636101 ] ] ] } },
{ "type": "Feature", "properties": { "block_id": "283" }, "geometry": { "type": "Polygon", "coordinates": [ [ [ 29.683679, 60.198268199999987 ], [ 29.683923, 60.1981596 ], [ 29.684045, 60.1981162 ], [ 29.684538, 60.1979787 ], [ 29.6844724, 60.1978472 ], [ 29.6841373, 60.1973531 ], [ 29.683629, 60.1966037 ], [ 29.6834868, 60.196501 ], [ 29.6833755, 60.196453 ], [ 29.6831757, 60.1964184 ], [ 29.6803701, 60.1960031 ], [ 29.680236, 60.1959755 ], [ 29.6801066, 60.1959371 ], [ 29.6799582, 60.195996199999989 ], [ 29.6791859, 60.1963037 ], [ 29.6793227, 60.1963784 ], [ 29.6808583, 60.1971103 ], [ 29.6811493, 60.197320399999988 ], [ 29.6815503, 60.1975902 ], [ 29.6820089, 60.1978368 ], [ 29.682249, 60.1979255 ], [ 29.6825373, 60.198006099999986 ], [ 29.6829942, 60.1981113 ], [ 29.6834533, 60.1982165 ], [ 29.683679, 60.198268199999987 ] ] ] } },
{ "type": "Feature", "properties": { "block_id": "284" }, "geometry": { "type": "Polygon", "coordinates": [ [ [ 29.7208609, 60.1903205 ], [ 29.7207929, 60.190238 ], [ 29.7205067, 60.1897454 ], [ 29.720129, 60.189053099999988 ], [ 29.7194578, 60.1890952 ], [ 29.7187718, 60.1892312 ], [ 29.7172132, 60.1894312 ], [ 29.7171039, 60.1894452 ], [ 29.7168615, 60.1894502 ], [ 29.7173951, 60.1907767 ], [ 29.7174239, 60.1908473 ], [ 29.7208609, 60.1903205 ] ] ] } },
{ "type": "Feature", "properties": { "block_id": "285" }, "geometry": { "type": "Polygon", "coordinates": [ [ [ 29.7205067, 60.1897454 ], [ 29.7207929, 60.190238 ], [ 29.7208609, 60.1903205 ], [ 29.7217856, 60.190177800000015 ], [ 29.7221413, 60.1901358 ], [ 29.7219918, 60.190016200000017 ], [ 29.7218853, 60.1899507 ], [ 29.7215527, 60.1897587 ], [ 29.7211799, 60.1897 ], [ 29.7208017, 60.1897134 ], [ 29.7205067, 60.1897454 ] ] ] } },
{ "type": "Feature", "properties": { "block_id": "286" }, "geometry": { "type": "Polygon", "coordinates": [ [ [ 29.6829519, 60.198820599999983 ], [ 29.6826704, 60.198760900000011 ], [ 29.6818748, 60.19859 ], [ 29.6815905, 60.198522 ], [ 29.6813035, 60.198414 ], [ 29.6809387, 60.1982647 ], [ 29.6801877, 60.1978768 ], [ 29.6799329, 60.197704800000025 ], [ 29.6797183, 60.197516899999989 ], [ 29.6788165, 60.196639199999986 ], [ 29.6786883, 60.196514399999984 ], [ 29.6784765, 60.19666639999997 ], [ 29.6783558, 60.196809 ], [ 29.6782511, 60.1970196 ], [ 29.6780553, 60.1976249 ], [ 29.6780339, 60.1976915 ], [ 29.6780526, 60.1977382 ], [ 29.6781143, 60.1977889 ], [ 29.679308, 60.1984234 ], [ 29.6798658, 60.1987926 ], [ 29.6806382, 60.1994081 ], [ 29.6807215, 60.1994711 ], [ 29.6809143, 60.1994122 ], [ 29.6826345, 60.1989131 ], [ 29.6829519, 60.198820599999983 ] ] ] } },
{ "type": "Feature", "properties": { "block_id": "287" }, "geometry": { "type": "Polygon", "coordinates": [ [ [ 29.6786883, 60.196514399999984 ], [ 29.6788165, 60.196639199999986 ], [ 29.6797183, 60.197516899999989 ], [ 29.6799329, 60.197704800000025 ], [ 29.6801877, 60.1978768 ], [ 29.6809387, 60.1982647 ], [ 29.6813035, 60.198414 ], [ 29.6815905, 60.198522 ], [ 29.6818748, 60.19859 ], [ 29.6826704, 60.198760900000011 ], [ 29.6829519, 60.198820599999983 ], [ 29.6830499, 60.198749599999957 ], [ 29.6835397, 60.1983943 ], [ 29.683679, 60.198268199999987 ], [ 29.6834533, 60.1982165 ], [ 29.6829942, 60.1981113 ], [ 29.6825373, 60.198006099999986 ], [ 29.682249, 60.1979255 ], [ 29.6820089, 60.1978368 ], [ 29.6815503, 60.1975902 ], [ 29.6811493, 60.197320399999988 ], [ 29.6808583, 60.1971103 ], [ 29.6793227, 60.1963784 ], [ 29.6791859, 60.1963037 ], [ 29.6786883, 60.196514399999984 ] ] ] } },
{ "type": "Feature", "properties": { "block_id": "288" }, "geometry": { "type": "Polygon", "coordinates": [ [ [ 29.7169332, 60.1909225 ], [ 29.7168751, 60.190845299999985 ], [ 29.7166755, 60.1905657 ], [ 29.7162266, 60.1903372 ], [ 29.7153728, 60.1897875 ], [ 29.7153191, 60.1897943 ], [ 29.7132689, 60.1900534 ], [ 29.711388, 60.1902451 ], [ 29.7108606, 60.1903037 ], [ 29.7099885, 60.190359199999989 ], [ 29.7074024, 60.1905239 ], [ 29.7077405, 60.1911933 ], [ 29.7078118, 60.1913468 ], [ 29.707863, 60.191456600000031 ], [ 29.7080748, 60.19141620000002 ], [ 29.7088249, 60.191330699999988 ], [ 29.7097537, 60.1912961 ], [ 29.71053, 60.191287 ], [ 29.7112477, 60.191317399999988 ], [ 29.7119357, 60.1913638 ], [ 29.71255, 60.191375599999986 ], [ 29.7132792, 60.191343099999983 ], [ 29.7134991, 60.191329200000034 ], [ 29.7141604, 60.1912875 ], [ 29.7149153, 60.1912276 ], [ 29.7155963, 60.1911477 ], [ 29.7159035, 60.1910957 ], [ 29.7163045, 60.1910279 ], [ 29.7169332, 60.1909225 ] ] ] } },
{ "type": "Feature", "properties": { "block_id": "289" }, "geometry": { "type": "Polygon", "coordinates": [ [ [ 29.7153728, 60.1897875 ], [ 29.7147273, 60.1887872 ], [ 29.7146767, 60.1887089 ], [ 29.7116768, 60.188788 ], [ 29.7087868, 60.1887542 ], [ 29.706515, 60.1889052 ], [ 29.7067664, 60.1892645 ], [ 29.7074024, 60.1905239 ], [ 29.7099885, 60.190359199999989 ], [ 29.7108606, 60.1903037 ], [ 29.711388, 60.1902451 ], [ 29.7132689, 60.1900534 ], [ 29.7153191, 60.1897943 ], [ 29.7153728, 60.1897875 ] ] ] } },
{ "type": "Feature", "properties": { "block_id": "290" }, "geometry": { "type": "Polygon", "coordinates": [ [ [ 29.7408545, 60.1854098 ], [ 29.7422356, 60.1850147 ], [ 29.7426515, 60.184905899999983 ], [ 29.7430346, 60.184497699999987 ], [ 29.7452283, 60.1840373 ], [ 29.7456631, 60.1848551 ], [ 29.7457229, 60.184967499999985 ], [ 29.7467327, 60.187059 ], [ 29.746775, 60.1871467 ], [ 29.7468621, 60.1872991 ], [ 29.7470359, 60.187277899999984 ], [ 29.7475208, 60.1872166 ], [ 29.7479925, 60.187172599999982 ], [ 29.7480588, 60.1871664 ], [ 29.7486128, 60.1871296 ], [ 29.7505367, 60.187045799999986 ], [ 29.7508237, 60.1870145 ], [ 29.751112, 60.1869671 ], [ 29.7514312, 60.1869009 ], [ 29.7517598, 60.18680509999998 ], [ 29.7520615, 60.1866891 ], [ 29.7528112, 60.1863677 ], [ 29.7544554, 60.1856582 ], [ 29.7559576, 60.185038399999989 ], [ 29.7561601, 60.1849549 ], [ 29.7577062, 60.1843273 ], [ 29.7582689, 60.1840804 ], [ 29.7589856, 60.1837418 ], [ 29.7592914, 60.183589099999978 ], [ 29.7596486, 60.183397 ], [ 29.7599687, 60.1832384 ], [ 29.7602704, 60.1831017 ], [ 29.7604085, 60.1830497 ], [ 29.7605132, 60.1830203 ], [ 29.7612193, 60.1828327 ], [ 29.7600536, 60.1814201 ], [ 29.759186, 60.1814809 ], [ 29.75769, 60.1817023 ], [ 29.7558391, 60.181848599999988 ], [ 29.7534871, 60.182352199999983 ], [ 29.7526181, 60.182586899999976 ], [ 29.7522533, 60.182640199999945 ], [ 29.7516853, 60.1826458 ], [ 29.7502444, 60.1826758 ], [ 29.7490454, 60.1825922 ], [ 29.748584, 60.1824375 ], [ 29.7470176, 60.1826936 ], [ 29.7457945, 60.1829176 ], [ 29.7454123, 60.1829824 ], [ 29.7448343, 60.1830804 ], [ 29.7437721, 60.1832244 ], [ 29.7435737, 60.1832297 ], [ 29.7431713, 60.1831764 ], [ 29.7428817, 60.1831817 ], [ 29.7418141, 60.1833738 ], [ 29.7415297, 60.183368700000017 ], [ 29.7400224, 60.1837418 ], [ 29.7383004, 60.18424060000001 ], [ 29.7379732, 60.184286 ], [ 29.737426, 60.18431 ], [ 29.7372729, 60.184305799999983 ], [ 29.7371364, 60.184302 ], [ 29.7368199, 60.1843713 ], [ 29.7365087, 60.1843767 ], [ 29.7362673, 60.1843313 ], [ 29.7361332, 60.184296599999975 ], [ 29.7359937, 60.184304599999983 ], [ 29.7358167, 60.1843553 ], [ 29.7354519, 60.184487299999944 ], [ 29.7351488, 60.1845474 ], [ 29.7349101, 60.1845394 ], [ 29.7346821, 60.1845674 ], [ 29.7344086, 60.1846901 ], [ 29.7340411, 60.1847741 ], [ 29.7336844, 60.184839399999987 ], [ 29.733392, 60.1848421 ], [ 29.7331157, 60.1848954 ], [ 29.7325391, 60.1850155 ], [ 29.732185, 60.185071499999985 ], [ 29.7319624, 60.1850315 ], [ 29.7317183, 60.184968799999979 ], [ 29.7315198, 60.184986099999989 ], [ 29.7312409, 60.1850421 ], [ 29.7304201, 60.1851475 ], [ 29.7299963, 60.1852102 ], [ 29.7295457, 60.185230199999985 ], [ 29.7290951, 60.1852488 ], [ 29.7288859, 60.1852302 ], [ 29.7287518, 60.1852795 ], [ 29.7285292, 60.1852808 ], [ 29.7282127, 60.1853195 ], [ 29.7279552, 60.1853902 ], [ 29.727357, 60.1854929 ], [ 29.7270539, 60.1855182 ], [ 29.7267964, 60.1855356 ], [ 29.7266972, 60.1855462 ], [ 29.7266038, 60.1856079 ], [ 29.7270562, 60.186028599999965 ], [ 29.7270445, 60.186263800000013 ], [ 29.7274075, 60.186563899999989 ], [ 29.7276346, 60.1867547 ], [ 29.7276093, 60.1872101 ], [ 29.7277431, 60.1874339 ], [ 29.7275182, 60.187691 ], [ 29.7271961, 60.187734299999988 ], [ 29.7269362, 60.1879631 ], [ 29.727093, 60.188255 ], [ 29.7271988, 60.188601399999989 ], [ 29.7269688, 60.188771099999983 ], [ 29.7267159, 60.1888208 ], [ 29.7261044, 60.189132 ], [ 29.724781420451002, 60.189819690125105 ], [ 29.7248175, 60.1898153 ], [ 29.7255433, 60.1897267 ], [ 29.7261161, 60.1896661 ], [ 29.7262743, 60.1896522 ], [ 29.726543, 60.1896286 ], [ 29.7272766, 60.189608 ], [ 29.7282939, 60.1896209 ], [ 29.7291822, 60.1896089 ], [ 29.7298514, 60.1895701 ], [ 29.7299977, 60.189554699999988 ], [ 29.7306848, 60.1894382 ], [ 29.7312547, 60.189362299999964 ], [ 29.7318296, 60.1893188 ], [ 29.7334395, 60.1892324 ], [ 29.7341993, 60.189164 ], [ 29.7348645, 60.1890867 ], [ 29.7352288, 60.1890414 ], [ 29.7357121, 60.1889813 ], [ 29.7362217, 60.188928 ], [ 29.7365382, 60.1889053 ], [ 29.7368908, 60.1888987 ], [ 29.7374582, 60.1888873 ], [ 29.7378752, 60.188874599999984 ], [ 29.7382789, 60.1888181 ], [ 29.7385445, 60.1887623 ], [ 29.7389019, 60.188662 ], [ 29.7393653, 60.18852 ], [ 29.7398829, 60.1883719 ], [ 29.7400777, 60.1883239 ], [ 29.7400546, 60.1882179 ], [ 29.7407058, 60.186701 ], [ 29.7413259, 60.186131299999971 ], [ 29.7413051, 60.1860053 ], [ 29.7412394, 60.1857984 ], [ 29.7411153, 60.1856118 ], [ 29.7408545, 60.1854098 ] ] ] } },
{ "type": "Feature", "properties": { "block_id": "291" }, "geometry": { "type": "Polygon", "coordinates": [ [ [ 29.7452283, 60.1840373 ], [ 29.7430346, 60.184497699999987 ], [ 29.7426515, 60.184905899999983 ], [ 29.7422356, 60.1850147 ], [ 29.7408545, 60.1854098 ], [ 29.7411153, 60.1856118 ], [ 29.7412394, 60.1857984 ], [ 29.7413051, 60.1860053 ], [ 29.7413259, 60.186131299999971 ], [ 29.744195, 60.1853957 ], [ 29.7446766, 60.1853522 ], [ 29.7451692, 60.1852161 ], [ 29.7457229, 60.184967499999985 ], [ 29.7456631, 60.1848551 ], [ 29.7452283, 60.1840373 ] ] ] } },
{ "type": "Feature", "properties": { "block_id": "292" }, "geometry": { "type": "Polygon", "coordinates": [ [ [ 29.7263286, 60.1948014 ], [ 29.7282124, 60.195325599999961 ], [ 29.7286767, 60.195363900000011 ], [ 29.7300244, 60.1951874 ], [ 29.730084507847561, 60.194571627630324 ], [ 29.7298796, 60.1945503 ], [ 29.7292273, 60.19442870000001 ], [ 29.7284819, 60.1942625 ], [ 29.7278435, 60.1941709 ], [ 29.7270852, 60.1938901 ], [ 29.726954368717074, 60.193846932911583 ], [ 29.7266731, 60.194276 ], [ 29.7264736, 60.1945802 ], [ 29.7263286, 60.1948014 ] ] ] } },
{ "type": "Feature", "properties": { "block_id": "293" }, "geometry": { "type": "Polygon", "coordinates": [ [ [ 29.7550801, 60.190362 ], [ 29.7528112, 60.1863677 ], [ 29.7520615, 60.1866891 ], [ 29.7517598, 60.18680509999998 ], [ 29.7514312, 60.1869009 ], [ 29.751112, 60.1869671 ], [ 29.7508237, 60.1870145 ], [ 29.7505367, 60.187045799999986 ], [ 29.7486128, 60.1871296 ], [ 29.7480588, 60.1871664 ], [ 29.7479925, 60.187172599999982 ], [ 29.7475208, 60.1872166 ], [ 29.7470359, 60.187277899999984 ], [ 29.7468621, 60.1872991 ], [ 29.7469658, 60.187470500000011 ], [ 29.7471825, 60.187828499999988 ], [ 29.749193, 60.1911498 ], [ 29.7522047, 60.1907468 ], [ 29.7550801, 60.190362 ] ] ] } },
{ "type": "Feature", "properties": { "block_id": "294" }, "geometry": { "type": "Polygon", "coordinates": [ [ [ 29.7528112, 60.1863677 ], [ 29.7550801, 60.190362 ], [ 29.7588944, 60.1898574 ], [ 29.7605043, 60.1896799 ], [ 29.7607558, 60.189415599999961 ], [ 29.7608149, 60.189124 ], [ 29.760729, 60.188960499999986 ], [ 29.7602839, 60.188775099999987 ], [ 29.759754, 60.1885138 ], [ 29.7593583, 60.1881779 ], [ 29.7589623, 60.1879041 ], [ 29.7574316, 60.18604 ], [ 29.7564274, 60.1850734 ], [ 29.7561601, 60.1849549 ], [ 29.7559576, 60.185038399999989 ], [ 29.7544554, 60.1856582 ], [ 29.7528112, 60.1863677 ] ] ] } },
{ "type": "Feature", "properties": { "block_id": "295" }, "geometry": { "type": "Polygon", "coordinates": [ [ [ 29.7038238, 60.2077984 ], [ 29.7035901, 60.20786 ], [ 29.7026147, 60.208122799999956 ], [ 29.7028188, 60.208393 ], [ 29.7029411, 60.208412 ], [ 29.7039279, 60.2081772 ], [ 29.7040419, 60.2081365 ], [ 29.7040723, 60.2080977 ], [ 29.7040406, 60.2080413 ], [ 29.7038238, 60.2077984 ] ] ] } },
{ "type": "Feature", "properties": { "block_id": "296" }, "geometry": { "type": "Polygon", "coordinates": [ [ [ 29.6469265, 60.1952677 ], [ 29.6482938, 60.1953614 ], [ 29.6493101, 60.1953719 ], [ 29.6497022, 60.1954044 ], [ 29.6500803, 60.1954661 ], [ 29.6513552, 60.1956505 ], [ 29.6516865, 60.1956305 ], [ 29.6519275, 60.19557240000001 ], [ 29.6527168, 60.195453899999976 ], [ 29.6535233, 60.195349299999982 ], [ 29.6562439, 60.195065899999989 ], [ 29.6563134, 60.195049199999971 ], [ 29.656359, 60.195021199999985 ], [ 29.656375, 60.194985199999984 ], [ 29.6565346, 60.194099 ], [ 29.655877, 60.1941598 ], [ 29.6547274, 60.194274699999987 ], [ 29.6544224, 60.19434 ], [ 29.6542077, 60.1943984 ], [ 29.653902, 60.1944493 ], [ 29.6535249, 60.1944839 ], [ 29.6532798, 60.194468 ], [ 29.6531539, 60.1944374 ], [ 29.653552, 60.193447299999967 ], [ 29.6535872, 60.1933457 ], [ 29.653841, 60.1927391 ], [ 29.6542611, 60.1918793 ], [ 29.6540967, 60.1918641 ], [ 29.6536873, 60.1918248 ], [ 29.6528479, 60.1917241 ], [ 29.6522176, 60.191642799999961 ], [ 29.6508148, 60.191453399999979 ], [ 29.6497916, 60.1913001 ], [ 29.6495435, 60.1912734 ], [ 29.649562, 60.1916461 ], [ 29.6494387, 60.1918818 ], [ 29.649301, 60.1920882 ], [ 29.6489511, 60.1923629 ], [ 29.6488334, 60.192626 ], [ 29.6489197, 60.192866 ], [ 29.6488715, 60.1931046 ], [ 29.6476925, 60.193600399999987 ], [ 29.6475596, 60.1937634 ], [ 29.6473275, 60.1940647 ], [ 29.6472227, 60.194202599999983 ], [ 29.6469411, 60.1947462 ], [ 29.6469068, 60.195046599999984 ], [ 29.6469265, 60.1952677 ] ] ] } },
{ "type": "Feature", "properties": { "block_id": "297" }, "geometry": { "type": "Polygon", "coordinates": [ [ [ 29.725632, 60.1897908 ], [ 29.7261124, 60.1899545 ], [ 29.7269628, 60.1902442 ], [ 29.7270077, 60.1902602 ], [ 29.7271057, 60.1902396 ], [ 29.7272792, 60.1901874 ], [ 29.7275233, 60.1901087 ], [ 29.7288075, 60.1897508 ], [ 29.7291822, 60.1896089 ], [ 29.7282939, 60.1896209 ], [ 29.7272766, 60.189608 ], [ 29.726543, 60.1896286 ], [ 29.7262743, 60.1896522 ], [ 29.7261161, 60.1896661 ], [ 29.7255433, 60.1897267 ], [ 29.7255608, 60.1897553 ], [ 29.725589, 60.189773099999961 ], [ 29.725632, 60.1897908 ] ] ] } },
{ "type": "Feature", "properties": { "block_id": "298" }, "geometry": { "type": "Polygon", "coordinates": [ [ [ 29.7270077, 60.1902602 ], [ 29.7269628, 60.1902442 ], [ 29.7261124, 60.1899545 ], [ 29.725632, 60.1897908 ], [ 29.725589, 60.189773099999961 ], [ 29.7255608, 60.1897553 ], [ 29.7255433, 60.1897267 ], [ 29.7248175, 60.1898153 ], [ 29.724781420451002, 60.189819690125105 ], [ 29.724554, 60.189937899999983 ], [ 29.7244346, 60.1900464 ], [ 29.7240662, 60.19022970000001 ], [ 29.7240127, 60.1903138 ], [ 29.7239972, 60.1903382 ], [ 29.7233754, 60.1906099 ], [ 29.7231289, 60.1906576 ], [ 29.7226319, 60.1907213 ], [ 29.7222469, 60.1907731 ], [ 29.722111, 60.1908204 ], [ 29.7218256, 60.190978 ], [ 29.7216354, 60.1911491 ], [ 29.721572, 60.1914104 ], [ 29.7217215, 60.1915184 ], [ 29.7220068, 60.191615299999988 ], [ 29.7220612, 60.1918877 ], [ 29.7218483, 60.192088100000021 ], [ 29.721839062542806, 60.19209580191287 ], [ 29.7218756, 60.1921065 ], [ 29.7220365, 60.192154 ], [ 29.7224533, 60.1918473 ], [ 29.7232029, 60.1915165 ], [ 29.7246951, 60.1910881 ], [ 29.7257347, 60.1907858 ], [ 29.7258522, 60.1907446 ], [ 29.7259643, 60.1906883 ], [ 29.7261151, 60.1906264 ], [ 29.7264979, 60.1904375 ], [ 29.7268704, 60.190289 ], [ 29.7270077, 60.1902602 ] ] ] } },
{ "type": "Feature", "properties": { "block_id": "299" }, "geometry": { "type": "Polygon", "coordinates": [ [ [ 29.7270077, 60.1902602 ], [ 29.7283897, 60.190624100000022 ], [ 29.7289529, 60.190712099999956 ], [ 29.729543, 60.1907988 ], [ 29.729889, 60.190882799999983 ], [ 29.7303826, 60.1910361 ], [ 29.7308574, 60.1910014 ], [ 29.7313937, 60.190897400000011 ], [ 29.7319597, 60.1908214 ], [ 29.7331587, 60.1907988 ], [ 29.7333813, 60.190817399999986 ], [ 29.7336036, 60.1908836 ], [ 29.7338292, 60.1909788 ], [ 29.7340813, 60.1910454 ], [ 29.7343575, 60.191092099999985 ], [ 29.7356772, 60.19106810000001 ], [ 29.7361332, 60.191101399999987 ], [ 29.737497, 60.1906366 ], [ 29.7376558, 60.1905762 ], [ 29.7378519, 60.1904195 ], [ 29.7378688, 60.1901082 ], [ 29.7378705, 60.1899018 ], [ 29.7378353, 60.1895633 ], [ 29.73788, 60.1890194 ], [ 29.7378752, 60.188874599999984 ], [ 29.7374582, 60.1888873 ], [ 29.7368908, 60.1888987 ], [ 29.7365382, 60.1889053 ], [ 29.7362217, 60.188928 ], [ 29.7357121, 60.1889813 ], [ 29.7352288, 60.1890414 ], [ 29.7348645, 60.1890867 ], [ 29.7341993, 60.189164 ], [ 29.7334395, 60.1892324 ], [ 29.7318296, 60.1893188 ], [ 29.7312547, 60.189362299999964 ], [ 29.7306848, 60.1894382 ], [ 29.7299977, 60.189554699999988 ], [ 29.7298514, 60.1895701 ], [ 29.7291822, 60.1896089 ], [ 29.7288075, 60.1897508 ], [ 29.7275233, 60.1901087 ], [ 29.7272792, 60.1901874 ], [ 29.7271057, 60.1902396 ], [ 29.7270077, 60.1902602 ] ] ] } },
{ "type": "Feature", "properties": { "block_id": "300" }, "geometry": { "type": "Polygon", "coordinates": [ [ [ 29.7413259, 60.186131299999971 ], [ 29.7407058, 60.186701 ], [ 29.7400546, 60.1882179 ], [ 29.7400777, 60.1883239 ], [ 29.740292, 60.188275299999987 ], [ 29.7405615, 60.1882266 ], [ 29.741381, 60.1881013 ], [ 29.741808, 60.1880499 ], [ 29.7424498, 60.1879706 ], [ 29.7438218, 60.187832599999986 ], [ 29.7443517, 60.1877701 ], [ 29.7447056, 60.1877279 ], [ 29.7450462, 60.1876759 ], [ 29.7454995, 60.1875885 ], [ 29.7461749, 60.1874393 ], [ 29.7463293, 60.187405 ], [ 29.7468621, 60.1872991 ], [ 29.746775, 60.1871467 ], [ 29.7467327, 60.187059 ], [ 29.7457229, 60.184967499999985 ], [ 29.7451692, 60.1852161 ], [ 29.7446766, 60.1853522 ], [ 29.744195, 60.1853957 ], [ 29.7413259, 60.186131299999971 ] ] ] } },
{ "type": "Feature", "properties": { "block_id": "301" }, "geometry": { "type": "Polygon", "coordinates": [ [ [ 29.7574316, 60.18604 ], [ 29.7589623, 60.1879041 ], [ 29.7593583, 60.1881779 ], [ 29.759754, 60.1885138 ], [ 29.7602839, 60.188775099999987 ], [ 29.760729, 60.188960499999986 ], [ 29.7608149, 60.189124 ], [ 29.7607558, 60.189415599999961 ], [ 29.7605043, 60.1896799 ], [ 29.7613674, 60.1897854 ], [ 29.7622554, 60.189834100000027 ], [ 29.7628695, 60.189825399999982 ], [ 29.7634542, 60.1897401 ], [ 29.7648704, 60.1894067 ], [ 29.7663467, 60.189106799999983 ], [ 29.7633902, 60.1854699 ], [ 29.7612193, 60.1828327 ], [ 29.7605132, 60.1830203 ], [ 29.7604085, 60.1830497 ], [ 29.7602704, 60.1831017 ], [ 29.7599687, 60.1832384 ], [ 29.7596486, 60.183397 ], [ 29.7592914, 60.183589099999978 ], [ 29.7589856, 60.1837418 ], [ 29.7582689, 60.1840804 ], [ 29.7577062, 60.1843273 ], [ 29.7561601, 60.1849549 ], [ 29.7564274, 60.1850734 ], [ 29.7574316, 60.18604 ] ] ] } },
{ "type": "Feature", "properties": { "block_id": "302" }, "geometry": { "type": "Polygon", "coordinates": [ [ [ 29.6607969, 60.200606599999986 ], [ 29.6603763, 60.2011345 ], [ 29.660857, 60.2016975 ], [ 29.6613033, 60.2019705 ], [ 29.6614921, 60.202188 ], [ 29.6615436, 60.20262730000001 ], [ 29.6614749, 60.2031008 ], [ 29.6611745, 60.203506 ], [ 29.6602386, 60.2045207 ], [ 29.6593807, 60.2054508 ], [ 29.6587799, 60.20583890000001 ], [ 29.6579559, 60.2062739 ], [ 29.6580846, 60.2068624 ], [ 29.658222, 60.2077964 ], [ 29.65819, 60.2094892 ], [ 29.6579943, 60.209694 ], [ 29.6582332, 60.2102086 ], [ 29.6581207, 60.2106063 ], [ 29.6568058, 60.2108795 ], [ 29.6533555, 60.2116686 ], [ 29.65204862759764, 60.211925993771139 ], [ 29.6522368, 60.212167599999987 ], [ 29.653472, 60.2124949 ], [ 29.656369785271252, 60.21395206210552 ], [ 29.656962910324918, 60.213839007275794 ], [ 29.6568738, 60.213728899999985 ], [ 29.6569786, 60.2136718 ], [ 29.6572483, 60.2135214 ], [ 29.6576249, 60.2133812 ], [ 29.6578491, 60.2132816 ], [ 29.657936, 60.2131094 ], [ 29.6582686, 60.212214 ], [ 29.6587396, 60.2117359 ], [ 29.6591484, 60.2112599 ], [ 29.6594702, 60.2110627 ], [ 29.6595131, 60.2107002 ], [ 29.6595131, 60.210444399999986 ], [ 29.6592975, 60.2102434 ], [ 29.6594477, 60.2101262 ], [ 29.6595239, 60.209842099999982 ], [ 29.6594262, 60.2096944 ], [ 29.6592449, 60.2093144 ], [ 29.6590196, 60.208589399999951 ], [ 29.6589982, 60.208163 ], [ 29.6591151, 60.2075782 ], [ 29.6591484, 60.2071235 ], [ 29.659682, 60.206658 ], [ 29.6597803, 60.2065493 ], [ 29.6600271, 60.2064481 ], [ 29.6602534, 60.2063665 ], [ 29.6602845, 60.206154899999973 ], [ 29.6605646, 60.20608929999996 ], [ 29.6604895, 60.205972 ], [ 29.6605753, 60.2058494 ], [ 29.6605431, 60.2057694 ], [ 29.6603929, 60.2055882 ], [ 29.6605002, 60.205497499999964 ], [ 29.660703, 60.2054032 ], [ 29.6608864, 60.205247 ], [ 29.6610045, 60.2051564 ], [ 29.6610785, 60.2050247 ], [ 29.6609079, 60.2048898 ], [ 29.6608864, 60.2048365 ], [ 29.6611332, 60.2047938 ], [ 29.6613467, 60.2046408 ], [ 29.6615506, 60.2045822 ], [ 29.6616149, 60.2044489 ], [ 29.6615291, 60.20431030000001 ], [ 29.6616686, 60.2040864 ], [ 29.6616686, 60.2040171 ], [ 29.6618617, 60.203825099999982 ], [ 29.6620226, 60.2037932 ], [ 29.6620548, 60.2036332 ], [ 29.6625322, 60.203486600000012 ], [ 29.6626127, 60.203396 ], [ 29.662661, 60.203316 ], [ 29.6628487, 60.2032867 ], [ 29.6630633, 60.2032494 ], [ 29.6632511, 60.2031507 ], [ 29.6634174, 60.2031347 ], [ 29.6636051, 60.203054799999968 ], [ 29.6636695, 60.202980099999984 ], [ 29.6635247, 60.2029241 ], [ 29.6634174, 60.20274549999997 ], [ 29.6632242, 60.2026416 ], [ 29.6631438, 60.2025429 ], [ 29.6629721, 60.2024603 ], [ 29.6629346, 60.202407 ], [ 29.6629721, 60.202327 ], [ 29.6629292, 60.202287 ], [ 29.6627897, 60.202247 ], [ 29.6627522, 60.2021884 ], [ 29.6628917, 60.2021191 ], [ 29.6628112, 60.2020684 ], [ 29.6629507, 60.2019591 ], [ 29.6628809, 60.2019058 ], [ 29.6628487, 60.2018312 ], [ 29.6629185, 60.2017485 ], [ 29.6631277, 60.201727199999986 ], [ 29.6632672, 60.201681899999983 ], [ 29.6632082, 60.2015326 ], [ 29.6632994, 60.201439299999983 ], [ 29.6632564, 60.201362 ], [ 29.6633208, 60.201266 ], [ 29.6633852, 60.201194 ], [ 29.6633208, 60.2010954 ], [ 29.6634066, 60.200911399999988 ], [ 29.6633423, 60.20080750000001 ], [ 29.6630848, 60.2006608 ], [ 29.6629303, 60.200563 ], [ 29.6630268, 60.2004537 ], [ 29.6630258, 60.2002103 ], [ 29.662882, 60.200005799999985 ], [ 29.6628176, 60.19984370000001 ], [ 29.6627538, 60.1998548 ], [ 29.6621176, 60.199869699999986 ], [ 29.6617657, 60.1998802 ], [ 29.6616606, 60.1998934 ], [ 29.6612781, 60.2002429 ], [ 29.6607969, 60.200606599999986 ] ] ] } },
{ "type": "Feature", "properties": { "block_id": "303" }, "geometry": { "type": "Polygon", "coordinates": [ [ [ 29.6426294, 60.2428962 ], [ 29.6430886, 60.2427808 ], [ 29.6434294, 60.2426616 ], [ 29.6437209, 60.2425433 ], [ 29.6439645, 60.2423996 ], [ 29.6431789, 60.2420597 ], [ 29.6426294, 60.2428962 ] ] ] } },
{ "type": "Feature", "properties": { "block_id": "304" }, "geometry": { "type": "Polygon", "coordinates": [ [ [ 29.6439645, 60.2423996 ], [ 29.6441166, 60.24233 ], [ 29.6444293, 60.2422243 ], [ 29.6446605, 60.2421632 ], [ 29.6449434, 60.24211440000002 ], [ 29.6456509, 60.242028599999983 ], [ 29.6460073, 60.2419801 ], [ 29.646297, 60.2419241 ], [ 29.64658, 60.241839 ], [ 29.6471019, 60.241676299999988 ], [ 29.6474212, 60.2415923 ], [ 29.6477205, 60.241549300000017 ], [ 29.6480074, 60.2415274 ], [ 29.6482911, 60.2415269 ], [ 29.6486557, 60.2415339 ], [ 29.6490204, 60.241541899999987 ], [ 29.6493021, 60.2415459 ], [ 29.6496287, 60.2415405 ], [ 29.650059, 60.24149280000001 ], [ 29.6505035, 60.2414393 ], [ 29.6509512, 60.2413854 ], [ 29.6515227, 60.2412942 ], [ 29.6523104, 60.2411346 ], [ 29.6529721, 60.24106720000001 ], [ 29.6534656, 60.241031099999987 ], [ 29.653483897260902, 60.241029086493455 ], [ 29.6534796, 60.241008500000014 ], [ 29.6480164, 60.2414812 ], [ 29.6439646, 60.2421923 ], [ 29.6434329, 60.241756 ], [ 29.6432719, 60.2419217 ], [ 29.6431789, 60.2420597 ], [ 29.6439645, 60.2423996 ] ] ] } },
{ "type": "Feature", "properties": { "block_id": "305" }, "geometry": { "type": "Polygon", "coordinates": [ [ [ 29.6181844, 60.238286399999978 ], [ 29.620059, 60.2381366 ], [ 29.6207348, 60.2380729 ], [ 29.6203108, 60.2373247 ], [ 29.6178274, 60.237593 ], [ 29.6181844, 60.238286399999978 ] ] ] } },
{ "type": "Feature", "properties": { "block_id": "306" }, "geometry": { "type": "Polygon", "coordinates": [ [ [ 29.6199526, 60.236619 ], [ 29.6208241, 60.2365002 ], [ 29.6207769, 60.2364106 ], [ 29.6203971, 60.2356896 ], [ 29.6199389, 60.2350236 ], [ 29.6197593, 60.2349854 ], [ 29.6190254, 60.2349923 ], [ 29.6189012, 60.2349945 ], [ 29.6188575, 60.2350605 ], [ 29.6190802, 60.2356551 ], [ 29.6193844, 60.236467099999977 ], [ 29.6198192, 60.2364831 ], [ 29.6199526, 60.236619 ] ] ] } },
{ "type": "Feature", "properties": { "block_id": "307" }, "geometry": { "type": "Polygon", "coordinates": [ [ [ 29.6208241, 60.2365002 ], [ 29.6199526, 60.236619 ], [ 29.6203108, 60.2373247 ], [ 29.6207348, 60.2380729 ], [ 29.6211884, 60.2390256 ], [ 29.622001, 60.2397535 ], [ 29.6226219, 60.2394846 ], [ 29.6234326, 60.239227799999988 ], [ 29.6236023, 60.2391507 ], [ 29.6239286, 60.238852399999985 ], [ 29.6240497, 60.238509300000018 ], [ 29.6240446, 60.2382544 ], [ 29.6240422, 60.238137399999957 ], [ 29.6239151, 60.23776920000001 ], [ 29.6237682, 60.2375463 ], [ 29.623694703952577, 60.237434823859807 ], [ 29.6236261, 60.2374637 ], [ 29.6213293, 60.2371631 ], [ 29.620974984025743, 60.236486347335266 ], [ 29.6208241, 60.2365002 ] ] ] } },
{ "type": "Feature", "properties": { "block_id": "308" }, "geometry": { "type": "Polygon", "coordinates": [ [ [ 29.6203108, 60.2373247 ], [ 29.6199526, 60.236619 ], [ 29.6198192, 60.2364831 ], [ 29.6193844, 60.236467099999977 ], [ 29.6178792, 60.2365181 ], [ 29.6172743, 60.236537199999987 ], [ 29.6178274, 60.237593 ], [ 29.6203108, 60.2373247 ] ] ] } },
{ "type": "Feature", "properties": { "block_id": "309" }, "geometry": { "type": "Polygon", "coordinates": [ [ [ 29.6178748, 60.2433222 ], [ 29.6182099, 60.2437208 ], [ 29.6188981, 60.2441094 ], [ 29.6194954, 60.243838199999985 ], [ 29.619577, 60.243801 ], [ 29.620344, 60.243480499999976 ], [ 29.6208161, 60.2432236 ], [ 29.6211939, 60.2429493 ], [ 29.6213654, 60.242386 ], [ 29.6214599, 60.2419481 ], [ 29.6196822, 60.2415885 ], [ 29.6194891, 60.2420186 ], [ 29.6177885, 60.2427596 ], [ 29.6175821, 60.243064399999973 ], [ 29.6178748, 60.2433222 ] ] ] } },
{ "type": "Feature", "properties": { "block_id": "310" }, "geometry": { "type": "Polygon", "coordinates": [ [ [ 29.6136912, 60.2439319 ], [ 29.6146211, 60.2443559 ], [ 29.6153107, 60.2439739 ], [ 29.6159329, 60.2437822 ], [ 29.6175821, 60.243064399999973 ], [ 29.6177885, 60.2427596 ], [ 29.6174232, 60.2420069 ], [ 29.6173255, 60.2419751 ], [ 29.6171914, 60.2420012 ], [ 29.6146831, 60.2433864 ], [ 29.6136912, 60.2439319 ] ] ] } },
{ "type": "Feature", "properties": { "block_id": "311" }, "geometry": { "type": "Polygon", "coordinates": [ [ [ 29.7045281, 60.2050928 ], [ 29.7048106, 60.205038700000031 ], [ 29.7062756, 60.2047582 ], [ 29.706387522499384, 60.204737122086186 ], [ 29.7063542, 60.204671499999968 ], [ 29.7063578, 60.2045149 ], [ 29.706314519970409, 60.204419831906733 ], [ 29.7061664, 60.204447 ], [ 29.7052515, 60.204628 ], [ 29.7045328, 60.2047765 ], [ 29.7039291, 60.2048997 ], [ 29.7015863, 60.2053957 ], [ 29.7005296, 60.2056191 ], [ 29.6985147, 60.206023 ], [ 29.697645, 60.20624140000001 ], [ 29.697486, 60.2062844 ], [ 29.697371, 60.2063155 ], [ 29.6968766, 60.206442 ], [ 29.6966878, 60.2064881 ], [ 29.6966383, 60.2065002 ], [ 29.6962382, 60.2065938 ], [ 29.6959834, 60.2066605 ], [ 29.6951634, 60.2068264 ], [ 29.6951447, 60.20683 ], [ 29.6943024, 60.2070542 ], [ 29.6940785, 60.2070961 ], [ 29.6930209, 60.2072943 ], [ 29.6917938, 60.2075348 ], [ 29.6909779, 60.207689299999984 ], [ 29.690472, 60.2077612 ], [ 29.6894659, 60.207904199999987 ], [ 29.6883221, 60.208114799999976 ], [ 29.6875538, 60.2082739 ], [ 29.6869992, 60.208372 ], [ 29.6865532, 60.20848560000001 ], [ 29.6860195, 60.2086446 ], [ 29.6862932, 60.2086058 ], [ 29.687247, 60.2084236 ], [ 29.6887775, 60.2081591 ], [ 29.6895248, 60.2080058 ], [ 29.6903406, 60.2079411 ], [ 29.6914453, 60.2078448 ], [ 29.6951003, 60.207168299999971 ], [ 29.6972161, 60.2067219 ], [ 29.6985044, 60.2064461 ], [ 29.6985741, 60.2064312 ], [ 29.6989605, 60.2063866 ], [ 29.6996552, 60.2062719 ], [ 29.7002817, 60.2061697 ], [ 29.7011877, 60.205993 ], [ 29.7014024, 60.2059494 ], [ 29.7015398, 60.2058989 ], [ 29.7019337, 60.2057543 ], [ 29.7021856, 60.2055661 ], [ 29.7022964, 60.205535099999985 ], [ 29.7026647, 60.2054644 ], [ 29.7029961, 60.205400099999984 ], [ 29.7032665, 60.205345 ], [ 29.7037708, 60.205242099999985 ], [ 29.7045281, 60.2050928 ] ] ] } },
{ "type": "Feature", "properties": { "block_id": "312" }, "geometry": { "type": "Polygon", "coordinates": [ [ [ 29.7033788, 60.2054855 ], [ 29.7036281, 60.2054244 ], [ 29.7038981, 60.2053356 ], [ 29.7040392, 60.2052892 ], [ 29.7043136, 60.205190399999985 ], [ 29.7045281, 60.2050928 ], [ 29.7037708, 60.205242099999985 ], [ 29.7032665, 60.205345 ], [ 29.7029961, 60.205400099999984 ], [ 29.7026647, 60.2054644 ], [ 29.7022964, 60.205535099999985 ], [ 29.7022484, 60.205577699999985 ], [ 29.7022498, 60.2056266 ], [ 29.7023002, 60.2056686 ], [ 29.7023862, 60.2056924 ], [ 29.7024846, 60.2056916 ], [ 29.7028901, 60.205604 ], [ 29.7033788, 60.2054855 ] ] ] } },
{ "type": "Feature", "properties": { "block_id": "313" }, "geometry": { "type": "Polygon", "coordinates": [ [ [ 29.7022964, 60.205535099999985 ], [ 29.7021856, 60.2055661 ], [ 29.7019337, 60.2057543 ], [ 29.7015398, 60.2058989 ], [ 29.7014024, 60.2059494 ], [ 29.7015579, 60.205923100000014 ], [ 29.7017893, 60.205883900000011 ], [ 29.7021055, 60.2058069 ], [ 29.7024846, 60.2056916 ], [ 29.7023862, 60.2056924 ], [ 29.7023002, 60.2056686 ], [ 29.7022498, 60.2056266 ], [ 29.7022484, 60.205577699999985 ], [ 29.7022964, 60.205535099999985 ] ] ] } },
{ "type": "Feature", "properties": { "block_id": "314" }, "geometry": { "type": "Polygon", "coordinates": [ [ [ 29.7072277, 60.2045788 ], [ 29.707010634303224, 60.204289580830064 ], [ 29.7067334, 60.204343 ], [ 29.706314519970409, 60.204419831906733 ], [ 29.7063578, 60.2045149 ], [ 29.7063542, 60.204671499999968 ], [ 29.706387522499384, 60.204737122086186 ], [ 29.7064949, 60.2047169 ], [ 29.7068248, 60.2046559 ], [ 29.7072277, 60.2045788 ] ] ] } },
{ "type": "Feature", "properties": { "block_id": "315" }, "geometry": { "type": "Polygon", "coordinates": [ [ [ 29.706980798861046, 60.204249827537076 ], [ 29.7069395, 60.20419480000001 ], [ 29.7068496, 60.20404090000001 ], [ 29.706792, 60.203876 ], [ 29.7067784, 60.2037067 ], [ 29.7067759, 60.2035277 ], [ 29.7068003, 60.203152599999989 ], [ 29.7068035, 60.203103 ], [ 29.7067625, 60.2029373 ], [ 29.7063898, 60.2029706 ], [ 29.705967, 60.202984 ], [ 29.705719426260448, 60.202986107956725 ], [ 29.7057234, 60.2030736 ], [ 29.7057053, 60.2031235 ], [ 29.7056701, 60.2031586 ], [ 29.7055314, 60.2033511 ], [ 29.705552, 60.203463400000018 ], [ 29.7056208, 60.2035968 ], [ 29.7057636, 60.2037461 ], [ 29.7062286, 60.2042311 ], [ 29.706290890404478, 60.204367927403801 ], [ 29.7065191, 60.2043378 ], [ 29.7067049, 60.2043021 ], [ 29.706980798861046, 60.204249827537076 ] ] ] } },
{ "type": "Feature", "properties": { "block_id": "316" }, "geometry": { "type": "Polygon", "coordinates": [ [ [ 29.7069395, 60.20419480000001 ], [ 29.706980798861046, 60.204249827537076 ], [ 29.7072269, 60.2042032 ], [ 29.7073259, 60.204185600000031 ], [ 29.7094819, 60.2037672 ], [ 29.7167316, 60.2024151 ], [ 29.727559637359672, 60.200323171021076 ], [ 29.7272515, 60.2000841 ], [ 29.7272436, 60.200017 ], [ 29.7272434, 60.2000152 ], [ 29.7261395, 60.2002244 ], [ 29.7256087, 60.200325 ], [ 29.7183451, 60.2017096 ], [ 29.7177738, 60.2018194 ], [ 29.716762, 60.2020131 ], [ 29.7160184, 60.2021663 ], [ 29.715118, 60.2023328 ], [ 29.7138909, 60.202543 ], [ 29.7135621, 60.2025784 ], [ 29.7131433, 60.2026106 ], [ 29.7122931, 60.2026169 ], [ 29.7109305, 60.2025955 ], [ 29.7097492, 60.202577 ], [ 29.7091751, 60.2026096 ], [ 29.7086599, 60.2026533 ], [ 29.7082118, 60.2027116 ], [ 29.707249, 60.202861299999967 ], [ 29.7071533, 60.2028755 ], [ 29.7067625, 60.2029373 ], [ 29.7068035, 60.203103 ], [ 29.7068003, 60.203152599999989 ], [ 29.7067759, 60.2035277 ], [ 29.7067784, 60.2037067 ], [ 29.706792, 60.203876 ], [ 29.7068496, 60.20404090000001 ], [ 29.7069395, 60.20419480000001 ] ] ] } },
{ "type": "Feature", "properties": { "block_id": "317" }, "geometry": { "type": "Polygon", "coordinates": [ [ [ 29.6316338, 60.253250399999985 ], [ 29.6313729, 60.2530471 ], [ 29.6306519, 60.252661100000026 ], [ 29.6298913, 60.252253799999977 ], [ 29.6299092, 60.2524207 ], [ 29.6298794, 60.2527554 ], [ 29.6298411, 60.2529257 ], [ 29.6295485, 60.2534155 ], [ 29.629052, 60.254055 ], [ 29.6289225, 60.254282 ], [ 29.6288471, 60.2544586 ], [ 29.6288361, 60.2546425 ], [ 29.628818, 60.254907500000023 ], [ 29.6287691, 60.25512190000002 ], [ 29.6287522, 60.2551961 ], [ 29.629836, 60.255057700000023 ], [ 29.631046, 60.254885499999986 ], [ 29.6314399, 60.254819600000026 ], [ 29.632358, 60.254793599999985 ], [ 29.6324877, 60.254793 ], [ 29.6323804, 60.254572700000018 ], [ 29.6322593, 60.254583400000016 ], [ 29.6321839, 60.2544902 ], [ 29.631994, 60.2541618 ], [ 29.6316338, 60.253250399999985 ] ] ] } },
{ "type": "Feature", "properties": { "block_id": "318" }, "geometry": { "type": "Polygon", "coordinates": [ [ [ 29.6360389, 60.2365799 ], [ 29.6364749, 60.236967 ], [ 29.6367666, 60.2374025 ], [ 29.637107, 60.2376913 ], [ 29.6371778, 60.2377514 ], [ 29.6374074, 60.2378931 ], [ 29.6373245, 60.2380913 ], [ 29.6362498, 60.2385795 ], [ 29.6362817, 60.23873480000001 ], [ 29.6365323, 60.2389342 ], [ 29.6366396, 60.2389296 ], [ 29.6367938, 60.238925500000022 ], [ 29.6379263, 60.239202400000011 ], [ 29.6402188, 60.2397906 ], [ 29.641354394522661, 60.240089485834268 ], [ 29.6405376, 60.2394426 ], [ 29.6398456, 60.239019299999988 ], [ 29.6417092, 60.2381234 ], [ 29.6434865, 60.2375023 ], [ 29.6436999, 60.2374076 ], [ 29.6433818, 60.2370853 ], [ 29.642965, 60.2369833 ], [ 29.6414289, 60.237085799999988 ], [ 29.6400793, 60.23631240000001 ], [ 29.6370367, 60.233675 ], [ 29.6314712, 60.234697899999986 ], [ 29.629700960638583, 60.235255385936057 ], [ 29.629872, 60.2353766 ], [ 29.6304346, 60.235762699999988 ], [ 29.6312952, 60.2363534 ], [ 29.6317542, 60.2366652 ], [ 29.6319933, 60.2368064 ], [ 29.6321588, 60.2369994 ], [ 29.6324246, 60.2373405 ], [ 29.6332092, 60.2372245 ], [ 29.6329353, 60.23684 ], [ 29.633359, 60.2367826 ], [ 29.6360389, 60.2365799 ] ] ] } },
{ "type": "Feature", "properties": { "block_id": "319" }, "geometry": { "type": "Polygon", "coordinates": [ [ [ 29.6364749, 60.236967 ], [ 29.6360389, 60.2365799 ], [ 29.633359, 60.2367826 ], [ 29.6329353, 60.23684 ], [ 29.6332092, 60.2372245 ], [ 29.6333181, 60.2372154 ], [ 29.6358115, 60.2370078 ], [ 29.6364749, 60.236967 ] ] ] } },
{ "type": "Feature", "properties": { "block_id": "320" }, "geometry": { "type": "Polygon", "coordinates": [ [ [ 29.6367666, 60.2374025 ], [ 29.6364749, 60.236967 ], [ 29.6358115, 60.2370078 ], [ 29.6333181, 60.2372154 ], [ 29.6337054, 60.2376718 ], [ 29.634031, 60.237666499999968 ], [ 29.6350411, 60.2375517 ], [ 29.6351973, 60.237514599999983 ], [ 29.6353535, 60.237477399999982 ], [ 29.6361496, 60.237426400000011 ], [ 29.6367666, 60.2374025 ] ] ] } },
{ "type": "Feature", "properties": { "block_id": "321" }, "geometry": { "type": "Polygon", "coordinates": [ [ [ 29.6199358, 60.24542610000001 ], [ 29.6211536, 60.244897900000012 ], [ 29.6211948, 60.24487 ], [ 29.6205488, 60.244369499999955 ], [ 29.6194954, 60.243838199999985 ], [ 29.6188981, 60.2441094 ], [ 29.6184297, 60.244323 ], [ 29.6199358, 60.24542610000001 ] ] ] } },
{ "type": "Feature", "properties": { "block_id": "322" }, "geometry": { "type": "Polygon", "coordinates": [ [ [ 29.6998939, 60.2407405 ], [ 29.6999732, 60.240910399999983 ], [ 29.7002303, 60.241286799999983 ], [ 29.7003449, 60.2414939 ], [ 29.7005193, 60.2418538 ], [ 29.7007349, 60.242205899999988 ], [ 29.7011177, 60.2427381 ], [ 29.7014732, 60.243329799999984 ], [ 29.701797, 60.2437916 ], [ 29.7020464, 60.2437357 ], [ 29.7024401, 60.2436992 ], [ 29.7027088, 60.243672300000014 ], [ 29.7027209, 60.243174 ], [ 29.7027236, 60.242567 ], [ 29.7027461, 60.2424253 ], [ 29.7027934, 60.242340299999988 ], [ 29.7029145, 60.242123 ], [ 29.7029328, 60.2420065 ], [ 29.7029252, 60.2419033 ], [ 29.7027825, 60.241594299999988 ], [ 29.7024225, 60.2408981 ], [ 29.7023352, 60.2407142 ], [ 29.6998939, 60.2407405 ] ] ] } },
{ "type": "Feature", "properties": { "block_id": "323" }, "geometry": { "type": "Polygon", "coordinates": [ [ [ 29.7002303, 60.241286799999983 ], [ 29.6999732, 60.240910399999983 ], [ 29.6998939, 60.2407405 ], [ 29.6997742, 60.2406661 ], [ 29.6996075, 60.240505799999987 ], [ 29.6995687, 60.2403861 ], [ 29.6995446, 60.2403232 ], [ 29.6995164, 60.2400194 ], [ 29.6992495, 60.239475600000013 ], [ 29.699075, 60.2391362 ], [ 29.6986901, 60.23853 ], [ 29.6984174, 60.2382138 ], [ 29.6983918, 60.238212599999983 ], [ 29.6983266, 60.2382095 ], [ 29.6978113, 60.238167200000021 ], [ 29.6972287, 60.2381277 ], [ 29.6963882, 60.2380511 ], [ 29.6960905, 60.2380178 ], [ 29.6960052, 60.237975600000013 ], [ 29.6957365, 60.2379792 ], [ 29.6953358, 60.2379238 ], [ 29.6950859, 60.2378625 ], [ 29.693985, 60.2377195 ], [ 29.6936082, 60.2376223 ], [ 29.6935092, 60.237652699999984 ], [ 29.6935049, 60.2377262 ], [ 29.693521, 60.2378527 ], [ 29.6934421, 60.2379549 ], [ 29.6933708, 60.238044400000014 ], [ 29.6933117, 60.2381588 ], [ 29.6933573, 60.238316 ], [ 29.6934689, 60.2384543 ], [ 29.693529, 60.2385344 ], [ 29.6937014, 60.2387012 ], [ 29.6937463, 60.2388859 ], [ 29.693816, 60.2393279 ], [ 29.6937485, 60.239498499999968 ], [ 29.6934208, 60.240042 ], [ 29.693419279104479, 60.240056389227476 ], [ 29.694341, 60.240020199999989 ], [ 29.6951527, 60.2399863 ], [ 29.6958603, 60.240710099999959 ], [ 29.6998985, 60.2448369 ], [ 29.701363697024071, 60.244697506451303 ], [ 29.7014173, 60.2444146 ], [ 29.7018135, 60.2439 ], [ 29.701797, 60.2437916 ], [ 29.7014732, 60.243329799999984 ], [ 29.7011177, 60.2427381 ], [ 29.7007349, 60.242205899999988 ], [ 29.7005193, 60.2418538 ], [ 29.7003449, 60.2414939 ], [ 29.7002303, 60.241286799999983 ] ] ] } },
{ "type": "Feature", "properties": { "block_id": "324" }, "geometry": { "type": "Polygon", "coordinates": [ [ [ 29.7027088, 60.243672300000014 ], [ 29.7024401, 60.2436992 ], [ 29.7020464, 60.2437357 ], [ 29.701797, 60.2437916 ], [ 29.7018135, 60.2439 ], [ 29.7014173, 60.2444146 ], [ 29.701363697024071, 60.244697506451303 ], [ 29.7026628, 60.2445739 ], [ 29.7027268, 60.244299299999987 ], [ 29.702762482522349, 60.244295874135346 ], [ 29.7027384, 60.2440214 ], [ 29.7027309, 60.243938 ], [ 29.7027223, 60.2438416 ], [ 29.7027088, 60.243672300000014 ] ] ] } },
{ "type": "Feature", "properties": { "block_id": "325" }, "geometry": { "type": "Polygon", "coordinates": [ [ [ 29.6473275, 60.1940647 ], [ 29.6475596, 60.1937634 ], [ 29.6476925, 60.193600399999987 ], [ 29.6488715, 60.1931046 ], [ 29.6489197, 60.192866 ], [ 29.6488334, 60.192626 ], [ 29.6489511, 60.1923629 ], [ 29.649301, 60.1920882 ], [ 29.6494387, 60.1918818 ], [ 29.649562, 60.1916461 ], [ 29.6495435, 60.1912734 ], [ 29.6493155, 60.1912561 ], [ 29.6490955, 60.1912534 ], [ 29.648944364333179, 60.191253786747325 ], [ 29.6489447, 60.1913565 ], [ 29.6490944, 60.1915501 ], [ 29.6490944, 60.1917475 ], [ 29.6490729, 60.1919981 ], [ 29.6486979, 60.1924392 ], [ 29.6485652, 60.192568300000019 ], [ 29.6482044, 60.192673799999973 ], [ 29.6478391, 60.1927874 ], [ 29.6475285, 60.192913799999985 ], [ 29.6474212, 60.1929992 ], [ 29.6473348, 60.193070099999986 ], [ 29.6473461, 60.1932018 ], [ 29.6473998, 60.193351099999951 ], [ 29.6476143, 60.1934205 ], [ 29.6476143, 60.1935485 ], [ 29.6475818, 60.1936347 ], [ 29.6474743, 60.193752699999983 ], [ 29.6472705, 60.193902 ], [ 29.647155042531445, 60.193961090935758 ], [ 29.6473275, 60.1940647 ] ] ] } },
{ "type": "Feature", "properties": { "block_id": "326" }, "geometry": { "type": "Polygon", "coordinates": [ [ [ 29.6072256, 60.2501232 ], [ 29.6056283, 60.2510017 ], [ 29.604366, 60.2517052 ], [ 29.6039861, 60.2519014 ], [ 29.6048113, 60.252244 ], [ 29.6058504, 60.2522643 ], [ 29.6076782, 60.2521964 ], [ 29.6074892, 60.2512719 ], [ 29.6074498, 60.250850399999983 ], [ 29.6073752, 60.250660299999986 ], [ 29.6072256, 60.2501232 ] ] ] } },
{ "type": "Feature", "properties": { "block_id": "327" }, "geometry": { "type": "Polygon", "coordinates": [ [ [ 29.6418496, 60.2411535 ], [ 29.642536, 60.241537499999964 ], [ 29.6432719, 60.2419217 ], [ 29.6434329, 60.241756 ], [ 29.6421253, 60.2407 ], [ 29.641525578319992, 60.240225056242515 ], [ 29.6418496, 60.2411535 ] ] ] } },
{ "type": "Feature", "properties": { "block_id": "328" }, "geometry": { "type": "Polygon", "coordinates": [ [ [ 29.6397416, 60.2403319 ], [ 29.6400644, 60.2404586 ], [ 29.6418496, 60.2411535 ], [ 29.6416769, 60.2410279 ], [ 29.6401717, 60.24032629999995 ], [ 29.6397416, 60.2403319 ] ] ] } },
{ "type": "Feature", "properties": { "block_id": "329" }, "geometry": { "type": "Polygon", "coordinates": [ [ [ 29.6372971, 60.240304599999988 ], [ 29.6383057, 60.240279599999987 ], [ 29.6392545, 60.2403178 ], [ 29.6397416, 60.2403319 ], [ 29.6401717, 60.24032629999995 ], [ 29.6416769, 60.2410279 ], [ 29.6418496, 60.2411535 ], [ 29.641525578319992, 60.240225056242515 ], [ 29.641354394522661, 60.240089485834268 ], [ 29.6402188, 60.2397906 ], [ 29.6379263, 60.239202400000011 ], [ 29.6367938, 60.238925500000022 ], [ 29.6366396, 60.2389296 ], [ 29.6365323, 60.2389342 ], [ 29.6367368, 60.23925460000001 ], [ 29.6372257, 60.240115 ], [ 29.637284, 60.2402699 ], [ 29.6372971, 60.240304599999988 ] ] ] } },
{ "type": "Feature", "properties": { "block_id": "330" }, "geometry": { "type": "Polygon", "coordinates": [ [ [ 29.5851886, 60.251227 ], [ 29.5838581, 60.251933599999987 ], [ 29.583559, 60.2521071 ], [ 29.5821905, 60.2528763 ], [ 29.5823002, 60.25294 ], [ 29.5825289, 60.2533697 ], [ 29.58321, 60.2537178 ], [ 29.5839239, 60.2532849 ], [ 29.5843724, 60.2530216 ], [ 29.5848581, 60.2527317 ], [ 29.5865143, 60.251834699999989 ], [ 29.5851886, 60.251227 ] ] ] } },
{ "type": "Feature", "properties": { "block_id": "331" }, "geometry": { "type": "Polygon", "coordinates": [ [ [ 29.5918916, 60.2505711 ], [ 29.5917572, 60.250044199999969 ], [ 29.5899931, 60.2501534 ], [ 29.5875665, 60.2503106 ], [ 29.5886102, 60.2507437 ], [ 29.5886948, 60.2507817 ], [ 29.5918916, 60.2505711 ] ] ] } },
{ "type": "Feature", "properties": { "block_id": "332" }, "geometry": { "type": "Polygon", "coordinates": [ [ [ 29.5920334, 60.2510892 ], [ 29.5918916, 60.2505711 ], [ 29.5886948, 60.2507817 ], [ 29.5892099, 60.251012699999983 ], [ 29.5896632, 60.251284 ], [ 29.5907212, 60.2517587 ], [ 29.5907333, 60.2517221 ], [ 29.5908376, 60.2516864 ], [ 29.5921587, 60.251587499999985 ], [ 29.5920334, 60.2510892 ] ] ] } },
{ "type": "Feature", "properties": { "block_id": "333" }, "geometry": { "type": "Polygon", "coordinates": [ [ [ 29.6275027, 60.2594178 ], [ 29.6274594, 60.25942 ], [ 29.627313, 60.2594243 ], [ 29.626243, 60.2594791 ], [ 29.6261374, 60.2595725 ], [ 29.6261006, 60.2595906 ], [ 29.6263708, 60.259674099999984 ], [ 29.6265952, 60.2597434 ], [ 29.6269056, 60.259839199999973 ], [ 29.6270171, 60.2598737 ], [ 29.6271157, 60.259904399999961 ], [ 29.6277928, 60.260115499999976 ], [ 29.6279772, 60.2602002 ], [ 29.6280001, 60.2601691 ], [ 29.6281326, 60.2600346 ], [ 29.6277507, 60.259568799999968 ], [ 29.6275027, 60.2594178 ] ] ] } },
{ "type": "Feature", "properties": { "block_id": "334" }, "geometry": { "type": "Polygon", "coordinates": [ [ [ 29.5968873, 60.2446428 ], [ 29.5966852, 60.244908199999983 ], [ 29.597338, 60.2448894 ], [ 29.597577, 60.2448373 ], [ 29.5968873, 60.2446428 ] ] ] } },
{ "type": "Feature", "properties": { "block_id": "335" }, "geometry": { "type": "Polygon", "coordinates": [ [ [ 29.5928324, 60.2450406 ], [ 29.5894277, 60.2436327 ], [ 29.5889059, 60.243919 ], [ 29.5884665, 60.244200299999989 ], [ 29.5895242, 60.2446522 ], [ 29.5895636, 60.2446746 ], [ 29.5895869, 60.2447031 ], [ 29.5896367, 60.2451282 ], [ 29.5906092, 60.2450998 ], [ 29.5928324, 60.2450406 ] ] ] } },
{ "type": "Feature", "properties": { "block_id": "336" }, "geometry": { "type": "Polygon", "coordinates": [ [ [ 29.6178792, 60.2365181 ], [ 29.6176496, 60.2354585 ], [ 29.6166402, 60.235436099999987 ], [ 29.6165151, 60.235447099999988 ], [ 29.6164469, 60.2354931 ], [ 29.616633, 60.23562680000002 ], [ 29.616896, 60.2358063 ], [ 29.6170006, 60.235947 ], [ 29.6172743, 60.236537199999987 ], [ 29.6178792, 60.2365181 ] ] ] } },
{ "type": "Feature", "properties": { "block_id": "337" }, "geometry": { "type": "Polygon", "coordinates": [ [ [ 29.5841802, 60.243862 ], [ 29.584184733160299, 60.243859197108613 ], [ 29.5840037, 60.2437691 ], [ 29.5789853, 60.2466531 ], [ 29.578772625190396, 60.246595627570642 ], [ 29.5783664, 60.2468576 ], [ 29.5786331, 60.2469578 ], [ 29.5787077, 60.2469116 ], [ 29.5791228, 60.246698299999984 ], [ 29.5797478, 60.2463328 ], [ 29.5810518, 60.2455986 ], [ 29.5820946, 60.2450426 ], [ 29.5841802, 60.243862 ] ] ] } },
{ "type": "Feature", "properties": { "block_id": "338" }, "geometry": { "type": "Polygon", "coordinates": [ [ [ 29.6332092, 60.2372245 ], [ 29.6324246, 60.2373405 ], [ 29.6329014, 60.238041699999989 ], [ 29.6331664, 60.2385142 ], [ 29.6337571, 60.2388508 ], [ 29.6350839, 60.2382401 ], [ 29.6353278, 60.238087099999987 ], [ 29.6351973, 60.237514599999983 ], [ 29.6350411, 60.2375517 ], [ 29.634031, 60.237666499999968 ], [ 29.6337054, 60.2376718 ], [ 29.6333181, 60.2372154 ], [ 29.6332092, 60.2372245 ] ] ] } },
{ "type": "Feature", "properties": { "block_id": "339" }, "geometry": { "type": "Polygon", "coordinates": [ [ [ 29.5607686, 60.2497659 ], [ 29.5609769, 60.2498761 ], [ 29.5611823, 60.2499679 ], [ 29.5613095, 60.2499759 ], [ 29.5614758, 60.24994130000001 ], [ 29.5619022, 60.2496718 ], [ 29.5623783, 60.249311299999945 ], [ 29.5619211, 60.2491055 ], [ 29.5608652, 60.2485577 ], [ 29.5600917, 60.2489762 ], [ 29.5597962, 60.2492002 ], [ 29.5598687, 60.2493175 ], [ 29.5600673, 60.2494109 ], [ 29.5605726, 60.249664499999987 ], [ 29.5607686, 60.2497659 ] ] ] } },
{ "type": "Feature", "properties": { "block_id": "340" }, "geometry": { "type": "Polygon", "coordinates": [ [ [ 29.5623783, 60.249311299999945 ], [ 29.5624417, 60.249330899999968 ], [ 29.5631736, 60.2492683 ], [ 29.5640782, 60.2491075 ], [ 29.5646915, 60.2490357 ], [ 29.5649572, 60.2490158 ], [ 29.5655331, 60.2489909 ], [ 29.5652388, 60.2488238 ], [ 29.5650048, 60.2486549 ], [ 29.5648895, 60.2484886 ], [ 29.5648151, 60.2483186 ], [ 29.5647868, 60.248097900000019 ], [ 29.564683, 60.2478919 ], [ 29.5646012, 60.2477853 ], [ 29.56458843551594, 60.247768706173055 ], [ 29.5645852, 60.2477645 ], [ 29.5645678, 60.2477422 ], [ 29.564492, 60.247644399999942 ], [ 29.5641645, 60.247358 ], [ 29.5640708, 60.2473824 ], [ 29.5636095, 60.247499199999957 ], [ 29.5632878, 60.2475216 ], [ 29.5628424, 60.247664 ], [ 29.5619478, 60.2480113 ], [ 29.5610748, 60.2483685 ], [ 29.5608128, 60.2485118 ], [ 29.5608652, 60.2485577 ], [ 29.5619211, 60.2491055 ], [ 29.5623783, 60.249311299999945 ] ] ] } },
{ "type": "Feature", "properties": { "block_id": "341" }, "geometry": { "type": "Polygon", "coordinates": [ [ [ 29.7034492, 60.203213299999959 ], [ 29.7037933, 60.203134700000021 ], [ 29.70439, 60.2030327 ], [ 29.7048021, 60.202984 ], [ 29.7052108, 60.2029607 ], [ 29.7055758, 60.2029153 ], [ 29.705716054275907, 60.202911864614443 ], [ 29.7057121, 60.2028248 ], [ 29.7055882, 60.2023141 ], [ 29.7055077, 60.202261199999988 ], [ 29.7054775, 60.2021762 ], [ 29.7054422, 60.2021231 ], [ 29.7054245, 60.202052800000025 ], [ 29.7054563, 60.201992 ], [ 29.7054779, 60.2019376 ], [ 29.7052178, 60.2012256 ], [ 29.705255, 60.2011776 ], [ 29.705268, 60.2011268 ], [ 29.7052347, 60.2010852 ], [ 29.7051915, 60.201050699999975 ], [ 29.7051483, 60.2010209 ], [ 29.705041043394871, 60.20094385895473 ], [ 29.704931, 60.200938 ], [ 29.704487, 60.2009343 ], [ 29.7041286, 60.2010135 ], [ 29.702957, 60.201211899999969 ], [ 29.7034288, 60.2031385 ], [ 29.7034492, 60.203213299999959 ] ] ] } },
{ "type": "Feature", "properties": { "block_id": "342" }, "geometry": { "type": "Polygon", "coordinates": [ [ [ 29.5783121, 60.2468371 ], [ 29.5782593, 60.2468148 ], [ 29.5780317, 60.2469335 ], [ 29.5776834, 60.2471373 ], [ 29.5742825, 60.249064599999983 ], [ 29.5726156, 60.249984799999986 ], [ 29.5705393, 60.251154199999959 ], [ 29.566521905970887, 60.253416989126443 ], [ 29.56661365309591, 60.253448302850735 ], [ 29.5706377, 60.2511776 ], [ 29.5744547, 60.2490217 ], [ 29.5759204, 60.248197499999989 ], [ 29.5781124, 60.2469589 ], [ 29.5783121, 60.2468371 ] ] ] } },
{ "type": "Feature", "properties": { "block_id": "343" }, "geometry": { "type": "Polygon", "coordinates": [ [ [ 29.5663805, 60.249307599999987 ], [ 29.5667093, 60.2493828 ], [ 29.5671308, 60.2494791 ], [ 29.5676627, 60.2496007 ], [ 29.5678552, 60.2496328 ], [ 29.5682525, 60.2496788 ], [ 29.5686106, 60.249705200000015 ], [ 29.5689626, 60.2497112 ], [ 29.5694438, 60.2496823 ], [ 29.5698976, 60.2495961 ], [ 29.5702841, 60.249457099999979 ], [ 29.570439169830124, 60.249383666873818 ], [ 29.5703963, 60.249319 ], [ 29.5702394, 60.249199399999988 ], [ 29.5695207, 60.2488619 ], [ 29.5678689, 60.2480782 ], [ 29.5654065, 60.247496299999959 ], [ 29.5646117, 60.2477605 ], [ 29.56458843551594, 60.247768706173055 ], [ 29.5646012, 60.2477853 ], [ 29.564683, 60.2478919 ], [ 29.5647868, 60.248097900000019 ], [ 29.5648151, 60.2483186 ], [ 29.5648895, 60.2484886 ], [ 29.5650048, 60.2486549 ], [ 29.5652388, 60.2488238 ], [ 29.5655331, 60.2489909 ], [ 29.5658712, 60.249142899999967 ], [ 29.5663805, 60.249307599999987 ] ] ] } },
{ "type": "Feature", "properties": { "block_id": "344" }, "geometry": { "type": "Polygon", "coordinates": [ [ [ 29.7313402, 60.21425760000001 ], [ 29.7311059, 60.21416760000001 ], [ 29.730293, 60.2138484 ], [ 29.7298094, 60.213655699999983 ], [ 29.7283774, 60.2130775 ], [ 29.7276944, 60.2127673 ], [ 29.7271746, 60.2125094 ], [ 29.7266141, 60.2122056 ], [ 29.7256693, 60.211645 ], [ 29.7250044, 60.2112394 ], [ 29.7247482, 60.2111104 ], [ 29.7244899, 60.2110334 ], [ 29.7241611, 60.2109581 ], [ 29.7237236, 60.210905 ], [ 29.7231874, 60.2108732 ], [ 29.722574, 60.2108697 ], [ 29.7218193, 60.210870600000028 ], [ 29.7217888, 60.210957 ], [ 29.7217137, 60.2110076 ], [ 29.7216305, 60.2110489 ], [ 29.7213784, 60.2112635 ], [ 29.721351800823463, 60.211281972771211 ], [ 29.7215044, 60.211324 ], [ 29.7216115, 60.2113443 ], [ 29.7216949, 60.2113541 ], [ 29.721807, 60.2113796 ], [ 29.7219447, 60.2113996 ], [ 29.7220515, 60.211417300000022 ], [ 29.7220918, 60.2114421 ], [ 29.7221725, 60.2114598 ], [ 29.7222319, 60.211473899999987 ], [ 29.7222675, 60.2114998 ], [ 29.7223007, 60.2115317 ], [ 29.7223672, 60.2115305 ], [ 29.7224217, 60.2115128 ], [ 29.7224716, 60.2114857 ], [ 29.7225404, 60.211455 ], [ 29.7225594, 60.21143379999998 ], [ 29.7225998, 60.2114114 ], [ 29.7226805, 60.211369 ], [ 29.7228027, 60.2113706 ], [ 29.7230792, 60.2113147 ], [ 29.7235396, 60.2113407 ], [ 29.7237224, 60.2113914 ], [ 29.7238058, 60.211426 ], [ 29.723897, 60.2114447 ], [ 29.7239828, 60.211446 ], [ 29.7240725, 60.211480199999976 ], [ 29.7241401, 60.2114845 ], [ 29.7241876, 60.2115258 ], [ 29.7242327, 60.2115317 ], [ 29.7242612, 60.2115588 ], [ 29.7243063, 60.2115812 ], [ 29.7243205, 60.2116119 ], [ 29.7243181, 60.211649599999987 ], [ 29.7243585, 60.2116779 ], [ 29.7244368, 60.2116885 ], [ 29.7245365, 60.211710899999979 ], [ 29.7246576, 60.21172270000001 ], [ 29.7247667, 60.21174280000001 ], [ 29.7248735, 60.2117793 ], [ 29.7249709, 60.2118276 ], [ 29.7250326, 60.211863 ], [ 29.7251109, 60.211890099999984 ], [ 29.7251536, 60.211884199999986 ], [ 29.7252035, 60.2119031 ], [ 29.7252414, 60.2119432 ], [ 29.7253031, 60.2119656 ], [ 29.7253435, 60.2120045 ], [ 29.7253577, 60.2120269 ], [ 29.7254503, 60.2120705 ], [ 29.7255168, 60.2120729 ], [ 29.7255642, 60.2120882 ], [ 29.7256188, 60.2121154 ], [ 29.7256331, 60.2121401 ], [ 29.7256829, 60.2121637 ], [ 29.7257683, 60.212192 ], [ 29.7258158, 60.212215600000015 ], [ 29.725887, 60.2122592 ], [ 29.725963, 60.212302800000025 ], [ 29.7259938, 60.2123417 ], [ 29.7260176, 60.21237 ], [ 29.7260294, 60.212401900000017 ], [ 29.726065, 60.2124243 ], [ 29.7260365, 60.2124431 ], [ 29.7260793, 60.2124514 ], [ 29.7261766, 60.212464399999959 ], [ 29.7262478, 60.2124891 ], [ 29.7263332, 60.2125387 ], [ 29.7263949, 60.2125622 ], [ 29.7264353, 60.2125917 ], [ 29.7265279, 60.212644800000014 ], [ 29.7265872, 60.212674299999989 ], [ 29.7266394, 60.2126978 ], [ 29.7266892, 60.2127344 ], [ 29.726732, 60.2127603 ], [ 29.7267866, 60.2127969 ], [ 29.7268103, 60.2128205 ], [ 29.7268293, 60.212857 ], [ 29.7268768, 60.2129065 ], [ 29.7268767, 60.2129333 ], [ 29.7268682, 60.2129822 ], [ 29.7269241, 60.2130329 ], [ 29.7269776, 60.213040199999988 ], [ 29.7269995, 60.2130649 ], [ 29.7270626, 60.2130806 ], [ 29.7270857, 60.213095099999954 ], [ 29.7270468, 60.2131247 ], [ 29.7269995, 60.2131307 ], [ 29.7270067, 60.213154899999978 ], [ 29.7269659, 60.2131698 ], [ 29.7269771, 60.213174 ], [ 29.7270833, 60.2132145 ], [ 29.7273095, 60.2133029 ], [ 29.7274913, 60.2133582 ], [ 29.7276618, 60.213395 ], [ 29.727736, 60.2134245 ], [ 29.7277583, 60.213472399999972 ], [ 29.7278009, 60.2134643 ], [ 29.7278206, 60.2134606 ], [ 29.7279437, 60.213437400000018 ], [ 29.7280438, 60.2134687 ], [ 29.7281588, 60.2135313 ], [ 29.7282181, 60.2135277 ], [ 29.7282738, 60.2135498 ], [ 29.7283442, 60.2135811 ], [ 29.7284369, 60.2136142 ], [ 29.7284592, 60.2136732 ], [ 29.7285445, 60.213673199999988 ], [ 29.7286261, 60.2136842 ], [ 29.7286817, 60.2137395 ], [ 29.7288412, 60.2137543 ], [ 29.7289228, 60.2137764 ], [ 29.7289413, 60.213796600000016 ], [ 29.7289747, 60.2138261 ], [ 29.7290266, 60.213811399999976 ], [ 29.7291045, 60.213800299999967 ], [ 29.7291527, 60.2138445 ], [ 29.7292454, 60.2138906 ], [ 29.730073, 60.214324900000022 ], [ 29.7305799, 60.214505799999955 ], [ 29.7305498, 60.214905 ], [ 29.7313909, 60.215464499999989 ], [ 29.7316311, 60.2154841 ], [ 29.731863351198893, 60.215660999691451 ], [ 29.7319343, 60.2156409 ], [ 29.7324779, 60.215486899999988 ], [ 29.7327862, 60.215303499999983 ], [ 29.7328447, 60.215199400000024 ], [ 29.7328473, 60.215103699999958 ], [ 29.7327962, 60.2150214 ], [ 29.7318213, 60.2144675 ], [ 29.7313402, 60.21425760000001 ] ] ] } },
{ "type": "Feature", "properties": { "block_id": "345" }, "geometry": { "type": "Polygon", "coordinates": [ [ [ 29.7078749, 60.205191 ], [ 29.707739, 60.205077 ], [ 29.7072277, 60.2045788 ], [ 29.7068248, 60.2046559 ], [ 29.7064949, 60.2047169 ], [ 29.706387522499384, 60.204737122086186 ], [ 29.7064226, 60.2048062 ], [ 29.7064468, 60.2048374 ], [ 29.706593, 60.2049762 ], [ 29.7069038, 60.2052146 ], [ 29.7070245, 60.2053332 ], [ 29.7071122, 60.2054001 ], [ 29.7071675806508, 60.205442164444705 ], [ 29.7076763, 60.2052548 ], [ 29.7077475, 60.205230599999965 ], [ 29.7078749, 60.205191 ] ] ] } },
{ "type": "Feature", "properties": { "block_id": "346" }, "geometry": { "type": "Polygon", "coordinates": [ [ [ 29.675566, 60.1930532 ], [ 29.675436, 60.193087 ], [ 29.6748192, 60.193262 ], [ 29.6745148, 60.1933174 ], [ 29.6741825, 60.193347799999984 ], [ 29.6736886, 60.193372499999988 ], [ 29.6716472, 60.1934672 ], [ 29.6706889, 60.193541 ], [ 29.6703447, 60.1935759 ], [ 29.6705143, 60.193723399999989 ], [ 29.6708648, 60.1940105 ], [ 29.6718004, 60.195182 ], [ 29.6722608, 60.195683599999988 ], [ 29.6725814, 60.1960198 ], [ 29.6731737, 60.196553099999988 ], [ 29.6734196, 60.19704 ], [ 29.6737402, 60.197675 ], [ 29.6740749, 60.1980888 ], [ 29.6743667, 60.1981869 ], [ 29.6753383, 60.198322099999984 ], [ 29.675486, 60.198181 ], [ 29.6756445, 60.1980169 ], [ 29.6758419, 60.197885 ], [ 29.6762361, 60.1977026 ], [ 29.676655, 60.19741710000001 ], [ 29.6769313, 60.197171 ], [ 29.6769494, 60.1970854 ], [ 29.6769393, 60.197001 ], [ 29.6766603, 60.196365399999962 ], [ 29.6766481, 60.1961437 ], [ 29.6767798, 60.1959009 ], [ 29.6770969, 60.1957531 ], [ 29.6771907, 60.1956977 ], [ 29.677277, 60.195646600000018 ], [ 29.6773741, 60.1955892 ], [ 29.6777419, 60.1952952 ], [ 29.6780927, 60.1950958 ], [ 29.6783892, 60.1949741 ], [ 29.6773043, 60.194250599999982 ], [ 29.6771085, 60.194188 ], [ 29.6768323, 60.1940013 ], [ 29.6767545, 60.1939067 ], [ 29.6766472, 60.1938093 ], [ 29.675566, 60.1930532 ] ] ] } },
{ "type": "Feature", "properties": { "block_id": "347" }, "geometry": { "type": "Polygon", "coordinates": [ [ [ 29.667703953370108, 60.193981720961226 ], [ 29.6676692, 60.1939787 ], [ 29.6674636, 60.1939472 ], [ 29.6670536, 60.1938651 ], [ 29.6669374, 60.193952699999983 ], [ 29.6666763, 60.194147 ], [ 29.6663629, 60.194449 ], [ 29.6661642, 60.194642399999985 ], [ 29.666113, 60.194789 ], [ 29.6660754, 60.1948479 ], [ 29.6659677, 60.1949535 ], [ 29.6653717, 60.1952178 ], [ 29.6646335, 60.1956188 ], [ 29.6645904, 60.1956342 ], [ 29.6640241, 60.1958364 ], [ 29.6637666, 60.1959004 ], [ 29.6639092, 60.196252599999987 ], [ 29.663884, 60.1965501 ], [ 29.6639607, 60.196775699999975 ], [ 29.6640331, 60.19683340000001 ], [ 29.664057, 60.1968525 ], [ 29.664148, 60.19680730000001 ], [ 29.664148, 60.196679299999978 ], [ 29.6640396, 60.1964884 ], [ 29.6640611, 60.1962111 ], [ 29.6644259, 60.1961471 ], [ 29.6648336, 60.1962218 ], [ 29.6651125, 60.196168499999985 ], [ 29.6653486, 60.1959658 ], [ 29.6656275, 60.1959232 ], [ 29.6659065, 60.196125800000011 ], [ 29.6661865, 60.1961034 ], [ 29.6665931, 60.1960618 ], [ 29.6667229, 60.1959008 ], [ 29.6666146, 60.1956992 ], [ 29.6667229, 60.1953888 ], [ 29.666915, 60.195197899999989 ], [ 29.667195, 60.1951542 ], [ 29.667431, 60.1950049 ], [ 29.667431, 60.1948769 ], [ 29.6673227, 60.1947286 ], [ 29.6674096, 60.1945996 ], [ 29.6676231, 60.1945047 ], [ 29.6676868, 60.194076699999982 ], [ 29.667703953370108, 60.193981720961226 ] ] ] } },
{ "type": "Feature", "properties": { "block_id": "348" }, "geometry": { "type": "Polygon", "coordinates": [ [ [ 29.6670536, 60.1938651 ], [ 29.6674636, 60.1939472 ], [ 29.6676692, 60.1939787 ], [ 29.667703953370108, 60.193981720961226 ], [ 29.6677542, 60.193703499999984 ], [ 29.6682668, 60.1936621 ], [ 29.6688491, 60.1935079 ], [ 29.6689278, 60.1934787 ], [ 29.6690393, 60.1934274 ], [ 29.6695113, 60.1934381 ], [ 29.6698118, 60.193352699999977 ], [ 29.6697688, 60.1931181 ], [ 29.6703697, 60.1929794 ], [ 29.6707988, 60.192979399999984 ], [ 29.6709276, 60.1931074 ], [ 29.6714855, 60.1930648 ], [ 29.6718502, 60.1927448 ], [ 29.6716786, 60.1925848 ], [ 29.671989, 60.19252070000001 ], [ 29.6717644, 60.1920408 ], [ 29.6717, 60.191838099999984 ], [ 29.6717429, 60.191614099999988 ], [ 29.6720219, 60.1913901 ], [ 29.6718931, 60.1911661 ], [ 29.6718288, 60.1910061 ], [ 29.6716142, 60.1908141 ], [ 29.6718073, 60.1906755 ], [ 29.6722579, 60.1905368 ], [ 29.672274, 60.1903832 ], [ 29.6722646, 60.190056 ], [ 29.6722393, 60.1899176 ], [ 29.671922, 60.1899066 ], [ 29.6713139, 60.1900142 ], [ 29.6704668, 60.190078800000023 ], [ 29.668372, 60.190138 ], [ 29.6668748, 60.1902084 ], [ 29.6662526, 60.190159599999987 ], [ 29.6652676, 60.1900422 ], [ 29.6648777, 60.1899193 ], [ 29.6643374, 60.1896408 ], [ 29.6642731, 60.189397900000024 ], [ 29.6639796, 60.1893833 ], [ 29.6633166, 60.189572099999957 ], [ 29.6627566, 60.1897155 ], [ 29.6608522, 60.19012140000001 ], [ 29.6602262, 60.1902244 ], [ 29.65928, 60.19038 ], [ 29.65877, 60.19039 ], [ 29.6578508, 60.190541199999984 ], [ 29.6574136, 60.1905057 ], [ 29.6569909, 60.1904769 ], [ 29.6565548, 60.190351299999989 ], [ 29.6560585, 60.1903388 ], [ 29.6557834, 60.190406 ], [ 29.6556219, 60.19033 ], [ 29.6549368, 60.190233699999986 ], [ 29.653997, 60.19022570000002 ], [ 29.653261, 60.1903492 ], [ 29.6525111, 60.190453399999974 ], [ 29.65209, 60.1904 ], [ 29.6517053, 60.19033 ], [ 29.6509371, 60.190320900000025 ], [ 29.6493546, 60.190477400000013 ], [ 29.6493304, 60.1905634 ], [ 29.6493733, 60.1908195 ], [ 29.6490836, 60.191032799999988 ], [ 29.6490384, 60.1910784 ], [ 29.6489442, 60.1912035 ], [ 29.648944364333179, 60.191253786747325 ], [ 29.6490955, 60.1912534 ], [ 29.6493155, 60.1912561 ], [ 29.6495435, 60.1912734 ], [ 29.6497916, 60.1913001 ], [ 29.6508148, 60.191453399999979 ], [ 29.6522176, 60.191642799999961 ], [ 29.6528479, 60.1917241 ], [ 29.6536873, 60.1918248 ], [ 29.6540967, 60.1918641 ], [ 29.6542611, 60.1918793 ], [ 29.6543741, 60.191885100000015 ], [ 29.6547413, 60.1919006 ], [ 29.6552114, 60.1919172 ], [ 29.6555945, 60.1919421 ], [ 29.6559513, 60.1919974 ], [ 29.6563509, 60.1921161 ], [ 29.6572307, 60.192444099999989 ], [ 29.6577591, 60.1925881 ], [ 29.6582231, 60.1926734 ], [ 29.6588373, 60.192757399999984 ], [ 29.6607486, 60.19296 ], [ 29.6608325, 60.192968899999983 ], [ 29.6609734, 60.192984400000029 ], [ 29.662012205541995, 60.193103367314237 ], [ 29.6622666, 60.1931325 ], [ 29.6633198, 60.193254100000011 ], [ 29.6640591, 60.1933411 ], [ 29.6647855, 60.193420899999985 ], [ 29.6651953, 60.1934745 ], [ 29.6655516, 60.193538 ], [ 29.6662087, 60.1936809 ], [ 29.6668502, 60.1938205 ], [ 29.6670536, 60.1938651 ] ] ] } },
{ "type": "Feature", "properties": { "block_id": "349" }, "geometry": { "type": "Polygon", "coordinates": [ [ [ 29.7014704, 60.192576 ], [ 29.7013199, 60.192637299999944 ], [ 29.701185, 60.1927299 ], [ 29.7011331, 60.1927801 ], [ 29.7010917, 60.1928482 ], [ 29.701002, 60.1931348 ], [ 29.7009281, 60.1933868 ], [ 29.7008176, 60.193639699999984 ], [ 29.7007578, 60.1937589 ], [ 29.7005751, 60.1938695 ], [ 29.7001475, 60.1941283 ], [ 29.6998928, 60.194287799999984 ], [ 29.7002893, 60.1948119 ], [ 29.7008624, 60.1955633 ], [ 29.7015064, 60.1963995 ], [ 29.7016005, 60.196392799999984 ], [ 29.7018937, 60.196387 ], [ 29.7021035, 60.196383 ], [ 29.7023133, 60.196379 ], [ 29.7032284, 60.19636460000001 ], [ 29.7034793, 60.1963561 ], [ 29.7048318, 60.1963269 ], [ 29.7055899, 60.196309 ], [ 29.705723, 60.1963058 ], [ 29.7058234, 60.1951824 ], [ 29.7057473, 60.194832399999981 ], [ 29.7056639, 60.1946727 ], [ 29.7051872, 60.193889199999987 ], [ 29.7050512, 60.193675 ], [ 29.7049228, 60.193594699999984 ], [ 29.7046713, 60.1935372 ], [ 29.7033305, 60.1933686 ], [ 29.7024781, 60.193254699999947 ], [ 29.7022912, 60.1931818 ], [ 29.7020466, 60.1930027 ], [ 29.7015519, 60.192685199999957 ], [ 29.7014979, 60.19263140000001 ], [ 29.7014704, 60.192576 ] ] ] } },
{ "type": "Feature", "properties": { "block_id": "350" }, "geometry": { "type": "Polygon", "coordinates": [ [ [ 29.7221413, 60.1901358 ], [ 29.7217856, 60.190177800000015 ], [ 29.7216508, 60.19061 ], [ 29.7213748, 60.190907399999986 ], [ 29.7212952, 60.1910578 ], [ 29.7212217, 60.191220199999982 ], [ 29.721153, 60.191489 ], [ 29.7210912, 60.1918053 ], [ 29.7212566, 60.1918871 ], [ 29.7215071, 60.1919881 ], [ 29.7217909, 60.1920817 ], [ 29.721839062542806, 60.19209580191287 ], [ 29.7218483, 60.192088100000021 ], [ 29.7220612, 60.1918877 ], [ 29.7220068, 60.191615299999988 ], [ 29.7217215, 60.1915184 ], [ 29.721572, 60.1914104 ], [ 29.7216354, 60.1911491 ], [ 29.7218256, 60.190978 ], [ 29.722111, 60.1908204 ], [ 29.7222469, 60.1907731 ], [ 29.7226319, 60.1907213 ], [ 29.7231289, 60.1906576 ], [ 29.7233754, 60.1906099 ], [ 29.7239972, 60.1903382 ], [ 29.7240127, 60.1903138 ], [ 29.7240662, 60.19022970000001 ], [ 29.7244346, 60.1900464 ], [ 29.724554, 60.189937899999983 ], [ 29.724781420451002, 60.189819690125105 ], [ 29.7243811, 60.189868399999988 ], [ 29.7238795, 60.1899294 ], [ 29.7236001, 60.189963300000024 ], [ 29.7233431, 60.1899937 ], [ 29.7221413, 60.1901358 ] ] ] } },
{ "type": "Feature", "properties": { "block_id": "351" }, "geometry": { "type": "Polygon", "coordinates": [ [ [ 29.629991224940962, 60.261712586532127 ], [ 29.6301107, 60.261817599999986 ], [ 29.630355, 60.2619803 ], [ 29.6308168, 60.2621566 ], [ 29.6317444, 60.2622734 ], [ 29.6309665, 60.2621081 ], [ 29.6307117, 60.2620388 ], [ 29.6305588, 60.261973599999969 ], [ 29.6302597, 60.2617548 ], [ 29.630159238803763, 60.261665059987209 ], [ 29.6300905, 60.2616807 ], [ 29.629991224940962, 60.261712586532127 ] ] ] } },
{ "type": "Feature", "properties": { "block_id": "352" }, "geometry": { "type": "Polygon", "coordinates": [ [ [ 29.596538, 60.2394543 ], [ 29.5951121, 60.2388927 ], [ 29.594021, 60.2384449 ], [ 29.59389497572112, 60.238410399661269 ], [ 29.5938245, 60.2384498 ], [ 29.588866445815842, 60.241263165279229 ], [ 29.5915225, 60.2423805 ], [ 29.5915684, 60.2423534 ], [ 29.5921579, 60.2419899 ], [ 29.5925889, 60.241745 ], [ 29.5912803, 60.241182799999955 ], [ 29.5911276, 60.2411172 ], [ 29.591087, 60.241070699999987 ], [ 29.5911062, 60.24102 ], [ 29.5927744, 60.24004069999998 ], [ 29.5943765, 60.2407192 ], [ 29.5944892, 60.240661 ], [ 29.5954462, 60.2401315 ], [ 29.596538, 60.2394543 ] ] ] } },
{ "type": "Feature", "properties": { "block_id": "353" }, "geometry": { "type": "Polygon", "coordinates": [ [ [ 29.75902, 60.237839 ], [ 29.7580388, 60.2382321 ], [ 29.7577885, 60.23832089999997 ], [ 29.7573629, 60.2384278 ], [ 29.757092, 60.238532900000024 ], [ 29.756927, 60.2386541 ], [ 29.7568265, 60.2387753 ], [ 29.7566474, 60.2393067 ], [ 29.7565374, 60.2396098 ], [ 29.7564455, 60.239863099999987 ], [ 29.7563823, 60.2399526 ], [ 29.7562939, 60.240028 ], [ 29.7560111, 60.2402692 ], [ 29.7559606, 60.2403813 ], [ 29.7548984, 60.2403057 ], [ 29.7547779, 60.240297200000022 ], [ 29.7546045, 60.2402848 ], [ 29.7543471, 60.2402665 ], [ 29.7543164, 60.2403778 ], [ 29.7541758, 60.2408858 ], [ 29.7540614, 60.2412993 ], [ 29.7539794, 60.2415957 ], [ 29.7537782, 60.242322899999984 ], [ 29.753744494292366, 60.242443783423411 ], [ 29.7540455, 60.242461899999988 ], [ 29.7580155, 60.242700899999988 ], [ 29.7590408, 60.2393928 ], [ 29.7591632, 60.2389981 ], [ 29.7592269, 60.2387924 ], [ 29.7595981, 60.237594799999989 ], [ 29.759658294378379, 60.237400512557485 ], [ 29.7593344, 60.237659 ], [ 29.75902, 60.237839 ] ] ] } },
{ "type": "Feature", "properties": { "block_id": "354" }, "geometry": { "type": "Polygon", "coordinates": [ [ [ 29.7172607, 60.240254 ], [ 29.7179356, 60.2402139 ], [ 29.7175044, 60.2398871 ], [ 29.7172607, 60.240254 ] ] ] } },
{ "type": "Feature", "properties": { "block_id": "355" }, "geometry": { "type": "Polygon", "coordinates": [ [ [ 29.7435899, 60.241349599999985 ], [ 29.7434318, 60.241314499999987 ], [ 29.7417804, 60.2409474 ], [ 29.7368079, 60.2398422 ], [ 29.7349463, 60.2395389 ], [ 29.7330606, 60.239579800000016 ], [ 29.7179356, 60.2402139 ], [ 29.7185672, 60.240637 ], [ 29.719247397800189, 60.241402455699856 ], [ 29.7193852, 60.2413953 ], [ 29.7216056, 60.241706 ], [ 29.7246969, 60.2409206 ], [ 29.7259472, 60.240391700000011 ], [ 29.7296013, 60.239786599999988 ], [ 29.7307917, 60.2397617 ], [ 29.7346257, 60.2396815 ], [ 29.7456372, 60.2419557 ], [ 29.7465759209258, 60.242012197064966 ], [ 29.7435899, 60.241349599999985 ] ] ] } },
{ "type": "Feature", "properties": { "block_id": "356" }, "geometry": { "type": "Polygon", "coordinates": [ [ [ 29.6473275, 60.1940647 ], [ 29.647155042531445, 60.193961090935758 ], [ 29.6471476, 60.1939649 ], [ 29.6469057, 60.1940887 ], [ 29.6467882, 60.1942524 ], [ 29.6464443, 60.1943767 ], [ 29.6460372, 60.1946044 ], [ 29.6453286, 60.194808599999988 ], [ 29.6449852, 60.194952599999986 ], [ 29.6447707, 60.195043300000023 ], [ 29.6444922, 60.195191 ], [ 29.6441698, 60.1953312 ], [ 29.6441275, 60.1954843 ], [ 29.6441055, 60.1955819 ], [ 29.6437621, 60.195608499999985 ], [ 29.6432257, 60.1956192 ], [ 29.6429146, 60.195651200000022 ], [ 29.6423041, 60.195836799999967 ], [ 29.6423245, 60.1960725 ], [ 29.6424972, 60.196242099999978 ], [ 29.6423899, 60.196476699999977 ], [ 29.6428824, 60.197288300000032 ], [ 29.6434843, 60.1981511 ], [ 29.6433555, 60.198385700000017 ], [ 29.642583, 60.1988229 ], [ 29.6417033, 60.1989509 ], [ 29.6413589, 60.1991332 ], [ 29.6410166, 60.19945210000003 ], [ 29.6404373, 60.199761399999986 ], [ 29.6404373, 60.2000386 ], [ 29.6404158, 60.200443799999988 ], [ 29.6405124, 60.2006832 ], [ 29.6405213, 60.2007266 ], [ 29.64053205387151, 60.20077921903372 ], [ 29.6409872, 60.2006439 ], [ 29.6417425, 60.2004093 ], [ 29.6421373, 60.2003624 ], [ 29.6423948, 60.2004307 ], [ 29.6428239, 60.200661 ], [ 29.6433218, 60.2008487 ], [ 29.643502, 60.20089990000001 ], [ 29.644326, 60.200614100000017 ], [ 29.6455791, 60.200132099999969 ], [ 29.6471069, 60.19977380000001 ], [ 29.6481197, 60.1995434 ], [ 29.6469281, 60.1988449 ], [ 29.6466954, 60.1973964 ], [ 29.6463534, 60.1965871 ], [ 29.6466072, 60.1958702 ], [ 29.6469265, 60.1952677 ], [ 29.6469068, 60.195046599999984 ], [ 29.6469411, 60.1947462 ], [ 29.6472227, 60.194202599999983 ], [ 29.6473275, 60.1940647 ] ] ] } },
{ "type": "Feature", "properties": { "block_id": "357" }, "geometry": { "type": "Polygon", "coordinates": [ [ [ 29.7150119, 60.1972533 ], [ 29.7159689, 60.1972399 ], [ 29.7161804, 60.1972211 ], [ 29.7162769, 60.1972051 ], [ 29.7177455, 60.1969114 ], [ 29.7183341, 60.1967943 ], [ 29.7185352, 60.1967717 ], [ 29.7187431, 60.1967638 ], [ 29.7190008, 60.196756 ], [ 29.7199106, 60.196768299999981 ], [ 29.7205694, 60.196774900000023 ], [ 29.7207944, 60.1967409 ], [ 29.7209604, 60.1966802 ], [ 29.7210968, 60.196593 ], [ 29.7215816, 60.1961332 ], [ 29.7216949, 60.1960598 ], [ 29.7218139, 60.195996099999988 ], [ 29.7220597, 60.1959331 ], [ 29.72211414650975, 60.195920207065782 ], [ 29.7221264, 60.1958255 ], [ 29.7221252, 60.1956582 ], [ 29.7219077, 60.195511899999985 ], [ 29.721867, 60.195307 ], [ 29.7220289, 60.19503610000001 ], [ 29.722047, 60.1948508 ], [ 29.722037, 60.194736899999988 ], [ 29.721982025579983, 60.194635675422369 ], [ 29.7219362, 60.1946108 ], [ 29.721475, 60.194449799999987 ], [ 29.7213519, 60.1944243 ], [ 29.7209749, 60.1943462 ], [ 29.7205801, 60.1942865 ], [ 29.7205229, 60.1942833 ], [ 29.7196531, 60.1942353 ], [ 29.7194289, 60.1942184 ], [ 29.718975, 60.194184099999987 ], [ 29.7184601, 60.194115900000014 ], [ 29.7179451, 60.1940135 ], [ 29.7177541, 60.193997699999962 ], [ 29.7162968, 60.19416 ], [ 29.7156084, 60.1942366 ], [ 29.7152271, 60.194214 ], [ 29.7146374, 60.194179 ], [ 29.7144462, 60.194217300000012 ], [ 29.7143818, 60.1942606 ], [ 29.7143501, 60.1943398 ], [ 29.7151578, 60.195096 ], [ 29.7153944, 60.1953199 ], [ 29.7154373, 60.1954119 ], [ 29.71544, 60.1955159 ], [ 29.7153676, 60.1956265 ], [ 29.7151724, 60.1958373 ], [ 29.7150813, 60.1959845 ], [ 29.7150537, 60.1960291 ], [ 29.7149867, 60.1962104 ], [ 29.7149971, 60.1966117 ], [ 29.7150119, 60.1972533 ] ] ] } },
{ "type": "Feature", "properties": { "block_id": "358" }, "geometry": { "type": "Polygon", "coordinates": [ [ [ 29.72211414650975, 60.195920207065782 ], [ 29.7223836, 60.1958564 ], [ 29.7227409, 60.195805499999985 ], [ 29.7226498, 60.1956345 ], [ 29.7225987, 60.1954382 ], [ 29.7225156, 60.195062200000031 ], [ 29.7224683, 60.1949521 ], [ 29.7223053, 60.1948113 ], [ 29.7220331, 60.1946634 ], [ 29.721982025579983, 60.194635675422369 ], [ 29.722037, 60.194736899999988 ], [ 29.722047, 60.1948508 ], [ 29.7220289, 60.19503610000001 ], [ 29.721867, 60.195307 ], [ 29.7219077, 60.195511899999985 ], [ 29.7221252, 60.1956582 ], [ 29.7221264, 60.1958255 ], [ 29.72211414650975, 60.195920207065782 ] ] ] } },
{ "type": "Feature", "properties": { "block_id": "359" }, "geometry": { "type": "Polygon", "coordinates": [ [ [ 29.7177541, 60.193997699999962 ], [ 29.7179451, 60.1940135 ], [ 29.7184601, 60.194115900000014 ], [ 29.718975, 60.194184099999987 ], [ 29.7194289, 60.1942184 ], [ 29.7196531, 60.1942353 ], [ 29.7205229, 60.1942833 ], [ 29.7205801, 60.1942865 ], [ 29.7209749, 60.1943462 ], [ 29.7213519, 60.1944243 ], [ 29.721475, 60.194449799999987 ], [ 29.7219362, 60.1946108 ], [ 29.721982025579983, 60.194635675422369 ], [ 29.7218908, 60.1944677 ], [ 29.721209, 60.1942666 ], [ 29.7210242, 60.1941395 ], [ 29.7206781, 60.193989 ], [ 29.72054, 60.193799499999983 ], [ 29.7202095, 60.1935336 ], [ 29.7201444, 60.193314800000017 ], [ 29.7202435, 60.1931955 ], [ 29.7203009, 60.1930165 ], [ 29.7204992, 60.1927183 ], [ 29.7209427, 60.1924693 ], [ 29.7213549, 60.19227990000001 ], [ 29.7216943, 60.1922165 ], [ 29.721839062542806, 60.19209580191287 ], [ 29.7217909, 60.1920817 ], [ 29.7215071, 60.1919881 ], [ 29.7212566, 60.1918871 ], [ 29.7210912, 60.1918053 ], [ 29.7209175, 60.192134299999957 ], [ 29.7208076, 60.1922593 ], [ 29.7207051, 60.192340099999981 ], [ 29.720571, 60.1924321 ], [ 29.7203747, 60.1925134 ], [ 29.720158, 60.1925774 ], [ 29.7197986, 60.1926601 ], [ 29.7194794, 60.1927321 ], [ 29.7191773, 60.1928244 ], [ 29.7188893, 60.1929641 ], [ 29.7186023, 60.193141400000016 ], [ 29.7184012, 60.193284 ], [ 29.7182885, 60.193388100000021 ], [ 29.7182107, 60.193493399999973 ], [ 29.7180122, 60.1937854 ], [ 29.7178743, 60.193929399999988 ], [ 29.7177541, 60.193997699999962 ] ] ] } },
{ "type": "Feature", "properties": { "block_id": "360" }, "geometry": { "type": "Polygon", "coordinates": [ [ [ 29.7227409, 60.195805499999985 ], [ 29.7241511, 60.1955216 ], [ 29.7253834, 60.1952845 ], [ 29.7257504, 60.195199899999984 ], [ 29.7259891, 60.195126599999988 ], [ 29.7261698, 60.1950187 ], [ 29.7263286, 60.1948014 ], [ 29.7264736, 60.1945802 ], [ 29.7266731, 60.194276 ], [ 29.726954368717074, 60.193846932911583 ], [ 29.7267703, 60.1937862 ], [ 29.7265076, 60.1937884 ], [ 29.7261724, 60.193669099999987 ], [ 29.7256016, 60.1933967 ], [ 29.724972, 60.1932008 ], [ 29.7242744, 60.1929306 ], [ 29.7235316, 60.1927707 ], [ 29.722643, 60.1925301 ], [ 29.722049, 60.192357 ], [ 29.7216943, 60.1922165 ], [ 29.7213549, 60.19227990000001 ], [ 29.7209427, 60.1924693 ], [ 29.7204992, 60.1927183 ], [ 29.7203009, 60.1930165 ], [ 29.7202435, 60.1931955 ], [ 29.7201444, 60.193314800000017 ], [ 29.7202095, 60.1935336 ], [ 29.72054, 60.193799499999983 ], [ 29.7206781, 60.193989 ], [ 29.7210242, 60.1941395 ], [ 29.721209, 60.1942666 ], [ 29.7218908, 60.1944677 ], [ 29.721982025579983, 60.194635675422369 ], [ 29.7220331, 60.1946634 ], [ 29.7223053, 60.1948113 ], [ 29.7224683, 60.1949521 ], [ 29.7225156, 60.195062200000031 ], [ 29.7225987, 60.1954382 ], [ 29.7226498, 60.1956345 ], [ 29.7227409, 60.195805499999985 ] ] ] } },
{ "type": "Feature", "properties": { "block_id": "361" }, "geometry": { "type": "Polygon", "coordinates": [ [ [ 29.7324779, 60.215486899999988 ], [ 29.7329861, 60.2153195 ], [ 29.7334655, 60.2150449 ], [ 29.7332759, 60.214990799999988 ], [ 29.7331579, 60.2150661 ], [ 29.7327862, 60.215303499999983 ], [ 29.7324779, 60.215486899999988 ] ] ] } },
{ "type": "Feature", "properties": { "block_id": "362" }, "geometry": { "type": "Polygon", "coordinates": [ [ [ 29.5862364, 60.2493154 ], [ 29.5863574, 60.2493622 ], [ 29.5880671, 60.249249399999989 ], [ 29.5914635, 60.249019099999977 ], [ 29.5913443, 60.248612099999988 ], [ 29.5909312, 60.2486393 ], [ 29.587512, 60.2487075 ], [ 29.5872871, 60.248755 ], [ 29.5862364, 60.2493154 ] ] ] } },
{ "type": "Feature", "properties": { "block_id": "363" }, "geometry": { "type": "Polygon", "coordinates": [ [ [ 29.6391353, 60.252066800000016 ], [ 29.6380663, 60.25137680000001 ], [ 29.6378344, 60.2513592 ], [ 29.6359802, 60.2516193 ], [ 29.6363793, 60.2522378 ], [ 29.6364421, 60.2524139 ], [ 29.6365186, 60.2524648 ], [ 29.6380005, 60.2522501 ], [ 29.6388818, 60.2521134 ], [ 29.6391353, 60.252066800000016 ] ] ] } },
{ "type": "Feature", "properties": { "block_id": "364" }, "geometry": { "type": "Polygon", "coordinates": [ [ [ 29.7338795, 60.19875 ], [ 29.7295036, 60.1995868 ], [ 29.7272434, 60.2000152 ], [ 29.7272436, 60.200017 ], [ 29.7272515, 60.2000841 ], [ 29.727559637359672, 60.200323171021076 ], [ 29.7343413, 60.199012399999987 ], [ 29.7539596, 60.1952212 ], [ 29.7662478, 60.1928061 ], [ 29.7689247, 60.1922777 ], [ 29.768739788379516, 60.192050284064308 ], [ 29.7598067, 60.1937504 ], [ 29.7585205, 60.193995199999989 ], [ 29.7563889, 60.1944008 ], [ 29.7534391, 60.1949811 ], [ 29.7529946, 60.1950698 ], [ 29.7471464, 60.1961897 ], [ 29.7429343, 60.197006799999983 ], [ 29.7339398, 60.198738400000011 ], [ 29.7338795, 60.19875 ] ] ] } },
{ "type": "Feature", "properties": { "block_id": "365" }, "geometry": { "type": "Polygon", "coordinates": [ [ [ 29.7529946, 60.1950698 ], [ 29.7534391, 60.1949811 ], [ 29.7563889, 60.1944008 ], [ 29.7585205, 60.193995199999989 ], [ 29.7598067, 60.1937504 ], [ 29.768739788379516, 60.192050284064308 ], [ 29.7663467, 60.189106799999983 ], [ 29.7648704, 60.1894067 ], [ 29.7634542, 60.1897401 ], [ 29.7628695, 60.189825399999982 ], [ 29.7622554, 60.189834100000027 ], [ 29.7613674, 60.1897854 ], [ 29.7605043, 60.1896799 ], [ 29.7588944, 60.1898574 ], [ 29.7550801, 60.190362 ], [ 29.7522047, 60.1907468 ], [ 29.749193, 60.1911498 ], [ 29.749899, 60.192380799999988 ], [ 29.7501091, 60.1927471 ], [ 29.750086, 60.1927638 ], [ 29.749507, 60.1931824 ], [ 29.750353, 60.1942349 ], [ 29.7519433, 60.1945732 ], [ 29.7525841, 60.1947095 ], [ 29.7529026, 60.194990899999986 ], [ 29.7529946, 60.1950698 ] ] ] } },
{ "type": "Feature", "properties": { "block_id": "366" }, "geometry": { "type": "Polygon", "coordinates": [ [ [ 29.7318213, 60.2144675 ], [ 29.7327962, 60.2150214 ], [ 29.7328473, 60.215103699999958 ], [ 29.7328447, 60.215199400000024 ], [ 29.7327862, 60.215303499999983 ], [ 29.7331579, 60.2150661 ], [ 29.7332759, 60.214990799999988 ], [ 29.7324536, 60.2147092 ], [ 29.7318213, 60.2144675 ] ] ] } },
{ "type": "Feature", "properties": { "block_id": "367" }, "geometry": { "type": "Polygon", "coordinates": [ [ [ 29.7013399, 60.237351799999985 ], [ 29.7013686, 60.2373684 ], [ 29.7021604, 60.2375731 ], [ 29.7045777, 60.238205199999967 ], [ 29.7046789, 60.2382841 ], [ 29.704827063326427, 60.238103441400078 ], [ 29.7030335, 60.2371927 ], [ 29.7012292, 60.2371722 ], [ 29.701227563501686, 60.23717138728837 ], [ 29.7013128, 60.237336 ], [ 29.7013399, 60.237351799999985 ] ] ] } },
{ "type": "Feature", "properties": { "block_id": "368" }, "geometry": { "type": "Polygon", "coordinates": [ [ [ 29.7058189, 60.2390936 ], [ 29.7059403281397, 60.238949850461367 ], [ 29.7058702, 60.2388415 ], [ 29.7055545, 60.2384728 ], [ 29.704827063326427, 60.238103441400078 ], [ 29.7046789, 60.2382841 ], [ 29.704247, 60.2387033 ], [ 29.7058189, 60.2390936 ] ] ] } },
{ "type": "Feature", "properties": { "block_id": "369" }, "geometry": { "type": "Polygon", "coordinates": [ [ [ 29.7521801, 60.2422136 ], [ 29.7522595, 60.2419455 ], [ 29.7524793, 60.241202899999983 ], [ 29.7527064, 60.240435899999987 ], [ 29.752754, 60.240275199999971 ], [ 29.7527795, 60.2401888 ], [ 29.7527893, 60.240155800000018 ], [ 29.7526238, 60.2401432 ], [ 29.7525025, 60.2401339 ], [ 29.7517373, 60.2400756 ], [ 29.7514392, 60.240052900000016 ], [ 29.7506335, 60.2399914 ], [ 29.7501932, 60.2399579 ], [ 29.7492931, 60.239889199999986 ], [ 29.7492833, 60.239917800000015 ], [ 29.749244, 60.2400305 ], [ 29.7491986, 60.2401608 ], [ 29.7491929, 60.2401773 ], [ 29.7491615, 60.2402735 ], [ 29.7491153, 60.240415 ], [ 29.749069, 60.2405567 ], [ 29.7490228, 60.240698099999989 ], [ 29.7489766, 60.2408397 ], [ 29.7488932, 60.24109509999996 ], [ 29.7488473, 60.241235799999984 ], [ 29.748801, 60.2413775 ], [ 29.7487548, 60.2415191 ], [ 29.7487086, 60.2416605 ], [ 29.7487, 60.241687 ], [ 29.7486594, 60.2418113 ], [ 29.7486752, 60.2418627 ], [ 29.7487611, 60.2419193 ], [ 29.7488864, 60.2419447 ], [ 29.7495832, 60.2419952 ], [ 29.750832, 60.2421214 ], [ 29.7521801, 60.2422136 ] ] ] } },
{ "type": "Feature", "properties": { "block_id": "370" }, "geometry": { "type": "Polygon", "coordinates": [ [ [ 29.7527893, 60.240155800000018 ], [ 29.7527795, 60.2401888 ], [ 29.752754, 60.240275199999971 ], [ 29.7527064, 60.240435899999987 ], [ 29.7524793, 60.241202899999983 ], [ 29.7522595, 60.2419455 ], [ 29.7521801, 60.2422136 ], [ 29.7537782, 60.242322899999984 ], [ 29.7539794, 60.2415957 ], [ 29.7540614, 60.2412993 ], [ 29.7541758, 60.2408858 ], [ 29.7543164, 60.2403778 ], [ 29.7543471, 60.2402665 ], [ 29.7540567, 60.240245900000012 ], [ 29.7536124, 60.2402143 ], [ 29.7533808, 60.2401978 ], [ 29.752914, 60.2401647 ], [ 29.7527893, 60.240155800000018 ] ] ] } },
{ "type": "Feature", "properties": { "block_id": "371" }, "geometry": { "type": "Polygon", "coordinates": [ [ [ 29.7537782, 60.242322899999984 ], [ 29.7521801, 60.2422136 ], [ 29.750832, 60.2421214 ], [ 29.7495832, 60.2419952 ], [ 29.7488864, 60.2419447 ], [ 29.7487611, 60.2419193 ], [ 29.7486752, 60.2418627 ], [ 29.7486594, 60.2418113 ], [ 29.74847, 60.2417975 ], [ 29.7483695, 60.241822800000016 ], [ 29.7482622, 60.241886700000016 ], [ 29.7481281, 60.2419346 ], [ 29.747517502554743, 60.242068859422609 ], [ 29.7477874, 60.2420851 ], [ 29.753744494292366, 60.242443783423411 ], [ 29.7537782, 60.242322899999984 ] ] ] } },
{ "type": "Feature", "properties": { "block_id": "372" }, "geometry": { "type": "Polygon", "coordinates": [ [ [ 29.7070881, 60.2027723 ], [ 29.7067233, 60.202833799999986 ], [ 29.7067625, 60.2029373 ], [ 29.7071533, 60.2028755 ], [ 29.707249, 60.202861299999967 ], [ 29.7082118, 60.2027116 ], [ 29.7086599, 60.2026533 ], [ 29.7091751, 60.2026096 ], [ 29.7097492, 60.202577 ], [ 29.7109305, 60.2025955 ], [ 29.7122931, 60.2026169 ], [ 29.7131433, 60.2026106 ], [ 29.7135621, 60.2025784 ], [ 29.7138909, 60.202543 ], [ 29.715118, 60.2023328 ], [ 29.7160184, 60.2021663 ], [ 29.716762, 60.2020131 ], [ 29.7159917, 60.2021036 ], [ 29.7149285, 60.2022651 ], [ 29.7141433, 60.202406 ], [ 29.7137843, 60.2024545 ], [ 29.7134971, 60.202489 ], [ 29.7131546, 60.20251360000001 ], [ 29.7128307, 60.2025164 ], [ 29.7123179, 60.202520899999989 ], [ 29.7110702, 60.202499199999984 ], [ 29.7104392, 60.20248990000001 ], [ 29.7100067, 60.202495 ], [ 29.7096313, 60.20249410000001 ], [ 29.7091772, 60.202502399999979 ], [ 29.7086641, 60.2025316 ], [ 29.7082558, 60.2025773 ], [ 29.7070881, 60.2027723 ] ] ] } },
{ "type": "Feature", "properties": { "block_id": "373" }, "geometry": { "type": "Polygon", "coordinates": [ [ [ 29.6641893, 60.199826 ], [ 29.664124, 60.1996029 ], [ 29.6634147, 60.1997397 ], [ 29.6641893, 60.199826 ] ] ] } },
{ "type": "Feature", "properties": { "block_id": "374" }, "geometry": { "type": "Polygon", "coordinates": [ [ [ 29.6484585, 60.2570803 ], [ 29.6485591, 60.2566673 ], [ 29.6485911, 60.256576799999984 ], [ 29.6487051, 60.256203299999974 ], [ 29.6486499, 60.2561256 ], [ 29.6481113, 60.2558853 ], [ 29.6474725, 60.2559132 ], [ 29.6472184, 60.2559997 ], [ 29.6465366, 60.2563228 ], [ 29.6463954, 60.2564008 ], [ 29.6462922, 60.2564685 ], [ 29.6474018, 60.257029599999974 ], [ 29.6484585, 60.2570803 ] ] ] } },
{ "type": "Feature", "properties": { "block_id": "375" }, "geometry": { "type": "Polygon", "coordinates": [ [ [ 29.586524, 60.2436663 ], [ 29.5865625, 60.2437065 ], [ 29.5880575, 60.2444213 ], [ 29.5884665, 60.244200299999989 ], [ 29.5889059, 60.243919 ], [ 29.5872362, 60.243196 ], [ 29.5865115, 60.243628 ], [ 29.586524, 60.2436663 ] ] ] } },
{ "type": "Feature", "properties": { "block_id": "376" }, "geometry": { "type": "Polygon", "coordinates": [ [ [ 29.5915225, 60.2423805 ], [ 29.590845064662272, 60.242794822956576 ], [ 29.5916098, 60.24237140000001 ], [ 29.5921549, 60.2420379 ], [ 29.5943881, 60.2429407 ], [ 29.594426109965521, 60.242954492378672 ], [ 29.5944602, 60.2429239 ], [ 29.5944862, 60.242905799999988 ], [ 29.594835, 60.2426401 ], [ 29.5951445, 60.2423748 ], [ 29.593764, 60.241755399999988 ], [ 29.5930883, 60.2415133 ], [ 29.5930506, 60.241489 ], [ 29.5925889, 60.241745 ], [ 29.5921579, 60.2419899 ], [ 29.5915684, 60.2423534 ], [ 29.5915225, 60.2423805 ] ] ] } },
{ "type": "Feature", "properties": { "block_id": "377" }, "geometry": { "type": "Polygon", "coordinates": [ [ [ 29.5925889, 60.241745 ], [ 29.5930506, 60.241489 ], [ 29.59405, 60.2409087 ], [ 29.5943765, 60.2407192 ], [ 29.5927744, 60.24004069999998 ], [ 29.5911062, 60.24102 ], [ 29.591087, 60.241070699999987 ], [ 29.5911276, 60.2411172 ], [ 29.5912803, 60.241182799999955 ], [ 29.5925889, 60.241745 ] ] ] } },
{ "type": "Feature", "properties": { "block_id": "378" }, "geometry": { "type": "Polygon", "coordinates": [ [ [ 29.5882057, 60.2427389 ], [ 29.5882818, 60.242788 ], [ 29.589763128140859, 60.243414768916082 ], [ 29.5901208, 60.243198299999989 ], [ 29.5901902, 60.243157399999973 ], [ 29.590626505284103, 60.242915833343204 ], [ 29.5901433, 60.2427547 ], [ 29.5890784, 60.2422888 ], [ 29.5889343, 60.2422715 ], [ 29.588204, 60.2426775 ], [ 29.5882057, 60.2427389 ] ] ] } },
{ "type": "Feature", "properties": { "block_id": "379" }, "geometry": { "type": "Polygon", "coordinates": [ [ [ 29.6783892, 60.1949741 ], [ 29.6789056, 60.1952546 ], [ 29.6797505, 60.1957678 ], [ 29.6799731, 60.1958865 ], [ 29.6801066, 60.1959371 ], [ 29.6811874, 60.1955628 ], [ 29.6813247, 60.195541099999986 ], [ 29.6814564, 60.1955438 ], [ 29.6824751, 60.195776 ], [ 29.6826367, 60.1956192 ], [ 29.6826783, 60.1955782 ], [ 29.6829445, 60.1953191 ], [ 29.6831177, 60.1951452 ], [ 29.6814913, 60.194773300000023 ], [ 29.6805723, 60.194633299999985 ], [ 29.6798744, 60.1946011 ], [ 29.6795269, 60.194624099999984 ], [ 29.6783892, 60.1949741 ] ] ] } },
{ "type": "Feature", "properties": { "block_id": "380" }, "geometry": { "type": "Polygon", "coordinates": [ [ [ 29.7059718, 60.2029056 ], [ 29.705716054275907, 60.202911864614443 ], [ 29.705719426260448, 60.202986107956725 ], [ 29.705967, 60.202984 ], [ 29.7063898, 60.2029706 ], [ 29.7067625, 60.2029373 ], [ 29.7067233, 60.202833799999986 ], [ 29.7063647, 60.202886 ], [ 29.706244, 60.2028941 ], [ 29.7059718, 60.2029056 ] ] ] } },
{ "type": "Feature", "properties": { "block_id": "381" }, "geometry": { "type": "Polygon", "coordinates": [ [ [ 29.6465784, 60.260855399999983 ], [ 29.650085, 60.2620076 ], [ 29.6517494, 60.2632071 ], [ 29.6539235, 60.2637352 ], [ 29.6564097, 60.2637996 ], [ 29.6576571, 60.2637458 ], [ 29.657875345438978, 60.263580713838692 ], [ 29.6575568, 60.263482800000013 ], [ 29.660585, 60.260621 ], [ 29.660752, 60.2604632 ], [ 29.6652025, 60.257857699999988 ], [ 29.6640164, 60.2556359 ], [ 29.651112765545825, 60.254510756646731 ], [ 29.6519111, 60.2552101 ], [ 29.651876, 60.2553385 ], [ 29.6509069, 60.2559665 ], [ 29.6502784, 60.2562175 ], [ 29.6499974, 60.256604899999964 ], [ 29.6499703, 60.257092399999983 ], [ 29.6499072, 60.2572057 ], [ 29.6494199, 60.25777 ], [ 29.64934, 60.2578917 ], [ 29.649327862310134, 60.257928845553764 ], [ 29.6493168, 60.257962699999958 ], [ 29.6492296, 60.258251499999986 ], [ 29.6491626, 60.2586839 ], [ 29.6489426, 60.2593153 ], [ 29.6484639, 60.2601036 ], [ 29.6478148, 60.2603085 ], [ 29.6474017, 60.26029519999998 ], [ 29.6465784, 60.260855399999983 ] ] ] } },
{ "type": "Feature", "properties": { "block_id": "382" }, "geometry": { "type": "Polygon", "coordinates": [ [ [ 29.5994848, 60.259759399999957 ], [ 29.5989633, 60.259828 ], [ 29.5984833, 60.259968 ], [ 29.5976195, 60.2602335 ], [ 29.5958567, 60.2607655 ], [ 29.5961014, 60.2607598 ], [ 29.5963468, 60.260860799999989 ], [ 29.5977627, 60.261095 ], [ 29.5981779, 60.2611237 ], [ 29.5984054, 60.261072 ], [ 29.5987588, 60.2608221 ], [ 29.5996727, 60.2605768 ], [ 29.6007077, 60.2605394 ], [ 29.6009441, 60.2605264 ], [ 29.6014153, 60.2603691 ], [ 29.6015391, 60.2602259 ], [ 29.6013818, 60.2601041 ], [ 29.6009658, 60.2600958 ], [ 29.6006508, 60.2601332 ], [ 29.6004162, 60.2602859 ], [ 29.6000735, 60.2603131 ], [ 29.5997143, 60.2602367 ], [ 29.5995013, 60.2600079 ], [ 29.5994848, 60.259759399999957 ] ] ] } },
{ "type": "Feature", "properties": { "block_id": "383" }, "geometry": { "type": "Polygon", "coordinates": [ [ [ 29.5893535, 60.2656839 ], [ 29.5892045, 60.2655735 ], [ 29.5889424, 60.2656436 ], [ 29.5886651, 60.265619899999955 ], [ 29.5884978, 60.2656721 ], [ 29.587219855101363, 60.265754012104196 ], [ 29.5880801, 60.2660073 ], [ 29.589026039472149, 60.265950493320716 ], [ 29.5893157, 60.2658038 ], [ 29.5893535, 60.2656839 ] ] ] } },
{ "type": "Feature", "properties": { "block_id": "384" }, "geometry": { "type": "Polygon", "coordinates": [ [ [ 29.5893535, 60.2656839 ], [ 29.5893157, 60.2658038 ], [ 29.589026039472149, 60.265950493320716 ], [ 29.590761711427479, 60.265846242672957 ], [ 29.5902525, 60.2656868 ], [ 29.5896011, 60.2656254 ], [ 29.5893535, 60.2656839 ] ] ] } },
{ "type": "Feature", "properties": { "block_id": "385" }, "geometry": { "type": "Polygon", "coordinates": [ [ [ 29.727616, 60.2003669 ], [ 29.727559637359672, 60.200323171021076 ], [ 29.7167316, 60.2024151 ], [ 29.7094819, 60.2037672 ], [ 29.7086858, 60.2039633 ], [ 29.7163592, 60.2025453 ], [ 29.7230145, 60.2012804 ], [ 29.7276201, 60.2003698 ], [ 29.727616, 60.2003669 ] ] ] } },
{ "type": "Feature", "properties": { "block_id": "386" }, "geometry": { "type": "Polygon", "coordinates": [ [ [ 29.727559637359672, 60.200323171021076 ], [ 29.727616, 60.2003669 ], [ 29.7276201, 60.2003698 ], [ 29.7295261, 60.1999929 ], [ 29.7343941, 60.1990246 ], [ 29.7345759, 60.198988399999983 ], [ 29.7415636, 60.1976711 ], [ 29.7479413, 60.1964057 ], [ 29.7539766, 60.1952445 ], [ 29.7592487, 60.194182 ], [ 29.7610861, 60.1938314 ], [ 29.766270568558095, 60.192834618022481 ], [ 29.7662478, 60.1928061 ], [ 29.7539596, 60.1952212 ], [ 29.7343413, 60.199012399999987 ], [ 29.727559637359672, 60.200323171021076 ] ] ] } },
{ "type": "Feature", "properties": { "block_id": "387" }, "geometry": { "type": "Polygon", "coordinates": [ [ [ 29.657053891742702, 60.213951425687739 ], [ 29.657011016065301, 60.213898447771314 ], [ 29.6564693, 60.214002099999981 ], [ 29.648523, 60.2155616 ], [ 29.648588023948886, 60.215629373567737 ], [ 29.6548083, 60.2143886 ], [ 29.6559527, 60.2141654 ], [ 29.657053891742702, 60.213951425687739 ] ] ] } },
{ "type": "Feature", "properties": { "block_id": "388" }, "geometry": { "type": "Polygon", "coordinates": [ [ [ 29.657011016065301, 60.213898447771314 ], [ 29.657053891742702, 60.213951425687739 ], [ 29.6627578, 60.2128429 ], [ 29.666259, 60.212139399999984 ], [ 29.6684628, 60.2117174 ], [ 29.6704137, 60.2113527 ], [ 29.6724811, 60.2109558 ], [ 29.6738649, 60.210689 ], [ 29.673186, 60.2107788 ], [ 29.6727842, 60.210858199999961 ], [ 29.669416, 60.211493900000015 ], [ 29.6655677, 60.2122291 ], [ 29.6642396, 60.212492 ], [ 29.6626974, 60.212803200000032 ], [ 29.6608694, 60.21316010000001 ], [ 29.657011016065301, 60.213898447771314 ] ] ] } },
{ "type": "Feature", "properties": { "block_id": "389" }, "geometry": { "type": "Polygon", "coordinates": [ [ [ 29.656962910324918, 60.213839007275794 ], [ 29.657011016065301, 60.213898447771314 ], [ 29.6608694, 60.21316010000001 ], [ 29.6626974, 60.212803200000032 ], [ 29.6642396, 60.212492 ], [ 29.6655677, 60.2122291 ], [ 29.669416, 60.211493900000015 ], [ 29.6704574, 60.2112099 ], [ 29.6696991, 60.2113539 ], [ 29.6661584, 60.2120354 ], [ 29.6637001, 60.2125546 ], [ 29.656962910324918, 60.213839007275794 ] ] ] } },
{ "type": "Feature", "properties": { "block_id": "390" }, "geometry": { "type": "Polygon", "coordinates": [ [ [ 29.706314519970409, 60.204419831906733 ], [ 29.706295759168235, 60.204378622102951 ], [ 29.7061405, 60.204407 ], [ 29.7042552, 60.20475389999995 ], [ 29.7028846, 60.2050164 ], [ 29.704113, 60.2048227 ], [ 29.7052515, 60.204628 ], [ 29.7061664, 60.204447 ], [ 29.706314519970409, 60.204419831906733 ] ] ] } },
{ "type": "Feature", "properties": { "block_id": "391" }, "geometry": { "type": "Polygon", "coordinates": [ [ [ 29.706295759168235, 60.204378622102951 ], [ 29.706290890404478, 60.204367927403801 ], [ 29.705751, 60.2044392 ], [ 29.7054251, 60.204470599999972 ], [ 29.7043573, 60.2045977 ], [ 29.7031743, 60.2047495 ], [ 29.7029145, 60.204789799999986 ], [ 29.7027792, 60.2048154 ], [ 29.7020509, 60.2049424 ], [ 29.7011509, 60.2051073 ], [ 29.7003111, 60.205271699999983 ], [ 29.6989735, 60.2055336 ], [ 29.6980208, 60.2057339 ], [ 29.6969993, 60.2059424 ], [ 29.695318, 60.2063115 ], [ 29.6938355, 60.2066317 ], [ 29.6925292, 60.206907500000021 ], [ 29.6915321, 60.2071243 ], [ 29.6907965, 60.2072775 ], [ 29.6881265, 60.2078225 ], [ 29.6869651, 60.2080499 ], [ 29.6851222, 60.2083895 ], [ 29.6843044, 60.2085484 ], [ 29.6832775, 60.208748 ], [ 29.6822655, 60.209014899999985 ], [ 29.6848635, 60.2085198 ], [ 29.6854216, 60.2084162 ], [ 29.6863702, 60.2082367 ], [ 29.6868215, 60.208151600000022 ], [ 29.6880361, 60.2079099 ], [ 29.6888643, 60.207738 ], [ 29.6895581, 60.2075974 ], [ 29.6900958, 60.20748629999995 ], [ 29.6903292, 60.2074376 ], [ 29.6947914, 60.2065078 ], [ 29.6965608, 60.2061367 ], [ 29.6984696, 60.205751 ], [ 29.700036, 60.205448600000025 ], [ 29.7003803, 60.205382100000016 ], [ 29.7024733, 60.2050146 ], [ 29.7031397, 60.2049133 ], [ 29.7042552, 60.20475389999995 ], [ 29.7061405, 60.204407 ], [ 29.706295759168235, 60.204378622102951 ] ] ] } },
{ "type": "Feature", "properties": { "block_id": "392" }, "geometry": { "type": "Polygon", "coordinates": [ [ [ 29.701206, 60.2052978 ], [ 29.702278, 60.2050873 ], [ 29.7031397, 60.2049133 ], [ 29.7024733, 60.2050146 ], [ 29.7003803, 60.205382100000016 ], [ 29.700036, 60.205448600000025 ], [ 29.6984696, 60.205751 ], [ 29.6965608, 60.2061367 ], [ 29.6947914, 60.2065078 ], [ 29.6961322, 60.2063107 ], [ 29.6965691, 60.2062445 ], [ 29.6975853, 60.2060486 ], [ 29.6983743, 60.2058586 ], [ 29.699798, 60.205567400000014 ], [ 29.7004266, 60.205447500000012 ], [ 29.7007546, 60.205385 ], [ 29.701206, 60.2052978 ] ] ] } },
{ "type": "Feature", "properties": { "block_id": "393" }, "geometry": { "type": "Polygon", "coordinates": [ [ [ 29.7031397, 60.2049133 ], [ 29.702278, 60.2050873 ], [ 29.701206, 60.2052978 ], [ 29.7028114, 60.2050293 ], [ 29.7028846, 60.2050164 ], [ 29.7042552, 60.20475389999995 ], [ 29.7031397, 60.2049133 ] ] ] } },
{ "type": "Feature", "properties": { "block_id": "394" }, "geometry": { "type": "Polygon", "coordinates": [ [ [ 29.6715432, 60.211003799999986 ], [ 29.6704574, 60.2112099 ], [ 29.669416, 60.211493900000015 ], [ 29.6727842, 60.210858199999961 ], [ 29.6715432, 60.211003799999986 ] ] ] } },
{ "type": "Feature", "properties": { "block_id": "395" }, "geometry": { "type": "Polygon", "coordinates": [ [ [ 29.6832775, 60.208748 ], [ 29.6829265, 60.2088162 ], [ 29.6812365, 60.2091404 ], [ 29.6795213, 60.209485200000017 ], [ 29.6773993, 60.209911699999971 ], [ 29.6764818, 60.2100794 ], [ 29.6741975, 60.2104932 ], [ 29.6718292, 60.2109495 ], [ 29.6715432, 60.211003799999986 ], [ 29.6727842, 60.210858199999961 ], [ 29.673186, 60.2107788 ], [ 29.6756087, 60.2103001 ], [ 29.6778444, 60.209896 ], [ 29.6802248, 60.209417 ], [ 29.6816597, 60.2091283 ], [ 29.6822655, 60.209014899999985 ], [ 29.6832775, 60.208748 ] ] ] } },
{ "type": "Feature", "properties": { "block_id": "396" }, "geometry": { "type": "Polygon", "coordinates": [ [ [ 29.6843044, 60.2085484 ], [ 29.6851222, 60.2083895 ], [ 29.6869651, 60.2080499 ], [ 29.6881265, 60.2078225 ], [ 29.6907965, 60.2072775 ], [ 29.6915321, 60.2071243 ], [ 29.6925292, 60.206907500000021 ], [ 29.6938355, 60.2066317 ], [ 29.695318, 60.2063115 ], [ 29.6969993, 60.2059424 ], [ 29.6980208, 60.2057339 ], [ 29.6989735, 60.2055336 ], [ 29.7003111, 60.205271699999983 ], [ 29.7011509, 60.2051073 ], [ 29.7020509, 60.2049424 ], [ 29.7027792, 60.2048154 ], [ 29.7029145, 60.204789799999986 ], [ 29.7031743, 60.2047495 ], [ 29.7043573, 60.2045977 ], [ 29.7031835, 60.2046895 ], [ 29.7028818, 60.204727900000016 ], [ 29.7027495, 60.2047447 ], [ 29.7020385, 60.2048616 ], [ 29.7013297, 60.204981 ], [ 29.698641, 60.2055053 ], [ 29.6978564, 60.2056585 ], [ 29.6967953, 60.2058888 ], [ 29.6957379, 60.206128 ], [ 29.694905, 60.2063055 ], [ 29.6930725, 60.2067005 ], [ 29.6926226, 60.206801700000014 ], [ 29.6921844, 60.206894099999985 ], [ 29.6914192, 60.2070802 ], [ 29.6891213, 60.207560899999983 ], [ 29.6877999, 60.2078286 ], [ 29.6869498, 60.2079981 ], [ 29.6854124, 60.2082843 ], [ 29.6850519, 60.2083456 ], [ 29.6843044, 60.2085484 ] ] ] } },
{ "type": "Feature", "properties": { "block_id": "397" }, "geometry": { "type": "Polygon", "coordinates": [ [ [ 29.696742, 60.206359199999959 ], [ 29.6945312, 60.2067848 ], [ 29.6940914, 60.206864099999983 ], [ 29.6929754, 60.2070656 ], [ 29.6891534, 60.2077796 ], [ 29.6871672, 60.2081511 ], [ 29.6867512, 60.2082269 ], [ 29.6853711, 60.2084847 ], [ 29.6840487, 60.2087358 ], [ 29.6828244, 60.2089616 ], [ 29.6819572, 60.209128 ], [ 29.6815927, 60.2091929 ], [ 29.6810932, 60.2092919 ], [ 29.6801034, 60.209489399999988 ], [ 29.6795628, 60.2095945 ], [ 29.6787419, 60.2097538 ], [ 29.6780273, 60.2099604 ], [ 29.6783009, 60.2099071 ], [ 29.6791613, 60.2097362 ], [ 29.6800656, 60.2095682 ], [ 29.6808938, 60.209414 ], [ 29.6820344, 60.20917929999996 ], [ 29.6831448, 60.208984 ], [ 29.6841614, 60.20878279999998 ], [ 29.6857332, 60.2084696 ], [ 29.6868053, 60.2082585 ], [ 29.6883859, 60.207958500000018 ], [ 29.6895474, 60.2077518 ], [ 29.6912151, 60.2074631 ], [ 29.6932815, 60.207064 ], [ 29.6945857, 60.2068215 ], [ 29.6959563, 60.206563899999985 ], [ 29.696872, 60.2063963 ], [ 29.697486, 60.2062844 ], [ 29.697645, 60.20624140000001 ], [ 29.6985147, 60.206023 ], [ 29.696742, 60.206359199999959 ] ] ] } },
{ "type": "Feature", "properties": { "block_id": "398" }, "geometry": { "type": "Polygon", "coordinates": [ [ [ 29.6940914, 60.206864099999983 ], [ 29.6945312, 60.2067848 ], [ 29.696742, 60.206359199999959 ], [ 29.6985147, 60.206023 ], [ 29.7005296, 60.2056191 ], [ 29.7015863, 60.2053957 ], [ 29.7039291, 60.2048997 ], [ 29.7045328, 60.2047765 ], [ 29.7052515, 60.204628 ], [ 29.704113, 60.2048227 ], [ 29.7028846, 60.2050164 ], [ 29.7028114, 60.2050293 ], [ 29.7013388, 60.205388500000019 ], [ 29.7007275, 60.2055112 ], [ 29.7005103, 60.2055481 ], [ 29.6976801, 60.2061043 ], [ 29.6968684, 60.206266 ], [ 29.6965141, 60.2063346 ], [ 29.6960594, 60.20642260000001 ], [ 29.6955695, 60.2065136 ], [ 29.695417, 60.2065493 ], [ 29.6949578, 60.20664350000002 ], [ 29.6940914, 60.206864099999983 ] ] ] } },
{ "type": "Feature", "properties": { "block_id": "399" }, "geometry": { "type": "Polygon", "coordinates": [ [ [ 29.6795628, 60.2095945 ], [ 29.6801034, 60.209489399999988 ], [ 29.6810932, 60.2092919 ], [ 29.6815927, 60.2091929 ], [ 29.6819572, 60.209128 ], [ 29.6828244, 60.2089616 ], [ 29.6840487, 60.2087358 ], [ 29.6853711, 60.2084847 ], [ 29.6867512, 60.2082269 ], [ 29.6871672, 60.2081511 ], [ 29.6891534, 60.2077796 ], [ 29.6929754, 60.2070656 ], [ 29.6940914, 60.206864099999983 ], [ 29.6949578, 60.20664350000002 ], [ 29.695417, 60.2065493 ], [ 29.6955695, 60.2065136 ], [ 29.6960594, 60.20642260000001 ], [ 29.6965141, 60.2063346 ], [ 29.6975853, 60.2060486 ], [ 29.6965691, 60.2062445 ], [ 29.6961322, 60.2063107 ], [ 29.6947914, 60.2065078 ], [ 29.6903292, 60.2074376 ], [ 29.6900958, 60.20748629999995 ], [ 29.6895581, 60.2075974 ], [ 29.6888643, 60.207738 ], [ 29.6880361, 60.2079099 ], [ 29.6868215, 60.208151600000022 ], [ 29.6863702, 60.2082367 ], [ 29.6854216, 60.2084162 ], [ 29.6848635, 60.2085198 ], [ 29.6822655, 60.209014899999985 ], [ 29.6816597, 60.2091283 ], [ 29.6802248, 60.209417 ], [ 29.6795628, 60.2095945 ] ] ] } },
{ "type": "Feature", "properties": { "block_id": "400" }, "geometry": { "type": "Polygon", "coordinates": [ [ [ 29.6787419, 60.2097538 ], [ 29.6795628, 60.2095945 ], [ 29.6802248, 60.209417 ], [ 29.6778444, 60.209896 ], [ 29.6756087, 60.2103001 ], [ 29.673186, 60.2107788 ], [ 29.6738649, 60.210689 ], [ 29.6745951, 60.210548199999984 ], [ 29.6754278, 60.2103802 ], [ 29.6760151, 60.210261700000018 ], [ 29.6778811, 60.209925 ], [ 29.6787419, 60.2097538 ] ] ] } },
{ "type": "Feature", "properties": { "block_id": "401" }, "geometry": { "type": "Polygon", "coordinates": [ [ [ 29.6787419, 60.2097538 ], [ 29.6778811, 60.209925 ], [ 29.6760151, 60.210261700000018 ], [ 29.6754278, 60.2103802 ], [ 29.6764825, 60.210247699999989 ], [ 29.6768944, 60.21017160000001 ], [ 29.6772387, 60.2101134 ], [ 29.6780273, 60.2099604 ], [ 29.6787419, 60.2097538 ] ] ] } },
{ "type": "Feature", "properties": { "block_id": "402" }, "geometry": { "type": "Polygon", "coordinates": [ [ [ 29.7005103, 60.2055481 ], [ 29.7007275, 60.2055112 ], [ 29.7013388, 60.205388500000019 ], [ 29.7028114, 60.2050293 ], [ 29.701206, 60.2052978 ], [ 29.7007546, 60.205385 ], [ 29.7004266, 60.205447500000012 ], [ 29.699798, 60.205567400000014 ], [ 29.6983743, 60.2058586 ], [ 29.6975853, 60.2060486 ], [ 29.6965141, 60.2063346 ], [ 29.6968684, 60.206266 ], [ 29.6976801, 60.2061043 ], [ 29.7005103, 60.2055481 ] ] ] } },
{ "type": "Feature", "properties": { "block_id": "403" }, "geometry": { "type": "Polygon", "coordinates": [ [ [ 29.6966878, 60.2064881 ], [ 29.6959343, 60.2066222 ], [ 29.6952956, 60.2067599 ], [ 29.6944164, 60.206913399999983 ], [ 29.6928579, 60.2072022 ], [ 29.6914291, 60.2074742 ], [ 29.6907079, 60.2076205 ], [ 29.6898972, 60.207743499999964 ], [ 29.6892228, 60.207851500000011 ], [ 29.6885042, 60.2079845 ], [ 29.6878232, 60.2081315 ], [ 29.6874286, 60.208197 ], [ 29.6869508, 60.2082831 ], [ 29.6859079, 60.208479599999983 ], [ 29.6832002, 60.209025 ], [ 29.6819943, 60.2092399 ], [ 29.6816362, 60.2093072 ], [ 29.6814633, 60.2093339 ], [ 29.6808938, 60.209414 ], [ 29.6800656, 60.2095682 ], [ 29.6791613, 60.2097362 ], [ 29.6783009, 60.2099071 ], [ 29.6780273, 60.2099604 ], [ 29.6772387, 60.2101134 ], [ 29.6779244, 60.2100234 ], [ 29.67887, 60.209846099999979 ], [ 29.6793948, 60.20974360000001 ], [ 29.6800645, 60.2096191 ], [ 29.6809764, 60.2094605 ], [ 29.6813224, 60.2094059 ], [ 29.682876, 60.2091365 ], [ 29.6843533, 60.2088568 ], [ 29.6860767, 60.2084989 ], [ 29.6869023, 60.2083379 ], [ 29.6875572, 60.2082124 ], [ 29.6883136, 60.2080673 ], [ 29.6886494, 60.208002799999988 ], [ 29.6897204, 60.207817299999981 ], [ 29.6907195, 60.20767 ], [ 29.6916301, 60.207501399999963 ], [ 29.6926091, 60.2073122 ], [ 29.6944116, 60.2069684 ], [ 29.6951447, 60.20683 ], [ 29.6951634, 60.2068264 ], [ 29.6959834, 60.2066605 ], [ 29.6962382, 60.2065938 ], [ 29.6966383, 60.2065002 ], [ 29.6966878, 60.2064881 ] ] ] } },
{ "type": "Feature", "properties": { "block_id": "404" }, "geometry": { "type": "Polygon", "coordinates": [ [ [ 29.6869508, 60.2082831 ], [ 29.6874286, 60.208197 ], [ 29.6878232, 60.2081315 ], [ 29.6885042, 60.2079845 ], [ 29.6892228, 60.207851500000011 ], [ 29.6898972, 60.207743499999964 ], [ 29.6907079, 60.2076205 ], [ 29.6914291, 60.2074742 ], [ 29.6928579, 60.2072022 ], [ 29.6944164, 60.206913399999983 ], [ 29.6952956, 60.2067599 ], [ 29.6959343, 60.2066222 ], [ 29.6966878, 60.2064881 ], [ 29.6968766, 60.206442 ], [ 29.697371, 60.2063155 ], [ 29.697486, 60.2062844 ], [ 29.696872, 60.2063963 ], [ 29.6959563, 60.206563899999985 ], [ 29.6945857, 60.2068215 ], [ 29.6932815, 60.207064 ], [ 29.6912151, 60.2074631 ], [ 29.6895474, 60.2077518 ], [ 29.6883859, 60.207958500000018 ], [ 29.6868053, 60.2082585 ], [ 29.6857332, 60.2084696 ], [ 29.6841614, 60.20878279999998 ], [ 29.6831448, 60.208984 ], [ 29.6820344, 60.20917929999996 ], [ 29.6808938, 60.209414 ], [ 29.6814633, 60.2093339 ], [ 29.6816362, 60.2093072 ], [ 29.6819943, 60.2092399 ], [ 29.6832002, 60.209025 ], [ 29.6859079, 60.208479599999983 ], [ 29.6869508, 60.2082831 ] ] ] } },
{ "type": "Feature", "properties": { "block_id": "405" }, "geometry": { "type": "Polygon", "coordinates": [ [ [ 29.6850519, 60.2083456 ], [ 29.6854124, 60.2082843 ], [ 29.6869498, 60.2079981 ], [ 29.6877999, 60.2078286 ], [ 29.6891213, 60.207560899999983 ], [ 29.6914192, 60.2070802 ], [ 29.6921844, 60.206894099999985 ], [ 29.6926226, 60.206801700000014 ], [ 29.6930725, 60.2067005 ], [ 29.694905, 60.2063055 ], [ 29.6957379, 60.206128 ], [ 29.6967953, 60.2058888 ], [ 29.6978564, 60.2056585 ], [ 29.698641, 60.2055053 ], [ 29.7013297, 60.204981 ], [ 29.7020385, 60.2048616 ], [ 29.7027495, 60.2047447 ], [ 29.7028818, 60.204727900000016 ], [ 29.7031835, 60.2046895 ], [ 29.7043573, 60.2045977 ], [ 29.7054251, 60.204470599999972 ], [ 29.7046465, 60.2045274 ], [ 29.7034489, 60.2046171 ], [ 29.703195, 60.2046446 ], [ 29.7028855, 60.2046849 ], [ 29.7028605, 60.204688 ], [ 29.702474, 60.2047362 ], [ 29.7017997, 60.2048445 ], [ 29.7009208, 60.205015799999984 ], [ 29.698543, 60.2054721 ], [ 29.693876, 60.206451199999989 ], [ 29.6930538, 60.2066482 ], [ 29.6925301, 60.206772 ], [ 29.6909284, 60.2071196 ], [ 29.6901948, 60.2072814 ], [ 29.6899204, 60.2073373 ], [ 29.6889968, 60.2075254 ], [ 29.6882315, 60.2076827 ], [ 29.6873226, 60.2078588 ], [ 29.6866414, 60.2079997 ], [ 29.685877, 60.208145 ], [ 29.6850519, 60.2083456 ] ] ] } },
{ "type": "Feature", "properties": { "block_id": "406" }, "geometry": { "type": "Polygon", "coordinates": [ [ [ 29.6875538, 60.2082739 ], [ 29.6883221, 60.208114799999976 ], [ 29.6894659, 60.207904199999987 ], [ 29.690472, 60.2077612 ], [ 29.6909779, 60.207689299999984 ], [ 29.6917938, 60.2075348 ], [ 29.6930209, 60.2072943 ], [ 29.6940785, 60.2070961 ], [ 29.6943024, 60.2070542 ], [ 29.6951447, 60.20683 ], [ 29.6944116, 60.2069684 ], [ 29.6926091, 60.2073122 ], [ 29.6916301, 60.207501399999963 ], [ 29.6907195, 60.20767 ], [ 29.6897204, 60.207817299999981 ], [ 29.6886494, 60.208002799999988 ], [ 29.6883136, 60.2080673 ], [ 29.6875538, 60.2082739 ] ] ] } },
{ "type": "Feature", "properties": { "block_id": "407" }, "geometry": { "type": "Polygon", "coordinates": [ [ [ 29.5726156, 60.249984799999986 ], [ 29.5742825, 60.249064599999983 ], [ 29.5776834, 60.2471373 ], [ 29.5762709, 60.247793499999986 ], [ 29.5740321, 60.2490481 ], [ 29.5702202, 60.2511926 ], [ 29.5701957, 60.251210299999975 ], [ 29.5688878, 60.251958 ], [ 29.5681523, 60.2524214 ], [ 29.5679441, 60.2525405 ], [ 29.5673882, 60.252858600000025 ], [ 29.566440225459459, 60.253389111080089 ], [ 29.566521905970887, 60.253416989126443 ], [ 29.5705393, 60.251154199999959 ], [ 29.5726156, 60.249984799999986 ] ] ] } },
{ "type": "Feature", "properties": { "block_id": "408" }, "geometry": { "type": "Polygon", "coordinates": [ [ [ 29.5702202, 60.2511926 ], [ 29.5740321, 60.2490481 ], [ 29.5762709, 60.247793499999986 ], [ 29.5755037, 60.2481544 ], [ 29.5709057, 60.2507374 ], [ 29.5702202, 60.2511926 ] ] ] } },
{ "type": "Feature", "properties": { "block_id": "409" }, "geometry": { "type": "Polygon", "coordinates": [ [ [ 29.5755037, 60.2481544 ], [ 29.5743976, 60.2485947 ], [ 29.5738615, 60.24883929999995 ], [ 29.5735061, 60.24903110000001 ], [ 29.5727474, 60.2494866 ], [ 29.5713874, 60.2503973 ], [ 29.5709057, 60.2507374 ], [ 29.5755037, 60.2481544 ] ] ] } },
{ "type": "Feature", "properties": { "block_id": "410" }, "geometry": { "type": "Polygon", "coordinates": [ [ [ 29.5738316, 60.249438899999987 ], [ 29.5744547, 60.2490217 ], [ 29.5706377, 60.2511776 ], [ 29.56661365309591, 60.253448302850735 ], [ 29.566701713132407, 60.253478358037626 ], [ 29.5707361, 60.2512038 ], [ 29.5738316, 60.249438899999987 ] ] ] } }
]
}
