{"type": "FeatureCollection", "name": "ucm_blocks", "crs": {"type": "name", "properties": {"name": "urn:ogc:def:crs:OGC:1.3:CRS84"}}, "features": [{"type": "Feature", "properties": {"block_id": 0, "area": 206339.68614096197, "dominant_landuse": "residential", "poi_count": 86, "amenity_count": 8, "building_count": 75, "leisure_count": 6, "attractiveness_score": 0.14093456853420047, "attractiveness_rank": 12}, "geometry": {"type": "Polygon", "coordinates": [[[29.60338631883686, 60.25701935486609], [29.6033864, 60.2570196], [29.603386459248433, 60.25701984667891], [29.60338990186969, 60.25703417991336], [29.60339678250724, 60.257062827169655], [29.6033968, 60.2570629], [29.603433299808145, 60.25722379915429], [29.6034333, 60.2572238], [29.60349008172131, 60.25747391948434], [29.6034901, 60.257474], [29.60349011593684, 60.25747408063849], [29.6035804, 60.2579309], [29.6036315, 60.2580067], [29.603741646157495, 60.25811571308936], [29.603855, 60.25822789999999], [29.603977866345627, 60.258332839672455], [29.6040611, 60.258308499999984], [29.60380244064371, 60.25808583498815], [29.6038024, 60.25808580000001], [29.60380345498519, 60.258085625251866], [29.6044049, 60.257986], [29.6048343, 60.25788339999996], [29.605137413814454, 60.25780864322401], [29.6051384, 60.257808399999966], [29.605139500575312, 60.25780841464875], [29.6052511, 60.2578099], [29.6054127, 60.257792], [29.605560819668632, 60.25774342151816], [29.6055618, 60.2577431], [29.605562973626416, 60.25774312375164], [29.6057051, 60.257746], [29.6057927, 60.25772349999998], [29.605864, 60.2576888], [29.605939307108383, 60.2576281772827], [29.6059399, 60.2576277], [29.605941020857042, 60.25762763386686], [29.60613537696812, 60.257616166263155], [29.6061365, 60.2576161], [29.606136926894948, 60.25761662040593], [29.6061388208963, 60.2576189292865], [29.60616754587087, 60.257653946395685], [29.606168, 60.2576545], [29.606167825457167, 60.25765509150711], [29.606153779010096, 60.25770269335552], [29.6061536, 60.2577033], [29.606153037499823, 60.25770384571008], [29.6061, 60.2577553], [29.6062296, 60.25775019999998], [29.6063671, 60.257715699999984], [29.60642096342205, 60.257654681290184], [29.6064213, 60.2576543], [29.606421692536273, 60.25765393215853], [29.606559090189325, 60.25752517774226], [29.6065596, 60.2575247], [29.606559964158457, 60.25752520957953], [29.606649, 60.25764979999999], [29.6069003, 60.2576809], [29.6070227, 60.257661], [29.60712, 60.2576255], [29.60724261397565, 60.257539182944875], [29.6072433, 60.2575387], [29.60724432351908, 60.25753839872949], [29.607307185862847, 60.25751989531743], [29.607369827996536, 60.2575014566736], [29.6073707, 60.2575012], [29.60737170975588, 60.257501156739615], [29.6084443, 60.2574552], [29.6085047, 60.2574259], [29.608545189990046, 60.2573940794001], [29.6085458, 60.257393600000015], [29.608546935136832, 60.25739365937994], [29.608659425663287, 60.257399543801505], [29.6086605, 60.2573996], [29.608661026677197, 60.25740006869487], [29.6086932, 60.2574287], [29.608762, 60.25741719999996], [29.60876092919331, 60.25739597855886], [29.6087609, 60.2573954], [29.60876164747781, 60.25739495618534], [29.60878897763696, 60.25737872890333], [29.6087897, 60.2573783], [29.60879074704806, 60.257378094835445], [29.608818154319493, 60.257372724495745], [29.608847874795774, 60.2573669008849], [29.6088489, 60.2573667], [29.60884931382236, 60.25736720755183], [29.6088723, 60.2573954], [29.6089415751076, 60.257393727163894], [29.6089427, 60.2573937], [29.60894316187137, 60.25739421042101], [29.6089773002435, 60.25743193720177], [29.6089779, 60.25743259999999], [29.608978322509397, 60.257433295733264], [29.6090079, 60.257482], [29.6091048, 60.257532], [29.609164, 60.2575585], [29.60915963062276, 60.25747657417846], [29.6091596, 60.257476], [29.609160422981912, 60.25747559668478], [29.6092049, 60.2574538], [29.60920686433504, 60.257427576127476], [29.6092069, 60.2574271], [29.609207016796066, 60.257426627091], [29.60921022787389, 60.2574136253843], [29.609216967247313, 60.257386337518874], [29.6092171, 60.2573858], [29.60921795115836, 60.2573861382008], [29.6092848, 60.2574127], [29.609330068382384, 60.25742671164241], [29.609331, 60.257427], [29.60933115204171, 60.257427540148626], [29.6093386, 60.257454], [29.6094197, 60.2574645], [29.6094726, 60.2574321], [29.609419456706085, 60.257409464893755], [29.6094186, 60.2574091], [29.60941841717314, 60.257408546708554], [29.609411164764477, 60.257386598629715], [29.609411, 60.2573861], [29.60941119948245, 60.25738560451156], [29.609411812929014, 60.25738408079004], [29.60941698194466, 60.25737124162154], [29.6094172, 60.2573707], [29.60941822446929, 60.257370914302555], [29.609476, 60.257383], [29.609602183310756, 60.257401597540266], [29.6096022, 60.2574016], [29.609729754114095, 60.257420346289486], [29.609729820285693, 60.25742035601457], [29.6097308, 60.2574205], [29.60973155451144, 60.25742084230616], [29.60977218787759, 60.25743927680261], [29.60980337745465, 60.25745342682949], [29.6098042, 60.2574538], [29.60980402756303, 60.25745434679597], [29.6097849, 60.257515], [29.609819354766167, 60.25755804377745], [29.6098198, 60.2575586], [29.609819742073753, 60.257559197917644], [29.609818436610933, 60.257572672965686], [29.609813953329244, 60.2576189495346], [29.6098139, 60.25761949999998], [29.60981282411041, 60.257619366285454], [29.6097616, 60.257613], [29.609716854545166, 60.257610752957675], [29.6097158, 60.2576107], [29.609714783870306, 60.25761055017677], [29.6096473, 60.2576006], [29.609597496475494, 60.257638446726595], [29.6095969, 60.25763890000001], [29.609595972309382, 60.2576386157496], [29.60958399318967, 60.257634945269], [29.60956196514496, 60.25762819572709], [29.609561, 60.2576279], [29.609560344302047, 60.25762744031801], [29.6095232, 60.2576014], [29.609429, 60.2575699], [29.6094168, 60.2576004], [29.60941294051384, 60.25765740164258], [29.6094129, 60.257658], [29.609412364718175, 60.25765853636193], [29.6093633, 60.2577077], [29.6095038, 60.2577489], [29.609729, 60.25781], [29.6099344, 60.25780529999998], [29.6101335, 60.2577852], [29.610138, 60.2577023], [29.6101341, 60.25761949999998], [29.610095415796774, 60.25755254657249], [29.6100951, 60.257552], [29.610095357639402, 60.25755144594522], [29.610134043827433, 60.25746825090311], [29.6101343, 60.2574677], [29.610135427543387, 60.25746762412745], [29.610304092345924, 60.25745627453568], [29.6103052, 60.2574562], [29.61030511479552, 60.257456753830134], [29.610295, 60.2575225], [29.61030826522003, 60.25757655082286], [29.6103084, 60.25757710000001], [29.61030780034895, 60.257577566142], [29.6102298, 60.2576382], [29.6102193, 60.2576902], [29.6103067, 60.2576886], [29.6104064, 60.2576563], [29.6105905, 60.2575949], [29.6105549693395, 60.25754145555343], [29.6105546, 60.2575409], [29.61055517994157, 60.25754039081207], [29.610604057631427, 60.257497476200314], [29.6106046, 60.257497], [29.610605693938385, 60.25749706243646], [29.610627294098514, 60.25749829526184], [29.610852385782227, 60.257511142115526], [29.6108534, 60.25751119999998], [29.61085437673638, 60.2575113475736], [29.611543291499114, 60.25761543252512], [29.6115444, 60.2576156], [29.611545200412237, 60.25761601626048], [29.6120057, 60.2578555], [29.61258, 60.25806810000001], [29.6127470743772, 60.25804891775515], [29.6127481, 60.2580488], [29.612749122717524, 60.2580489238376], [29.6130355, 60.2580836], [29.614046949444187, 60.25807410986109], [29.614048, 60.2580741], [29.61404894779789, 60.25807432539458], [29.6144929, 60.2581799], [29.614896222620544, 60.25812984611926], [29.6148974, 60.258129699999934], [29.614898561982734, 60.25812987391012], [29.6153003, 60.25819], [29.6155196, 60.258159], [29.6157443, 60.2581031], [29.6164331, 60.25783570000003], [29.616493199263097, 60.25778690059833], [29.6164932, 60.2577869], [29.616602096299697, 60.25769849012899], [29.6166027, 60.257698], [29.616603803139864, 60.257697827588046], [29.61695991161253, 60.25764217010973], [29.616961, 60.257642], [29.616961999330908, 60.257642273584324], [29.617090032652914, 60.257677324853475], [29.61733677833237, 60.25774487505782], [29.6173376, 60.257745100000015], [29.6173382846226, 60.2577454187053], [29.617568812308264, 60.25785273331782], [29.6175696, 60.257853099999984], [29.617569063596864, 60.25785356542104], [29.6174307772108, 60.25797355189995], [29.6174167377514, 60.25798573341347], [29.6174162, 60.2579862], [29.617415195121072, 60.257986399412665], [29.61734744695059, 60.25799984363907], [29.617237413479028, 60.25802167903824], [29.6172363, 60.25802190000001], [29.617235102215957, 60.25802187335378], [29.6170565, 60.2580179], [29.616972, 60.2580567], [29.616957454648396, 60.25813160361505], [29.6169573, 60.2581324], [29.61695691923857, 60.25813317739011], [29.6169117, 60.2582255], [29.6169966, 60.2582707], [29.6171451, 60.258292], [29.617792992505496, 60.25822122099117], [29.6177941, 60.258221100000014], [29.61779504419399, 60.25822141203971], [29.61802051204116, 60.258295924874034], [29.61803899083554, 60.25830203173178], [29.6180395, 60.25830219999999], [29.618039990088274, 60.258302381717016], [29.6184454, 60.2584527], [29.6188646, 60.2583765], [29.619029303278456, 60.258190049107874], [29.6190297, 60.2581896], [29.61903038231523, 60.258189245593485], [29.619312148865294, 60.258042890157576], [29.6193129, 60.25804249999999], [29.619313985813193, 60.25804247961378], [29.619379093242262, 60.258041257202166], [29.61943427650921, 60.25804022109463], [29.6194354, 60.2580402], [29.61943621592766, 60.258040584363464], [29.61945835197301, 60.2580510121045], [29.61953140436097, 60.25808542519566], [29.6195322, 60.25808580000001], [29.61953255180131, 60.25808631597702], [29.6196042, 60.2581914], [29.6196932, 60.258208199999935], [29.619797132271028, 60.25813815004797], [29.6197978, 60.2581377], [29.619798853153284, 60.2581378968878], [29.619853775274574, 60.258148164605636], [29.62004662827454, 60.25818421833752], [29.6200476, 60.2581844], [29.62004823599198, 60.25818480777761], [29.621093357427057, 60.25885488802503], [29.621094, 60.2588553], [29.62109447837923, 60.25885576386291], [29.6214366, 60.25918749999999], [29.62167711428338, 60.259264416748266], [29.621678, 60.2592647], [29.621678534822415, 60.25926515089378], [29.621819541058407, 60.25938402877613], [29.6218201, 60.2593845], [29.621819107024958, 60.25938473609266], [29.6216914, 60.2594151], [29.6219666, 60.2596437], [29.6224424, 60.259693099999986], [29.6226972, 60.2596439], [29.6227225967538, 60.25951173728716], [29.6227227, 60.2595112], [29.622723291733056, 60.25951074738959], [29.623061088531916, 60.25925236771436], [29.6230617, 60.2592519], [29.623062772659804, 60.25925173573997], [29.623406854682333, 60.259199044762624], [29.6234078, 60.2591989], [29.6234087878832, 60.259198925272884], [29.6237948, 60.2592088], [29.62390862827124, 60.25917588102329], [29.6239096, 60.2591756], [29.623910683775193, 60.25917574868663], [29.624034632935572, 60.2591927536071], [29.6240357, 60.2591929], [29.624035407957393, 60.259193430575216], [29.6240035, 60.2592514], [29.62406739916465, 60.259319472983556], [29.6240678, 60.2593199], [29.624068051548203, 60.25932035430159], [29.6241343, 60.25944], [29.62431638755216, 60.259523083666195], [29.6243173, 60.2595235], [29.62431777008573, 60.259524069505], [29.624548767858375, 60.259803918767645], [29.624549, 60.2598042], [29.624549201152973, 60.2598044870659], [29.62476049053997, 60.260106015670175], [29.6247609, 60.26010659999993], [29.62476076829077, 60.260107215265926], [29.6247326, 60.2602388], [29.6246821, 60.2605906], [29.6247458, 60.2608159], [29.62488838893372, 60.26126253887546], [29.6248886, 60.26126320000002], [29.62488865123365, 60.26126386890648], [29.6249047, 60.2614734], [29.6249535, 60.2615424], [29.6251238, 60.2615079], [29.6254509207198, 60.26134399047475], [29.6254517, 60.26134360000001], [29.625452757430313, 60.26134343768647], [29.6256289, 60.2613164], [29.62562621558457, 60.26121986046985], [29.6256262, 60.2612193], [29.625626624441534, 60.26121878066296], [29.625695197815045, 60.26113487560245], [29.625715662335313, 60.26110983552043], [29.6257161, 60.2611093], [29.62571724930115, 60.26110921072901], [29.6259105, 60.2610942], [29.626013655400968, 60.26105971577442], [29.6260146, 60.261059399999986], [29.626015712467627, 60.2610595202557], [29.626392750986604, 60.261100276849604], [29.626658396781007, 60.261128991559154], [29.6266594, 60.2611291], [29.626660205525535, 60.26112941628786], [29.6280174, 60.2616623], [29.6283753, 60.2616803], [29.628699, 60.26159680000004], [29.62861370017292, 60.261445034071954], [29.6286134, 60.2614445], [29.62861451534879, 60.261444519062636], [29.6291459, 60.2614536], [29.629359489911344, 60.261393029727685], [29.6293603, 60.2613928], [29.62936119874206, 60.261392676005194], [29.62959116828157, 60.261360948067335], [29.629453, 60.2612395], [29.6288709, 60.2607607], [29.628449, 60.260465], [29.6279772, 60.2602002], [29.6277928, 60.26011549999996], [29.62701852791406, 60.259866441146556], [29.6270184, 60.2598664], [29.62693182417333, 60.25983813641441], [29.6269311, 60.2598379], [29.626931099808285, 60.259837899942525], [29.6265298, 60.2597176], [29.626100922455382, 60.25959069541524], [29.6261006, 60.2595906], [29.626100284104204, 60.259590499312786], [29.6251594, 60.2592906], [29.624922714426795, 60.259219524450984], [29.6249223, 60.259219399999985], [29.62492189669164, 60.25921926683463], [29.624053830990604, 60.25893264136931], [29.6240531, 60.2589324], [29.624052408932446, 60.25893213115585], [29.622891, 60.2584803], [29.62116490095423, 60.257849400348796], [29.6211649, 60.2578494], [29.6203913, 60.2575666], [29.6198863, 60.2574591], [29.6195584, 60.25739], [29.6181398, 60.2571086], [29.61728640672049, 60.25695124874888], [29.6172856, 60.2569511], [29.617284818409562, 60.256950921162506], [29.6170496, 60.256897100000025], [29.61685735717695, 60.25695909134636], [29.6168564, 60.256959399999985], [29.616855275683893, 60.2569594967257], [29.616594813383752, 60.25698190421709], [29.6165937, 60.256982], [29.616593766532333, 60.25698143946666], [29.61660563933934, 60.25688141106748], [29.6166057, 60.2568809], [29.6166062870796, 60.25688047930284], [29.6166985, 60.2568144], [29.616529830672174, 60.25676541221491], [29.6165291, 60.25676520000003], [29.616528441299426, 60.25676493593776], [29.616258875504553, 60.25665687080187], [29.6162582, 60.2566566], [29.616257568335897, 60.256656304220606], [29.615895312802902, 60.256486675140785], [29.615722848973167, 60.25640591658553], [29.6157226, 60.25640579999997], [29.615722358248878, 60.25640567971968], [29.6153972, 60.2562439], [29.615027, 60.2561283], [29.6148018, 60.2560743], [29.6143712, 60.255981], [29.6141332, 60.2559457], [29.6138958, 60.255920199999984], [29.6137779, 60.2559117], [29.613583698349448, 60.255902428566394], [29.6135831, 60.2559024], [29.613582505557627, 60.255902355650434], [29.6135067, 60.2558967], [29.61338549805157, 60.25589818896784], [29.6133846, 60.25589820000001], [29.613383703024816, 60.255898175527946], [29.613216, 60.2558936], [29.613004, 60.2558947], [29.6128227, 60.2559024], [29.612568501129715, 60.25592409990358], [29.6125685, 60.255924100000016], [29.612249997477917, 60.25595127916204], [29.612223810359527, 60.25595351378325], [29.6122228, 60.255953599999984], [29.61222177807224, 60.25595364033953], [29.6121468, 60.25595659999998], [29.6112611, 60.2560638], [29.610503301689562, 60.25615988567243], [29.6105024, 60.25616], [29.610501482432145, 60.256160077051796], [29.610294, 60.2561775], [29.6097483, 60.256237599999984], [29.608390538237423, 60.25640584569875], [29.6083901, 60.2564059], [29.608389657742915, 60.25640594554805], [29.6079852, 60.25644759999999], [29.607609757529517, 60.25648894961037], [29.6076093, 60.256489], [29.60760883865674, 60.256489040911504], [29.6070432, 60.2565392], [29.6066818, 60.2565722], [29.606524980611578, 60.25658689244753], [29.6065249, 60.2565869], [29.6062853, 60.2566089], [29.60584008039161, 60.25665361606992], [29.605665099579216, 60.25667118999899], [29.605665, 60.2566712], [29.6055172, 60.2566857], [29.604815392137226, 60.25676558951193], [29.6048153, 60.2567656], [29.6036356, 60.2568973], [29.6033568, 60.2569302], [29.60338631883686, 60.25701935486609]]]}}, {"type": "Feature", "properties": {"block_id": 1, "area": 1950888.5335477407, "dominant_landuse": "industrial", "poi_count": 273, "amenity_count": 47, "building_count": 226, "leisure_count": 1, "attractiveness_score": 0.3154954347981728, "attractiveness_rank": 2}, "geometry": {"type": "Polygon", "coordinates": [[[29.6033568, 60.2569302], [29.6030937, 60.2569593], [29.6027172, 60.2570012], [29.6021285, 60.25710680000001], [29.601906, 60.25714760000001], [29.601579964904538, 60.25722479521834], [29.6015791, 60.257225], [29.601578203284227, 60.25722516762225], [29.6010559, 60.2573228], [29.6006504, 60.2573998], [29.600480444917952, 60.2574327718855], [29.6004803, 60.25743279999999], [29.600480154316926, 60.257432827119395], [29.60027017094782, 60.25747191606779], [29.600104866288888, 60.257502687660335], [29.6001048, 60.25750270000001], [29.599831345377492, 60.25755311788442], [29.5998309, 60.2575532], [29.599830448050177, 60.257553272735784], [29.599766910901337, 60.25756349824556], [29.5997669, 60.2575635], [29.59972411588962, 60.25757039743832], [29.5997241, 60.257570399999956], [29.599457397255104, 60.25761328787677], [29.5994567, 60.25761339999998], [29.5994559895773, 60.25761348941465], [29.59920171297281, 60.25764549270192], [29.59837711414075, 60.25774927304997], [29.5983769, 60.2577493], [29.598376684838726, 60.25774932486311], [29.598369806883102, 60.257750119649515], [29.598355130840304, 60.257751815547394], [29.5983544, 60.2577519], [29.598353659487504, 60.257751960150244], [29.59824385235658, 60.257760879501845], [29.5982436, 60.2577609], [29.598243346773728, 60.25776091765308], [29.597952528925056, 60.25778119101257], [29.5979524, 60.25778119999998], [29.59757192569916, 60.25780661145867], [29.5975706, 60.25780669999999], [29.597569262490037, 60.25780671007509], [29.5972121, 60.2578094], [29.59720330095561, 60.25786009449438], [29.5972033, 60.25786009999999], [29.597195296483374, 60.25790594730539], [29.5971952, 60.25790649999996], [29.59719421792567, 60.25790676384674], [29.5966231, 60.25806019999999], [29.596342562198032, 60.25817728190009], [29.5963418, 60.25817760000001], [29.596340937347062, 60.25817784674556], [29.595895479615795, 60.25830526025928], [29.59551790988695, 60.258413253947126], [29.5955167, 60.2584136], [29.59551541348392, 60.258413869290266], [29.5934021, 60.2588562], [29.593199027578418, 60.25894981847951], [29.5931982, 60.2589502], [29.593197106676268, 60.25895006030104], [29.5921816, 60.25882029999999], [29.59117677158902, 60.25875646173033], [29.5911758, 60.2587564], [29.591174893083657, 60.25875621613033], [29.5901346, 60.2585453], [29.588777975876404, 60.25828001039624], [29.5887769, 60.2582798], [29.588775932693316, 60.2582794852924], [29.5877454, 60.2579442], [29.586985683349905, 60.2577005832666], [29.5869848, 60.25770029999999], [29.586984037447685, 60.257699940367885], [29.586095004707847, 60.25728064961286], [29.58584848974993, 60.257164383821845], [29.5858481, 60.257164199999984], [29.58584772828983, 60.2571640071722], [29.5850755, 60.25676339999998], [29.5841200105619, 60.25641693018546], [29.5841191, 60.2564166], [29.584118260185694, 60.25641622636418], [29.5831924, 60.2560043], [29.583033309091018, 60.25595594591594], [29.5830325, 60.2559557], [29.583031785038855, 60.25595539031795], [29.582802008771775, 60.25585586330545], [29.581824516690805, 60.255432453764634], [29.5818237, 60.25543209999993], [29.58182438228546, 60.2554316817824], [29.5819733, 60.2553404], [29.5819971, 60.255321], [29.581526801206014, 60.255146900446476], [29.5815268, 60.25514690000004], [29.58121437444278, 60.25503122756187], [29.5812143, 60.2550312], [29.58099965882262, 60.254951046026086], [29.580999, 60.25495079999995], [29.58099837901135, 60.254950530740764], [29.58092531321832, 60.254918849536026], [29.580749046172528, 60.254842420020516], [29.580749, 60.2548424], [29.580517804386428, 60.25474160191243], [29.580517801410025, 60.254741600614736], [29.5805178, 60.2547416], [29.579175694770758, 60.254156341328404], [29.5791756, 60.2541563], [29.579175506164248, 60.254156258148306], [29.5782864, 60.2537597], [29.577395752941168, 60.2533652677329], [29.5773956, 60.25336519999998], [29.575679905900724, 60.252591347767556], [29.5756798, 60.2525913], [29.575679695312896, 60.252591251563516], [29.5753301, 60.2524295], [29.574650865394467, 60.25213297220594], [29.5746507, 60.25213289999996], [29.574650537469946, 60.25213282620475], [29.574343264724668, 60.25199331100667], [29.5743428, 60.2519931], [29.574342359657326, 60.25199287644933], [29.5741482227425, 60.251894317688944], [29.5741474, 60.2518939], [29.574146669096958, 60.25189344205862], [29.573825044142996, 60.25169192889962], [29.5738242, 60.2516914], [29.573823489658896, 60.251690824575014], [29.573582461081255, 60.25149557351278], [29.573582, 60.2514952], [29.573581661435394, 60.251494795385504], [29.57354066165209, 60.251445796950165], [29.573500504631077, 60.25139780553457], [29.5735005, 60.2513978], [29.57345574725158, 60.25134423531746], [29.5734553, 60.251343699999985], [29.57345496618467, 60.251343144614935], [29.573437465959945, 60.25131402860045], [29.573386956288374, 60.2512299927789], [29.5733866, 60.251229399999986], [29.57338637709043, 60.251228791337006], [29.573351038650113, 60.25113229809216], [29.57333407183468, 60.2510859692054], [29.5733339, 60.2510855], [29.573333808924357, 60.25108502523818], [29.573315614354005, 60.25099017975224], [29.573309122904092, 60.25095634068351], [29.573309, 60.2509557], [29.57330917338631, 60.25095506220665], [29.573342633385156, 60.25083198073719], [29.573342781411295, 60.25083143622611], [29.5733429, 60.250831], [29.573343154272855, 60.250830578342146], [29.57343279162239, 60.25068193301844], [29.573466104540127, 60.250626689964115], [29.5734664, 60.2506262], [29.573466783966307, 60.25062572543759], [29.573536476796423, 60.25053958848053], [29.57360847133432, 60.25045060621828], [29.5736088, 60.25045019999999], [29.57360919137337, 60.25044980775145], [29.57362897656578, 60.25042997830374], [29.573786760582415, 60.25027184040547], [29.5737872, 60.25027139999994], [29.573787715257925, 60.25027098039273], [29.573906405134455, 60.25017432335414], [29.57391048005407, 60.250171004864946], [29.5739111, 60.2501705], [29.573911823366284, 60.25017003035381], [29.5740853, 60.2500574], [29.574337122836475, 60.24989225060531], [29.5743372, 60.249892199999984], [29.574337278310765, 60.249892149831936], [29.5745779, 60.249738], [29.5746928, 60.2496641], [29.574607015549685, 60.2496320431799], [29.5746069, 60.249632], [29.57456915690035, 60.24961770620318], [29.5745665, 60.2496167], [29.574566499612065, 60.24961669989379], [29.574564880081837, 60.24961625657751], [29.574350264625995, 60.249557509304154], [29.5743495, 60.2495573], [29.574348809362103, 60.249557034652646], [29.574193901815978, 60.249497518016774], [29.574123412822804, 60.24954471392004], [29.573616625082664, 60.24989610986576], [29.57335518040762, 60.25012267887531], [29.573206003090995, 60.25032354526344], [29.573132428222042, 60.250479755324044], [29.573132301915926, 60.25048002348885], [29.573132149288377, 60.25048028825032], [29.573122843460432, 60.25049643096634], [29.573122538159033, 60.25049696056902], [29.57312212988759, 60.2504974727479], [29.573109889605497, 60.25051282824467], [29.57310948133366, 60.25051334042353], [29.573108974023587, 60.250513830246064], [29.573096968368887, 60.250525422047836], [29.57309376449058, 60.250528515482095], [29.57309325718004, 60.250529005304564], [29.573092655716923, 60.2505294680534], [29.57307710956734, 60.25054142881983], [29.573074623406082, 60.250543341600824], [29.573074021942364, 60.250543804349675], [29.57307333211847, 60.25054423556835], [29.573062924424505, 60.2505507415634], [29.573052650688428, 60.25055716381622], [29.573051960864102, 60.250557595034714], [29.573051189322932, 60.25055799057017], [29.573035049633997, 60.25056626468108], [29.57302805794602, 60.25056984901107], [29.573027286404173, 60.250570244546495], [29.57302644057591, 60.25057060058959], [29.573015783681715, 60.25057508650356], [29.57300108201974, 60.25058127501899], [29.573000236190882, 60.25058163106195], [29.57299932422131, 60.250581944183736], [29.57298247387647, 60.25058772969288], [29.572971982703592, 60.250591331799626], [29.57297107073342, 60.25059164492129], [29.572970101405346, 60.25059191210618], [29.572966647636044, 60.25059286410063], [29.572941040241492, 60.250599922499624], [29.57294007091298, 60.250600189684285], [29.57293905356185, 60.25060040835907], [29.572920954342592, 60.25060429869842], [29.572908552629233, 60.25060696438453], [29.57290753527769, 60.25060718305909], [29.572906479701143, 60.25060735111779], [29.57287483274408, 60.250612389636125], [29.572873777167267, 60.25061255769456], [29.57287269353136, 60.25061267351863], [29.5728515750329, 60.25061493076091], [29.57284020533133, 60.2506161460054], [29.572839121695278, 60.2506162618292], [29.57283802043599, 60.25061632430318], [29.572822527639804, 60.250617203202744], [29.572805003877345, 60.250618197315845], [29.572803902617917, 60.2506182597896], [29.572802794341303, 60.25061826831187], [29.572769567396453, 60.25061852381193], [29.572768459119583, 60.25061853233393], [29.572767354498804, 60.25061848682238], [29.57274749284984, 60.250617668500006], [29.572734237166657, 60.250617122349176], [29.572733132546116, 60.25061707683738], [29.57273204221979, 60.25061697773032], [29.572709455890802, 60.2506149247059], [29.57269935344331, 60.250614006424684], [29.57269826311725, 60.25061390731738], [29.57269719758581, 60.250613755569276], [29.572665252181064, 60.25060920604691], [29.572664186649888, 60.25060905429855], [29.572663156175285, 60.250608851370885], [29.572642637285497, 60.25060481065713], [29.572632261798173, 60.25060276744681], [29.572631231323818, 60.25060256451887], [29.572630245829885, 60.250602312365885], [29.572600700014274, 60.25059475263255], [29.57259971452097, 60.250594500479366], [29.5725987834991, 60.25059420152954], [29.572593171001472, 60.250592399364194], [29.572570870790123, 60.25058523879228], [29.572569939768673, 60.250584939842255], [29.57256907218487, 60.250584596974605], [29.572543061399664, 60.250574317550736], [29.57254219381644, 60.25057397468295], [29.57254139802623, 60.25057359119959], [29.572539999488235, 60.25057291725804], [29.572517539663927, 60.25056209408671], [29.57251674387427, 60.250561710603186], [29.572516027541457, 60.25056129019727], [29.572507699806334, 60.25055640276247], [29.57249455137147, 60.25054868612025], [29.57249383503928, 60.250548265714244], [29.57249320506261, 60.25054781243458], [29.57248902574187, 60.250544805336986], [29.572474317911425, 60.2505342227789], [29.57247368793521, 60.25053376949908], [29.572473150381555, 60.25053328771101], [29.5724712914896, 60.250531621659455], [29.57245649658779, 60.25051836156549], [29.57244135731717, 60.250504792814134], [29.57178967423929, 60.25087634405319], [29.57100841668756, 60.25132175581213], [29.571008377271877, 60.251321778283476], [29.571007113275442, 60.25132249492819], [29.57100707374371, 60.25132251734527], [29.56700168512449, 60.253580738629566], [29.568084474150897, 60.25395028402403], [29.5680854, 60.2539506], [29.568084745185494, 60.253951053491335], [29.5589315, 60.2602886], [29.57700828529073, 60.26567605728675], [29.5770091, 60.2656763], [29.577009766944272, 60.26567663607416], [29.580600990890353, 60.26748610886994], [29.5811762, 60.267504], [29.581308546379077, 60.26745664124416], [29.5813095, 60.2674563], [29.581310675267222, 60.26745630000271], [29.581410838988795, 60.26745630019596], [29.58566804868062, 60.265297680993584], [29.5856688, 60.2652973], [29.585669723551526, 60.26529757195133], [29.58685446770367, 60.2656464256567], [29.58691721448696, 60.265469223905875], [29.5869174, 60.2654687], [29.586918316462487, 60.265468424916214], [29.5871676, 60.26539360000002], [29.587358908181496, 60.265275726263084], [29.5873596, 60.26527529999998], [29.587360613303648, 60.26527508458882], [29.58771390693403, 60.265199979725494], [29.58801003709184, 60.2651370259633], [29.5880111, 60.2651368], [29.588012250667777, 60.26513674421946], [29.5883659, 60.2651196], [29.5884877, 60.2650431], [29.5884678, 60.2649186], [29.58830195564685, 60.26481062686139], [29.5883013, 60.2648102], [29.58830131943748, 60.26480966313824], [29.5883063, 60.2646721], [29.588150657290985, 60.26462310137039], [29.5881497, 60.264622799999984], [29.58814947118179, 60.26462224855194], [29.5880597, 60.264405900000014], [29.587914049770543, 60.26426084792569], [29.5879136, 60.2642604], [29.587913583166948, 60.264259899500075], [29.587910523243472, 60.26416891793615], [29.58790911773099, 60.2641271272043], [29.5879091, 60.26412659999997], [29.58790947302442, 60.264126106364884], [29.58803214830914, 60.26396376540854], [29.5880325, 60.26396329999993], [29.588033085394496, 60.26396289682797], [29.58810051310091, 60.26391645803689], [29.588328059970074, 60.2637597408073], [29.5883287, 60.2637593], [29.588329656360497, 60.263759563931565], [29.5884827, 60.2638018], [29.588571130754655, 60.26381879451422], [29.5885722, 60.263819], [29.588571950575986, 60.26381955594603], [29.5885473, 60.2638745], [29.5885871, 60.2639337], [29.5887337, 60.26393], [29.5888754, 60.2638708], [29.58887788337805, 60.263783881769236], [29.5888779, 60.2637833], [29.588878689617484, 60.26378287032577], [29.5889549, 60.2637414], [29.5889723, 60.2636995], [29.58893030721027, 60.26356207810107], [29.5889301, 60.2635614], [29.58893022923765, 60.263560717140805], [29.588974404140647, 60.263327306503506], [29.5889745, 60.26332680000004], [29.58897486620729, 60.263326324910636], [29.589088597123258, 60.263178778403294], [29.589188015790164, 60.263049798453395], [29.5891884, 60.2630493], [29.589189051086105, 60.26304887543916], [29.58933170993243, 60.262955849983214], [29.5893324, 60.26295539999999], [29.589333518297217, 60.26295550641136], [29.589639478990787, 60.262984619663534], [29.58977903276332, 60.26299789845115], [29.5897801, 60.262998], [29.589780635847053, 60.26299846967644], [29.5898546, 60.263063299999985], [29.5900112, 60.2630547], [29.589989074501705, 60.262987430548925], [29.5899889, 60.2629869], [29.589989742041453, 60.262986562401764], [29.590052619285476, 60.26296135310429], [29.5900535, 60.262961], [29.5900543479579, 60.26296137237188], [29.5901603, 60.2630079], [29.5902871, 60.2629696], [29.590257427, 60.262830893663676], [29.5902573, 60.26283029999998], [29.590257428183886, 60.26282970639909], [29.590286973488386, 60.26269288586149], [29.5902871, 60.26269229999998], [29.590287800480482, 60.262691824543516], [29.590674928165992, 60.26242905602166], [29.5906756, 60.2624286], [29.59067651450351, 60.262428263956245], [29.5908182, 60.262376199999984], [29.590903905602303, 60.26227297501948], [29.5909043, 60.2622725], [29.590905187833645, 60.262272236459744], [29.59119104204783, 60.262187384357404], [29.591192, 60.2621871], [29.591193114249037, 60.26218713008255], [29.591321421643112, 60.26219059407063], [29.591461264371425, 60.262194369342524], [29.5914624, 60.262194399999984], [29.59146336493152, 60.26219469909077], [29.5916592, 60.2622554], [29.5921018, 60.2623384], [29.592528479280375, 60.262331019387794], [29.5925296, 60.262331], [29.592530648580468, 60.26233119750387], [29.5926395, 60.2623517], [29.5930956, 60.2623853], [29.593251015059842, 60.262352230853935], [29.5932521, 60.262352], [29.593253280139805, 60.262352007836775], [29.5939903, 60.2623569], [29.5940649, 60.26232859999993], [29.594045325038362, 60.26229830307492], [29.594045, 60.2622978], [29.594045627324693, 60.262297373366536], [29.5940922, 60.262265699999986], [29.594082375193167, 60.262204567869546], [29.5940823, 60.2622041], [29.59408230374483, 60.26220363064486], [29.594084694868492, 60.26190394314493], [29.5940847, 60.2619033], [29.594084999098165, 60.26190267425471], [29.59430849258945, 60.261435095319335], [29.59439266698017, 60.26125898752152], [29.5943929, 60.26125849999998], [29.59439353385605, 60.261258110265366], [29.5949315755018, 60.26092728399103], [29.5949322, 60.2609269], [29.59493300449146, 60.26092661026119], [29.595294228874817, 60.2607965137419], [29.5952951, 60.2607962], [29.59529617505457, 60.260796221199264], [29.5955436, 60.26080109999999], [29.5958046, 60.260749299999986], [29.59593797464778, 60.26069175609562], [29.5959388, 60.2606914], [29.59593987979374, 60.26069148441629], [29.596068612705587, 60.26070154845325], [29.5976195, 60.2602335], [29.598483077385012, 60.25996806842484], [29.5984833, 60.259968], [29.59848352574755, 60.259967934157636], [29.598962416971833, 60.25982825755254], [29.5989633, 60.259828], [29.59896428981912, 60.25982786979781], [29.599428974429337, 60.25976674360921], [29.59944250022223, 60.259691356123504], [29.5994426, 60.2596908], [29.59944346952267, 60.259690446367095], [29.5998992, 60.2595051], [29.6000885, 60.2594092], [29.60022381468907, 60.25922811564388], [29.6002242, 60.2592276], [29.60022520566519, 60.259227370149574], [29.601939728154157, 60.25883549071077], [29.601941, 60.258835199999986], [29.601942334419714, 60.25883498965538], [29.6021605, 60.2588006], [29.602150135284322, 60.25877762162128], [29.6021499, 60.2587771], [29.60215090592971, 60.25877691051427], [29.6022279787143, 60.2587623923791], [29.602229, 60.2587622], [29.602229208679006, 60.25876273272578], [29.6022413, 60.258793599999976], [29.6025067, 60.2587701], [29.602540048149464, 60.258722304285065], [29.6025404, 60.2587218], [29.602541354637815, 60.2587215553616], [29.6029115, 60.2586267], [29.602937832200663, 60.25854561669655], [29.602938, 60.2585451], [29.602938935172396, 60.25854485919921], [29.60302264914532, 60.25852330335712], [29.60318054209619, 60.258482646656674], [29.6031815, 60.258482400000034], [29.603182534740515, 60.258482248230266], [29.6037201, 60.25840339999993], [29.603818929263106, 60.25837904666045], [29.603825828118396, 60.25837512506724], [29.6038258, 60.2583751], [29.603826767911766, 60.25837483164999], [29.603847194164146, 60.2583691685436], [29.60387713157859, 60.258360868491884], [29.6038781, 60.25836060000001], [29.603878128141513, 60.25836062508788], [29.60388471539841, 60.25836007931359], [29.603977866345627, 60.258332839672455], [29.603855349861675, 60.25822819881663], [29.603855, 60.25822789999999], [29.603854687830484, 60.25822759104532], [29.603632220010617, 60.25800741260659], [29.6036315, 60.2580067], [29.603630990289034, 60.258005943913965], [29.60358080418978, 60.25793149956287], [29.6035804, 60.2579309], [29.60358027562908, 60.25793027071739], [29.6034901, 60.257474], [29.603433300207993, 60.257223800916215], [29.6034333, 60.2572238], [29.6033968, 60.2570629], [29.6033864, 60.2570196], [29.6033568, 60.2569302]]]}}, {"type": "Feature", "properties": {"block_id": 2, "area": 124736.585842231, "dominant_landuse": "residential", "poi_count": 74, "amenity_count": 25, "building_count": 46, "leisure_count": 7, "attractiveness_score": 0.17132833310238982, "attractiveness_rank": 9}, "geometry": {"type": "Polygon", "coordinates": [[[29.6033568, 60.2569302], [29.60363546626363, 60.25689731578179], [29.6036356, 60.2568973], [29.60363573411263, 60.2568972850285], [29.6048153, 60.2567656], [29.605516866782633, 60.256685737932386], [29.6055172, 60.2566857], [29.60551753537564, 60.256685667097976], [29.605665, 60.2566712], [29.605636541993817, 60.2566292618857], [29.6056365, 60.2566292], [29.60563645945863, 60.25662913787549], [29.605622601485646, 60.25660790227657], [29.6056226, 60.2566079], [29.6054674, 60.2563699], [29.6054268, 60.25631340000001], [29.605373085598867, 60.256247105646395], [29.605373, 60.256247], [29.605372918733924, 60.256246893511836], [29.605244181401577, 60.25607819978055], [29.6052438, 60.2560777], [29.60524455687586, 60.25607732022011], [29.605973252239373, 60.255711674502656], [29.6059736, 60.25571149999998], [29.605973962793573, 60.25571133322705], [29.60611954864945, 60.25564440851049], [29.606307297161315, 60.25555810130493], [29.6063073, 60.2555581], [29.606567458641198, 60.25543854649524], [29.60657206964973, 60.25543642753642], [29.606573, 60.255436], [29.606574020833968, 60.255435626924495], [29.606622394697368, 60.255417948122755], [29.6066228, 60.25541779999998], [29.606623218177987, 60.25541766099679], [29.606654817706776, 60.25540715724358], [29.606658579739605, 60.255405906734595], [29.6066586, 60.2554059], [29.607343009310565, 60.25517892854828], [29.607344, 60.25517859999999], [29.607345054786276, 60.25517832511005], [29.607861634660786, 60.25504369666684], [29.60818591107334, 60.25495918379795], [29.608187, 60.2549589], [29.6081881445369, 60.254958676692425], [29.608673275950164, 60.25486402283364], [29.609196734261317, 60.25476188843228], [29.6091977, 60.2547617], [29.60919871876519, 60.25476160244459], [29.6096718, 60.2547163], [29.61013007999977, 60.25462500320288], [29.6101311, 60.2546248], [29.610132154904193, 60.254624647014154], [29.6111971, 60.2544702], [29.61179333701298, 60.25437114369227], [29.6117936, 60.2543711], [29.611793865066435, 60.25437105953091], [29.612224358115444, 60.25430533307043], [29.612564440888942, 60.25425340902519], [29.6125645, 60.254253399999946], [29.6130579, 60.2541788], [29.61300780184044, 60.254132601697165], [29.6130078, 60.2541326], [29.6119785, 60.253183], [29.611788069931077, 60.25325012287174], [29.611787, 60.253250499999986], [29.611785849330136, 60.253250812956104], [29.61131701111439, 60.25337832500553], [29.611316, 60.2533786], [29.611314869115567, 60.25337871070397], [29.6111311, 60.25339670000001], [29.610593924238366, 60.2534616849705], [29.6105938, 60.253461699999974], [29.61059367542676, 60.25346171432918], [29.6104562444273, 60.25347752243252], [29.610188514549638, 60.253508317810386], [29.6101878, 60.25350839999999], [29.610187076221642, 60.25350845896209], [29.609756474350768, 60.2535435369207], [29.6097557, 60.2535436], [29.60975491870435, 60.253543636201], [29.609642023784364, 60.253548867089386], [29.608967904242657, 60.25358009980343], [29.6089679, 60.2535801], [29.607912304853873, 60.253629099774706], [29.6079123, 60.2536291], [29.606571101849706, 60.25369119991436], [29.6065711, 60.2536912], [29.60606619691869, 60.25371455264599], [29.606052209001287, 60.25371519958371], [29.6060522, 60.25371520000002], [29.605154408510497, 60.25375689960474], [29.6051544, 60.2537569], [29.604235505530998, 60.25379939974419], [29.6042355, 60.2537994], [29.6029091, 60.2538609], [29.602074536422254, 60.25391299148526], [29.6020744, 60.253913], [29.602074263378938, 60.25391300768834], [29.601408, 60.25395049999999], [29.6013711, 60.253953399999965], [29.601385299595055, 60.253988149324776], [29.601387196187382, 60.25399279066976], [29.6013872, 60.2539928], [29.601435293714673, 60.25410998468529], [29.601435299717316, 60.254109999311204], [29.6014353, 60.25411], [29.601474399925387, 60.254205299818146], [29.6014744, 60.2542053], [29.60173539924927, 60.25484149817009], [29.6017354, 60.2548415], [29.601832999244248, 60.25507959815632], [29.601833, 60.2550796], [29.6018800989444, 60.25519459742263], [29.6018801, 60.25519460000001], [29.601960795867665, 60.25539138992269], [29.6019608, 60.2553914], [29.601971796079688, 60.255418090484355], [29.6019718, 60.2554181], [29.602047599281768, 60.25560289824894], [29.6020476, 60.255602899999985], [29.602076499576917, 60.2556732989694], [29.6020765, 60.2556733], [29.60216, 60.2558768], [29.602312709929457, 60.25616423047092], [29.6023128, 60.2561644], [29.602312879366995, 60.256164570844916], [29.602339972221355, 60.25622289065148], [29.602349389255203, 60.256243161612645], [29.6023495, 60.25624340000002], [29.602349589728014, 60.256243640559866], [29.6023821, 60.2563308], [29.6025375, 60.2566799], [29.6026112, 60.25682250000002], [29.602667299379373, 60.256916998954566], [29.6026673, 60.256917], [29.602685396306736, 60.25694749377655], [29.6026854, 60.25694750000001], [29.6027172, 60.2570012], [29.603093671012168, 60.25695930322605], [29.6030937, 60.2569593], [29.6033568, 60.2569302]]]}}, {"type": "Feature", "properties": {"block_id": 3, "area": 126096.86805418807, "dominant_landuse": "residential", "poi_count": 53, "amenity_count": 20, "building_count": 28, "leisure_count": 7, "attractiveness_score": 0.14905096787228234, "attractiveness_rank": 11}, "geometry": {"type": "Polygon", "coordinates": [[[29.5975706, 60.25780669999999], [29.5979524, 60.25778119999998], [29.5982436, 60.2577609], [29.5983544, 60.2577519], [29.5983769, 60.2577493], [29.5994567, 60.25761339999998], [29.59944030321079, 60.25757000849684], [29.5994403, 60.25757], [29.5993874, 60.2574306], [29.59934510093434, 60.257323902356774], [29.5993451, 60.257323899999925], [29.5993293, 60.257284], [29.59927040031558, 60.25715670068207], [29.5992704, 60.2571567], [29.599224769481303, 60.25705805021387], [29.5992247, 60.2570579], [29.599224638848156, 60.25705774889434], [29.599167801456186, 60.256917303598236], [29.5991678, 60.256917299999984], [29.599024500102693, 60.25656260025418], [29.5990245, 60.25656259999999], [29.59877876909073, 60.255954262417234], [29.598761900124362, 60.25591250030788], [29.5987619, 60.2559125], [29.59869629522074, 60.25575005871479], [29.598688800105673, 60.25573150026165], [29.5986888, 60.25573150000001], [29.5986228, 60.2555681], [29.598520805273715, 60.2553425116643], [29.5985208, 60.25534249999998], [29.598503305119422, 60.25530361137975], [29.598503303080495, 60.25530360684751], [29.5985033, 60.2553036], [29.598482501788986, 60.255257503964984], [29.5984825, 60.255257499999956], [29.5984143, 60.2551066], [29.5982192, 60.2546749], [29.5979822, 60.2543017], [29.597496500280997, 60.25418530006735], [29.5974965, 60.2541853], [29.597383, 60.2541581], [29.597172301638157, 60.254199399678875], [29.5971723, 60.2541994], [29.5960639, 60.2544167], [29.59542880129586, 60.25455109972575], [29.5954288, 60.2545511], [29.5952469, 60.25458960000001], [29.5942979, 60.2547988], [29.5938073, 60.2549495], [29.5934607, 60.2550785], [29.593360901763415, 60.25512185579055], [29.5933608, 60.2551219], [29.593360697178923, 60.255121943600756], [29.5925196, 60.25547860000004], [29.59234010310217, 60.25555709864333], [29.5923401, 60.25555710000002], [29.5920018, 60.2557051], [29.59167250980803, 60.255858808707934], [29.5916721, 60.255859], [29.591671671538787, 60.25585918091736], [29.59151444473847, 60.25592556956466], [29.591040712355237, 60.25612559921687], [29.59104, 60.2561259], [29.591039240034263, 60.25612617047999], [29.590892041712287, 60.25617855978056], [29.590821123523124, 60.256203800129725], [29.59082, 60.2562042], [29.590818714987414, 60.25620445267039], [29.5895587, 60.2564522], [29.5894967, 60.25647429999999], [29.5894311, 60.25656630000001], [29.58963079409521, 60.25659609911886], [29.5896308, 60.2565961], [29.590221086347402, 60.256684095476125], [29.590223799081777, 60.256684499863105], [29.590223799259366, 60.25668449988957], [29.5902238, 60.2566845], [29.59124211734189, 60.25683627277698], [29.5912423, 60.2568363], [29.59141869244011, 60.2568633988386], [29.5914187, 60.2568634], [29.592526003504066, 60.25703328519581], [29.592526092258336, 60.25703329881229], [29.5925261, 60.25703329999998], [29.5929844, 60.2571037], [29.59317047586617, 60.25712984041692], [29.5931709, 60.25712990000002], [29.59317131913108, 60.25712996776343], [29.5934647, 60.2571774], [29.593704142387917, 60.257215626942816], [29.5937046, 60.25721570000001], [29.593705050940784, 60.257215782668766], [29.5944181, 60.25734649999998], [29.59459747086712, 60.25737773818839], [29.5945984, 60.2573779], [29.59459921332397, 60.25737817570435], [29.5948226, 60.2574539], [29.5950146, 60.2574859], [29.595332, 60.2575388], [29.5966484, 60.2577482], [29.5970427, 60.2577965], [29.5972121, 60.2578094], [29.5975706, 60.25780669999999]]]}}, {"type": "Feature", "properties": {"block_id": 4, "area": 32555.795207899337, "dominant_landuse": "residential", "poi_count": 32, "amenity_count": 3, "building_count": 29, "leisure_count": 0, "attractiveness_score": 0.052415111066754845, "attractiveness_rank": 36}, "geometry": {"type": "Polygon", "coordinates": [[[29.5970427, 60.2577965], [29.5966484, 60.2577482], [29.595427029996518, 60.257553916968746], [29.595332148284385, 60.257538823588504], [29.595332148284353, 60.25753882358849], [29.595332, 60.2575388], [29.5950146, 60.2574859], [29.5948226, 60.2574539], [29.5945984, 60.2573779], [29.5944181, 60.25734649999998], [29.5937046, 60.25721570000001], [29.5934647, 60.2571774], [29.59317173271171, 60.257130034629455], [29.593170899978524, 60.25712989999698], [29.5929844, 60.2571037], [29.5925261, 60.25703329999998], [29.5924914, 60.2571447], [29.5924217, 60.2574689], [29.5924245, 60.25755370000001], [29.592444972176168, 60.25805701595462], [29.592445, 60.2580577], [29.5923961, 60.2582958], [29.592395877848386, 60.258296343218475], [29.5921816, 60.25882029999999], [29.5931982, 60.2589502], [29.593401377092025, 60.25885653326951], [29.59340137709209, 60.258856533269466], [29.5934021, 60.2588562], [29.5955167, 60.2584136], [29.59582611287402, 60.258325100887355], [29.5963418, 60.25817760000001], [29.596622222467897, 60.258060566238484], [29.596622222468024, 60.25806056623843], [29.5966231, 60.25806019999999], [29.5971952, 60.25790649999996], [29.59720329903889, 60.25786010550563], [29.5972121, 60.2578094], [29.5970427, 60.2577965]]]}}, {"type": "Feature", "properties": {"block_id": 5, "area": 1116.9052772656153, "dominant_landuse": "residential", "poi_count": 0, "amenity_count": 0, "building_count": 0, "leisure_count": 0, "attractiveness_score": 0.02706981810183842, "attractiveness_rank": 191}, "geometry": {"type": "Polygon", "coordinates": [[[29.576394, 60.248326], [29.576401589584545, 60.24832885842213], [29.57806639470273, 60.24738086335729], [29.578094122688967, 60.24736290281404], [29.578313377609728, 60.24720063747154], [29.578267514655593, 60.247182835896865], [29.578265400000046, 60.247184], [29.5782654, 60.247184], [29.5775206, 60.247594], [29.57649730000004, 60.248172899999986], [29.57645375041646, 60.24819908489881], [29.5764183, 60.2482204], [29.57637045005512, 60.24825840000839], [29.5763226, 60.2482964], [29.576331883983173, 60.2483002488274], [29.576394, 60.248326]]]}}, {"type": "Feature", "properties": {"block_id": 6, "area": 60.89823826948594, "dominant_landuse": null, "poi_count": 0, "amenity_count": 0, "building_count": 0, "leisure_count": 0, "attractiveness_score": 0.027053999999999998, "attractiveness_rank": 199}, "geometry": {"type": "Polygon", "coordinates": [[[29.5763226, 60.2482964], [29.57618705732197, 60.248419974231034], [29.576220957659043, 60.24843171169384], [29.576367072941405, 60.24834851254479], [29.5764012969402, 60.24832902505687], [29.576365385688813, 60.24831413749556], [29.5763226, 60.2482964]]]}}, {"type": "Feature", "properties": {"block_id": 7, "area": 185275.3480313065, "dominant_landuse": "residential", "poi_count": 124, "amenity_count": 1, "building_count": 123, "leisure_count": 0, "attractiveness_score": 0.106573432508453, "attractiveness_rank": 16}, "geometry": {"type": "Polygon", "coordinates": [[[29.57651719322383, 60.24837239744791], [29.5765172, 60.2483724], [29.577171198894067, 60.248618899583136], [29.5771712, 60.2486189], [29.5774402, 60.248720300000016], [29.5784247, 60.24881], [29.578729239715212, 60.2488177754832], [29.5787302, 60.248817799999976], [29.578731116637027, 60.24881794436571], [29.579239137704626, 60.248897953953566], [29.5792407, 60.2488982], [29.579242174283014, 60.248898555764974], [29.579360664071682, 60.248927148917346], [29.579446406564276, 60.24894783961663], [29.5794479, 60.24894819999999], [29.57944927111994, 60.248948665234074], [29.58061996185283, 60.24934588169384], [29.5806209, 60.249346199999984], [29.58062013530896, 60.249346617482836], [29.5798721, 60.249755], [29.5796616, 60.2498834], [29.5795791, 60.2499347], [29.57935740751053, 60.25007613141275], [29.5793573, 60.2500762], [29.579230360413586, 60.250155899282966], [29.5792302, 60.250156], [29.57923003489, 60.25015609892083], [29.5785108, 60.250587], [29.578195990749176, 60.250848991590885], [29.5781955, 60.25084939999993], [29.578194941435644, 60.250849786288754], [29.5771924, 60.2515431], [29.5787436, 60.25234129999998], [29.580892033858998, 60.25105689826099], [29.5808927, 60.2510565], [29.58089343715656, 60.2510561339488], [29.581785, 60.2506134], [29.5826143, 60.25013469999998], [29.582721280473073, 60.25005883931262], [29.5827219, 60.2500584], [29.582722681287667, 60.25005877015595], [29.5851886, 60.251227], [29.5865143, 60.25183469999999], [29.5886102, 60.2507437], [29.5875665, 60.2503106], [29.5870152, 60.2500986], [29.58694581584422, 60.250075207627816], [29.5869452, 60.250075], [29.586944613010136, 60.25007477265972], [29.58649067202701, 60.24989896028016], [29.58649, 60.24989870000001], [29.586489414353583, 60.2498983924536], [29.5858001, 60.24953640000002], [29.585751077325828, 60.24956286578121], [29.585750304395685, 60.24956328306109], [29.585749501655, 60.249562879925904], [29.5856908, 60.2495334], [29.5851195, 60.24927249999999], [29.5845213, 60.2490178], [29.584467872597347, 60.249001453957796], [29.584466954936968, 60.249001173200526], [29.584467648329625, 60.249000763211875], [29.584519, 60.24897039999993], [29.58319913490557, 60.24841685658021], [29.583199, 60.2484168], [29.58253140237734, 60.248132328848], [29.5825311, 60.2481322], [29.582530806930624, 60.24813206591718], [29.582035465869073, 60.24790543879505], [29.58192339770287, 60.24785416496877], [29.5819226, 60.2478538], [29.581923306530282, 60.247853391236], [29.582533486699568, 60.24750036555202], [29.5825336, 60.247500299999984], [29.582533715318263, 60.247500235323244], [29.5829107, 60.2472888], [29.583212234618752, 60.24711376040382], [29.5832132, 60.24711319999999], [29.583214304826782, 60.24711270733218], [29.5838716, 60.2468196], [29.583084407151524, 60.24673612196809], [29.5830842, 60.246736099999985], [29.58204310184541, 60.24662060020472], [29.5820431, 60.2466206], [29.58009001858775, 60.246403987018795], [29.580012601126043, 60.24639540012488], [29.5800126, 60.2463954], [29.57987944155905, 60.24638062665164], [29.5798783, 60.2463805], [29.579877357678114, 60.24638015556607], [29.5797478, 60.2463328], [29.579123270085468, 60.246698025098155], [29.5791228, 60.246698299999984], [29.57912229534964, 60.24669855931808], [29.578860144549793, 60.24683326652032], [29.578652480626086, 60.24696718795294], [29.578652477752478, 60.24696718980607], [29.57846484302923, 60.24708824517993], [29.57842240594728, 60.24711994434719], [29.578422379989245, 60.247119963737035], [29.578421547471716, 60.24712058272388], [29.5784215214349, 60.24712060208535], [29.57809451977389, 60.24736260894261], [29.578094122688967, 60.24736290281404], [29.57809368911593, 60.24736318365711], [29.578093546904498, 60.24736327577329], [29.57806682827644, 60.24738058251416], [29.57806639470273, 60.24738086335729], [29.578065926368616, 60.24738113005277], [29.576401589584545, 60.24832885842213], [29.57651719322383, 60.24837239744791]]]}}, {"type": "Feature", "properties": {"block_id": 8, "area": 61701.53409468531, "dominant_landuse": "residential", "poi_count": 26, "amenity_count": 0, "building_count": 25, "leisure_count": 1, "attractiveness_score": 0.050931650055016264, "attractiveness_rank": 40}, "geometry": {"type": "Polygon", "coordinates": [[[29.5761014, 60.2485011], [29.5761014, 60.2485011], [29.5760192, 60.2485944], [29.5758958, 60.24877330000001], [29.5758085, 60.2488799], [29.57572326816267, 60.24896378658695], [29.57571980000002, 60.248967199999974], [29.57561593557542, 60.249082494483545], [29.575615935575403, 60.24908249448359], [29.5756153, 60.24908319999999], [29.575614475570305, 60.24908385546263], [29.57561447557028, 60.24908385546265], [29.575543148294052, 60.24914056408074], [29.57554314829399, 60.249140564080776], [29.5755426, 60.249141], [29.57551352101464, 60.24915999918301], [29.57545490000082, 60.24919829999948], [29.57535917722286, 60.2492609965598], [29.5753294, 60.24928049999998], [29.575329047847326, 60.24928070877668], [29.57496, 60.2494995], [29.5748455, 60.249572], [29.5746928, 60.2496641], [29.5745779, 60.249738], [29.574361121790496, 60.24987687503139], [29.574337200006347, 60.249892200003266], [29.574483281001246, 60.24996786443692], [29.574490293638366, 60.24997149670493], [29.57449029363878, 60.24997149670516], [29.5744903, 60.2499715], [29.5747569, 60.2501097], [29.57538952478005, 60.250495740548295], [29.575565198739707, 60.250602938210406], [29.575565198739834, 60.25060293821047], [29.5755653, 60.250603], [29.576103069029724, 60.25093594744256], [29.576103800019883, 60.250936400011064], [29.5771924, 60.2515431], [29.5781955, 60.25084939999993], [29.5785108, 60.250587], [29.5792302, 60.250156], [29.5793573, 60.2500762], [29.579579013506365, 60.249934755179964], [29.5795791, 60.2499347], [29.5796616, 60.2498834], [29.5798721, 60.249755], [29.579872516663634, 60.249754772530586], [29.579872516663666, 60.249754772530565], [29.5806209, 60.249346199999984], [29.5794479, 60.24894819999999], [29.5792407, 60.2488982], [29.578900364327488, 60.248844599894674], [29.5787302, 60.248817799999976], [29.578716498300057, 60.2488174501845], [29.5784247, 60.24881], [29.57842325664336, 60.24880986849827], [29.578423256643248, 60.248809868498256], [29.577441238319338, 60.24872039460774], [29.577441238319178, 60.24872039460772], [29.5774402, 60.248720300000016], [29.57717120105332, 60.24861890039704], [29.576517206761675, 60.24837240254859], [29.576401589584545, 60.24832885842213], [29.576104871572863, 60.248497811578694], [29.576102563564262, 60.24849999782257], [29.5761014, 60.2485011]]]}}, {"type": "Feature", "properties": {"block_id": 9, "area": 79275.38562277277, "dominant_landuse": "railway", "poi_count": 16, "amenity_count": 4, "building_count": 13, "leisure_count": 0, "attractiveness_score": 0.045484593078010366, "attractiveness_rank": 53}, "geometry": {"type": "Polygon", "coordinates": [[[29.576186785957848, 60.24842022163256], [29.57625386453002, 60.24835906624572], [29.576322275256878, 60.2482966960695], [29.5763226, 60.2482964], [29.576322959933115, 60.248296114160475], [29.576411735945804, 60.24822561284632], [29.576417511891062, 60.248221025877136], [29.5764183, 60.2482204], [29.57641924647186, 60.24821983091989], [29.576497083573127, 60.24817303013032], [29.5764973, 60.2481729], [29.576497524206086, 60.24817277316549], [29.57736806586842, 60.247680293201846], [29.57752049883201, 60.247594057234004], [29.5775206, 60.247594], [29.577520702722186, 60.24759394345412], [29.5782654, 60.247184], [29.57842429741849, 60.24708292885814], [29.5784245, 60.2470828], [29.57842471005041, 60.2470826741315], [29.5786331, 60.2469578], [29.578366442008598, 60.24685761578285], [29.5783664, 60.2468576], [29.578312592023202, 60.24683728575412], [29.5783121, 60.2468371], [29.578311629129274, 60.246836901128695], [29.5782593, 60.2468148], [29.57810680667679, 60.24685495591526], [29.5781055, 60.2468553], [29.578104114117025, 60.246855556313655], [29.5779049, 60.2468924], [29.5778727, 60.2469051], [29.577500686330342, 60.24706266343575], [29.5775006, 60.2470627], [29.577500512934446, 60.24706273613133], [29.576753306217988, 60.24737281442435], [29.5767531, 60.24737289999999], [29.576752889743542, 60.247372983111866], [29.576547466685394, 60.247454184039505], [29.57621956031536, 60.247583799463264], [29.5762188, 60.2475841], [29.576217947374598, 60.24758433137313], [29.576156010096152, 60.247601138991016], [29.57602500605489, 60.24766199712137], [29.57602423605488, 60.2476623570796], [29.576023475215152, 60.24766274524378], [29.576022688462167, 60.247663080545465], [29.576021918124408, 60.247663440661555], [29.57579613812916, 60.24776965114155], [29.575266953738932, 60.24801858367347], [29.575266276585552, 60.24801890220803], [29.57526554887587, 60.24801919188991], [29.575260796711902, 60.248021083599724], [29.57524917007723, 60.248025711851504], [29.57524831057792, 60.248026053995055], [29.57524900308896, 60.24802562844011], [29.575525514168234, 60.24785570845503], [29.57554642617763, 60.24784148299708], [29.575564432372982, 60.2478263071685], [29.575579359347557, 60.24781032712199], [29.57559106335008, 60.24779369675522], [29.575599431669023, 60.247776576228475], [29.575604383717895, 60.247759130422445], [29.57560587181113, 60.247741527350115], [29.575603881623167, 60.247723936538726], [29.575598432326114, 60.24770652739724], [29.57558957640501, 60.247689467584834], [29.57557739915204, 60.247672921396], [29.575562017845044, 60.24765704817875], [29.57554358061783, 60.24764200079975], [29.57552226503348, 60.24762792417221], [29.575498276374194, 60.24761495386037], [29.57547184566427, 60.247603214774074], [29.575443227445213, 60.2475928199658], [29.575412697324335, 60.24758386954195], [29.575380549320627, 60.24757644969872], [29.575347093033294, 60.24757063189227], [29.575312650660255, 60.24756647215047], [29.575277553895397, 60.247564010533225], [29.575242140734368, 60.24756327074693], [29.5752067522197, 60.2475642599161], [29.575171729156594, 60.247566968514626], [29.575137408830997, 60.2475713704577], [29.57510412176156, 60.2475774233529], [29.575072188516728, 60.247585068908485], [29.575041916627686, 60.24759423349462], [29.57501359762678, 60.24760482885259], [29.574987504239992, 60.24761675294469], [29.5749638877605, 60.24762989093673], [29.57259414539353, 60.24908604053125], [29.57259408292946, 60.24908607891168], [29.57130876927001, 60.249868734585135], [29.571308611262413, 60.24986883079642], [29.571308449005524, 60.249868925247675], [29.569460119168273, 60.25094480737406], [29.56946010481614, 60.250944815727834], [29.56938837478576, 60.250986649544735], [29.56937153228741, 60.250997256229525], [29.56935634246635, 60.251008462457214], [29.569035840949155, 60.25126526172854], [29.569027357367073, 60.25127242401964], [29.5682828284871, 60.25193563054126], [29.568282406536305, 60.251936006395105], [29.568281927876324, 60.25193636507343], [29.567988066712722, 60.252156564756014], [29.567979657557686, 60.25216317406258], [29.567651327338407, 60.252434115873456], [29.567650823287323, 60.25243453181812], [29.56765018264918, 60.25243489841014], [29.56711685803753, 60.25274007857976], [29.567116776454313, 60.252740125262925], [29.56711669384059, 60.2527401714965], [29.56614012229556, 60.253286683232794], [29.56700168512449, 60.253580738629566], [29.57100707374371, 60.25132251734527], [29.571008377271877, 60.251321778283476], [29.572442873184837, 60.2505039285424], [29.572443585553625, 60.2505035223854], [29.572444015850962, 60.25050401694397], [29.57245649658779, 60.25051836156549], [29.57247368793521, 60.25053376949908], [29.57249383503928, 60.250548265714244], [29.57251674387427, 60.250561710603186], [29.57254219381644, 60.25057397468295], [29.572569939768673, 60.250584939842255], [29.57259971452097, 60.250594500479366], [29.572631231323818, 60.25060256451887], [29.572664186649888, 60.25060905429855], [29.57269826311725, 60.25061390731738], [29.572733132546116, 60.25061707683738], [29.572768459119583, 60.25061853233393], [29.572803902617917, 60.2506182597896], [29.572839121695278, 60.2506162618292], [29.572873777167267, 60.25061255769456], [29.57290753527769, 60.25060718305909], [29.57294007091298, 60.250600189684285], [29.57297107073342, 60.25059164492129], [29.573000236190882, 60.25058163106195], [29.573027286404173, 60.250570244546495], [29.573051960864102, 60.250557595034714], [29.573074021942364, 60.250543804349675], [29.57309325718004, 60.250529005304564], [29.57310948133366, 60.25051334042353], [29.573122538159033, 60.25049696056902], [29.573132301915926, 60.25048002348885], [29.57320568482568, 60.25032422098981], [29.573206003090995, 60.25032354526344], [29.573206486612783, 60.25032289420834], [29.573309306139727, 60.25018444858525], [29.573354853719486, 60.25012311876179], [29.57335518040762, 60.25012267887531], [29.57335564976736, 60.25012227212951], [29.57357832207025, 60.2499293036363], [29.573616056614487, 60.249896602506496], [29.573616625082664, 60.24989610986576], [29.57361729077874, 60.24989564829227], [29.57384390474113, 60.24973852009766], [29.574123303282636, 60.249544789873866], [29.574123412822804, 60.24954471392004], [29.57412352489291, 60.24954463888361], [29.574193901815978, 60.249497518016774], [29.574734956997446, 60.249135248815286], [29.574735530925203, 60.249134864530525], [29.574736168628146, 60.2491345059447], [29.575238964062773, 60.24885177638172], [29.57523973020109, 60.2488513455653], [29.575240868784014, 60.24885144721823], [29.575266666309783, 60.24885375042451], [29.57530200003876, 60.248855150454254], [29.575337439704747, 60.24885482226855], [29.575372643998808, 60.24885276902817], [29.575407273878938, 60.24884901050728], [29.575440995835415, 60.248843582903056], [29.57547348510288, 60.248836538487204], [29.57550442878818, 60.24882794510229], [29.57553352888385, 60.24881788550848], [29.575560505138174, 60.24880645658654], [29.575585097754274, 60.24879376840456], [29.576104871572788, 60.24849781157872], [29.57618661656102, 60.248420379037405], [29.5761867, 60.2484203], [29.576186785957848, 60.24842022163256]]]}}, {"type": "Feature", "properties": {"block_id": 10, "area": 3804.9433980267113, "dominant_landuse": "railway", "poi_count": 5, "amenity_count": 3, "building_count": 3, "leisure_count": 0, "attractiveness_score": 0.035861319925947585, "attractiveness_rank": 119}, "geometry": {"type": "Polygon", "coordinates": [[[29.575585462145003, 60.248793560924724], [29.575585097754274, 60.24879376840456], [29.575584713321184, 60.248793966747], [29.575582475261772, 60.24879512143988], [29.575561274120847, 60.248806059841975], [29.575560505138174, 60.24880645658654], [29.57555966162241, 60.24880681395569], [29.575546389490302, 60.248812436908395], [29.575534372400142, 60.24881752813951], [29.57553352888385, 60.24881788550848], [29.575532618958054, 60.24881820006035], [29.575505864593428, 60.24882744875997], [29.575505338714677, 60.24882763055054], [29.57550442878818, 60.24882794510229], [29.57550346121533, 60.24882821380756], [29.57547445267599, 60.24883626978222], [29.57547348510288, 60.248836538487204], [29.575472469201724, 60.24883675875795], [29.575451734845476, 60.24884125444137], [29.5754420117369, 60.24884336263254], [29.575440995835415, 60.248843582903056], [29.575439941389547, 60.248843752618], [29.57540832832535, 60.24884884079251], [29.575407273878938, 60.24884901050728], [29.57540619104316, 60.248849128031964], [29.575375543955158, 60.24885245428456], [29.57537372683468, 60.24885265150376], [29.575372643998808, 60.24885276902817], [29.575371543201904, 60.24885283323073], [29.575354905389723, 60.2488538036085], [29.575338540502, 60.24885475806626], [29.575337439704747, 60.24885482226855], [29.575336331547735, 60.24885483253069], [29.57530950037695, 60.24885508099885], [29.57530310819552, 60.248855140192404], [29.57530200003876, 60.248855150454254], [29.575300895194495, 60.2488551066771], [29.5752677711543, 60.248853794201956], [29.575266666309783, 60.24885375042451], [29.57526557541805, 60.24885365302967], [29.57523973020109, 60.2488513455653], [29.574735530925203, 60.249134864530525], [29.574193901815978, 60.249497518016774], [29.5743495, 60.2495573], [29.574565769745863, 60.24961650010648], [29.5745665, 60.2496167], [29.574567163120445, 60.24961695113246], [29.5746069, 60.249632], [29.5746928, 60.2496641], [29.5748455, 60.249572], [29.57495977554687, 60.249499642121364], [29.57496, 60.2494995], [29.57496023354301, 60.24949936154449], [29.5753294, 60.24928049999998], [29.575454883727506, 60.2491983106582], [29.5754549, 60.24919830000001], [29.5755426, 60.249141], [29.5756153, 60.24908319999999], [29.575719584760865, 60.248967438926655], [29.5757198, 60.24896719999999], [29.575720037424755, 60.24896696632332], [29.5758085, 60.2488799], [29.5758958, 60.24877330000001], [29.5760192, 60.2485944], [29.57607058798354, 60.24851989931792], [29.576067591849842, 60.248519038725554], [29.575585462145003, 60.248793560924724]]]}}, {"type": "Feature", "properties": {"block_id": 11, "area": 5708.277691220865, "dominant_landuse": "railway", "poi_count": 1, "amenity_count": 0, "building_count": 1, "leisure_count": 0, "attractiveness_score": 0.027742595549339142, "attractiveness_rank": 182}, "geometry": {"type": "Polygon", "coordinates": [[[29.578500825155825, 60.24690810408403], [29.5786331, 60.2469578], [29.5787077, 60.2469116], [29.578860144549793, 60.24683326652032], [29.579257347670364, 60.24657710828208], [29.57925779495597, 60.24657681982249], [29.579258278940006, 60.246576546392504], [29.57966804970771, 60.246345041417065], [29.580258218349346, 60.2460116105632], [29.580468386014207, 60.2458929282596], [29.584122843829853, 60.24382839593135], [29.5840037, 60.2437691], [29.5789853, 60.2466531], [29.5783899, 60.2464922], [29.578355934983197, 60.246486243559225], [29.5779922566095, 60.2466938555215], [29.577991906329565, 60.24669403820278], [29.57799190632945, 60.24669403820284], [29.577770261691565, 60.246809631803075], [29.57775644589625, 60.24681726249072], [29.577739639084808, 60.24682709665221], [29.57742160114711, 60.247013188536194], [29.57693791136868, 60.24723789820505], [29.576776135031242, 60.24731305420293], [29.576827573017813, 60.24734199539223], [29.5775006, 60.2470627], [29.5778727, 60.2469051], [29.5779049, 60.2468924], [29.5781055, 60.2468553], [29.5782593, 60.2468148], [29.57826015416435, 60.24681516075542], [29.5782601541644, 60.246815160755446], [29.578309761098634, 60.24683611216964], [29.5783121, 60.2468371], [29.5783664, 60.2468576], [29.578500825155825, 60.24690810408403]]]}}, {"type": "Feature", "properties": {"block_id": 12, "area": 714981.6541059942, "dominant_landuse": "residential", "poi_count": 232, "amenity_count": 1, "building_count": 230, "leisure_count": 1, "attractiveness_score": 0.18699052215688028, "attractiveness_rank": 8}, "geometry": {"type": "Polygon", "coordinates": [[[29.5798783, 60.2463805], [29.580012598849468, 60.246395399872334], [29.5800126, 60.2463954], [29.581986812520125, 60.2466143576937], [29.582043098004778, 60.24662059977872], [29.5820431, 60.2466206], [29.5830842, 60.246736099999985], [29.583871239668635, 60.24681956178973], [29.5838716, 60.2468196], [29.583871957630652, 60.246819644035796], [29.5844864, 60.246895299999984], [29.5862154, 60.24699419999998], [29.585492124512466, 60.246002045165405], [29.5854918, 60.24600160000002], [29.58549155211915, 60.24600114282251], [29.585363382314995, 60.245764751819465], [29.5853633, 60.24576459999999], [29.585363226275387, 60.24576444709344], [29.58526495075176, 60.245560620071736], [29.5852647, 60.2455601], [29.585265733582588, 60.24555995160774], [29.585684, 60.2454999], [29.586663933461168, 60.245276820035734], [29.5866649, 60.2452766], [29.586665961591393, 60.24527657214018], [29.5878688, 60.245245], [29.5896367, 60.2451282], [29.5895869, 60.2447031], [29.5895636, 60.2446746], [29.5895242, 60.2446522], [29.5884665, 60.24420029999999], [29.588058260900578, 60.244420888857135], [29.5880575, 60.2444213], [29.58805669000108, 60.24442091273071], [29.587259791774507, 60.24403990011926], [29.58656323321949, 60.24370685058398], [29.5865625, 60.2437065], [29.586562062680137, 60.24370604337056], [29.586524458548972, 60.243666778797234], [29.586524, 60.2436663], [29.586523829160964, 60.24366577654985], [29.586517154539568, 60.243645325520944], [29.586511671934268, 60.24362852680722], [29.5865115, 60.243628], [29.58651218758053, 60.24362759013445], [29.58723548055489, 60.24319642887505], [29.5872362, 60.243196], [29.58723704703702, 60.243196366790634], [29.5889059, 60.243919], [29.5894277, 60.2436327], [29.5897944, 60.243428], [29.58976312814086, 60.24341476891606], [29.588512343916403, 60.24288554876968], [29.588282698905637, 60.24278838035088], [29.5882818, 60.242788], [29.58828107953037, 60.24278753515124], [29.58820633257349, 60.24273930813953], [29.5882057, 60.2427389], [29.588205685735545, 60.242738384803026], [29.588204837716006, 60.24270775637337], [29.588204014436055, 60.242678021397865], [29.588204, 60.2426775], [29.588204699180846, 60.242677111306925], [29.58893356256779, 60.242271909972104], [29.5889343, 60.2422715], [29.588935375355188, 60.24227162910296], [29.58907733632807, 60.24228867230096], [29.5890784, 60.2422888], [29.589079221450643, 60.242289159397934], [29.5901433, 60.2427547], [29.590626505284103, 60.242915833343204], [29.590845064662272, 60.24279482295655], [29.591522376660844, 60.24238057543612], [29.5915225, 60.2423805], [29.591522625949583, 60.242380425637684], [29.5915684, 60.2423534], [29.592157614765497, 60.24199007588507], [29.5921579, 60.2419899], [29.59215819924543, 60.24198972996648], [29.5925889, 60.241745], [29.59128030070499, 60.241182800302845], [29.5912803, 60.24118279999993], [29.591145134979907, 60.241124733058996], [29.591128366263874, 60.24111752918843], [29.5911276, 60.2411172], [29.591127196748726, 60.24111673814888], [29.59108744617726, 60.24107121101659], [29.591087, 60.24107069999999], [29.591087207325394, 60.241070152532174], [29.591105984213776, 60.24102056981131], [29.5911062, 60.24102], [29.591106953733792, 60.24101955754597], [29.592773682589065, 60.24004112116579], [29.5927744, 60.24004069999998], [29.59277524503759, 60.240041057891645], [29.5943765, 60.2407192], [29.5944892, 60.240661], [29.5954462, 60.2401315], [29.596538, 60.2394543], [29.595112976430606, 60.238893045198616], [29.5951121, 60.2388927], [29.595112806733212, 60.23889226921114], [29.5969663563736, 60.23776238755534], [29.5969665, 60.2377623], [29.59696664714328, 60.2377622139004], [29.597054902254555, 60.237710572097356], [29.599199466193095, 60.23645562942676], [29.5992002, 60.236455199999966], [29.59920103670418, 60.23645558006665], [29.5994384, 60.2365634], [29.602219069246342, 60.23494412557016], [29.6022198, 60.2349437], [29.60222055844967, 60.23494411341391], [29.606761566352557, 60.237419047549935], [29.6074342, 60.23778559999996], [29.6078778, 60.237994], [29.60855518722719, 60.237694459413376], [29.608556, 60.237694099999985], [29.608557086215765, 60.23769407176054], [29.608844005144757, 60.23768661213804], [29.60896260453933, 60.23768352848313], [29.6089637, 60.2376835], [29.608964446316687, 60.2376838997434], [29.6101868, 60.2383386], [29.61086709973111, 60.23860679989396], [29.6108671, 60.238606799999985], [29.611699448881012, 60.2389349404248], [29.6116996, 60.238935], [29.6127617, 60.23936110000001], [29.6130836, 60.239212], [29.613351423704167, 60.238860993174775], [29.6133518, 60.2388605], [29.61335258470338, 60.238860145034366], [29.613656190985637, 60.238722805860284], [29.61383368956734, 60.238642511848795], [29.6138346, 60.2386421], [29.61383572832808, 60.23864185547], [29.6142042, 60.238562], [29.613406815676, 60.23798614463896], [29.6134062, 60.2379857], [29.613407132139557, 60.23798542322635], [29.6158397, 60.2372631], [29.615909, 60.237183], [29.6158992, 60.2371133], [29.615857397896754, 60.23706099784323], [29.615857, 60.237060499999984], [29.615857405094527, 60.23706000359396], [29.6159719, 60.23691969999999], [29.6159922, 60.2368532], [29.6159535, 60.2367476], [29.6157912, 60.236450099999985], [29.61560185182405, 60.23618539185321], [29.6156015, 60.2361849], [29.615601725481554, 60.23618439014304], [29.615679313236537, 60.23600894843401], [29.6156796, 60.2360083], [29.615680184448234, 60.23600770305735], [29.6158573, 60.2358268], [29.615951694920216, 60.23572220562866], [29.6159517, 60.2357222], [29.616084304915308, 60.23557504939417], [29.616084326841403, 60.235575025062836], [29.6160848, 60.2355745], [29.61608557064629, 60.23557407081707], [29.616130502148458, 60.23554904785208], [29.616190408473308, 60.235515685122124], [29.6161911, 60.23551530000001], [29.61619197642514, 60.23551502317306], [29.616253476001912, 60.23549559793914], [29.616338945461113, 60.23546860150181], [29.6163399, 60.2354683], [29.61634092495849, 60.235468537561054], [29.6164469, 60.2354931], [29.616514463426412, 60.235447529361224], [29.6165151, 60.23544709999999], [29.61651615635363, 60.23544700711571], [29.61659007106558, 60.23544050783499], [29.616638979654127, 60.235436207305206], [29.6166402, 60.23543609999999], [29.616641438045445, 60.23543612747868], [29.617648457422664, 60.235458474648944], [29.6176496, 60.2354585], [29.617649722521087, 60.23545906545219], [29.6178792, 60.2365181], [29.6193844, 60.23646709999996], [29.619080200161477, 60.23565510043102], [29.6190802, 60.2356551], [29.618861146365393, 60.23507023583148], [29.61885770752875, 60.23506105410397], [29.6188575, 60.2350605], [29.61885785447396, 60.235059964639966], [29.618900842047747, 60.234995040615495], [29.6189012, 60.2349945], [29.618902343857048, 60.23499447973897], [29.619025211609582, 60.23499230333711], [29.6190254, 60.2349923], [29.619025588476113, 60.23499229822849], [29.61920068758957, 60.23499065234583], [29.61975810656752, 60.23498541122372], [29.6197593, 60.2349854], [29.619760397468394, 60.23498563342693], [29.61993793511031, 60.23502339477376], [29.6199389, 60.2350236], [29.619939239694638, 60.23502409376166], [29.620170754440903, 60.235360607274544], [29.620396831702248, 60.23568921003407], [29.6203971, 60.2356896], [29.620397310020472, 60.23568999870535], [29.620515896651266, 60.23591512333033], [29.620677512205916, 60.23622192869041], [29.62073250788844, 60.23620183241828], [29.6207325, 60.23620179999998], [29.620733506691153, 60.23620153768388], [29.620759555100392, 60.2361947501789], [29.6208058, 60.2361827], [29.62081478750277, 60.23618035809527], [29.6198924, 60.2344184], [29.615267638059333, 60.23384002983957], [29.6152666, 60.2338399], [29.615265732480783, 60.2338395881938], [29.6136832444345, 60.23327078642751], [29.613171120658894, 60.23308670282687], [29.61317, 60.2330863], [29.613168986745904, 60.233085832079205], [29.6111296, 60.232144], [29.6080063, 60.2311216], [29.6042121, 60.2331286], [29.6028786895804, 60.23387981151915], [29.602878, 60.2338802], [29.602877123051755, 60.23388047987973], [29.601065, 60.2344588], [29.6002754, 60.2348428], [29.5938245, 60.2384498], [29.58453627688018, 60.24371970542422], [29.584241716458713, 60.243886793594626], [29.584241, 60.24388719999999], [29.58424023178187, 60.24388681767354], [29.584122843829853, 60.24382839593135], [29.5804683907506, 60.24589292558451], [29.58046838840415, 60.24589292690999], [29.580258222070476, 60.24601160846188], [29.580258218349346, 60.2460116105632], [29.579712533550776, 60.24631990945855], [29.5797478, 60.2463328], [29.5798783, 60.2463805]]]}}, {"type": "Feature", "properties": {"block_id": 13, "area": 418184.2730355854, "dominant_landuse": "residential", "poi_count": 322, "amenity_count": 0, "building_count": 319, "leisure_count": 3, "attractiveness_score": 0.24955673046516672, "attractiveness_rank": 4}, "geometry": {"type": "Polygon", "coordinates": [[[29.6207769, 60.2364106], [29.62082382129613, 60.23649967093655], [29.6208241, 60.2365002], [29.62082303925504, 60.236500344601225], [29.6199526, 60.236619], [29.6203108, 60.2373247], [29.62073467083093, 60.238072672070864], [29.6207348, 60.2380729], [29.62073490971196, 60.23807313043606], [29.6211884, 60.2390256], [29.622001, 60.2397535], [29.622621264549192, 60.239484875205385], [29.6226219, 60.2394846], [29.62262261073585, 60.23948437486888], [29.6234326, 60.23922779999999], [29.623601522058134, 60.239151053444544], [29.6236023, 60.2391507], [29.623603349848604, 60.23915065460182], [29.625096, 60.2390861], [29.62609753588544, 60.23889799985831], [29.6260986, 60.2388978], [29.62609972592984, 60.238897880471], [29.62702572398047, 60.23896405883569], [29.6270263, 60.2389641], [29.627026870985972, 60.23896415587279], [29.627609226417764, 60.239021139861336], [29.62859505104516, 60.239117597369756], [29.6285961, 60.23911769999999], [29.628597091314376, 60.23911789901187], [29.6291007, 60.239219], [29.6294551, 60.239209], [29.62977699133952, 60.2391523774308], [29.629778, 60.2391522], [29.629779068270313, 60.239152170414094], [29.629969113104035, 60.239146906954545], [29.63008489344276, 60.23914370018159], [29.6300849, 60.2391437], [29.6304979, 60.2391322], [29.630839950250763, 60.239072283883715], [29.630841, 60.2390721], [29.630841817353367, 60.23907247560769], [29.6313711, 60.2393157], [29.6319273, 60.2395651], [29.6320175, 60.239529199999986], [29.632652561908046, 60.23927269616752], [29.6326528, 60.2392726], [29.632653043261264, 60.23927250708576], [29.6337571, 60.2388508], [29.633167061075223, 60.23851457670747], [29.6331664, 60.2385142], [29.633166129905984, 60.238513718424684], [29.6329014, 60.23804169999999], [29.632424963230942, 60.237341034193406], [29.6324246, 60.2373405], [29.63242568704288, 60.237340339288785], [29.6332092, 60.2372245], [29.632935664650827, 60.23684051190225], [29.6329353, 60.23684], [29.632936353751198, 60.23683985724686], [29.633357747073987, 60.2367827697402], [29.633359, 60.2367826], [29.63336028383254, 60.2367825029081], [29.634577706369893, 60.23669042753171], [29.636037773849175, 60.23657998519072], [29.6360389, 60.2365799], [29.63603945661036, 60.236580394190014], [29.636156853371986, 60.23668462525664], [29.636474378778296, 60.2369665372428], [29.6364749, 60.236967], [29.636475237051418, 60.2369675032156], [29.6367666, 60.2374025], [29.6371069972607, 60.237691297675944], [29.637107, 60.2376913], [29.6371778, 60.2377514], [29.637406705146553, 60.23789267116653], [29.6374074, 60.2378931], [29.63740717448971, 60.2378936391605], [29.63735851407929, 60.23800997832682], [29.637324739547555, 60.23809072728539], [29.6373245, 60.2380913], [29.63732363144359, 60.23809169456522], [29.6362498, 60.2385795], [29.6362817, 60.23873480000001], [29.6365323, 60.2389342], [29.63663923365753, 60.238929615705395], [29.6366396, 60.2389296], [29.636639967177263, 60.23892959023737], [29.636792649405425, 60.23892553059366], [29.6367938, 60.23892550000002], [29.636794833977163, 60.23892575281742], [29.637926103605704, 60.23920235198216], [29.6379263, 60.23920240000001], [29.637926494483974, 60.239202449902464], [29.638282105165263, 60.23929369499688], [29.64021869478769, 60.239790573006466], [29.6402188, 60.2397906], [29.640218904637113, 60.239790627540934], [29.64135439452266, 60.24008948583427], [29.6405376, 60.2394426], [29.639846304621248, 60.23901973102796], [29.6398456, 60.23901929999999], [29.63984640314445, 60.23901891391541], [29.640845214946907, 60.238538758173526], [29.641708567371246, 60.23812370414018], [29.6417092, 60.2381234], [29.641709919960952, 60.238123148410025], [29.6434865, 60.2375023], [29.6436999, 60.2374076], [29.6433818, 60.2370853], [29.642965, 60.2369833], [29.64143000676307, 60.237085726155165], [29.6414289, 60.23708579999999], [29.641428168144813, 60.23708538061777], [29.640529480133367, 60.23657038527708], [29.6400800167102, 60.236312810730475], [29.6400793, 60.23631240000001], [29.640078755800246, 60.23631192831914], [29.6370367, 60.233675], [29.6314712, 60.234697899999986], [29.6264118, 60.23629110000001], [29.623626926754135, 60.23746335201079], [29.6236261, 60.2374637], [29.62362505247563, 60.23746356291271], [29.622161041780828, 60.23727196173392], [29.621330350403916, 60.237163237484864], [29.6213293, 60.2371631], [29.621329026349137, 60.23716257733121], [29.620903643757835, 60.236350081991176], [29.620868316371986, 60.236350073199475], [29.6208681, 60.2363501], [29.620867280365495, 60.23634973203071], [29.6208113, 60.23632459999999], [29.62070690918312, 60.23627773423595], [29.6207769, 60.2364106]]]}}, {"type": "Feature", "properties": {"block_id": 14, "area": 850.1601085713207, "dominant_landuse": null, "poi_count": 0, "amenity_count": 0, "building_count": 0, "leisure_count": 0, "attractiveness_score": 0.027065822482408342, "attractiveness_rank": 193}, "geometry": {"type": "Polygon", "coordinates": [[[29.628449, 60.260465], [29.628449705070917, 60.260465494173644], [29.6288709, 60.2607607], [29.6289874, 60.2607178], [29.628987400000245, 60.260717799999895], [29.6290197, 60.2607056], [29.62897847428586, 60.260680705857915], [29.628419013160762, 60.260342870267785], [29.6284184, 60.2603425], [29.6281326, 60.2600346], [29.6280001, 60.2601691], [29.6279772, 60.2602002], [29.62844819188422, 60.260464546446336], [29.628448191884278, 60.260464546446364], [29.628449, 60.260465]]]}}, {"type": "Feature", "properties": {"block_id": 15, "area": 4639.8661424093325, "dominant_landuse": "retail", "poi_count": 5, "amenity_count": 3, "building_count": 2, "leisure_count": 0, "attractiveness_score": 0.035688885483343764, "attractiveness_rank": 128}, "geometry": {"type": "Polygon", "coordinates": [[[29.62779351160132, 60.26011582685941], [29.627818975674334, 60.26012752325097], [29.627974534687926, 60.26019897575373], [29.627999694622623, 60.260169650534905], [29.6280001, 60.2601691], [29.628000618702547, 60.26016857347037], [29.628000618702554, 60.26016857347037], [29.6281326, 60.2600346], [29.6277507, 60.25956879999996], [29.6275027, 60.2594178], [29.627459881368754, 60.25941997554254], [29.627459881368576, 60.25941997554254], [29.6274594, 60.25942], [29.627313, 60.2594243], [29.626243, 60.2594791], [29.6261374, 60.2595725], [29.626137150798137, 60.2595726225695], [29.62610677649293, 60.25959242763719], [29.626529688520616, 60.25971756701362], [29.626529688521305, 60.25971756701384], [29.6265298, 60.2597176], [29.6269311, 60.2598379], [29.6270184, 60.2598664], [29.627540987596497, 60.260034500828], [29.6277919865079, 60.260115238329675], [29.6277928, 60.26011549999996], [29.62779351160132, 60.26011582685941]]]}}, {"type": "Feature", "properties": {"block_id": 16, "area": 25325.289748688916, "dominant_landuse": "residential", "poi_count": 21, "amenity_count": 0, "building_count": 21, "leisure_count": 0, "attractiveness_score": 0.04011649258627898, "attractiveness_rank": 81}, "geometry": {"type": "Polygon", "coordinates": [[[29.6211884, 60.2390256], [29.620638020472153, 60.23908689748624], [29.6206371, 60.239087], [29.6201212, 60.2390792], [29.619600120381346, 60.23909489938594], [29.61960012037767, 60.23909489938607], [29.6196001, 60.2390949], [29.618864263047566, 60.23911673406992], [29.61885529999949, 60.239117000000114], [29.6165169, 60.23969970000001], [29.6173245, 60.2400946], [29.6194409, 60.2397953], [29.619441820525864, 60.23979563644265], [29.61944182052592, 60.23979563644268], [29.619607795120828, 60.239856298216715], [29.62039506979367, 60.240143869805394], [29.6203957, 60.24014409999994], [29.62040501647143, 60.2401445531268], [29.620614574006854, 60.240154745236715], [29.6206157, 60.2401548], [29.6215151, 60.24039819999999], [29.622001, 60.2397535], [29.6211884, 60.2390256]]]}}, {"type": "Feature", "properties": {"block_id": 17, "area": 53482.25408364161, "dominant_landuse": "residential", "poi_count": 11, "amenity_count": 1, "building_count": 10, "leisure_count": 0, "attractiveness_score": 0.036346996287502695, "attractiveness_rank": 116}, "geometry": {"type": "Polygon", "coordinates": [[[29.6215151, 60.24039819999999], [29.621671, 60.2407077], [29.621654496446123, 60.24082945135458], [29.621649010867596, 60.24086991982717], [29.62164901086759, 60.2408699198272], [29.621649, 60.24087], [29.621648986824027, 60.24087008008724], [29.62164898682402, 60.24087008008729], [29.6215018, 60.24176469999998], [29.621624, 60.2418253], [29.6232439, 60.2418975], [29.6241836, 60.24186429999999], [29.6250178, 60.241723], [29.6252509, 60.2416804], [29.6261967, 60.2416334], [29.626197486313988, 60.241633388297764], [29.626197486314187, 60.24163338829775], [29.6264453, 60.2416297], [29.62571818549919, 60.24098856356847], [29.625718, 60.2409884], [29.6248325, 60.2401426], [29.6243948, 60.2398015], [29.6243901, 60.2396921], [29.6241839, 60.2394623], [29.6238969, 60.2392568], [29.6236023, 60.2391507], [29.623433321141338, 60.23922747236424], [29.62343332114132, 60.239227472364256], [29.6234326, 60.23922779999999], [29.6226219, 60.2394846], [29.622001, 60.2397535], [29.6215151, 60.24039819999999]]]}}, {"type": "Feature", "properties": {"block_id": 18, "area": 24714.308500226765, "dominant_landuse": "residential", "poi_count": 18, "amenity_count": 0, "building_count": 18, "leisure_count": 0, "attractiveness_score": 0.038295333006805495, "attractiveness_rank": 101}, "geometry": {"type": "Polygon", "coordinates": [[[29.6206157, 60.2401548], [29.620396904433424, 60.24014415858026], [29.62039690443327, 60.24014415858022], [29.6203957, 60.24014409999994], [29.62008199827643, 60.240029513846906], [29.61960780491048, 60.239856301793694], [29.619607804900173, 60.23985630178993], [29.6196078, 60.2398563], [29.61945817843926, 60.23980161508811], [29.619440899999773, 60.2397953], [29.6173245, 60.2400946], [29.6177628, 60.2403346], [29.618026034723822, 60.2403996614226], [29.618026034723904, 60.24039966142262], [29.618027, 60.240399900000014], [29.618027165729927, 60.24040042957972], [29.61802716572993, 60.24040042957972], [29.6181616, 60.24083], [29.6182474, 60.2408742], [29.6184002, 60.2408955], [29.6190995, 60.240851], [29.61926282354926, 60.24084864807505], [29.619334546239493, 60.240847615175774], [29.6193356, 60.2408476], [29.6195313, 60.24090479999999], [29.619717319480927, 60.24097724285279], [29.619784997695557, 60.24100359910256], [29.620305015155697, 60.2412060547357], [29.620307697534574, 60.24120709904014], [29.62102800674524, 60.2414874469457], [29.62102800674538, 60.24148744694576], [29.6210284, 60.2414876], [29.6212655, 60.2415886], [29.62135915500338, 60.24165839565095], [29.6215018, 60.24176469999998], [29.621649, 60.24087], [29.621671, 60.2407077], [29.6215151, 60.24039819999999], [29.6206157, 60.2401548]]]}}, {"type": "Feature", "properties": {"block_id": 19, "area": 334200.50024449354, "dominant_landuse": "residential", "poi_count": 127, "amenity_count": 3, "building_count": 124, "leisure_count": 0, "attractiveness_score": 0.11431373675015977, "attractiveness_rank": 13}, "geometry": {"type": "Polygon", "coordinates": [[[29.6214599, 60.2419481], [29.621365452175585, 60.24238575822854], [29.6213654, 60.242386], [29.621365326803755, 60.24238624042057], [29.621194052087834, 60.2429488004685], [29.6211939, 60.2429493], [29.621193325850836, 60.242949716862675], [29.62081699210306, 60.24322295229918], [29.6208161, 60.2432236], [29.62081503498467, 60.24322417954976], [29.62034500163665, 60.243479954951006], [29.620344, 60.24348049999996], [29.62034286321372, 60.24348097502741], [29.619577, 60.243801], [29.6194954, 60.243838199999985], [29.620547977041955, 60.244369084937325], [29.6205488, 60.24436949999993], [29.6205494330917, 60.244369990508176], [29.621194188504877, 60.24486952624212], [29.6211948, 60.24487], [29.6211941299343, 60.244870453758594], [29.62117822951439, 60.24488122128263], [29.621154335255195, 60.244897402097116], [29.6211536, 60.24489790000001], [29.62115266378681, 60.24489830607727], [29.620233698672124, 60.245296894114546], [29.619936646529787, 60.24542573284185], [29.6199358, 60.24542610000001], [29.619935169072612, 60.24542563791461], [29.6184297, 60.244323], [29.616649, 60.2457004], [29.616294372262224, 60.24665276884834], [29.6162941, 60.2466535], [29.616293635824146, 60.246654206866005], [29.6161868, 60.2468169], [29.61606837966364, 60.2470006660173], [29.6160681, 60.2470011], [29.61606768283168, 60.247001505789356], [29.615994608024426, 60.2470725871832], [29.61595141677751, 60.24711460005081], [29.6159508, 60.247115200000046], [29.615949913898753, 60.24711570982921], [29.6151021, 60.24760349999998], [29.6167902, 60.2484144], [29.617020893391818, 60.24843899929536], [29.6170209, 60.248439], [29.617587276021577, 60.24849947997953], [29.6175884, 60.2484996], [29.617589263712713, 60.24849997712324], [29.617879660137312, 60.24862677221919], [29.618017018304396, 60.248686746018805], [29.6180176, 60.248687], [29.618018145308756, 60.24868727319997], [29.6189266, 60.2491424], [29.6202529, 60.24843409999998], [29.620293869472377, 60.24840824328997], [29.621551021262928, 60.24761480216049], [29.6215515, 60.2476145], [29.621552019248877, 60.24761421484846], [29.6226679, 60.2470014], [29.623737823611556, 60.24636781898798], [29.6237387, 60.24636730000001], [29.6237396957587, 60.24636683726238], [29.6244118, 60.2460545], [29.624852237900217, 60.24568307403094], [29.6248528, 60.2456826], [29.624853695180434, 60.245682923663615], [29.6253996, 60.2458803], [29.62579381595709, 60.246018570522324], [29.6257939, 60.2460186], [29.6278612, 60.2467507], [29.6280471, 60.2464059], [29.6280981750614, 60.24630085695464], [29.6280983, 60.2463006], [29.628098449145998, 60.24630034625572], [29.62815860166353, 60.246198007567465], [29.6281589, 60.2461975], [29.62815929308985, 60.24619700863905], [29.628227928108217, 60.24611121486531], [29.6282281, 60.246111], [29.62822828955492, 60.246110788837704], [29.628293634982846, 60.246037994507425], [29.62833558261118, 60.24599126497063], [29.628336, 60.24599079999997], [29.62833650042876, 60.245990355743125], [29.62843396146864, 60.24590383420651], [29.628434, 60.2459038], [29.62851769983068, 60.24583010014907], [29.6285177, 60.2458301], [29.628606335235087, 60.24575205702538], [29.6286064, 60.245752], [29.62860646609939, 60.24575194335432], [29.628783999107878, 60.245599800764545], [29.628784, 60.2455998], [29.628903, 60.2454978], [29.6290129, 60.24540360000001], [29.629148203931745, 60.24523325046237], [29.6291488, 60.2452325], [29.629149606185862, 60.24523179972675], [29.629325064107075, 60.245079391768144], [29.6293254, 60.24507910000001], [29.629325770434512, 60.245078818753875], [29.629450611658267, 60.24498403484311], [29.629487484935904, 60.244956039209214], [29.6294878, 60.2449558], [29.62948813916639, 60.244955569079444], [29.629581854069805, 60.24489176337465], [29.629694046430025, 60.24481537690074], [29.6296946, 60.244815], [29.629695214639675, 60.24481464726279], [29.629801028468, 60.24475392132603], [29.62989076587188, 60.24470242131469], [29.6298915, 60.244702], [29.62989231455521, 60.24470161695344], [29.63013801294144, 60.2445860760687], [29.6301386, 60.2445858], [29.63013922528065, 60.24458554551546], [29.6304531, 60.2444578], [29.630038004861547, 60.244335994868315], [29.630037, 60.2443357], [29.63003622407891, 60.244335266753616], [29.62990089916891, 60.24425970595364], [29.6295831256706, 60.24408227017142], [29.629583, 60.24408219999999], [29.62958287671053, 60.24408212879211], [29.628395301568386, 60.24339620522596], [29.6283946, 60.24339579999999], [29.6283942519569, 60.24339529411848], [29.6280191, 60.24285], [29.6273401, 60.2422715], [29.62695216126559, 60.24214531267967], [29.6269512, 60.242145], [29.62695088362722, 60.24214445098289], [29.6267222, 60.24174759999999], [29.6264453, 60.2416297], [29.6261967, 60.2416334], [29.6252509, 60.2416804], [29.625018053002922, 60.24172295376294], [29.6250178, 60.241723], [29.62501754484788, 60.24172304321964], [29.624184516669924, 60.24186414473444], [29.6241836, 60.24186429999999], [29.624182634027253, 60.241864334131655], [29.623592662520572, 60.241885178855824], [29.623244802524802, 60.24189746811662], [29.6232439, 60.2418975], [29.623242998812962, 60.24189745983909], [29.621625115700706, 60.24182534973444], [29.621624, 60.2418253], [29.62162320691336, 60.2418249067028], [29.6215018, 60.24176469999998], [29.6214599, 60.2419481]]]}}, {"type": "Feature", "properties": {"block_id": 20, "area": 31902.514095992843, "dominant_landuse": "allotments", "poi_count": 31, "amenity_count": 0, "building_count": 31, "leisure_count": 0, "attractiveness_score": 0.046255039208911095, "attractiveness_rank": 51}, "geometry": {"type": "Polygon", "coordinates": [[[29.6215018, 60.24176469999998], [29.6212655, 60.2415886], [29.6210284, 60.2414876], [29.62030770235802, 60.24120710091775], [29.6203077, 60.2412071], [29.61979150743676, 60.241006133534036], [29.61978500235558, 60.2410036009171], [29.619785, 60.2410036], [29.6195313, 60.24090479999999], [29.6193356, 60.2408476], [29.6190995, 60.240851], [29.618401321376016, 60.2408954286442], [29.6184002, 60.2408955], [29.618399111453723, 60.24089534825963], [29.618248551547374, 60.24087436052405], [29.6182474, 60.2408742], [29.618246569476362, 60.240873772155346], [29.6182298938399, 60.240865181689394], [29.61816240117041, 60.240830412724975], [29.6181616, 60.24083], [29.618161422626574, 60.24082943322989], [29.618027, 60.240399900000014], [29.6177628, 60.2403346], [29.6166455, 60.2405363], [29.616976608944533, 60.241194621326606], [29.6169769, 60.2411952], [29.616976938926012, 60.24119579617779], [29.6169956, 60.2414816], [29.6173255, 60.2419751], [29.61742230953048, 60.242006610165106], [29.6174232, 60.2420069], [29.61742344963458, 60.242007414384105], [29.6177885, 60.2427596], [29.6194891, 60.2420186], [29.61968196263936, 60.24158902869053], [29.6196822, 60.2415885], [29.619683209227187, 60.24158870415941], [29.6214599, 60.2419481], [29.6215018, 60.24176469999998]]]}}, {"type": "Feature", "properties": {"block_id": 21, "area": 34191.77674219012, "dominant_landuse": "residential", "poi_count": 29, "amenity_count": 0, "building_count": 29, "leisure_count": 0, "attractiveness_score": 0.04508132538675802, "attractiveness_rank": 54}, "geometry": {"type": "Polygon", "coordinates": [[[29.6211939, 60.2429493], [29.6213654, 60.242386], [29.6214599, 60.2419481], [29.6196822, 60.2415885], [29.6194891, 60.2420186], [29.61948820654881, 60.242018989316634], [29.61948820654872, 60.24201898931667], [29.6177885, 60.2427596], [29.6175821, 60.24306439999995], [29.617874145261936, 60.24332162333476], [29.61787414526195, 60.24332162333476], [29.6178748, 60.2433222], [29.6182099, 60.2437208], [29.6188981, 60.2441094], [29.6194954, 60.243838199999985], [29.619577, 60.243801], [29.619577372977332, 60.2438008441496], [29.619577372977467, 60.24380084414955], [29.620344, 60.24348049999996], [29.6208161, 60.2432236], [29.6211939, 60.2429493]]]}}, {"type": "Feature", "properties": {"block_id": 22, "area": 13407.799106101636, "dominant_landuse": "residential", "poi_count": 3, "amenity_count": 0, "building_count": 3, "leisure_count": 0, "attractiveness_score": 0.02906593299868915, "attractiveness_rank": 180}, "geometry": {"type": "Polygon", "coordinates": [[[29.6199358, 60.24542610000001], [29.6211536, 60.24489790000001], [29.621161931348812, 60.24489225814482], [29.6211948, 60.24487], [29.620898412916475, 60.244640371149366], [29.6205488, 60.24436949999993], [29.619846525820186, 60.24401529908178], [29.6194954, 60.243838199999985], [29.6188981, 60.2441094], [29.6184297, 60.244323], [29.6199358, 60.24542610000001]]]}}, {"type": "Feature", "properties": {"block_id": 23, "area": 52599.53595466943, "dominant_landuse": "residential", "poi_count": 26, "amenity_count": 0, "building_count": 26, "leisure_count": 0, "attractiveness_score": 0.04354505062560507, "attractiveness_rank": 62}, "geometry": {"type": "Polygon", "coordinates": [[[29.618430413427735, 60.24432267466568], [29.6188981, 60.2441094], [29.618210710569137, 60.243721257704706], [29.6182099, 60.2437208], [29.61820942697857, 60.24372023735061], [29.6178748, 60.2433222], [29.6175821, 60.24306439999995], [29.615933597533157, 60.24378189641564], [29.6159329, 60.2437822], [29.61593211199184, 60.24378244278879], [29.6153107, 60.2439739], [29.6146211, 60.2443559], [29.615537270733345, 60.244761233122524], [29.6155381, 60.2447616], [29.615537359759394, 60.244762011253435], [29.614644545255626, 60.2452580193041], [29.6146444, 60.2452581], [29.6136278, 60.245812], [29.6135653, 60.2458808], [29.61399993454435, 60.2460370607562], [29.6140006, 60.2460373], [29.614001228708943, 60.24603756265783], [29.6146974, 60.24632840000003], [29.614840892355446, 60.246385096979424], [29.6148409, 60.24638509999998], [29.6153704, 60.246594500000015], [29.615817, 60.2467549], [29.6161868, 60.2468169], [29.6162941, 60.2466535], [29.616648800609834, 60.245700935486575], [29.616649, 60.2457004], [29.616649592294397, 60.24569994187379], [29.61842917659977, 60.244323404878756], [29.6184297, 60.244323], [29.618430413427735, 60.24432267466568]]]}}, {"type": "Feature", "properties": {"block_id": 24, "area": 57088.411444140904, "dominant_landuse": "residential", "poi_count": 40, "amenity_count": 0, "building_count": 40, "leisure_count": 0, "attractiveness_score": 0.052068325651897146, "attractiveness_rank": 37}, "geometry": {"type": "Polygon", "coordinates": [[[29.6126151, 60.2481013], [29.61103470088298, 60.24743594247382], [29.611034700882527, 60.24743594247361], [29.6110346, 60.2474359], [29.611034500124905, 60.24743585694176], [29.6096631, 60.24684460000001], [29.6083007, 60.246284299999985], [29.6060166, 60.2453491], [29.6046019, 60.2447756], [29.604353, 60.2448949], [29.604352724089466, 60.244895023794946], [29.604352724089257, 60.244895023795024], [29.6041114, 60.2450033], [29.6039974, 60.2450721], [29.603895, 60.2451927], [29.6038214, 60.2453111], [29.6037721, 60.2454724], [29.6037124572794, 60.24556209148441], [29.6036671, 60.2456303], [29.6046194, 60.24597420000001], [29.6057074, 60.246359599999984], [29.605708309120658, 60.246360001905636], [29.605708309120747, 60.246360001905664], [29.6073144, 60.24707], [29.6084382, 60.247438299999935], [29.608438908002082, 60.247438574505246], [29.6117478, 60.2487214], [29.612893887934913, 60.24838050358872], [29.6130537, 60.2483329], [29.6126151, 60.2481013]]]}}, {"type": "Feature", "properties": {"block_id": 25, "area": 40507.77628761107, "dominant_landuse": "residential", "poi_count": 42, "amenity_count": 0, "building_count": 42, "leisure_count": 0, "attractiveness_score": 0.05302796667204114, "attractiveness_rank": 35}, "geometry": {"type": "Polygon", "coordinates": [[[29.612615973594, 60.248101761300624], [29.6130537, 60.2483329], [29.6131295, 60.2483147], [29.6132956, 60.24827459999999], [29.6140201, 60.2480168], [29.614054643579223, 60.24800352168776], [29.6140547, 60.24800349999999], [29.6151021, 60.24760349999998], [29.6159508, 60.247115200000046], [29.6160681, 60.2470011], [29.6161868, 60.2468169], [29.615818071020193, 60.246755079567144], [29.615817, 60.2467549], [29.615816083817453, 60.246754570948795], [29.61572578668898, 60.24672214025375], [29.615370823944726, 60.24659465226464], [29.6153704, 60.246594500000015], [29.615369990699374, 60.2465943381368], [29.614840907656625, 60.24638510302796], [29.6148409, 60.24638509999998], [29.614697641160195, 60.24632849528801], [29.6146974, 60.24632840000003], [29.61469716416124, 60.246328301475884], [29.6140006, 60.2460373], [29.6135653, 60.2458808], [29.612988256878552, 60.24624617403375], [29.6129879, 60.2462464], [29.612987520323816, 60.2462466165905], [29.6120695, 60.2467703], [29.6110346, 60.2474359], [29.612614127421857, 60.24810089055298], [29.6126151, 60.2481013], [29.612615973594, 60.248101761300624]]]}}, {"type": "Feature", "properties": {"block_id": 26, "area": 66437.74163017454, "dominant_landuse": "residential", "poi_count": 41, "amenity_count": 3, "building_count": 38, "leisure_count": 0, "attractiveness_score": 0.058358657048519336, "attractiveness_rank": 32}, "geometry": {"type": "Polygon", "coordinates": [[[29.6128939120456, 60.24838049641192], [29.6128939, 60.24838049999995], [29.6117478, 60.2487214], [29.61353339923349, 60.24956479963799], [29.6135334, 60.2495648], [29.6143139, 60.24993339999999], [29.6160066, 60.2506909], [29.616251995753657, 60.250558702287556], [29.616252, 60.2505587], [29.616390296468335, 60.25048415580554], [29.616390398777877, 60.25048410065878], [29.6163904, 60.2504841], [29.61743717606054, 60.24991976681932], [29.6174373, 60.249919700000014], [29.61743742610116, 60.24991963418715], [29.6189266, 60.2491424], [29.6180176, 60.248687], [29.6175884, 60.2484996], [29.6170209065699, 60.24843900070157], [29.6170209, 60.248439], [29.61679163620046, 60.248414553146276], [29.616791224634753, 60.248414509259796], [29.6167902, 60.2484144], [29.616789446423752, 60.24841403802409], [29.6151021, 60.24760349999998], [29.6140547, 60.24800349999999], [29.614020430017, 60.24801667314382], [29.6140201, 60.2480168], [29.614019760778124, 60.24801692070768], [29.613296376325266, 60.24827432376318], [29.6132956, 60.24827459999999], [29.61329474119955, 60.24827480733311], [29.61312954345082, 60.2483146895101], [29.6131295, 60.2483147], [29.6130537, 60.2483329], [29.6128939120456, 60.24838049641192]]]}}, {"type": "Feature", "properties": {"block_id": 27, "area": 38814.9079783336, "dominant_landuse": "residential", "poi_count": 25, "amenity_count": 0, "building_count": 25, "leisure_count": 0, "attractiveness_score": 0.04273456590216555, "attractiveness_rank": 67}, "geometry": {"type": "Polygon", "coordinates": [[[29.6108668, 60.249002], [29.6100265, 60.24931039999996], [29.6105706, 60.2496207], [29.611145, 60.2498904], [29.612248713874205, 60.2503257898988], [29.6122495, 60.2503261], [29.613305477718256, 60.25082468992495], [29.613421936238844, 60.25087967546627], [29.613421936238876, 60.25087967546629], [29.6134222, 60.2508798], [29.613422455550698, 60.25087992869339], [29.614708, 60.2515273], [29.6160066, 60.2506909], [29.615572405667326, 60.25049659918721], [29.6143139, 60.24993339999999], [29.6135334, 60.2495648], [29.611794967292195, 60.24874367960204], [29.6117478, 60.2487214], [29.6108668, 60.249002]]]}}, {"type": "Feature", "properties": {"block_id": 28, "area": 79888.50831156931, "dominant_landuse": "residential", "poi_count": 36, "amenity_count": 0, "building_count": 36, "leisure_count": 0, "attractiveness_score": 0.049993841903025554, "attractiveness_rank": 42}, "geometry": {"type": "Polygon", "coordinates": [[[29.6117478, 60.2487214], [29.6084382, 60.247438299999935], [29.607315757179943, 60.24707044479579], [29.607315757179897, 60.24707044479576], [29.6073144, 60.24707], [29.6057074, 60.246359599999984], [29.6046194, 60.24597420000001], [29.603718909163476, 60.24564900998449], [29.603667099967677, 60.2456303000547], [29.603653481397462, 60.24565334868223], [29.6036076, 60.245731], [29.60358530908035, 60.245759733683784], [29.60356054458955, 60.24579165581477], [29.603560544589524, 60.24579165581482], [29.6035602, 60.24579210000002], [29.603559709465106, 60.245792508878694], [29.603559709465074, 60.24579250887872], [29.6034981429865, 60.24584382668611], [29.6034773, 60.245861199999986], [29.6033059, 60.245968799999986], [29.6031386, 60.2460628], [29.6027793, 60.24627849999998], [29.6021319, 60.24666709999999], [29.60204026885418, 60.246731386702635], [29.601961, 60.246787], [29.602010860669317, 60.24679911258626], [29.6021837, 60.2468411], [29.602184307261634, 60.24684127140866], [29.602418941880973, 60.246907500192634], [29.6032873, 60.2471526], [29.603288316448086, 60.24715296657843], [29.603288316448133, 60.24715296657845], [29.604989862851774, 60.247766600711465], [29.6056895, 60.248018899999984], [29.6065838, 60.2483923], [29.607021528765546, 60.248572881835855], [29.607021528765625, 60.248572881835905], [29.6070223, 60.24857320000001], [29.607022875563533, 60.24857360784636], [29.607022875563572, 60.24857360784639], [29.6072735, 60.24875119999999], [29.6077262, 60.24897330000001], [29.608487, 60.2492405], [29.6090857, 60.2494295], [29.6100265, 60.24931039999996], [29.6108668, 60.249002], [29.6117478, 60.2487214]]]}}, {"type": "Feature", "properties": {"block_id": 29, "area": 26848.4103438717, "dominant_landuse": "residential", "poi_count": 24, "amenity_count": 0, "building_count": 24, "leisure_count": 0, "attractiveness_score": 0.04195131524994078, "attractiveness_rank": 71}, "geometry": {"type": "Polygon", "coordinates": [[[29.6056283, 60.2510017], [29.604366, 60.2517052], [29.6039861, 60.2519014], [29.6048113, 60.252244], [29.6058504, 60.2522643], [29.6076782, 60.2521964], [29.6074892, 60.2512719], [29.60748917127339, 60.25127159268811], [29.6074498, 60.25085039999998], [29.60737531898857, 60.250660603215316], [29.607375318988566, 60.250660603215294], [29.6073752, 60.250660299999986], [29.6072256, 60.2501232], [29.6056283, 60.2510017]]]}}, {"type": "Feature", "properties": {"block_id": 30, "area": 116159.7535595612, "dominant_landuse": "residential", "poi_count": 66, "amenity_count": 0, "building_count": 66, "leisure_count": 0, "attractiveness_score": 0.06865723072320953, "attractiveness_rank": 26}, "geometry": {"type": "Polygon", "coordinates": [[[29.605628350034202, 60.25100167248269], [29.6072256, 60.2501232], [29.607561597416648, 60.24988670181835], [29.6075616, 60.2498867], [29.60779500485177, 60.24972234160151], [29.60779551159026, 60.249721984765536], [29.6077962, 60.2497215], [29.607797286358792, 60.24972125400762], [29.6090857, 60.2494295], [29.60848746956213, 60.2492406482352], [29.608487, 60.2492405], [29.608486545698653, 60.24924034044777], [29.607726954771493, 60.24897356508709], [29.6077262, 60.24897330000001], [29.607725542254716, 60.24897297730566], [29.607274223935526, 60.24875155517503], [29.6072735, 60.24875119999999], [29.60727291585911, 60.24875078608132], [29.6070223, 60.24857320000001], [29.6065839024978, 60.248392342285136], [29.6065838, 60.2483923], [29.6056895, 60.248018899999984], [29.6032873, 60.2471526], [29.6021837, 60.2468411], [29.601961, 60.246787], [29.60186302041055, 60.246783500728945], [29.601863, 60.2467835], [29.601761698297103, 60.24677983610682], [29.6017607, 60.2467798], [29.601759755906674, 60.24677963470803], [29.6016676, 60.2467635], [29.6014334, 60.24708609999998], [29.6012633, 60.247486], [29.6014942, 60.248721], [29.602296990286494, 60.24869793476036], [29.6022982, 60.2486979], [29.602299410243848, 60.2486979298528], [29.603073501986785, 60.2487170219202], [29.603181002928068, 60.248719672946116], [29.6031821, 60.2487197], [29.60318195453835, 60.24872024117205], [29.60304496345071, 60.24922989192006], [29.6030448, 60.2492305], [29.603044251196028, 60.24923104950038], [29.602074, 60.2502025], [29.6019247, 60.2504194], [29.6018913, 60.2505283], [29.6019189, 60.250606], [29.6021215, 60.2507228], [29.6026102, 60.2509861], [29.604366, 60.2517052], [29.60562825033283, 60.251001727681135], [29.6056283, 60.2510017], [29.605628350034202, 60.25100167248269]]]}}, {"type": "Feature", "properties": {"block_id": 31, "area": 59359.79319955076, "dominant_landuse": "residential", "poi_count": 37, "amenity_count": 0, "building_count": 37, "leisure_count": 0, "attractiveness_score": 0.050290341458426646, "attractiveness_rank": 41}, "geometry": {"type": "Polygon", "coordinates": [[[29.607234250069663, 60.25011711153667], [29.6072256, 60.2501232], [29.6073752, 60.250660299999986], [29.607449483922366, 60.25084959455774], [29.607449483922366, 60.25084959455774], [29.6074498, 60.25085039999998], [29.6074892, 60.2512719], [29.6076782, 60.2521964], [29.609521570892426, 60.252132304490075], [29.6095215708926, 60.252132304490075], [29.6095217, 60.2521323], [29.609521829200915, 60.25213229624593], [29.6110254, 60.252088600000015], [29.6107624, 60.2517705], [29.610342688772747, 60.25133810355278], [29.6103422, 60.251337599999985], [29.6107827, 60.2511436], [29.6114348, 60.2508015], [29.6122495, 60.2503261], [29.611145, 60.2498904], [29.6105706, 60.2496207], [29.610569880723194, 60.249620289802124], [29.610569880723173, 60.24962028980213], [29.6100265, 60.24931039999996], [29.6090857, 60.2494295], [29.6077962, 60.2497215], [29.60756160261543, 60.249886698158306], [29.607561602609128, 60.24988669816272], [29.6075616, 60.2498867], [29.607234250069663, 60.25011711153667]]]}}, {"type": "Feature", "properties": {"block_id": 32, "area": 11086.458341051179, "dominant_landuse": "residential", "poi_count": 10, "amenity_count": 0, "building_count": 10, "leisure_count": 0, "attractiveness_score": 0.033259178970138546, "attractiveness_rank": 160}, "geometry": {"type": "Polygon", "coordinates": [[[29.6042355, 60.2537994], [29.6040887, 60.2529413], [29.6031077, 60.252259], [29.6023736, 60.252478], [29.602638199074285, 60.25284419871883], [29.602638199081948, 60.252844198729456], [29.6026382, 60.2528442], [29.602748999354414, 60.25299759910614], [29.602908132929713, 60.25321785353965], [29.602908132929713, 60.25321785353965], [29.6029086, 60.25321850000001], [29.602987, 60.253607], [29.602917, 60.2538112], [29.6029091, 60.2538609], [29.6042355, 60.2537994]]]}}, {"type": "Feature", "properties": {"block_id": 33, "area": 77595.06313177472, "dominant_landuse": "residential", "poi_count": 51, "amenity_count": 2, "building_count": 48, "leisure_count": 1, "attractiveness_score": 0.06996730756650228, "attractiveness_rank": 24}, "geometry": {"type": "Polygon", "coordinates": [[[29.6029091, 60.2538609], [29.60291692005139, 60.25381170296858], [29.602917, 60.2538112], [29.60291717049975, 60.25381070263092], [29.602987, 60.253607], [29.6029086, 60.25321850000001], [29.60274900066582, 60.25299760092152], [29.602749, 60.25299759999997], [29.602638200922136, 60.25284420127666], [29.6026382, 60.2528442], [29.602373835917003, 60.25247832650739], [29.6023736, 60.252478], [29.6023734051278, 60.252477666871435], [29.6022397, 60.2522491], [29.6019023, 60.2518881], [29.601618, 60.2516789], [29.6012747, 60.2514822], [29.60099177676336, 60.251350129196155], [29.6009915, 60.25135], [29.60099123213477, 60.251349866250884], [29.60055105559253, 60.251130077286305], [29.6005503, 60.2511297], [29.600549787932557, 60.25112923244753], [29.6001833, 60.2507946], [29.599459839941296, 60.25094630290643], [29.5994589, 60.2509465], [29.599457928109953, 60.25094665413241], [29.5984153, 60.251112], [29.597902, 60.2512015], [29.5970281, 60.2513588], [29.598103, 60.2529399], [29.5988098, 60.2538583], [29.5988747, 60.2539228], [29.599355973325935, 60.25394329886391], [29.599356, 60.2539433], [29.599429927375585, 60.2539464925453], [29.5994301, 60.253946499999984], [29.599430272382907, 60.253946508771065], [29.5999588, 60.2539734], [29.6002945, 60.25398269999999], [29.6004512, 60.2539831], [29.6013711, 60.253953399999965], [29.601407508306135, 60.25395053864266], [29.601408, 60.25395049999999], [29.601408494643557, 60.25395047216642], [29.6020744, 60.253913], [29.6029091, 60.2538609]]]}}, {"type": "Feature", "properties": {"block_id": 34, "area": 71478.32474055159, "dominant_landuse": "residential", "poi_count": 36, "amenity_count": 15, "building_count": 17, "leisure_count": 4, "attractiveness_score": 0.10660031945789092, "attractiveness_rank": 15}, "geometry": {"type": "Polygon", "coordinates": [[[29.6013711, 60.253953399999965], [29.600451988666517, 60.25398307453974], [29.6004512, 60.2539831], [29.60045040968175, 60.253983097983046], [29.600295070633454, 60.25398270145696], [29.6002945, 60.25398269999999], [29.600293930243435, 60.25398268421658], [29.59995932222828, 60.253973414468106], [29.5999588, 60.2539734], [29.599958279680273, 60.25397337352746], [29.5994301, 60.253946499999984], [29.599356, 60.2539433], [29.5988747, 60.2539228], [29.5985867, 60.2539442], [29.5984063, 60.2539648], [29.5982634, 60.2539863], [29.5978281, 60.2540708], [29.597853197239854, 60.25410839586527], [29.5978532, 60.2541084], [29.59786589570947, 60.2541273935811], [29.5978659, 60.2541274], [29.597920194085052, 60.25420879113307], [29.59792019903441, 60.25420879855249], [29.5979202, 60.25420879999999], [29.597981979512024, 60.25430136962466], [29.597982148287173, 60.25430162251441], [29.5979822, 60.2543017], [29.597982249438775, 60.25430177785138], [29.598218911893962, 60.254674446329695], [29.5982192, 60.2546749], [29.59821940976922, 60.25467536416521], [29.5984143, 60.2551066], [29.59848249821112, 60.25525749604191], [29.5984825, 60.255257499999956], [29.598503288923176, 60.25530357544996], [29.598503296907687, 60.25530359314638], [29.5985033, 60.2553036], [29.5985208, 60.25534249999998], [29.59862274326582, 60.25556797451827], [29.5986228, 60.2555681], [29.59862285093163, 60.255568226095036], [29.59868879987708, 60.25573149969567], [29.5986888, 60.25573150000001], [29.59876189987117, 60.25591249968103], [29.5987619, 60.2559125], [29.59902449988858, 60.25656259972417], [29.5990245, 60.25656259999999], [29.59916343911733, 60.25690650594589], [29.599167798547537, 60.256917296404836], [29.5991678, 60.256917299999984], [29.5992247, 60.2570579], [29.599270399686052, 60.25715669932125], [29.5992704, 60.2571567], [29.599328663150878, 60.25728262358974], [29.599329219803487, 60.25728382667274], [29.5993293, 60.257284], [29.599329369101447, 60.25728417450323], [29.599345099068923, 60.25732389764869], [29.5993451, 60.257323899999925], [29.599387328739834, 60.257430420249776], [29.599387364561352, 60.25743051060777], [29.5993874, 60.2574306], [29.59944029679905, 60.257569991565234], [29.5994403, 60.25757], [29.5994567, 60.25761339999998], [29.59972408410657, 60.2575704025558], [29.5997241, 60.257570399999956], [29.599766889152527, 60.257563501748784], [29.5997669, 60.2575635], [29.5998309, 60.2575532], [29.6001048, 60.25750270000001], [29.6004803, 60.25743279999999], [29.600650248403813, 60.25739982941032], [29.6006504, 60.2573998], [29.601055789974247, 60.257322820893044], [29.6010559, 60.2573228], [29.6015791, 60.257225], [29.60190507090502, 60.257147819983146], [29.601906, 60.25714760000001], [29.60190696552956, 60.257147422951114], [29.60212834970547, 60.25710682755978], [29.6021285, 60.25710680000001], [29.6027172, 60.2570012], [29.602685403687357, 60.25694750622681], [29.6026854, 60.25694750000001], [29.602667305391957, 60.2569170090859], [29.602667300616424, 60.25691700103874], [29.6026673, 60.256917], [29.602611720182715, 60.256823376246324], [29.602611313309787, 60.256822690870045], [29.6026112, 60.25682250000002], [29.602611100382184, 60.25682230725328], [29.6025860759782, 60.25677388840437], [29.602537594624867, 60.25668008308775], [29.6025375, 60.2566799], [29.602537417839688, 60.256679715432156], [29.602382183944282, 60.25633098857967], [29.6023821, 60.2563308], [29.60238202916615, 60.25633061009631], [29.6023495, 60.25624340000002], [29.6023128, 60.2561644], [29.602160164230746, 60.25587710911782], [29.60216, 60.2558768], [29.602159871460803, 60.25587648673588], [29.602104813664006, 60.25574230425854], [29.602076500421713, 60.25567330102776], [29.6020765, 60.2556733], [29.602047600723377, 60.25560290176213], [29.6020476, 60.255602899999985], [29.60197200338943, 60.25541859586531], [29.60197180390393, 60.255418109517784], [29.6019718, 60.2554181], [29.601960804924907, 60.25539141195411], [29.60196080415037, 60.25539141007409], [29.6019608, 60.2553914], [29.601880101056892, 60.25519460257736], [29.6018801, 60.25519460000001], [29.60183300075488, 60.25507960184313], [29.601833, 60.2550796], [29.60173540074682, 60.2548415018219], [29.6017354, 60.2548415], [29.601474400105623, 60.25420530025747], [29.6014744, 60.2542053], [29.601435300277018, 60.25411000067519], [29.6014353, 60.25411], [29.601387203826807, 60.253992809324394], [29.6013872, 60.2539928], [29.6013711, 60.253953399999965]]]}}, {"type": "Feature", "properties": {"block_id": 35, "area": 23274.281088373024, "dominant_landuse": "residential", "poi_count": 13, "amenity_count": 0, "building_count": 11, "leisure_count": 2, "attractiveness_score": 0.04975426817503312, "attractiveness_rank": 43}, "geometry": {"type": "Polygon", "coordinates": [[[29.598810296817962, 60.253858793757004], [29.5988098, 60.2538583], [29.59880940316639, 60.253857784379136], [29.598103, 60.2529399], [29.596683779330263, 60.253158426197594], [29.5966833, 60.2531585], [29.596682814544813, 60.2531585631439], [29.5956077, 60.2532984], [29.5950314, 60.253381699999984], [29.595171779448542, 60.25391873882364], [29.5951719, 60.2539192], [29.59517186578606, 60.25391966474069], [29.595171240052032, 60.25392816431694], [29.595163531900177, 60.25403286669056], [29.5951635, 60.25403329999999], [29.59516333426516, 60.2540337257042], [29.5951234, 60.2541363], [29.5951292, 60.2542063], [29.5953416, 60.2544554], [29.5954288, 60.2545511], [29.59606362126301, 60.25441675898731], [29.5960639, 60.2544167], [29.59606418182132, 60.2544166447509], [29.597172298509157, 60.25419940029228], [29.5971723, 60.2541994], [29.59738244017185, 60.25415820973432], [29.597382995642327, 60.25415810085418], [29.597383, 60.2541581], [29.59782802601383, 60.254070814511486], [29.5978281, 60.2540708], [29.598262575378264, 60.25398646007677], [29.5982634, 60.2539863], [29.598264247331628, 60.25398617251535], [29.598405563905544, 60.25396491074943], [29.5984063, 60.2539648], [29.598407049555938, 60.253964714408234], [29.598516165309444, 60.25395225443699], [29.598585847897375, 60.253944297302795], [29.5985867, 60.2539442], [29.598587564695208, 60.25394413574929], [29.5988747, 60.2539228], [29.598810296817962, 60.253858793757004]]]}}, {"type": "Feature", "properties": {"block_id": 36, "area": 15098.325459542635, "dominant_landuse": "residential", "poi_count": 21, "amenity_count": 0, "building_count": 21, "leisure_count": 0, "attractiveness_score": 0.039963301218561044, "attractiveness_rank": 83}, "geometry": {"type": "Polygon", "coordinates": [[[29.589431102627778, 60.25656630039216], [29.5894311, 60.25656630000001], [29.58915925575423, 60.25652575138995], [29.58915691590365, 60.25652540237222], [29.5891569, 60.25652539999999], [29.588970733391093, 60.25649770496744], [29.588970718194428, 60.25649770270667], [29.5889707, 60.2564977], [29.5866421, 60.2561502], [29.5861792, 60.2568111], [29.5878151, 60.2571437], [29.5892894, 60.2573766], [29.58958098842662, 60.25666655872256], [29.5895813, 60.2566658], [29.589581818592627, 60.25666506978129], [29.5896308, 60.2565961], [29.589431102627778, 60.25656630039216]]]}}, {"type": "Feature", "properties": {"block_id": 37, "area": 393945.3017828627, "dominant_landuse": "residential", "poi_count": 232, "amenity_count": 9, "building_count": 220, "leisure_count": 4, "attractiveness_score": 0.21890747437805258, "attractiveness_rank": 6}, "geometry": {"type": "Polygon", "coordinates": [[[29.5894311, 60.25656630000001], [29.589496317802126, 60.25647483601075], [29.5894967, 60.25647429999999], [29.589497629858105, 60.25647396855098], [29.58955794921474, 60.256452467618985], [29.5895587, 60.2564522], [29.589559559153773, 60.25645203107634], [29.59082, 60.2562042], [29.59104, 60.2561259], [29.5916721, 60.255859], [29.592001534400573, 60.25570522397954], [29.5920018, 60.2557051], [29.592002073511868, 60.25570498034451], [29.592089754931035, 60.25566662155278], [29.592340096915795, 60.2555571013493], [29.5923401, 60.25555710000002], [29.592519470479495, 60.25547865664293], [29.5925196, 60.25547860000004], [29.592519731247673, 60.25547854434716], [29.5933608, 60.2551219], [29.593460057713475, 60.25507877903202], [29.5934607, 60.2550785], [29.59346138283742, 60.25507824585868], [29.593806493893606, 60.254949800024505], [29.5938073, 60.2549495], [29.593808156678556, 60.25494923685263], [29.594296592191508, 60.25479920173014], [29.5942979, 60.2547988], [29.594299305416076, 60.254798490193416], [29.594848112135317, 60.25467751096925], [29.595246746425463, 60.25458963385513], [29.5952469, 60.25458960000001], [29.595247054571526, 60.25458956728433], [29.5954288, 60.2545511], [29.59534171357226, 60.25445552464336], [29.5953416, 60.2544554], [29.595341492577436, 60.25445527401728], [29.595129596108272, 60.2542067645546], [29.5951292, 60.2542063], [29.595129158230325, 60.25420579588447], [29.595127628410594, 60.254187332575896], [29.59512345395769, 60.25413695121514], [29.5951234, 60.2541363], [29.595123649126663, 60.25413566010056], [29.5951635, 60.25403329999999], [29.5951719, 60.2539192], [29.595031546772546, 60.25338226150612], [29.5950314, 60.253381699999984], [29.595031596706008, 60.25338114227883], [29.595143728646196, 60.25306321122515], [29.595245726571154, 60.25277400820057], [29.5952458, 60.2527738], [29.595245889155446, 60.25277359332166], [29.59525816566019, 60.252745134157486], [29.595261199880852, 60.25273810027619], [29.5952612, 60.2527381], [29.595536192313453, 60.252100677683394], [29.595586599102244, 60.251983833883536], [29.5955867, 60.2519836], [29.595586820862454, 60.2519833684662], [29.5958299, 60.25151769999992], [29.5956629, 60.25145159999999], [29.5952241453886, 60.251351338887304], [29.5952231, 60.2513511], [29.59522296137607, 60.25135053230127], [29.595040712648533, 60.25060416134547], [29.5950406, 60.250603699999985], [29.595040564525235, 60.250603235604025], [29.5949716, 60.2497004], [29.5948414, 60.2488827], [29.59469117637679, 60.248349970855145], [29.5946911, 60.2483497], [29.59469105026597, 60.2483494276167], [29.5945349, 60.24749419999996], [29.593261231087137, 60.24761077884976], [29.593261, 60.2476108], [29.593260768076806, 60.24761081875452], [29.5910707, 60.2477879], [29.59134426513069, 60.24861199496152], [29.5913443, 60.24861209999999], [29.59134433085348, 60.2486122053484], [29.5914635, 60.24901909999998], [29.59161437496703, 60.24951831717187], [29.5916144, 60.249518399999985], [29.59161442254254, 60.24951848300464], [29.591730898702448, 60.24994735804967], [29.59175717562626, 60.250044110255594], [29.5917572, 60.25004419999997], [29.5918916000042, 60.250571100015364], [29.59203338345852, 60.25108913956275], [29.5920334, 60.2510892], [29.592033415218552, 60.251089260522974], [29.592130114331155, 60.251473820340934], [29.59215856474175, 60.25158696210615], [29.5921587, 60.251587499999985], [29.592157621500725, 60.25158758074404], [29.5908376, 60.2516864], [29.5907333, 60.2517221], [29.590721378257992, 60.25175816080697], [29.5907212, 60.2517587], [29.59072038391832, 60.251758333851726], [29.590522150666178, 60.251669392902016], [29.589664402262276, 60.251284539439816], [29.5896632, 60.251284], [29.589662165215902, 60.25128338068876], [29.5892099, 60.25101269999998], [29.588694813185416, 60.250781705913134], [29.5886948, 60.2507817], [29.5886102, 60.2507437], [29.5865143, 60.25183469999999], [29.5848581, 60.2527317], [29.584372517619286, 60.25302152979735], [29.5843724, 60.2530216], [29.5839239, 60.2532849], [29.58321, 60.2537178], [29.58239398795099, 60.25424294340044], [29.5823939, 60.254243], [29.5823938106047, 60.254243056037765], [29.58214756615595, 60.254397414263046], [29.58193363893373, 60.2545315129109], [29.5819335, 60.254531599999986], [29.581933357622372, 60.25453168570434], [29.5818001, 60.254611899999986], [29.58144397928564, 60.254876894538725], [29.5814433, 60.254877399999984], [29.58144251474632, 60.25487786600638], [29.5812999, 60.2549625], [29.5812366, 60.2550095], [29.5812143, 60.2550312], [29.58152679899418, 60.25514689962765], [29.5815268, 60.25514690000004], [29.5819971, 60.255321], [29.5826538, 60.25552839999998], [29.5835689, 60.255716], [29.58383, 60.2557587], [29.58577567286235, 60.256022869162834], [29.5857759, 60.2560229], [29.58577612579404, 60.2560229331844], [29.585842559398, 60.25603269675188], [29.586642008691868, 60.25615018658135], [29.5866421, 60.2561502], [29.58897067893254, 60.25649769685628], [29.588970681834937, 60.25649769728938], [29.5889707, 60.2564977], [29.589156797146426, 60.256525384699096], [29.58915688407404, 60.25652539763074], [29.5891569, 60.25652539999999], [29.5894311, 60.25656630000001]]]}}, {"type": "Feature", "properties": {"block_id": 38, "area": 16175.455911835239, "dominant_landuse": "residential", "poi_count": 21, "amenity_count": 0, "building_count": 21, "leisure_count": 0, "attractiveness_score": 0.03997943573145579, "attractiveness_rank": 82}, "geometry": {"type": "Polygon", "coordinates": [[[29.6095217, 60.2521323], [29.6076782, 60.2521964], [29.6078163, 60.2529026], [29.6079123, 60.2536291], [29.6089679, 60.2535801], [29.609709287580987, 60.25354575049137], [29.6097557, 60.2535436], [29.6095217, 60.2521323]]]}}, {"type": "Feature", "properties": {"block_id": 39, "area": 16071.214753473343, "dominant_landuse": "residential", "poi_count": 14, "amenity_count": 0, "building_count": 14, "leisure_count": 0, "attractiveness_score": 0.035749856572380646, "attractiveness_rank": 124}, "geometry": {"type": "Polygon", "coordinates": [[[29.6097557, 60.2535436], [29.6101878, 60.25350839999999], [29.610593799999965, 60.253461699999974], [29.61087296099651, 60.25342792873243], [29.6111311, 60.25339670000001], [29.611131590689865, 60.25339665196637], [29.61113159069018, 60.253396651966334], [29.611316, 60.2533786], [29.611787, 60.253250499999986], [29.6119785, 60.253183], [29.6119805, 60.2531146], [29.6111503, 60.252203899999984], [29.6110254, 60.252088600000015], [29.6095217, 60.2521323], [29.6097557, 60.2535436]]]}}, {"type": "Feature", "properties": {"block_id": 40, "area": 82143.39820259246, "dominant_landuse": "residential", "poi_count": 62, "amenity_count": 7, "building_count": 56, "leisure_count": 0, "attractiveness_score": 0.07885795363416456, "attractiveness_rank": 20}, "geometry": {"type": "Polygon", "coordinates": [[[29.613057738255446, 60.254178824455444], [29.6125645, 60.254253399999946], [29.6117936, 60.2543711], [29.611197513982965, 60.25447013122374], [29.6111971, 60.2544702], [29.611196680977073, 60.254470260772074], [29.6101311, 60.2546248], [29.609672800308754, 60.25471610072456], [29.6096718, 60.2547163], [29.609670741782242, 60.25471640133737], [29.6091977, 60.2547617], [29.608187, 60.2549589], [29.607344, 60.25517859999999], [29.6066586, 60.2554059], [29.6066228, 60.25541779999998], [29.606573, 60.255436], [29.60630730286165, 60.255558098684965], [29.6063073, 60.2555581], [29.6059736, 60.25571149999998], [29.6052438, 60.2560777], [29.605373, 60.256247], [29.60542663215406, 60.256313192844885], [29.6054268, 60.25631340000001], [29.605426951125224, 60.256313610310144], [29.605448279103623, 60.25634329089717], [29.605467287592145, 60.256369743570644], [29.6054674, 60.2563699], [29.605467503040515, 60.25637005801439], [29.60562259850848, 60.25660789771277], [29.6056226, 60.2566079], [29.6056365, 60.2566292], [29.605665, 60.2566712], [29.60584008039161, 60.25665361606992], [29.606285114990616, 60.256608918581904], [29.6062853, 60.2566089], [29.606285485608648, 60.25660888295766], [29.6065249, 60.2565869], [29.606681697285815, 60.2565722096234], [29.6066818, 60.2565722], [29.607043085890883, 60.256539210419696], [29.6070432, 60.2565392], [29.6076093, 60.256489], [29.607985048374527, 60.256447616699596], [29.6079852, 60.25644759999999], [29.607985352074248, 60.25644758433835], [29.6083901, 60.2564059], [29.60974801204166, 60.25623763568371], [29.6097483, 60.256237599999984], [29.609748589746108, 60.2562375680898], [29.61003611184662, 60.25620590250166], [29.610293441085364, 60.25617756155665], [29.610294, 60.2561775], [29.610294564474344, 60.2561774525998], [29.6105024, 60.25616], [29.611260980451995, 60.25606381515857], [29.6112611, 60.2560638], [29.61126121987302, 60.25606378549171], [29.611715322825955, 60.25600882432267], [29.612145924311008, 60.25595670599157], [29.6121468, 60.25595659999998], [29.612147698458617, 60.255956564534735], [29.6122228, 60.255953599999984], [29.61256849855671, 60.25592410012318], [29.6125685, 60.255924100000016], [29.61282175557981, 60.255902480622176], [29.6128227, 60.2559024], [29.61282365477295, 60.255902359450445], [29.613003158296692, 60.25589473574858], [29.613004, 60.2558947], [29.613004844725584, 60.255894695617656], [29.613132112310083, 60.25589403530681], [29.613215262870916, 60.25589360382529], [29.613216, 60.2558936], [29.61321673606085, 60.255893620082794], [29.6133846, 60.25589820000001], [29.613505719444944, 60.255896712046585], [29.6135067, 60.2558967], [29.613507669983974, 60.2558967723682], [29.6135831, 60.2559024], [29.61377735721033, 60.25591167408692], [29.6137779, 60.2559117], [29.61377843963911, 60.25591173890552], [29.613852856210674, 60.25591710398034], [29.613895031198822, 60.25592014457361], [29.6138958, 60.255920199999984], [29.613896559314334, 60.255920281561444], [29.614021696581855, 60.255933723069084], [29.61413234827594, 60.25594560851404], [29.6141332, 60.2559457], [29.61413403499533, 60.255945823846844], [29.61416873642532, 60.255950970770776], [29.614369889297624, 60.25598080559889], [29.6143712, 60.255981], [29.61437245383439, 60.255981271676646], [29.6148018, 60.2560743], [29.6147987, 60.25600630000002], [29.6147669, 60.25578340000001], [29.6147603, 60.2557426], [29.6147075, 60.2555919], [29.6142597, 60.2548121], [29.613921386998676, 60.25425214399775], [29.6139213, 60.254252], [29.6139212207963, 60.254251854895436], [29.6138171, 60.2540611], [29.6136038, 60.2540918], [29.613058060989275, 60.254178774343565], [29.6130579, 60.2541788], [29.613057738255446, 60.254178824455444]]]}}, {"type": "Feature", "properties": {"block_id": 41, "area": 14773.018237800781, "dominant_landuse": "residential", "poi_count": 14, "amenity_count": 0, "building_count": 14, "leisure_count": 0, "attractiveness_score": 0.03573041067483179, "attractiveness_rank": 125}, "geometry": {"type": "Polygon", "coordinates": [[[29.6136038, 60.2540918], [29.6138171, 60.2540611], [29.6141294, 60.2540135], [29.614183799932743, 60.25400027154339], [29.614510199999987, 60.25392090000002], [29.6148049, 60.2538348], [29.6140333, 60.2532799], [29.61341409999999, 60.252836], [29.61300084878433, 60.25259208311304], [29.6129182, 60.2525433], [29.6123942, 60.2528368], [29.61202601852039, 60.25308502009686], [29.61202601852009, 60.25308502009705], [29.6120259, 60.2530851], [29.61202577865396, 60.2530851788483], [29.612025778653642, 60.25308517884852], [29.6119805, 60.2531146], [29.6119785, 60.253183], [29.61300779816658, 60.25413259830857], [29.6130579, 60.2541788], [29.6136038, 60.2540918]]]}}, {"type": "Feature", "properties": {"block_id": 42, "area": 16355.662481861978, "dominant_landuse": "residential", "poi_count": 11, "amenity_count": 0, "building_count": 11, "leisure_count": 0, "attractiveness_score": 0.0339421097697371, "attractiveness_rank": 151}, "geometry": {"type": "Polygon", "coordinates": [[[29.5901346, 60.2585453], [29.5902689, 60.2581817], [29.5909568, 60.2572747], [29.5912161, 60.25689529999998], [29.5912423, 60.2568363], [29.590223800816617, 60.256684500121686], [29.5902238, 60.2566845], [29.5896308, 60.2565961], [29.5895813, 60.2566658], [29.5892894, 60.2573766], [29.589006, 60.2579274], [29.5887769, 60.2582798], [29.5901346, 60.2585453]]]}}, {"type": "Feature", "properties": {"block_id": 43, "area": 28816.934801641175, "dominant_landuse": "residential", "poi_count": 28, "amenity_count": 0, "building_count": 28, "leisure_count": 0, "attractiveness_score": 0.044396812221311005, "attractiveness_rank": 59}, "geometry": {"type": "Polygon", "coordinates": [[[29.5892894, 60.2573766], [29.5878151, 60.2571437], [29.5861792, 60.2568111], [29.586296086485802, 60.25664421932382], [29.5866421, 60.2561502], [29.5857759, 60.2560229], [29.58383055763366, 60.25575877571609], [29.583830557633565, 60.25575877571607], [29.58383, 60.2557587], [29.5835689, 60.255716], [29.583455, 60.25579410000004], [29.5831924, 60.2560043], [29.5841191, 60.2564166], [29.5850755, 60.25676339999998], [29.585076189447264, 60.256763757669475], [29.58507618944727, 60.256763757669475], [29.5858481, 60.257164199999984], [29.5869848, 60.25770029999999], [29.5877454, 60.2579442], [29.588727376835173, 60.25826368791027], [29.58877690001601, 60.258279799975334], [29.589006, 60.2579274], [29.5892894, 60.2573766]]]}}, {"type": "Feature", "properties": {"block_id": 44, "area": 33562.83778387009, "dominant_landuse": "residential", "poi_count": 17, "amenity_count": 0, "building_count": 17, "leisure_count": 0, "attractiveness_score": 0.037823874041000724, "attractiveness_rank": 104}, "geometry": {"type": "Polygon", "coordinates": [[[29.6139213, 60.254252], [29.61425965548894, 60.25481202632922], [29.6142597, 60.2548121], [29.614259742474555, 60.25481217396717], [29.61470505188255, 60.25558763695004], [29.61470717273711, 60.255591330118065], [29.6147075, 60.2555919], [29.614707704559756, 60.255592483850464], [29.614760121474887, 60.25574209046201], [29.6147603, 60.2557426], [29.61476038339619, 60.25574311554079], [29.61476688293142, 60.25578329448526], [29.6147669, 60.25578340000001], [29.614798661577083, 60.25600603069614], [29.6147987, 60.25600630000002], [29.614798712307007, 60.25600656996082], [29.6148018, 60.2560743], [29.615027, 60.2561283], [29.615110582311832, 60.256082637454995], [29.6151112, 60.2560823], [29.61511191946812, 60.25608201668681], [29.615295849558112, 60.256009588149126], [29.61542242165603, 60.25595974588011], [29.6154233, 60.25595939999999], [29.615424403778853, 60.255959303656965], [29.6162367, 60.25588840000001], [29.6166076, 60.25583820000002], [29.6172977, 60.25571080000001], [29.617051927256203, 60.255318382195654], [29.6170515, 60.255317699999985], [29.6170512504875, 60.25531699636722], [29.6168692, 60.2548036], [29.6167627, 60.2545339], [29.6166471, 60.2542952], [29.6163752, 60.2539882], [29.6160927, 60.2537787], [29.6156531, 60.2535314], [29.615585, 60.2535057], [29.61532255726691, 60.25363013061189], [29.6153222, 60.2536303], [29.615321828172256, 60.253630461462755], [29.615035727121732, 60.253754697411026], [29.6150348, 60.2537551], [29.615033790234865, 60.25375545005947], [29.61492364000725, 60.25379363620641], [29.61480561880667, 60.25383455081074], [29.6148049, 60.2538348], [29.61480414447539, 60.253835020736595], [29.614679330863286, 60.25387148660448], [29.61451094358939, 60.2539206827532], [29.6145102, 60.25392090000002], [29.61450942521597, 60.25392108840763], [29.61413019846427, 60.254013305837326], [29.6141294, 60.2540135], [29.614128550149147, 60.254013629533354], [29.6138171, 60.2540611], [29.6139213, 60.254252]]]}}, {"type": "Feature", "properties": {"block_id": 45, "area": 30804.66767034546, "dominant_landuse": "residential", "poi_count": 24, "amenity_count": 0, "building_count": 24, "leisure_count": 0, "attractiveness_score": 0.042010576674323556, "attractiveness_rank": 69}, "geometry": {"type": "Polygon", "coordinates": [[[29.615652210864788, 60.25353106445313], [29.6156531, 60.2535314], [29.61565383915924, 60.25353181582351], [29.61588639146168, 60.253662640367544], [29.616091704204567, 60.253778139814344], [29.6160927, 60.2537787], [29.61609353730068, 60.25377932094115], [29.6163746475588, 60.25398779031676], [29.6163752, 60.2539882], [29.61637559977076, 60.25398865138252], [29.61664669413512, 60.254294741746165], [29.6166471, 60.2542952], [29.616647335741167, 60.25429568678069], [29.61673146540104, 60.25446940469909], [29.616762587973195, 60.25453366867998], [29.6167627, 60.2545339], [29.61676279219348, 60.254534133472276], [29.61686915792817, 60.25480349345843], [29.6168692, 60.2548036], [29.616869237915427, 60.25480370692617], [29.6170515, 60.255317699999985], [29.6172977, 60.25571080000001], [29.61858862277004, 60.255428660592244], [29.6185889, 60.2554286], [29.618589180400804, 60.255428543124985], [29.619440274703912, 60.25525590797445], [29.6194413, 60.2552557], [29.619442385139216, 60.25525580982914], [29.6196725, 60.25527909999999], [29.6196735, 60.2551285], [29.6196048, 60.25494539999993], [29.6194965, 60.2547792], [29.6193731, 60.25460469999999], [29.619089841957013, 60.25440033027209], [29.6190898, 60.2544003], [29.618850184407755, 60.25422619728772], [29.6188495, 60.2542257], [29.61884916753068, 60.25422512060958], [29.6188324, 60.2541959], [29.6185405, 60.2539575], [29.6184032, 60.25387649999994], [29.617860701027084, 60.253820303696465], [29.6178597, 60.2538202], [29.61785883788273, 60.25381992672997], [29.617687123984805, 60.25376549743705], [29.61752841628099, 60.25371519044275], [29.6175275, 60.2537149], [29.617526870281054, 60.25371445979472], [29.6165502, 60.2530317], [29.6164637, 60.2530048], [29.61614603362016, 60.25319482007239], [29.6161459, 60.2531949], [29.616145763424253, 60.25319497868393], [29.61590932629471, 60.253331193905645], [29.615789606683375, 60.253400165705855], [29.6157892, 60.25340039999998], [29.61578876794924, 60.253400622797024], [29.615585, 60.2535057], [29.615652210864788, 60.25353106445313]]]}}, {"type": "Feature", "properties": {"block_id": 46, "area": 14353.365805575839, "dominant_landuse": "residential", "poi_count": 10, "amenity_count": 0, "building_count": 10, "leisure_count": 0, "attractiveness_score": 0.03330811451039751, "attractiveness_rank": 159}, "geometry": {"type": "Polygon", "coordinates": [[[29.615585, 60.2535057], [29.6157892, 60.25340039999998], [29.6161459, 60.2531949], [29.6136085, 60.252148], [29.6129182, 60.2525433], [29.613413418811877, 60.25283559794046], [29.6134141, 60.252836], [29.613414702537206, 60.25283643196189], [29.614033280804147, 60.25327988623887], [29.6140333, 60.2532799], [29.6148049, 60.2538348], [29.6150348, 60.2537551], [29.6153222, 60.2536303], [29.615585, 60.2535057]]]}}, {"type": "Feature", "properties": {"block_id": 47, "area": 176688.0518407945, "dominant_landuse": "industrial", "poi_count": 48, "amenity_count": 8, "building_count": 38, "leisure_count": 4, "attractiveness_score": 0.10285285658952503, "attractiveness_rank": 17}, "geometry": {"type": "Polygon", "coordinates": [[[29.628344257224807, 60.245983469626864], [29.628336, 60.245990799999944], [29.6282281, 60.246111], [29.6281589, 60.2461975], [29.6280983, 60.2463006], [29.6280471, 60.2464059], [29.6278612, 60.2467507], [29.627827171495937, 60.246808038408425], [29.62780879071628, 60.246839010141656], [29.6278085, 60.2468395], [29.627808120917226, 60.24683997469577], [29.627808120917212, 60.24683997469578], [29.627767448894144, 60.24689090501244], [29.6277296, 60.2469383], [29.627665, 60.2470052], [29.6275548, 60.2470704], [29.62755232593587, 60.24707191865194], [29.62749587024518, 60.24710657273345], [29.6274958702451, 60.2471065727335], [29.6274955, 60.24710679999998], [29.627376990424743, 60.247172254264186], [29.627331741748048, 60.247197245556585], [29.6273311, 60.2471976], [29.62733034688818, 60.247197895377546], [29.62730353088175, 60.24720841286122], [29.6271386, 60.2472731], [29.626925, 60.2473449], [29.626923975025395, 60.247345172809794], [29.626923975025267, 60.247345172809815], [29.6264516, 60.24747090000001], [29.6261016, 60.2475667], [29.626065049837194, 60.24757808350285], [29.625923410565978, 60.24762219670927], [29.625756, 60.24767439999999], [29.6259279, 60.2477087], [29.625928648835675, 60.2477090409341], [29.62592864883578, 60.24770904093416], [29.627076, 60.2482314], [29.6281535, 60.24866260000001], [29.6287136, 60.2489027], [29.6292236, 60.2491078], [29.62924316875058, 60.2491178736857], [29.62955768054303, 60.24927977816276], [29.629557680543087, 60.249279778162794], [29.6295585, 60.2492802], [29.629560099261727, 60.249281217104894], [29.62960576086849, 60.24931025712179], [29.629605760868543, 60.24931025712183], [29.6296063, 60.2493106], [29.629627980537194, 60.24932994372006], [29.62963904476714, 60.24933981539165], [29.629639044767153, 60.24933981539168], [29.6296397, 60.2493404], [29.6296555, 60.2493688], [29.62965677431909, 60.24937455926575], [29.629663098954726, 60.24940314332834], [29.629663098954726, 60.249403143328365], [29.6296632, 60.24940359999994], [29.629663149913192, 60.24940405875009], [29.629661557873746, 60.249418640393856], [29.6296588, 60.24944390000001], [29.629658643216064, 60.24944442183377], [29.629645571722055, 60.24948792844823], [29.629645571722047, 60.24948792844826], [29.6296454, 60.24948849999998], [29.629644085431472, 60.24949104594107], [29.6296140681022, 60.24954918076505], [29.629614068102185, 60.24954918076507], [29.6296138, 60.2495497], [29.629603588076563, 60.249563746613696], [29.62958947401609, 60.24958316063935], [29.629589474016072, 60.249583160639354], [29.6295893, 60.2495834], [29.6293942, 60.2498179], [29.629357, 60.2498743], [29.6293339, 60.24993639999999], [29.6293242, 60.2499939], [29.6293264, 60.2500761], [29.6293592, 60.25020940000001], [29.629398698836635, 60.25037369516097], [29.6294098, 60.2504197], [29.6303952, 60.2509081], [29.6312553, 60.2513163], [29.6314595, 60.2513819], [29.631460197037264, 60.251382299628666], [29.63146019703727, 60.251382299628666], [29.6316859, 60.2515117], [29.6318124, 60.25152470000001], [29.6320329, 60.25152469999998], [29.6323562, 60.251482], [29.632404366824254, 60.25146883336], [29.6326452, 60.251403], [29.6330389, 60.2512721], [29.6334407, 60.25115730000001], [29.63344192945447, 60.251157183032575], [29.633441929454545, 60.25115718303256], [29.6339242, 60.2511113], [29.634355105081344, 60.25106900746612], [29.6343562, 60.251068899999986], [29.6343573103094, 60.25106895625612], [29.634357310309486, 60.25106895625612], [29.63475573861562, 60.2510891428366], [29.6347845, 60.2510906], [29.63487500057713, 60.251062666597285], [29.635056, 60.2510068], [29.635160500734223, 60.25095542901347], [29.635304863940938, 60.250884461838744], [29.635304863941002, 60.250884461838716], [29.6353056, 60.250884100000015], [29.6359956, 60.2506946], [29.636635699999974, 60.2504675], [29.636835300000044, 60.25032959999993], [29.6369424, 60.2502355], [29.6369533, 60.2501034], [29.6369523, 60.249720500000016], [29.636952353279916, 60.24972011161898], [29.6369713, 60.249582], [29.6337957, 60.2482764], [29.633795500914278, 60.248276314174475], [29.633536009839162, 60.248164447352025], [29.6335359, 60.2481644], [29.6334021, 60.2481052], [29.633356941853634, 60.248085678433064], [29.63322573915355, 60.24802896015557], [29.633225739153122, 60.24802896015536], [29.6332256, 60.2480289], [29.6330058, 60.24793069999998], [29.63300483635713, 60.247930139656276], [29.63278, 60.2477994], [29.63181270765857, 60.24743602827697], [29.631812707658458, 60.24743602827692], [29.6318121, 60.2474358], [29.63181152468926, 60.247435551875995], [29.631811524689127, 60.24743555187593], [29.6312505711743, 60.24719361695681], [29.631250571174213, 60.247193616956785], [29.6312503, 60.2471935], [29.631135053364833, 60.24714050840801], [29.631081728110466, 60.24711598881313], [29.631081728110424, 60.2471159888131], [29.6310811, 60.2471157], [29.631080517692222, 60.24711538837219], [29.63108051769219, 60.24711538837216], [29.6310315662762, 60.24708919150398], [29.6309389, 60.2470396], [29.630857176494743, 60.24699205090695], [29.6307837, 60.2469493], [29.6303352, 60.24671939999999], [29.6298802, 60.2465026], [29.629425455989324, 60.2463111656677], [29.6294253, 60.2463111], [29.629070158665947, 60.24615882515455], [29.62907009993473, 60.246158799972214], [29.62884356156969, 60.24606236272829], [29.62881707754793, 60.24605108843352], [29.6288164, 60.2460508], [29.6285987, 60.2459235], [29.628434, 60.2459038], [29.628344257224807, 60.245983469626864]]]}}, {"type": "Feature", "properties": {"block_id": 48, "area": 1059591.333293105, "dominant_landuse": "residential", "poi_count": 232, "amenity_count": 2, "building_count": 228, "leisure_count": 3, "attractiveness_score": 0.20868670715587298, "attractiveness_rank": 7}, "geometry": {"type": "Polygon", "coordinates": [[[29.628434, 60.2459038], [29.62859754736499, 60.24592336213248], [29.6285987, 60.2459235], [29.628599467863662, 60.24592394901041], [29.6288164, 60.2460508], [29.6290700389391, 60.246158774006545], [29.6290701, 60.2461588], [29.6294253, 60.2463111], [29.62987966966254, 60.24650237674519], [29.6298802, 60.2465026], [29.629880701697584, 60.246502839053086], [29.630027437017603, 60.24657275650119], [29.630334902345997, 60.24671925817422], [29.6303352, 60.24671939999999], [29.630335487034976, 60.24671954713493], [29.63050653258591, 60.2468072252286], [29.630783204714888, 60.246949046120704], [29.6307837, 60.2469493], [29.630784162131395, 60.24694956888287], [29.6309389, 60.2470396], [29.6310811, 60.2471157], [29.6312503, 60.2471935], [29.6318121, 60.2474358], [29.632779025674676, 60.2477990339939], [29.63278, 60.2477994], [29.63278079354574, 60.24779986143988], [29.6330058, 60.24793069999998], [29.6332256, 60.2480289], [29.63340200188414, 60.248105157585194], [29.6334021, 60.2481052], [29.6334021971262, 60.24810524297371], [29.6335359, 60.2481644], [29.6337957, 60.2482764], [29.636970475438993, 60.24958166101772], [29.6369713, 60.249582], [29.63697122720568, 60.24958253063424], [29.6369523, 60.249720500000016], [29.636953299380327, 60.25010316274423], [29.6369533, 60.2501034], [29.636953280439748, 60.25010363705666], [29.63694244384126, 60.25023496867784], [29.6369424, 60.2502355], [29.636941873217253, 60.2502359628424], [29.63690946354034, 60.25026443863605], [29.636835904948956, 60.25032906848262], [29.6368353, 60.2503296], [29.63683458248914, 60.25033009571775], [29.6366357, 60.2504675], [29.637004, 60.250733799999985], [29.638066075596257, 60.25137666417415], [29.6380663, 60.25137680000001], [29.638066515734383, 60.25137693925242], [29.639134621046022, 60.2520663617724], [29.6391353, 60.252066800000016], [29.639134256258796, 60.25206699186849], [29.638892705139725, 60.252111395359734], [29.63888234782337, 60.25211329929623], [29.6388818, 60.2521134], [29.638881242430887, 60.25211348648772], [29.638535311502803, 60.252167145274264], [29.63800070307702, 60.25225006850117], [29.6380005, 60.2522501], [29.638000295764435, 60.2522501295913], [29.6365186, 60.2524648], [29.636627849854197, 60.25302464303614], [29.6366279, 60.2530249], [29.636627926309927, 60.25302515783824], [29.636639343952677, 60.25313705073839], [29.6366394, 60.2531376], [29.63663829498243, 60.253137629324655], [29.6352675, 60.253174], [29.63595655836015, 60.25576976647035], [29.6359567, 60.2557703], [29.635955619869446, 60.25577033850873], [29.6332099, 60.2558682], [29.6330414, 60.25591150000001], [29.6329919, 60.255985399999986], [29.633333069575244, 60.25662004340503], [29.6333331, 60.2566201], [29.633333129234014, 60.25662015674974], [29.6337224, 60.2573758], [29.63400505166318, 60.25786160131326], [29.6340054, 60.2578622], [29.634005612669743, 60.257862814182126], [29.6341767, 60.258356899999974], [29.63471429040299, 60.25834058932612], [29.6362791, 60.25829309999993], [29.63807326343251, 60.25819844414113], [29.6380741, 60.2581984], [29.638074940858797, 60.25819838692406], [29.6386592, 60.2581893], [29.639364891751693, 60.258166100271175], [29.6393649, 60.2581661], [29.6406493, 60.258124100000025], [29.6425352, 60.25805], [29.6444631, 60.2579726], [29.6458264, 60.2578983], [29.64582, 60.257769], [29.6457885, 60.2574935], [29.64559750612883, 60.25649615420945], [29.6455974, 60.2564956], [29.645598516845713, 60.256495556441465], [29.6462922, 60.2564685], [29.646394825279664, 60.256401177021964], [29.6463954, 60.2564008], [29.646396036555945, 60.25640044836261], [29.646536021900477, 60.256323119347826], [29.6465366, 60.2563228], [29.64653722555431, 60.256322503558934], [29.646775128639746, 60.25620976414875], [29.647217741941393, 60.25600001185383], [29.6472184, 60.2559997], [29.647219150179687, 60.255999444627335], [29.647471544297666, 60.25591352533922], [29.6474725, 60.2559132], [29.64747365398371, 60.2559131496018], [29.648110148046477, 60.255885350315125], [29.6481113, 60.2558853], [29.64811216048176, 60.255885683914286], [29.64819721046696, 60.255923629917014], [29.648649060045425, 60.25612522525309], [29.6486499, 60.2561256], [29.64865027578297, 60.25612612895674], [29.64865459417236, 60.25613220757337], [29.648704731669834, 60.256202781536544], [29.6487051, 60.256203299999946], [29.648704934081344, 60.25620384360787], [29.648591139629158, 60.25657667016375], [29.6485911, 60.25657679999998], [29.64859105426674, 60.25657692933969], [29.6485591, 60.2566673], [29.648458524298036, 60.257080200248815], [29.6484585, 60.2570803], [29.648458472110995, 60.257080399518934], [29.6482609, 60.2577854], [29.6482556, 60.2578623], [29.64912898451405, 60.25791745481903], [29.6491297, 60.2579175], [29.64913040822291, 60.25791756778387], [29.6491903, 60.257923300000016], [29.649283080312138, 60.25792704027155], [29.649284576787746, 60.257892732163015], [29.6492846, 60.2578922], [29.649285353745807, 60.257891821791134], [29.649341, 60.2578639], [29.6493611, 60.257829], [29.649311198988713, 60.257824596969826], [29.6493101, 60.2578245], [29.649310518261437, 60.25782398576153], [29.6498465, 60.257165], [29.649862583094215, 60.25658540924398], [29.6498626, 60.2565848], [29.649863008334865, 60.256584225480076], [29.649992299125323, 60.25640231456775], [29.65012516099631, 60.2562153769834], [29.6501255, 60.25621489999999], [29.65012628483502, 60.25621457785338], [29.6509945, 60.2558582], [29.651826, 60.2552967], [29.651574340017316, 60.25500491018775], [29.6515739, 60.2550044], [29.6515750169306, 60.255004401462294], [29.651676432469536, 60.25500453419554], [29.651112765545825, 60.25451075664673], [29.64874547997811, 60.25430419424599], [29.6487444, 60.2543041], [29.64874360256934, 60.25430372597262], [29.638783334548098, 60.24963090534586], [29.638360101257042, 60.24943230058988], [29.6383601, 60.2494323], [29.635679085214523, 60.24817433299302], [29.635617817796458, 60.24814558374502], [29.635617, 60.24814520000002], [29.635618039075922, 60.24814498613217], [29.64787445928131, 60.245621550872194], [29.6538195, 60.244397], [29.6538278, 60.2426765], [29.6534796, 60.241008500000014], [29.6480164, 60.2414812], [29.643965638036253, 60.24219211784199], [29.6439646, 60.2421923], [29.643964029579312, 60.24219183193421], [29.6434329, 60.241756], [29.6421253, 60.2407], [29.641529894254536, 60.24022847426458], [29.64152696600697, 60.24022903260506], [29.6418496, 60.2411535], [29.642536, 60.24153749999994], [29.643271132767868, 60.24192129944894], [29.6432719, 60.2419217], [29.64327154655966, 60.24192222446215], [29.6431789, 60.2420597], [29.643963672539073, 60.24239924199454], [29.6439645, 60.2423996], [29.64396379310362, 60.24240001700166], [29.643759952485702, 60.24252026299491], [29.64372157609053, 60.24254290117555], [29.6437209, 60.2425433], [29.64372008728471, 60.24254362982785], [29.643430025185452, 60.24266134628136], [29.6434294, 60.2426616], [29.643428739950444, 60.242661830864066], [29.64319592373559, 60.24274326207271], [29.64308993942299, 60.24278033151977], [29.6430886, 60.2427808], [29.643087138430893, 60.242781167305786], [29.6426294, 60.2428962], [29.642458396383898, 60.24295538592205], [29.6424572, 60.2429558], [29.642455906321494, 60.242956134039325], [29.642276429128593, 60.24300247646502], [29.642232338122565, 60.243013861053335], [29.6422318, 60.243014], [29.64223124764449, 60.24301412437923], [29.642190942096146, 60.243023200359104], [29.64213524489882, 60.24303574219324], [29.6421341, 60.243036], [29.642132868843365, 60.24303612573481], [29.641197, 60.2431317], [29.639784074033738, 60.24335997188426], [29.6397839, 60.24336], [29.639783725071727, 60.24336002670921], [29.639637381818005, 60.24338237128543], [29.638753380960154, 60.243517341835926], [29.638753, 60.2435174], [29.638752615146593, 60.243517451441384], [29.638390692166734, 60.243565827286666], [29.6383894, 60.243566], [29.63838806238256, 60.243566017019845], [29.6368719, 60.243585299999964], [29.6368959, 60.243908700000034], [29.6371806, 60.2441161], [29.63746664135445, 60.24422357737395], [29.6374675, 60.2442239], [29.63746814062901, 60.244224329963096], [29.63750572023069, 60.24424955177663], [29.63760802490418, 60.24431821402286], [29.6376086, 60.2443186], [29.6376089590342, 60.24431904593424], [29.6378813, 60.244657300000014], [29.638204813590086, 60.244842564187515], [29.6382054, 60.2448429], [29.63820587243407, 60.24484327761611], [29.6383474, 60.2449564], [29.638509079696256, 60.24498019701157], [29.6385091, 60.2449802], [29.6387041, 60.245009], [29.639077221864078, 60.245005210949984], [29.6390783, 60.2450052], [29.6390790935467, 60.24500556297833], [29.639642842168474, 60.24526342549316], [29.640630150791083, 60.245715011588054], [29.640631, 60.2457154], [29.64063066174622, 60.245715948450155], [29.640554703643442, 60.24583910767137], [29.6405544, 60.245839599999925], [29.640553563531054, 60.245839903762565], [29.64043775209137, 60.24588196043189], [29.640276405464334, 60.245940552757894], [29.640276, 60.2459407], [29.64027558176359, 60.24594083813222], [29.639767089140868, 60.246108777731095], [29.63907121014153, 60.24633859942024], [29.6390703, 60.2463389], [29.639069764996417, 60.24633842638575], [29.6386101, 60.24593149999998], [29.638090548725316, 60.245739912975054], [29.6380897, 60.2457396], [29.638089059032943, 60.245739182347116], [29.63797312843627, 60.24566364196871], [29.637700329027037, 60.24548588407548], [29.6377002, 60.24548580000001], [29.63770007418405, 60.24548571473093], [29.6372726, 60.245196], [29.635759437689927, 60.24586959356704], [29.6357583, 60.2458701], [29.63575703532088, 60.245870525543076], [29.63469986097521, 60.24622623876603], [29.634261938651733, 60.24637358417973], [29.634261, 60.2463739], [29.634260219030708, 60.24637349165526], [29.634135058008564, 60.2463080486288], [29.6341342, 60.24630759999998], [29.634133446555726, 60.246307107146016], [29.6332714, 60.2457432], [29.6320338, 60.2450183], [29.6314325, 60.24468169999999], [29.6304531, 60.2444578], [29.6301386, 60.2445858], [29.6298915, 60.244702], [29.6296946, 60.244815], [29.6294878, 60.2449558], [29.6293254, 60.24507910000001], [29.6291488, 60.2452325], [29.62901320986159, 60.24540320988209], [29.6290129, 60.24540360000001], [29.62901247670713, 60.245403962823666], [29.628903, 60.2454978], [29.628784000864123, 60.24559979925932], [29.628784, 60.2455998], [29.6286064, 60.245752], [29.628517700209976, 60.24583009981514], [29.6285177, 60.2458301], [29.628434, 60.2459038]]]}}, {"type": "Feature", "properties": {"block_id": 49, "area": 18441.045779830194, "dominant_landuse": "residential", "poi_count": 12, "amenity_count": 0, "building_count": 12, "leisure_count": 0, "attractiveness_score": 0.034577349597147394, "attractiveness_rank": 143}, "geometry": {"type": "Polygon", "coordinates": [[[29.6334903, 60.2435556], [29.6332787, 60.2436547], [29.63327755466377, 60.2436551151619], [29.633095559550334, 60.24372108456035], [29.6329413, 60.243777], [29.63294046173616, 60.243777251646065], [29.632940461736013, 60.24377725164614], [29.63289099999183, 60.24379210000248], [29.632693749442865, 60.24385149202308], [29.632618, 60.2438743], [29.632435830153682, 60.24392503252539], [29.632321834956816, 60.24395677886984], [29.6323214, 60.2439569], [29.63232095470727, 60.243957011463145], [29.632320954707236, 60.243957011463166], [29.63200162456041, 60.244036943790086], [29.63200162456013, 60.24403694379017], [29.6320014, 60.244037], [29.6312025, 60.244226], [29.6308074, 60.2443379], [29.6304531, 60.2444578], [29.63143143952743, 60.24468145757159], [29.631431439527518, 60.24468145757164], [29.6314325, 60.24468169999999], [29.6320338, 60.2450183], [29.6350086, 60.2441448], [29.63460407630195, 60.243972859946005], [29.634604076301798, 60.243972859945934], [29.6346037, 60.2439727], [29.634603338169764, 60.24397253200404], [29.63460333816961, 60.243972532003966], [29.633941912013878, 60.24366543059431], [29.63394191201379, 60.24366543059426], [29.6339412, 60.243665100000015], [29.633940547965796, 60.2436647401213], [29.63394054796572, 60.24366474012126], [29.6337448, 60.2435567], [29.6334903, 60.2435556]]]}}, {"type": "Feature", "properties": {"block_id": 50, "area": 133639.6414986832, "dominant_landuse": "residential", "poi_count": 49, "amenity_count": 0, "building_count": 49, "leisure_count": 0, "attractiveness_score": 0.05865102179927908, "attractiveness_rank": 31}, "geometry": {"type": "Polygon", "coordinates": [[[29.6337448, 60.2435567], [29.634612295712518, 60.243558999459175], [29.634612295713065, 60.24355899945919], [29.6346125, 60.243559], [29.634612704233742, 60.24355900237907], [29.6346127042345, 60.24355900237909], [29.6368719, 60.243585299999964], [29.6383894, 60.243566], [29.63844134302297, 60.24355905719031], [29.638753, 60.2435174], [29.6397839, 60.24336], [29.641195801641857, 60.243131893614056], [29.64119580164198, 60.243131893614056], [29.641197, 60.2431317], [29.64199589350688, 60.243050114590936], [29.6421341, 60.243036], [29.642158525012434, 60.24303050000663], [29.6422318, 60.243014], [29.64236704007388, 60.24297908005132], [29.6424572, 60.2429558], [29.6426294, 60.2428962], [29.643178846565615, 60.2420597813449], [29.6431789, 60.2420597], [29.643263262631404, 60.24193451679121], [29.643271899895147, 60.2419216999453], [29.642536267808453, 60.241537639820315], [29.642536267808325, 60.241537639820244], [29.642536, 60.24153749999994], [29.642535742026347, 60.24153735568143], [29.642535742026308, 60.24153735568141], [29.6418496, 60.2411535], [29.6400644, 60.2404586], [29.63975275430943, 60.24033627813068], [29.639741599977338, 60.240331899999326], [29.639386593811285, 60.2403216238749], [29.639254754995665, 60.24031780738181], [29.639254754995335, 60.24031780738177], [29.6392545, 60.2403178], [29.6383057, 60.24027959999999], [29.6372971, 60.24030459999999], [29.6369642, 60.2407801], [29.636963417719556, 60.24078052235314], [29.63696341771949, 60.24078052235319], [29.636712300000013, 60.2409161], [29.636275252069453, 60.24119668138108], [29.636275252069396, 60.24119668138111], [29.6362746, 60.2411971], [29.6358309, 60.2413918], [29.6344846, 60.2421882], [29.634267878762607, 60.24247199686117], [29.63426787876253, 60.24247199686125], [29.6342678, 60.2424721], [29.6339691, 60.2428412], [29.6337653, 60.2431198], [29.6335054, 60.2434823], [29.6334903, 60.2435556], [29.6337448, 60.2435567]]]}}, {"type": "Feature", "properties": {"block_id": 51, "area": 32047.93242683778, "dominant_landuse": "residential", "poi_count": 18, "amenity_count": 0, "building_count": 18, "leisure_count": 0, "attractiveness_score": 0.038405184556872876, "attractiveness_rank": 97}, "geometry": {"type": "Polygon", "coordinates": [[[29.6346037, 60.2439727], [29.6350086, 60.2441448], [29.6355153, 60.24430859999999], [29.6357964, 60.24438389999999], [29.635853856301313, 60.24439209996713], [29.63619860000001, 60.24444130000001], [29.636680928738617, 60.244497874349435], [29.63668092873865, 60.244497874349456], [29.636682, 60.244498], [29.6369289, 60.2446942], [29.636929550533647, 60.244694930737346], [29.637124701675607, 60.24491414024603], [29.6371252, 60.24491470000001], [29.63712557278397, 60.24491528339527], [29.637125572783976, 60.24491528339527], [29.637226377834093, 60.2450730393304], [29.6372263778341, 60.24507303933041], [29.6372268, 60.245073699999935], [29.63722705521039, 60.2450743814924], [29.6372726, 60.245196], [29.6377002, 60.24548580000001], [29.6380897, 60.2457396], [29.6386101, 60.24593149999998], [29.638610681615535, 60.245932014892695], [29.6390703, 60.2463389], [29.640276, 60.24594069999998], [29.6405544, 60.245839599999925], [29.640631, 60.2457154], [29.6390783, 60.2450052], [29.6387041, 60.245009], [29.638701277072684, 60.24500858307779], [29.63850912031288, 60.24498020300006], [29.638348523422735, 60.244956565353085], [29.63834852342269, 60.24495656535306], [29.6383474, 60.2449564], [29.63834678122353, 60.24495590541664], [29.638346781223504, 60.244955905416624], [29.6382054, 60.2448429], [29.63788212430437, 60.24465777205216], [29.6378813, 60.244657300000014], [29.637880832740272, 60.24465671965869], [29.637880832740258, 60.24465671965869], [29.6376086, 60.2443186], [29.6374675, 60.2442239], [29.637181574825895, 60.24411646628402], [29.63718157482586, 60.244116466284005], [29.6371806, 60.2441161], [29.6368959, 60.243908700000034], [29.6368719, 60.243585299999964], [29.6346125, 60.243559], [29.6337448, 60.2435567], [29.6339412, 60.243665100000015], [29.6346037, 60.2439727]]]}}, {"type": "Feature", "properties": {"block_id": 52, "area": 17609.0514449976, "dominant_landuse": "residential", "poi_count": 10, "amenity_count": 0, "building_count": 10, "leisure_count": 0, "attractiveness_score": 0.0333568819571062, "attractiveness_rank": 157}, "geometry": {"type": "Polygon", "coordinates": [[[29.6009456, 60.2463421], [29.6005009, 60.2461229], [29.600123800000016, 60.24589610000001], [29.5998395, 60.24573379999999], [29.5995954, 60.24562079999998], [29.5992464, 60.245498799999986], [29.5987129, 60.245661], [29.598711698333638, 60.24566107204405], [29.598711698333485, 60.245661072044065], [29.5976103, 60.2457271], [29.5976274, 60.2466285], [29.59933812074358, 60.24660740591256], [29.59933812074388, 60.24660740591256], [29.5993386, 60.2466074], [29.59933907932905, 60.24660740420859], [29.59933907932915, 60.2466074042086], [29.600261351759958, 60.24661549869943], [29.600261351760217, 60.24661549869944], [29.6002615, 60.2466155], [29.600594900720317, 60.24662060295451], [29.600914696519833, 60.246625496886324], [29.600914696520036, 60.246625496886345], [29.6009149, 60.2466255], [29.600915103333207, 60.24662550493746], [29.600915103333456, 60.24662550493748], [29.600972038229934, 60.24662688745331], [29.601405, 60.2466374], [29.6011982, 60.24650340000004], [29.6009456, 60.2463421]]]}}, {"type": "Feature", "properties": {"block_id": 53, "area": 116994.17455610102, "dominant_landuse": "residential", "poi_count": 89, "amenity_count": 0, "building_count": 89, "leisure_count": 0, "attractiveness_score": 0.08256178785385021, "attractiveness_rank": 19}, "geometry": {"type": "Polygon", "coordinates": [[[29.601198248663597, 60.246503431532695], [29.601198248664023, 60.24650343153296], [29.601285357043224, 60.2465598752416], [29.601405, 60.2466374], [29.601441912501635, 60.24665332385347], [29.601495421008718, 60.24667640708778], [29.6014961, 60.246676700000016], [29.6016676, 60.2467635], [29.6017607, 60.2467798], [29.60186297957205, 60.24678349926117], [29.601961, 60.246787], [29.6021319, 60.24666709999999], [29.602779299153312, 60.24627850050819], [29.60313836450193, 60.246062941378725], [29.60313836450206, 60.246062941378675], [29.6031386, 60.2460628], [29.6033059, 60.245968799999986], [29.603365544091, 60.24593135725607], [29.6034773, 60.245861199999986], [29.6035602, 60.24579210000002], [29.6036076, 60.245731], [29.6036671, 60.2456303], [29.6037721, 60.2454724], [29.6038214, 60.2453111], [29.603895, 60.2451927], [29.6039974, 60.2450721], [29.60399809287129, 60.24507168184724], [29.603998092871304, 60.24507168184724], [29.60402378237335, 60.24505617804035], [29.6041114, 60.2450033], [29.604353, 60.2448949], [29.604601135158585, 60.244775966597366], [29.6046019, 60.2447756], [29.604602730763975, 60.24477527075974], [29.604969895374655, 60.24462975851793], [29.6049708, 60.2446294], [29.60497188046532, 60.24462919439735], [29.60497188046536, 60.24462919439735], [29.6054653, 60.2445353], [29.605589450030955, 60.244501250270424], [29.6059619, 60.244399100000045], [29.6062472, 60.2443133], [29.606465063345933, 60.24424781220311], [29.606467100000273, 60.24424719999989], [29.606850342457786, 60.244123982803686], [29.606850342458213, 60.24412398280353], [29.6068506, 60.2441239], [29.606850861973566, 60.24412382070585], [29.606850861973577, 60.24412382070585], [29.6071638, 60.2440291], [29.6070265, 60.2437406], [29.60702647066242, 60.243740534909605], [29.607026470662355, 60.24374053490948], [29.6064848, 60.2425387], [29.60539252076399, 60.2426644745803], [29.605392520763452, 60.24266447458035], [29.6053923, 60.24266449999998], [29.605392078254635, 60.24266452321078], [29.605392078254056, 60.24266452321084], [29.60415451608496, 60.24279405645128], [29.6041545160847, 60.24279405645131], [29.6041541, 60.2427941], [29.6029094, 60.2429002], [29.6016699, 60.24302740000001], [29.6004244, 60.243185199999985], [29.5995133, 60.24326819999998], [29.5997995, 60.2439559], [29.5997827, 60.2444804], [29.59982903507376, 60.244878042817255], [29.59982903507376, 60.24487804281727], [29.5998291, 60.2448786], [29.59981850080999, 60.24491570664611], [29.5997123, 60.24528750000001], [29.5995954, 60.24562079999998], [29.5998395, 60.24573379999999], [29.59984027512805, 60.245734242504895], [29.59984027512811, 60.24573424250495], [29.600071040451464, 60.245865981017936], [29.6001238, 60.24589610000001], [29.60012398498958, 60.24589621125969], [29.6005009, 60.2461229], [29.6009456, 60.2463421], [29.6011982, 60.24650340000004], [29.601198248663597, 60.246503431532695]]]}}, {"type": "Feature", "properties": {"block_id": 54, "area": 27588.84763835475, "dominant_landuse": "residential", "poi_count": 21, "amenity_count": 0, "building_count": 21, "leisure_count": 0, "attractiveness_score": 0.04015039878945157, "attractiveness_rank": 80}, "geometry": {"type": "Polygon", "coordinates": [[[29.601427774979573, 60.246647225006], [29.601405, 60.2466374], [29.601241633299008, 60.24663343353472], [29.6009149, 60.2466255], [29.60062450015489, 60.246621055956034], [29.6002615, 60.2466155], [29.5993386, 60.2466074], [29.5992597, 60.2487549], [29.6014942, 60.248721], [29.6012633, 60.247486], [29.60126353433725, 60.24748544908681], [29.601263534337257, 60.24748544908679], [29.601433077758408, 60.24708685758946], [29.601433077758408, 60.24708685758946], [29.6014334, 60.24708609999998], [29.601433928778953, 60.24708537163813], [29.6016676, 60.2467635], [29.6014961, 60.246676700000016], [29.601427774979573, 60.246647225006]]]}}, {"type": "Feature", "properties": {"block_id": 55, "area": 24625.01009617421, "dominant_landuse": "residential", "poi_count": 20, "amenity_count": 0, "building_count": 20, "leisure_count": 0, "attractiveness_score": 0.03950200045250278, "attractiveness_rank": 87}, "geometry": {"type": "Polygon", "coordinates": [[[29.6001833, 60.2507946], [29.60010347985109, 60.25066611145863], [29.6001031, 60.2506655], [29.600103154856722, 60.25066486063884], [29.600120457729364, 60.25046319267409], [29.6001205, 60.2504627], [29.600120799121495, 60.25046222982403], [29.600235313099354, 60.250282229298335], [29.60034482313777, 60.25011009238634], [29.6003452, 60.2501095], [29.600345706235405, 60.25010893193599], [29.600770688463204, 60.249632037380096], [29.6007709, 60.24963179999999], [29.600771133401743, 60.249631567737644], [29.6010994, 60.2493049], [29.6014126, 60.24897170000002], [29.6014669, 60.2488835], [29.6014942, 60.248721], [29.59925981870516, 60.2487548982001], [29.5992597, 60.2487549], [29.59925958126329, 60.24875490117895], [29.5986956, 60.24876049999999], [29.5986712, 60.24983309999998], [29.5989747, 60.250442199999966], [29.5991545, 60.250714299999984], [29.5994589, 60.2509465], [29.6001833, 60.2507946]]]}}, {"type": "Feature", "properties": {"block_id": 56, "area": 43707.26546672102, "dominant_landuse": "residential", "poi_count": 30, "amenity_count": 0, "building_count": 30, "leisure_count": 0, "attractiveness_score": 0.04582786197637483, "attractiveness_rank": 52}, "geometry": {"type": "Polygon", "coordinates": [[[29.6005503, 60.2511297], [29.600894343469818, 60.25130148818181], [29.6009915, 60.25135], [29.6009915, 60.25135], [29.60099150000003, 60.25135], [29.60111397180544, 60.25140717101446], [29.60127385886961, 60.251481807356186], [29.6012747, 60.2514822], [29.601275456139938, 60.25148263324779], [29.601396258033855, 60.251551849269426], [29.601618, 60.2516789], [29.601618761509492, 60.2516794603554], [29.601618761509517, 60.25167946035542], [29.601901797023398, 60.251887729891436], [29.601901797023416, 60.251887729891436], [29.6019023, 60.2518881], [29.601948491766425, 60.25193752325518], [29.602239338692485, 60.25224871342503], [29.602239338692517, 60.25224871342507], [29.6022397, 60.2522491], [29.6023736, 60.252478], [29.6031077, 60.252259], [29.6039861, 60.2519014], [29.604366, 60.2517052], [29.603705921614416, 60.25143486682696], [29.6026102, 60.2509861], [29.6021215, 60.2507228], [29.602053913794876, 60.25068383631409], [29.601919691424097, 60.25060645626251], [29.6019189, 60.250606], [29.601918689271706, 60.25060540675548], [29.60191868927169, 60.250605406755454], [29.601891513331896, 60.250528900577144], [29.6018913, 60.2505283], [29.601891484912194, 60.25052769709959], [29.601891484912194, 60.25052769709958], [29.601924548266304, 60.25041989472608], [29.6019247, 60.2504194], [29.602074, 60.2502025], [29.60207465851482, 60.250201840692874], [29.602074658514827, 60.25020184069285], [29.6030448, 60.2492305], [29.6031821, 60.2487197], [29.6022982, 60.2486979], [29.6014942, 60.248721], [29.6014669, 60.2488835], [29.601466547092713, 60.248884073232176], [29.601466547092706, 60.248884073232205], [29.60141306296752, 60.24897094799957], [29.601413062967502, 60.24897094799957], [29.6014126, 60.24897170000002], [29.601411930281262, 60.24897241249287], [29.60141193028125, 60.24897241249287], [29.601130802891248, 60.24927149214993], [29.6010994, 60.2493049], [29.6007709, 60.24963179999999], [29.6003452, 60.2501095], [29.6001205, 60.2504627], [29.6001031, 60.2506655], [29.6001833, 60.2507946], [29.6005503, 60.2511297]]]}}, {"type": "Feature", "properties": {"block_id": 57, "area": 23381.82798192765, "dominant_landuse": "residential", "poi_count": 20, "amenity_count": 0, "building_count": 20, "leisure_count": 0, "attractiveness_score": 0.03948337862465441, "attractiveness_rank": 89}, "geometry": {"type": "Polygon", "coordinates": [[[29.5970281, 60.2513588], [29.596379395044735, 60.251453513123145], [29.596379395044725, 60.251453513123145], [29.5963788, 60.2514536], [29.59637819625522, 60.251453670506116], [29.59637819625502, 60.251453670506116], [29.5958299, 60.25151769999992], [29.5955867, 60.2519836], [29.595261200102676, 60.252738099762006], [29.5952458, 60.2527738], [29.5950314, 60.253381699999984], [29.595607406527737, 60.25329844242002], [29.595607406528174, 60.25329844241996], [29.5956077, 60.2532984], [29.595607995674577, 60.25329836154386], [29.59560799567498, 60.253298361543806], [29.5966833, 60.2531585], [29.598103, 60.2529399], [29.5970281, 60.2513588]]]}}, {"type": "Feature", "properties": {"block_id": 58, "area": 59179.409533732025, "dominant_landuse": "residential", "poi_count": 39, "amenity_count": 0, "building_count": 39, "leisure_count": 0, "attractiveness_score": 0.05149564452311757, "attractiveness_rank": 38}, "geometry": {"type": "Polygon", "coordinates": [[[29.597902, 60.2512015], [29.59758536491125, 60.25069552333001], [29.59758536491125, 60.25069552333001], [29.5975851, 60.2506951], [29.597578548211555, 60.25068070908216], [29.597355372958138, 60.250190499568255], [29.59735537295813, 60.25019049956823], [29.5973551, 60.2501899], [29.597354960552167, 60.25018928919354], [29.597354960552167, 60.25018928919354], [29.5972762, 60.2498443], [29.59688, 60.2487774], [29.596686060757822, 60.24873769668761], [29.596686060757715, 60.2487376966876], [29.5966851, 60.2487375], [29.5966845695101, 60.24873705591252], [29.596684569510078, 60.24873705591249], [29.596300012385644, 60.24841512894197], [29.596300012385637, 60.248415128941964], [29.5962995, 60.2484147], [29.596299320115488, 60.24841420922252], [29.596222121596455, 60.2482035876983], [29.596079, 60.2478131], [29.596073677157804, 60.24768050702452], [29.59606002756374, 60.24734048664033], [29.59606, 60.2473398], [29.59606014126041, 60.24733911682198], [29.59606014126041, 60.24733911682198], [29.5962067, 60.2466303], [29.5949802, 60.246682], [29.5943843, 60.2466898], [29.594534895208692, 60.24749417440883], [29.594534895208696, 60.24749417440891], [29.5945349, 60.24749419999996], [29.594691003960435, 60.24834917401062], [29.59469110000021, 60.248349700000716], [29.5948414, 60.2488827], [29.594841453685902, 60.24888303717475], [29.594841453685902, 60.24888303717475], [29.59494805723687, 60.2495525467752], [29.5949716, 60.2497004], [29.594971617572224, 60.24970063005076], [29.59497161757223, 60.249700630050775], [29.5950406, 60.250603699999985], [29.5952231, 60.2513511], [29.5956629, 60.25145159999999], [29.595663966919734, 60.251452022297286], [29.5958299, 60.25151769999992], [29.5963788, 60.2514536], [29.5970281, 60.2513588], [29.597902, 60.2512015]]]}}, {"type": "Feature", "properties": {"block_id": 59, "area": 20794.75383963775, "dominant_landuse": "residential", "poi_count": 14, "amenity_count": 0, "building_count": 14, "leisure_count": 0, "attractiveness_score": 0.0358206112355065, "attractiveness_rank": 122}, "geometry": {"type": "Polygon", "coordinates": [[[29.6174539, 60.2513294], [29.6160066, 60.2506909], [29.614708, 60.2515273], [29.616009934855892, 60.25202528384122], [29.616009934856038, 60.252025283841284], [29.6160105, 60.2520255], [29.6172445, 60.2525624], [29.6177502, 60.2522775], [29.61775039282158, 60.25227739671539], [29.617750392821847, 60.25227739671526], [29.618037518345055, 60.25212359730448], [29.61803751834538, 60.25212359730429], [29.6180377, 60.25212349999993], [29.61803788623543, 60.25212340485862], [29.618037886235534, 60.25212340485857], [29.618551562760214, 60.25186098196574], [29.6174539, 60.2513294]]]}}, {"type": "Feature", "properties": {"block_id": 60, "area": 24907.424715497622, "dominant_landuse": "residential", "poi_count": 18, "amenity_count": 0, "building_count": 18, "leisure_count": 0, "attractiveness_score": 0.038298225726121744, "attractiveness_rank": 100}, "geometry": {"type": "Polygon", "coordinates": [[[29.6185516, 60.251861], [29.6186637, 60.2518076], [29.618689006064063, 60.25179605690707], [29.618783336599616, 60.25175302891954], [29.61878333660027, 60.25175302891926], [29.6187834, 60.251753], [29.61922349048448, 60.251553785376096], [29.61922390000892, 60.25155359999574], [29.6196288, 60.251361], [29.6200695, 60.251113], [29.6203127, 60.25096579999999], [29.6174373, 60.249919700000014], [29.6163904, 60.2504841], [29.61625604742684, 60.250556518373536], [29.616252004232077, 60.250558697718816], [29.616252004222286, 60.250558697724095], [29.616252, 60.2505587], [29.616039167783573, 60.250673355421014], [29.616006600000194, 60.25069090000008], [29.6174539, 60.2513294], [29.6185516, 60.251861]]]}}, {"type": "Feature", "properties": {"block_id": 61, "area": 21234.424038994846, "dominant_landuse": "residential", "poi_count": 29, "amenity_count": 0, "building_count": 29, "leisure_count": 0, "attractiveness_score": 0.04488723508522908, "attractiveness_rank": 56}, "geometry": {"type": "Polygon", "coordinates": [[[29.618539, 60.2518674], [29.61834732882463, 60.25196532007661], [29.6180377, 60.25212349999993], [29.618126546998393, 60.252129782117976], [29.618145535526413, 60.25213112473461], [29.618145535526494, 60.25213112473462], [29.6181466, 60.252131199999965], [29.6199806, 60.25354569999999], [29.6208742, 60.2532419], [29.6218117, 60.25287939999998], [29.6192911, 60.25158029999995], [29.6192239, 60.2515536], [29.61878340000027, 60.25175299999989], [29.618663699999942, 60.25180760000003], [29.618610237296465, 60.25183306754772], [29.618551600000053, 60.251861], [29.618544877061154, 60.251864414826535], [29.618539, 60.2518674]]]}}, {"type": "Feature", "properties": {"block_id": 62, "area": 50401.147813521384, "dominant_landuse": "residential", "poi_count": 41, "amenity_count": 1, "building_count": 40, "leisure_count": 0, "attractiveness_score": 0.05442091980972191, "attractiveness_rank": 33}, "geometry": {"type": "Polygon", "coordinates": [[[29.6046019, 60.2447756], [29.606016513994774, 60.24534906513572], [29.6060166, 60.2453491], [29.6083007, 60.246284299999985], [29.6094088, 60.245633], [29.6108772, 60.2447427], [29.610369860882578, 60.24453286654117], [29.6103697, 60.2445328], [29.61036954162727, 60.244532731987356], [29.610051196814908, 60.2443960188837], [29.609866651395, 60.24431676501751], [29.6098665, 60.2443167], [29.609866350947158, 60.24431663365855], [29.6095223, 60.2441635], [29.6089139, 60.2439108], [29.6084601, 60.2437279], [29.6083415, 60.24369209999998], [29.6073999, 60.2439577], [29.60716380768194, 60.24402909767688], [29.6071638, 60.2440291], [29.6068506, 60.2441239], [29.60646738655834, 60.24424710786868], [29.6064671, 60.2442472], [29.60646680796956, 60.244247287782166], [29.60646275411509, 60.24424850634075], [29.60624720416654, 60.24431329874758], [29.6062472, 60.2443133], [29.605963245717263, 60.24439869529677], [29.605962285250516, 60.244398984142016], [29.6059619, 60.244399100000045], [29.605961505760952, 60.24439920812717], [29.605818391762718, 60.244438459592665], [29.60546666975035, 60.2445349243295], [29.6054653, 60.2445353], [29.60546383900375, 60.24453557802117], [29.6049708, 60.2446294], [29.6046019, 60.2447756]]]}}, {"type": "Feature", "properties": {"block_id": 63, "area": 2489.430088948391, "dominant_landuse": null, "poi_count": 0, "amenity_count": 0, "building_count": 0, "leisure_count": 0, "attractiveness_score": 0.027090377375067875, "attractiveness_rank": 187}, "geometry": {"type": "Polygon", "coordinates": [[[29.583455, 60.25579410000004], [29.583468190281927, 60.25578505558998], [29.5835689, 60.255716], [29.583201006212395, 60.2556405809862], [29.5826538, 60.25552839999998], [29.58239652812162, 60.255447148706175], [29.581999596396816, 60.255321788427054], [29.581974086340825, 60.25533975903353], [29.5819733, 60.2553404], [29.5818237, 60.25543209999993], [29.5830325, 60.2559557], [29.58305382228823, 60.25596218071507], [29.5831924, 60.25600429999999], [29.583346816941607, 60.255880696268584], [29.583455, 60.25579410000004]]]}}, {"type": "Feature", "properties": {"block_id": 64, "area": 52170.42151562728, "dominant_landuse": "residential", "poi_count": 36, "amenity_count": 0, "building_count": 36, "leisure_count": 0, "attractiveness_score": 0.04957864815571765, "attractiveness_rank": 45}, "geometry": {"type": "Polygon", "coordinates": [[[29.5812366, 60.2550095], [29.5812999, 60.2549625], [29.58130067802403, 60.25496203828722], [29.58130067802406, 60.254962038287196], [29.5814433, 60.254877399999984], [29.58179946453236, 60.25461237286519], [29.581799464532402, 60.25461237286516], [29.5818001, 60.254611899999986], [29.5819335, 60.254531599999986], [29.5823939, 60.254243], [29.5795732, 60.2527963], [29.579572946757377, 60.25279616111002], [29.57957294675723, 60.25279616110995], [29.5787436, 60.25234129999998], [29.5771924, 60.2515431], [29.5765177, 60.2519801], [29.57578443568228, 60.25252048177734], [29.575759109101412, 60.25253914590527], [29.5757589, 60.2525393], [29.5757107, 60.2525724], [29.5756798, 60.2525913], [29.5773956, 60.25336519999998], [29.5782864, 60.2537597], [29.579175371525483, 60.254156198098066], [29.57917560000456, 60.25415630000198], [29.580517798565687, 60.25474159937455], [29.580749, 60.2548424], [29.580999, 60.25495079999995], [29.581212043313926, 60.255030357284134], [29.581235995677467, 60.25501008806315], [29.5812366, 60.2550095]]]}}, {"type": "Feature", "properties": {"block_id": 65, "area": 34243.54347480207, "dominant_landuse": "residential", "poi_count": 36, "amenity_count": 1, "building_count": 36, "leisure_count": 0, "attractiveness_score": 0.05134382065050258, "attractiveness_rank": 39}, "geometry": {"type": "Polygon", "coordinates": [[[29.5823939, 60.254243], [29.58321, 60.2537178], [29.582529707340136, 60.25337011262593], [29.582529707340125, 60.25337011262593], [29.5825289, 60.2533697], [29.5823002, 60.25294], [29.5821905, 60.2528763], [29.583559, 60.2521071], [29.5838581, 60.25193359999999], [29.5826547, 60.251483], [29.5822584, 60.25136339999994], [29.5820111, 60.25148019999999], [29.5795732, 60.2527963], [29.5823939, 60.254243]]]}}, {"type": "Feature", "properties": {"block_id": 66, "area": 27140.932112974966, "dominant_landuse": "residential", "poi_count": 9, "amenity_count": 0, "building_count": 9, "leisure_count": 0, "attractiveness_score": 0.03289565902324976, "attractiveness_rank": 164}, "geometry": {"type": "Polygon", "coordinates": [[[29.5839239, 60.2532849], [29.583924016236516, 60.253284831761995], [29.5839240162374, 60.25328483176146], [29.58437240000089, 60.25302159999947], [29.58485775213869, 60.25273190763059], [29.58485775213881, 60.252731907630526], [29.5848581, 60.2527317], [29.5865143, 60.25183469999999], [29.5851886, 60.251227], [29.58484768438942, 60.25140805710819], [29.58385810000003, 60.251933599999965], [29.583675402882523, 60.2520395780623], [29.583559, 60.2521071], [29.583558883435153, 60.25210716552033], [29.583558883434943, 60.25210716552044], [29.5821905, 60.2528763], [29.582299540256948, 60.252939616905], [29.58229954025702, 60.25293961690505], [29.5823002, 60.25294], [29.5825289, 60.2533697], [29.58321, 60.25371779999997], [29.583923785965812, 60.253284969150116], [29.58392378596603, 60.25328496914997], [29.5839239, 60.2532849]]]}}, {"type": "Feature", "properties": {"block_id": 67, "area": 14027.538555474248, "dominant_landuse": "residential", "poi_count": 11, "amenity_count": 0, "building_count": 11, "leisure_count": 0, "attractiveness_score": 0.033907236421359545, "attractiveness_rank": 152}, "geometry": {"type": "Polygon", "coordinates": [[[29.5795732, 60.2527963], [29.5820111, 60.25148019999999], [29.5808927, 60.2510565], [29.5787436, 60.25234129999998], [29.5795732, 60.2527963]]]}}, {"type": "Feature", "properties": {"block_id": 68, "area": 23694.654122372558, "dominant_landuse": "residential", "poi_count": 18, "amenity_count": 0, "building_count": 18, "leisure_count": 0, "attractiveness_score": 0.03828005943741317, "attractiveness_rank": 102}, "geometry": {"type": "Polygon", "coordinates": [[[29.5827219, 60.2500584], [29.5826143, 60.25013469999998], [29.582613566855834, 60.250135123204], [29.582613566855787, 60.25013512320402], [29.58221946296528, 60.250362615657615], [29.581785, 60.2506134], [29.58178440141741, 60.25061369725126], [29.58178440141732, 60.25061369725131], [29.5808927, 60.2510565], [29.5820111, 60.25148019999999], [29.582257578019057, 60.25136378822439], [29.582257578019114, 60.25136378822436], [29.5822584, 60.25136339999994], [29.58225936923397, 60.251363692509145], [29.582259369234084, 60.25136369250918], [29.58251313129853, 60.25144027599674], [29.5826547, 60.251483], [29.5838581, 60.25193359999999], [29.5851886, 60.251227], [29.5827219, 60.2500584]]]}}, {"type": "Feature", "properties": {"block_id": 69, "area": 20331.632939056162, "dominant_landuse": "residential", "poi_count": 17, "amenity_count": 0, "building_count": 17, "leisure_count": 0, "attractiveness_score": 0.037625681663534, "attractiveness_rank": 105}, "geometry": {"type": "Polygon", "coordinates": [[[29.59121636819448, 60.25689469605167], [29.5912161, 60.25689529999998], [29.59121569976038, 60.25689588562566], [29.591175561020325, 60.25695461602363], [29.590956919852495, 60.257274524637545], [29.5909568, 60.2572747], [29.5909566685662, 60.257274873301284], [29.5902689, 60.2581817], [29.5901346, 60.2585453], [29.5911758, 60.2587564], [29.5921816, 60.25882029999999], [29.5923961, 60.2582958], [29.592445, 60.2580577], [29.59242450173424, 60.257553742637775], [29.5924245, 60.25755370000001], [29.59242172276164, 60.25746958927464], [29.5924217, 60.2574689], [29.59242184737494, 60.25746821451206], [29.59249134346011, 60.25714496299001], [29.5924914, 60.2571447], [29.59249148141566, 60.257144438626085], [29.5925261, 60.25703329999998], [29.591418707909313, 60.256863401213515], [29.5914187, 60.2568634], [29.5912423, 60.2568363], [29.59121636819448, 60.25689469605167]]]}}, {"type": "Feature", "properties": {"block_id": 70, "area": 34010.872012061445, "dominant_landuse": "retail", "poi_count": 18, "amenity_count": 6, "building_count": 13, "leisure_count": 0, "attractiveness_score": 0.049712096081844875, "attractiveness_rank": 44}, "geometry": {"type": "Polygon", "coordinates": [[[29.5743372, 60.249892199999984], [29.574207782918844, 60.24997707403197], [29.5740853, 60.2500574], [29.57391254638786, 60.25016956093139], [29.573911099978083, 60.25017050001783], [29.5737872, 60.25027139999994], [29.5736088, 60.25045019999999], [29.5734664, 60.2506262], [29.5733429, 60.250831], [29.573309, 60.2509557], [29.5733339, 60.2510855], [29.5733866, 60.251229399999986], [29.5734553, 60.251343699999985], [29.573500495370254, 60.25139779445865], [29.573582, 60.2514952], [29.5738242, 60.2516914], [29.5741474, 60.2518939], [29.5743428, 60.2519931], [29.5746507, 60.25213289999996], [29.5753301, 60.2524295], [29.57533033892156, 60.252429610545654], [29.575330338921567, 60.252429610545654], [29.575338321400615, 60.25243330392572], [29.5756798, 60.2525913], [29.5757107, 60.2525724], [29.575738949086, 60.25255300074153], [29.57575889999997, 60.25253930000002], [29.57578443568228, 60.25252048177734], [29.576517313783334, 60.25198038462946], [29.57651731378337, 60.251980384629434], [29.5765177, 60.2519801], [29.5771924, 60.2515431], [29.576104189318905, 60.25093661698139], [29.5761038, 60.2509364], [29.57610343381462, 60.25093617328773], [29.5755653, 60.250603], [29.5747569, 60.2501097], [29.574490306381147, 60.24997150330788], [29.574337263990063, 60.249892233144514], [29.5743372, 60.249892199999984]]]}}, {"type": "Feature", "properties": {"block_id": 71, "area": 16601.52862382929, "dominant_landuse": "residential", "poi_count": 16, "amenity_count": 1, "building_count": 15, "leisure_count": 0, "attractiveness_score": 0.038814566532452854, "attractiveness_rank": 95}, "geometry": {"type": "Polygon", "coordinates": [[[29.6078163, 60.2529026], [29.6076782, 60.2521964], [29.6058504, 60.2522643], [29.6060522, 60.25371520000002], [29.606571098005027, 60.25369120009228], [29.606571098014587, 60.25369120009184], [29.6079123, 60.2536291], [29.6078163, 60.2529026]]]}}, {"type": "Feature", "properties": {"block_id": 72, "area": 20646.20194149119, "dominant_landuse": "residential", "poi_count": 13, "amenity_count": 0, "building_count": 13, "leisure_count": 0, "attractiveness_score": 0.0352143835218368, "attractiveness_rank": 132}, "geometry": {"type": "Polygon", "coordinates": [[[29.6244118, 60.2460545], [29.62441101275243, 60.24605486585161], [29.624411012752397, 60.24605486585164], [29.6237387, 60.24636730000001], [29.624051054890003, 60.24647892191329], [29.6250601, 60.2468395], [29.625531633469386, 60.247019152920714], [29.625720271339638, 60.24709102238756], [29.62572027133967, 60.247091022387586], [29.625721, 60.2470913], [29.625721680880282, 60.247091606120584], [29.625721680880286, 60.247091606120584], [29.62618446195015, 60.247299668183075], [29.626184461950228, 60.247299668183125], [29.6261852, 60.2473], [29.6264516, 60.24747090000001], [29.626925, 60.2473449], [29.6271386, 60.2472731], [29.6273311, 60.2471976], [29.6274575222638, 60.24712777560025], [29.6274955, 60.24710679999998], [29.627543253033018, 60.2470774878599], [29.627554671693513, 60.247070478758204], [29.6275548, 60.2470704], [29.62760744753522, 60.247039251047966], [29.627665, 60.2470052], [29.6277296, 60.246938299999975], [29.6278085, 60.2468395], [29.6278612, 60.2467507], [29.62579389999977, 60.24601859999989], [29.625399732426175, 60.24588034644864], [29.625399732425684, 60.24588034644846], [29.6253996, 60.2458803], [29.6248528, 60.2456826], [29.62441234726154, 60.2460540384946], [29.624412347261522, 60.2460540384946], [29.6244118, 60.2460545]]]}}, {"type": "Feature", "properties": {"block_id": 73, "area": 27971.260888901088, "dominant_landuse": "residential", "poi_count": 5, "amenity_count": 0, "building_count": 5, "leisure_count": 0, "attractiveness_score": 0.030492086531401435, "attractiveness_rank": 175}, "geometry": {"type": "Polygon", "coordinates": [[[29.6276111, 60.25716459999999], [29.6271881, 60.2578986], [29.6270693, 60.2581694], [29.626999, 60.258559599999984], [29.6309504, 60.25843110000001], [29.6307419, 60.2573364], [29.6277625, 60.2571479], [29.6276111, 60.25716459999999]]]}}, {"type": "Feature", "properties": {"block_id": 74, "area": 31799.469137167285, "dominant_landuse": "residential", "poi_count": 23, "amenity_count": 0, "building_count": 23, "leisure_count": 0, "attractiveness_score": 0.041421475437368974, "attractiveness_rank": 74}, "geometry": {"type": "Polygon", "coordinates": [[[29.626999, 60.258559599999984], [29.6270397, 60.258678299999985], [29.62717869816055, 60.25906049494218], [29.6271787, 60.25906049999998], [29.6271985, 60.2591148], [29.6273026, 60.259234099999986], [29.6275027, 60.2594178], [29.6277507, 60.25956879999996], [29.62985410490828, 60.25924985089971], [29.6298551, 60.2592497], [29.62985614019512, 60.25924968975772], [29.63105516614411, 60.25923787814671], [29.631285327820937, 60.259235609583016], [29.6312863, 60.2592356], [29.63128726110295, 60.2592356733411], [29.6320595, 60.2592946], [29.632428738643206, 60.25930397812402], [29.6324296, 60.259304], [29.63243044462695, 60.25930408674863], [29.632513730650885, 60.25931264072978], [29.632609549141428, 60.25932248180113], [29.6326107, 60.2593226], [29.632611722173873, 60.2593228881237], [29.632880910753567, 60.25939876478699], [29.6328821, 60.2593991], [29.632883092814993, 60.25939956711675], [29.6330719, 60.2594884], [29.6331527293513, 60.25951991917233], [29.633163854300374, 60.25938395850803], [29.6331639, 60.2593834], [29.633164806534477, 60.259383069034975], [29.6334515, 60.2592784], [29.6334961, 60.2591767], [29.633189295979548, 60.25898703026581], [29.6331886, 60.2589866], [29.633187992429445, 60.25898613784825], [29.6330549, 60.258884899999984], [29.632877614791777, 60.258785158408095], [29.6328768, 60.2587847], [29.632876324656742, 60.25878413584502], [29.632705, 60.25858079999998], [29.632647708432856, 60.258543205533606], [29.6326477, 60.2585432], [29.632534054811583, 60.25846853024049], [29.6325334, 60.258468099999966], [29.63253332328232, 60.25846756192167], [29.632523252601413, 60.258396928560785], [29.6318564402561, 60.25841379645236], [29.6318563, 60.258413799999985], [29.631856159665862, 60.25841380268043], [29.6309504, 60.25843110000001], [29.626999, 60.258559599999984]]]}}, {"type": "Feature", "properties": {"block_id": 75, "area": 84066.56312940152, "dominant_landuse": "residential", "poi_count": 74, "amenity_count": 1, "building_count": 73, "leisure_count": 0, "attractiveness_score": 0.07485728306953632, "attractiveness_rank": 22}, "geometry": {"type": "Polygon", "coordinates": [[[29.6257707, 60.25741079999999], [29.6245155, 60.256784], [29.6241256, 60.25656489999999], [29.623475, 60.2560841], [29.62298186727188, 60.25581073620503], [29.622981867271864, 60.25581073620501], [29.6229809, 60.25581020000001], [29.6217407, 60.2549142], [29.6208678, 60.2554323], [29.6206553, 60.2555889], [29.6198662, 60.2563819], [29.620903402116806, 60.256477091017025], [29.62090340211798, 60.256477091017125], [29.6209035, 60.25647710000002], [29.6218425, 60.2565654], [29.622256, 60.2566352], [29.62225676709665, 60.256635618200704], [29.622256767096683, 60.25663561820073], [29.622415760959264, 60.25672229709768], [29.622415760959314, 60.25672229709771], [29.6224165, 60.2567227], [29.622546024764986, 60.256808790320264], [29.622565500916313, 60.25682173534698], [29.6225662, 60.2568222], [29.6225721, 60.2569574], [29.6225263, 60.2570136], [29.622235290740466, 60.257192894816654], [29.621802444109175, 60.25745957282451], [29.621802444108067, 60.2574595728252], [29.6218024, 60.2574596], [29.6213246, 60.2577521], [29.62132417980883, 60.257752329959466], [29.62132417980871, 60.257752329959544], [29.6212696, 60.2577822], [29.6211649, 60.2578494], [29.622890726495626, 60.25848020003622], [29.62289072649591, 60.25848020003633], [29.622891, 60.2584803], [29.622891267332136, 60.25848040400476], [29.622891267332378, 60.25848040400483], [29.623786109507844, 60.25882853281751], [29.6240531, 60.2589324], [29.6249223, 60.259219399999985], [29.6251594, 60.2592906], [29.625459716222966, 60.259386324734535], [29.62610059999998, 60.2595906], [29.626127993289916, 60.25957712667277], [29.6261374, 60.2595725], [29.626243, 60.2594791], [29.626244074191472, 60.259479044989725], [29.62666653599837, 60.259457409675605], [29.627313, 60.2594243], [29.627313492285598, 60.259424285541044], [29.62731349228593, 60.25942428554103], [29.62745940000018, 60.25942], [29.6275027, 60.2594178], [29.627468475300407, 60.25938638049324], [29.6273026, 60.259234099999986], [29.62730220926024, 60.25923365220876], [29.627199016388793, 60.259115391790885], [29.6271985, 60.2591148], [29.627181599747484, 60.25906845234963], [29.62717870184426, 60.25906050505771], [29.627178701844205, 60.259060505057555], [29.6271787, 60.25906049999998], [29.6270397, 60.258678299999985], [29.626999, 60.258559599999984], [29.6257707, 60.25741079999999]]]}}, {"type": "Feature", "properties": {"block_id": 76, "area": 27583.32343548779, "dominant_landuse": "residential", "poi_count": 26, "amenity_count": 0, "building_count": 26, "leisure_count": 0, "attractiveness_score": 0.043170328694190574, "attractiveness_rank": 63}, "geometry": {"type": "Polygon", "coordinates": [[[29.62577122028526, 60.25741128663026], [29.626999, 60.258559599999984], [29.627069173759406, 60.2581701007059], [29.6270693, 60.2581694], [29.62706960154956, 60.25816871263507], [29.62718794542077, 60.25789895236027], [29.6271881, 60.2578986], [29.627188299805148, 60.25789825330109], [29.627611015406785, 60.25716474679158], [29.6276111, 60.25716459999999], [29.627611192600323, 60.25716445440666], [29.6278096, 60.25685249999999], [29.6282463, 60.256152699999966], [29.6276755, 60.2560014], [29.6267142, 60.256078], [29.6260104, 60.2561717], [29.6253581, 60.2563761], [29.624826, 60.256589], [29.6245155, 60.256784], [29.62576991778934, 60.25741040940448], [29.6257707, 60.25741079999999], [29.62577122028526, 60.25741128663026]]]}}, {"type": "Feature", "properties": {"block_id": 77, "area": 45268.36331160957, "dominant_landuse": "residential", "poi_count": 21, "amenity_count": 0, "building_count": 21, "leisure_count": 0, "attractiveness_score": 0.04041522314103857, "attractiveness_rank": 79}, "geometry": {"type": "Polygon", "coordinates": [[[29.6281326, 60.2600346], [29.6284184, 60.2603425], [29.62901877351034, 60.26070504053989], [29.6290197, 60.2607056], [29.62902047383052, 60.260706214068286], [29.629148369441296, 60.26080770443457], [29.629338227713937, 60.260958363286036], [29.6293384, 60.2609585], [29.62933856430522, 60.260958639118215], [29.62991096806209, 60.26144328829129], [29.6299111, 60.2614434], [29.62991122671301, 60.2614435131924], [29.629938345964, 60.26146773872721], [29.6301527, 60.2614293], [29.630481502353938, 60.26127856567107], [29.6304823, 60.2612782], [29.63048337752981, 60.26127826438926], [29.6308739, 60.26130160000001], [29.631696443844934, 60.260881288594526], [29.6316974, 60.26088080000001], [29.631698564573174, 60.26088043999675], [29.631781131033563, 60.26085491627062], [29.631926371632296, 60.260810017901306], [29.6319274, 60.26080970000001], [29.631928610899447, 60.260809687750815], [29.6322437, 60.26080650000004], [29.6323181, 60.2606137], [29.632232916075488, 60.26039425663866], [29.6322327, 60.2603937], [29.632232713128968, 60.26039313313926], [29.63223414368242, 60.26033136701935], [29.632237787446293, 60.26017404202647], [29.6322378, 60.2601735], [29.63223888429198, 60.26017344033256], [29.6324068, 60.2601642], [29.6324964, 60.2600936], [29.632459072416083, 60.25996638759642], [29.6324589, 60.2599658], [29.632459462552145, 60.25996527609671], [29.632625867256742, 60.25981030301694], [29.6326263, 60.2598099], [29.632626858494216, 60.259809537168294], [29.632955087766575, 60.2595962977506], [29.6329557, 60.2595959], [29.63295650217583, 60.259595596893675], [29.6331526, 60.2595215], [29.6331527293513, 60.25951991917233], [29.63310565605081, 60.25950156308809], [29.633072723787244, 60.25948872123401], [29.6330719, 60.2594884], [29.633071139613453, 60.25948804224324], [29.6328821, 60.2593991], [29.6326107, 60.2593226], [29.6324296, 60.259304], [29.632060642464126, 60.25929462901849], [29.6320595, 60.2592946], [29.632058369297795, 60.25929451372379], [29.6312863, 60.2592356], [29.6298551, 60.2592497], [29.6277507, 60.25956879999996], [29.6281326, 60.2600346]]]}}, {"type": "Feature", "properties": {"block_id": 78, "area": 11130.705062697614, "dominant_landuse": "residential", "poi_count": 4, "amenity_count": 0, "building_count": 3, "leisure_count": 1, "attractiveness_score": 0.03688608567909546, "attractiveness_rank": 110}, "geometry": {"type": "Polygon", "coordinates": [[[29.625756, 60.24767439999999], [29.6254546, 60.2477708], [29.625256400408194, 60.24783489986797], [29.625042969995953, 60.24790392821525], [29.62498060000005, 60.24792409999996], [29.625099541136482, 60.24793728264312], [29.62509954113653, 60.247937282643115], [29.6251006, 60.247937399999984], [29.62510001405285, 60.24793785383437], [29.6250527, 60.247974499999984], [29.6255166, 60.248178199999984], [29.6264989, 60.2485641], [29.62783119424049, 60.249097397694605], [29.6281892, 60.2492406], [29.6287136, 60.2489027], [29.6281535, 60.24866260000001], [29.627076, 60.2482314], [29.626969519392627, 60.24818292328507], [29.6259279, 60.2477087], [29.625765123685632, 60.24767622049849], [29.625756, 60.24767439999999]]]}}, {"type": "Feature", "properties": {"block_id": 79, "area": 16690.908255891663, "dominant_landuse": "residential", "poi_count": 15, "amenity_count": 0, "building_count": 15, "leisure_count": 0, "attractiveness_score": 0.03636314159305824, "attractiveness_rank": 114}, "geometry": {"type": "Polygon", "coordinates": [[[29.625756109840076, 60.247674365748885], [29.625756109840488, 60.24767436574874], [29.62585591988405, 60.247643242231845], [29.6259234, 60.247622200000016], [29.6261016, 60.2475667], [29.6264516, 60.24747090000001], [29.6261852, 60.2473], [29.625721, 60.2470913], [29.6250601, 60.2468395], [29.6237387, 60.24636730000001], [29.6226679, 60.2470014], [29.6231815, 60.2472083], [29.62376099325785, 60.247393474166905], [29.6237617, 60.24739369999999], [29.6238979643622, 60.24744473933594], [29.624130099727797, 60.24753168753114], [29.624130099728006, 60.24753168753124], [29.6241304, 60.24753179999998], [29.6247361, 60.2477748], [29.624911, 60.24785439999999], [29.6249508, 60.24788140000002], [29.624969124301852, 60.24790765664811], [29.6249806, 60.247924099999985], [29.6252564, 60.24783489999999], [29.6254546, 60.2477708], [29.625756, 60.24767439999999], [29.625756109840076, 60.247674365748885]]]}}, {"type": "Feature", "properties": {"block_id": 80, "area": 22171.141316831086, "dominant_landuse": "residential", "poi_count": 15, "amenity_count": 0, "building_count": 15, "leisure_count": 0, "attractiveness_score": 0.036445230898768374, "attractiveness_rank": 112}, "geometry": {"type": "Polygon", "coordinates": [[[29.6293987, 60.25037369999996], [29.629096284026698, 60.250352469084106], [29.6290953, 60.2503524], [29.629094332002932, 60.25035228818478], [29.628856323951766, 60.25032479517791], [29.6288555, 60.2503247], [29.628854713873785, 60.25032454474379], [29.62839844268396, 60.25023443229272], [29.628033184586688, 60.250162293211055], [29.6280317, 60.250162], [29.628030313420304, 60.25016160567769], [29.627781940611282, 60.25009097181707], [29.627331306724656, 60.249962815669925], [29.6273309, 60.2499627], [29.627330503283737, 60.24996257603995], [29.627144, 60.24990430000001], [29.6260598, 60.250544], [29.6275511, 60.2511727], [29.628678341188955, 60.251546014290305], [29.6286786, 60.2515461], [29.62867885396246, 60.25154618922071], [29.6291477, 60.2517109], [29.62946, 60.2518016], [29.6298156, 60.2518919], [29.62957351348338, 60.25122531248426], [29.6295734, 60.251225], [29.629573322260715, 60.251224684825594], [29.629536955474872, 60.251077244134585], [29.629503445340227, 60.25094138382393], [29.6295034, 60.2509412], [29.62950336689078, 60.250941015532476], [29.6294098, 60.2504197], [29.6293987, 60.25037369999996]]]}}, {"type": "Feature", "properties": {"block_id": 81, "area": 76735.66525711933, "dominant_landuse": "residential", "poi_count": 11, "amenity_count": 0, "building_count": 11, "leisure_count": 0, "attractiveness_score": 0.03484655168880891, "attractiveness_rank": 139}, "geometry": {"type": "Polygon", "coordinates": [[[29.6295034, 60.2509412], [29.6295734, 60.251225], [29.629815534222455, 60.25189171888477], [29.6298156, 60.2518919], [29.62981565379053, 60.25189208208998], [29.629873348285784, 60.25208738642835], [29.6298735, 60.2520879], [29.62987355561433, 60.252088418341074], [29.6298913, 60.252253799999956], [29.630651898430802, 60.25266109915975], [29.6306519, 60.25266110000004], [29.631360183499517, 60.253040292112246], [29.63137220672652, 60.253046728850215], [29.6313729, 60.2530471], [29.631373447943965, 60.25304752697529], [29.6316338, 60.253250399999985], [29.633130398255553, 60.2531994170952], [29.6331309, 60.2531994], [29.633131402778353, 60.25319939402698], [29.6352675, 60.253174], [29.6366394, 60.2531376], [29.6366279, 60.2530249], [29.6365186, 60.2524648], [29.63644272991162, 60.25241431911851], [29.6364421, 60.2524139], [29.636441916303294, 60.2524133848916], [29.6363793, 60.2522378], [29.6359802, 60.2516193], [29.6353056, 60.250884100000015], [29.635056899777666, 60.2510063576839], [29.635056, 60.2510068], [29.635054924907717, 60.251007131835195], [29.63488099089859, 60.25106081765422], [29.634785400609058, 60.25109032202356], [29.6347845, 60.2510906], [29.634783445326924, 60.2510905465663], [29.6343562, 60.251068899999986], [29.633924328988552, 60.25111128734022], [29.6339242, 60.2511113], [29.6334407, 60.25115730000001], [29.6330389, 60.2512721], [29.632646014005985, 60.2514027293561], [29.6326452, 60.251403], [29.63264434187766, 60.2514032345747], [29.63254611771478, 60.251430084890146], [29.632357402597737, 60.251481671264266], [29.6323562, 60.251482], [29.63235487355173, 60.25148217519308], [29.632290619282195, 60.25149066167665], [29.632033844650664, 60.25152457523611], [29.6320329, 60.25152469999998], [29.63203192256509, 60.2515247000008], [29.631813551020343, 60.25152470000095], [29.6318124, 60.25152470000001], [29.63181127282222, 60.25152458416412], [29.631741725329714, 60.251517437006584], [29.631686930869314, 60.25151180593967], [29.6316859, 60.2515117], [29.631685210459153, 60.25151130467354], [29.6314595, 60.2513819], [29.631256193661578, 60.25131658709333], [29.6312553, 60.2513163], [29.631254530407713, 60.25131593476169], [29.631022134223464, 60.251205642030854], [29.63039537682809, 60.250908183923535], [29.6303952, 60.2509081], [29.63039502687026, 60.25090801419253], [29.6294098, 60.2504197], [29.6295034, 60.2509412]]]}}, {"type": "Feature", "properties": {"block_id": 82, "area": 17197.888120223364, "dominant_landuse": "residential", "poi_count": 13, "amenity_count": 0, "building_count": 13, "leisure_count": 0, "attractiveness_score": 0.03516273066614419, "attractiveness_rank": 136}, "geometry": {"type": "Polygon", "coordinates": [[[29.6164637, 60.2530048], [29.61683910190145, 60.25279209994567], [29.6172445, 60.2525624], [29.61601049999996, 60.25202549999994], [29.614708, 60.2515273], [29.6139794, 60.2519092], [29.6136085, 60.252148], [29.6161459, 60.2531949], [29.61646350673029, 60.25300491560998], [29.616463506730373, 60.253004915609914], [29.6164637, 60.2530048]]]}}, {"type": "Feature", "properties": {"block_id": 83, "area": 9725.79811833858, "dominant_landuse": "residential", "poi_count": 4, "amenity_count": 0, "building_count": 4, "leisure_count": 0, "attractiveness_score": 0.029614782235313507, "attractiveness_rank": 177}, "geometry": {"type": "Polygon", "coordinates": [[[29.6293592, 60.25020940000001], [29.629326548568148, 60.25007670378717], [29.6293264, 60.2500761], [29.629326383721214, 60.25007549176777], [29.62932421455986, 60.24999444401114], [29.6293242, 60.2499939], [29.62932429145964, 60.249993357843216], [29.629333806447857, 60.24993695456253], [29.6293339, 60.24993639999999], [29.629334103560765, 60.2499358527662], [29.62935672496788, 60.24987503937346], [29.629357, 60.2498743], [29.629357471259418, 60.24987358551116], [29.629369886105874, 60.24985476302348], [29.629393935105455, 60.24981830161503], [29.6293942, 60.2498179], [29.629394524948488, 60.24981750943188], [29.6295893, 60.2495834], [29.629100693267265, 60.2495182324783], [29.6290997, 60.24951810000002], [29.62909886693, 60.24951780027906], [29.6288073, 60.24941289999999], [29.62842490089405, 60.2493149308076], [29.628424, 60.2493147], [29.628423144367094, 60.24931442997411], [29.6281892, 60.2492406], [29.627144, 60.24990430000001], [29.6273309, 60.2499627], [29.6280317, 60.250162], [29.6288555, 60.2503247], [29.6290953, 60.2503524], [29.6293987, 60.25037369999996], [29.6293592, 60.25020940000001]]]}}, {"type": "Feature", "properties": {"block_id": 84, "area": 14515.03964866748, "dominant_landuse": "residential", "poi_count": 10, "amenity_count": 0, "building_count": 10, "leisure_count": 0, "attractiveness_score": 0.033310536249287676, "attractiveness_rank": 158}, "geometry": {"type": "Polygon", "coordinates": [[[29.623501063931556, 60.248363538006885], [29.62353985773107, 60.2483508447101], [29.623539857731085, 60.2483508447101], [29.6235403, 60.2483507], [29.62354075543382, 60.248350565757676], [29.62354075543403, 60.24835056575758], [29.6248929, 60.247952], [29.6249806, 60.247924099999985], [29.6249508, 60.24788140000002], [29.624911, 60.24785439999999], [29.62473609999998, 60.2477748], [29.624386415592294, 60.24763451134813], [29.6241304, 60.24753179999998], [29.6237617, 60.24739369999999], [29.623182541968312, 60.24720863295992], [29.623182541968255, 60.2472086329599], [29.6231815, 60.2472083], [29.6226679, 60.2470014], [29.6215515, 60.2476145], [29.6233936, 60.2483987], [29.623501063931556, 60.248363538006885]]]}}, {"type": "Feature", "properties": {"block_id": 85, "area": 14255.150961233048, "dominant_landuse": "residential", "poi_count": 9, "amenity_count": 0, "building_count": 9, "leisure_count": 0, "attractiveness_score": 0.03270264080367464, "attractiveness_rank": 166}, "geometry": {"type": "Polygon", "coordinates": [[[29.6215515, 60.2476145], [29.620293869472377, 60.24840824328997], [29.6202529, 60.24843409999998], [29.62061888567843, 60.24855547995416], [29.6223003, 60.24911310000001], [29.622300903119505, 60.24911333063792], [29.62230090311955, 60.24911333063793], [29.622313672244587, 60.24911821365589], [29.6224083, 60.24915439999999], [29.622447566773772, 60.2490774451109], [29.622467910940088, 60.24903757454015], [29.622467910940113, 60.2490375745401], [29.622468, 60.2490374], [29.6225423, 60.2489092], [29.62254290021167, 60.24890851906527], [29.622542900211673, 60.24890851906525], [29.622605210354752, 60.248837828601474], [29.6226052103548, 60.248837828601424], [29.6226055, 60.248837500000015], [29.622642079738494, 60.248802307454525], [29.622676124254138, 60.24876955391405], [29.6226767, 60.248769], [29.62267739574985, 60.24876848123008], [29.62267960007647, 60.24876683762443], [29.6227911, 60.2486837], [29.6229434, 60.2485919], [29.6231316, 60.2484888], [29.6233936, 60.2483987], [29.6215515, 60.2476145]]]}}, {"type": "Feature", "properties": {"block_id": 86, "area": 23019.83073202414, "dominant_landuse": "residential", "poi_count": 19, "amenity_count": 0, "building_count": 19, "leisure_count": 0, "attractiveness_score": 0.03887395367821414, "attractiveness_rank": 94}, "geometry": {"type": "Polygon", "coordinates": [[[29.623523413212467, 60.24840633607186], [29.6235245, 60.2484064], [29.62352533742353, 60.24840675019919], [29.6269969, 60.24985840000004], [29.627144, 60.24990430000001], [29.6281892, 60.2492406], [29.627831205815124, 60.24909740232604], [29.6278312, 60.2490974], [29.6264989, 60.2485641], [29.625517084590317, 60.24817839037707], [29.6255166, 60.248178199999984], [29.625516137082695, 60.24817799673359], [29.625053556836466, 60.247974876243525], [29.6250527, 60.247974499999984], [29.625053317500374, 60.24797402172787], [29.6251006, 60.247937399999984], [29.6249806, 60.247924099999985], [29.62489322366579, 60.247951897032415], [29.6248929, 60.247952], [29.62489256947069, 60.247952097431536], [29.6235403, 60.2483507], [29.6233936, 60.2483987], [29.623523413212467, 60.24840633607186]]]}}, {"type": "Feature", "properties": {"block_id": 87, "area": 25682.118644471255, "dominant_landuse": "residential", "poi_count": 18, "amenity_count": 0, "building_count": 18, "leisure_count": 0, "attractiveness_score": 0.0383098299929586, "attractiveness_rank": 98}, "geometry": {"type": "Polygon", "coordinates": [[[29.6233936, 60.2483987], [29.6231316, 60.2484888], [29.6229434, 60.2485919], [29.6227911, 60.2486837], [29.6226767, 60.248769], [29.6226055, 60.248837500000015], [29.6225423, 60.2489092], [29.622468, 60.2490374], [29.6224083, 60.24915439999999], [29.62241952088158, 60.249154819913926], [29.62255148176593, 60.249159758154], [29.622551481765992, 60.24915975815402], [29.6225526, 60.2491598], [29.622553478191907, 60.249160146625805], [29.622553478191957, 60.249160146625826], [29.6260598, 60.250544], [29.627144, 60.24990430000001], [29.6269969, 60.24985840000004], [29.62699570078565, 60.24985789858126], [29.626995700785624, 60.24985789858125], [29.6235245, 60.2484064], [29.6233936, 60.2483987]]]}}, {"type": "Feature", "properties": {"block_id": 88, "area": 23054.786798886547, "dominant_landuse": "residential", "poi_count": 18, "amenity_count": 0, "building_count": 18, "leisure_count": 0, "attractiveness_score": 0.038270474760311396, "attractiveness_rank": 103}, "geometry": {"type": "Polygon", "coordinates": [[[29.6286411, 60.254288299999985], [29.6283477, 60.2543265], [29.6277195, 60.254345], [29.627256850241892, 60.254360650804976], [29.6267942, 60.2543763], [29.626782717162257, 60.25437675492023], [29.6264711, 60.2543891], [29.62647060960034, 60.25438910879649], [29.626470609600315, 60.25438910879649], [29.626426504529288, 60.25438989991873], [29.6258055, 60.25440109999999], [29.6250725, 60.2544438], [29.624981100396095, 60.25445764415948], [29.6249431, 60.2544634], [29.6249431, 60.2544634], [29.624906050501973, 60.254469011797575], [29.625119788830805, 60.25505031742242], [29.625305063844884, 60.25555419356073], [29.625341579420247, 60.25554920282313], [29.6253416, 60.25554920000001], [29.6259796, 60.255462], [29.6270551, 60.25536059999999], [29.6287522, 60.2551961], [29.628769099606462, 60.25512190172785], [29.6287691, 60.25512190000002], [29.62881746060172, 60.25490986498368], [29.628818, 60.2549075], [29.6288361, 60.2546425], [29.628847069912045, 60.25445910301812], [29.628847069912045, 60.25445910301812], [29.6288471, 60.2544586], [29.6289225, 60.254282], [29.62864128206364, 60.25428829592414], [29.6286411, 60.254288299999985]]]}}, {"type": "Feature", "properties": {"block_id": 89, "area": 28721.942513919108, "dominant_landuse": "residential", "poi_count": 20, "amenity_count": 0, "building_count": 20, "leisure_count": 0, "attractiveness_score": 0.039563369072044004, "attractiveness_rank": 85}, "geometry": {"type": "Polygon", "coordinates": [[[29.628642291239903, 60.254288273331696], [29.6289225, 60.254282], [29.62905171669863, 60.25405549660123], [29.629052, 60.254055], [29.629052373891714, 60.25405451843138], [29.6295485, 60.2534155], [29.6298411, 60.2529257], [29.6280971, 60.2523943], [29.627511618008803, 60.252950992715064], [29.6275114, 60.2529512], [29.627511164798456, 60.252951402589304], [29.6270578, 60.25334190000002], [29.62687219048135, 60.25350985617097], [29.6268717, 60.25351029999999], [29.626870925729712, 60.253510629138034], [29.6260681, 60.2538519], [29.6259222, 60.253992400000016], [29.625793780159473, 60.2542473438214], [29.6257935, 60.25424789999999], [29.62579270844231, 60.25424831709575], [29.625656898142537, 60.25431987943712], [29.6256561, 60.2543203], [29.625655029734666, 60.254320526490105], [29.625157286486033, 60.25442585790807], [29.625164026350006, 60.254438468473666], [29.625804598179865, 60.254401152536936], [29.6258055, 60.25440109999999], [29.62580640739792, 60.2544010836368], [29.626426495413966, 60.254389900082735], [29.6264265, 60.2543899], [29.6264711, 60.2543891], [29.626794069512794, 60.25437630516956], [29.6267942, 60.2543763], [29.626794330597658, 60.25437629558273], [29.627719302175787, 60.25434500669247], [29.6277195, 60.254345], [29.6283477, 60.2543265], [29.628639946481314, 60.254288450186884], [29.6286411, 60.254288299999985], [29.628642291239903, 60.254288273331696]]]}}, {"type": "Feature", "properties": {"block_id": 90, "area": 36695.94280971462, "dominant_landuse": "residential", "poi_count": 25, "amenity_count": 2, "building_count": 24, "leisure_count": 0, "attractiveness_score": 0.04658528894558704, "attractiveness_rank": 50}, "geometry": {"type": "Polygon", "coordinates": [[[29.6288471, 60.2544586], [29.6288361, 60.2546425], [29.628818, 60.25490750000002], [29.628817899626355, 60.25490794008678], [29.628817899626355, 60.25490794008678], [29.628778338572804, 60.25508139406913], [29.628769100396397, 60.25512189826205], [29.628769100396333, 60.25512189826233], [29.6287522, 60.2551961], [29.629836, 60.25505770000004], [29.631046, 60.254885499999986], [29.63143894470389, 60.25481975982406], [29.631438944703994, 60.254819759824045], [29.6314399, 60.25481960000004], [29.63144090634414, 60.25481957150451], [29.63194603446121, 60.25480526738844], [29.632358, 60.254793599999985], [29.632358537621517, 60.25479359751319], [29.632358537621627, 60.25479359751319], [29.6324877, 60.254793], [29.6323804, 60.25457270000002], [29.6322593, 60.254583400000016], [29.6321839, 60.2544902], [29.632015073717586, 60.25419824378456], [29.63199426783732, 60.25416226318437], [29.631994, 60.2541618], [29.6316338, 60.253250399999985], [29.6313729, 60.2530471], [29.6306519, 60.25266110000004], [29.630002655806848, 60.2523134317587], [29.62989130000001, 60.2522538], [29.629904055313933, 60.252372731028096], [29.6299092, 60.2524207], [29.6298794, 60.2527554], [29.6298411, 60.2529257], [29.629744168062793, 60.25308796161274], [29.62954875590882, 60.253415071626016], [29.629548755908793, 60.253415071626065], [29.6295485, 60.2534155], [29.629548176331856, 60.253415916898376], [29.629548176331838, 60.25341591689839], [29.629052, 60.254055], [29.6289225, 60.254282], [29.6288471, 60.2544586]]]}}, {"type": "Feature", "properties": {"block_id": 91, "area": 33051.8246956352, "dominant_landuse": "residential", "poi_count": 20, "amenity_count": 1, "building_count": 19, "leisure_count": 0, "attractiveness_score": 0.04147698832509066, "attractiveness_rank": 73}, "geometry": {"type": "Polygon", "coordinates": [[[29.6186273, 60.2567738], [29.6189448, 60.2566026], [29.618945925457883, 60.25660242458881], [29.618945925457908, 60.25660242458881], [29.6194414, 60.2565252], [29.6198662, 60.2563819], [29.6206553, 60.2555889], [29.620357167620412, 60.255575009875635], [29.620332215424245, 60.255573847310394], [29.6203312, 60.255573799999965], [29.62033028378311, 60.25557357736884], [29.62033028378296, 60.25557357736879], [29.620199996934186, 60.255541918926326], [29.6201386, 60.255527], [29.62013778246992, 60.25552661980312], [29.620137782469843, 60.25552661980307], [29.62004209532029, 60.2554821198674], [29.6199812, 60.255453799999984], [29.61998047030612, 60.255453387053535], [29.619980470306114, 60.255453387053535], [29.6196725, 60.25527909999999], [29.6194413, 60.2552557], [29.6185889, 60.2554286], [29.6172977, 60.25571080000001], [29.617297079480128, 60.25571091455682], [29.617297079479957, 60.25571091455684], [29.616951775498894, 60.255774662012634], [29.6166076, 60.25583820000002], [29.6162367, 60.25588840000001], [29.61623567659416, 60.255888489334296], [29.6154233, 60.25595939999999], [29.615111200000012, 60.2560823], [29.615027, 60.2561283], [29.61539612435871, 60.256243564119025], [29.615396124358806, 60.25624356411905], [29.6153972, 60.2562439], [29.61539809774301, 60.25624434666773], [29.615398097743018, 60.25624434666773], [29.6157226, 60.25640579999997], [29.6162582, 60.2566566], [29.6165291, 60.25676520000003], [29.6166985, 60.2568144], [29.617049600000076, 60.25689710000001], [29.617151932570028, 60.256920515153375], [29.6172856, 60.2569511], [29.6181398, 60.2571086], [29.6182388, 60.2570424], [29.6186264996882, 60.256774353322896], [29.618626499688247, 60.256774353322854], [29.6186273, 60.2567738]]]}}, {"type": "Feature", "properties": {"block_id": 92, "area": 23163.464634809603, "dominant_landuse": "retail", "poi_count": 19, "amenity_count": 3, "building_count": 17, "leisure_count": 0, "attractiveness_score": 0.04460732980347301, "attractiveness_rank": 57}, "geometry": {"type": "Polygon", "coordinates": [[[29.618238692991806, 60.25704247155516], [29.6181398, 60.2571086], [29.61955817663653, 60.257389955694165], [29.6195584, 60.25739], [29.619558621413336, 60.2573900466599], [29.61963151201211, 60.25740540735435], [29.6198863, 60.2574591], [29.6203913, 60.2575666], [29.620392344042138, 60.25756698167016], [29.620392344042152, 60.25756698167016], [29.6211649, 60.2578494], [29.621269058093645, 60.25778254781474], [29.621269058093702, 60.25778254781472], [29.6212696, 60.2577822], [29.6212701950567, 60.25778187434212], [29.621270195056724, 60.257781874342086], [29.621318296271134, 60.25775554986283], [29.6213246, 60.2577521], [29.6218024, 60.2574596], [29.6225263, 60.2570136], [29.6225721, 60.2569574], [29.6225662, 60.2568222], [29.6224165, 60.2567227], [29.622256, 60.2566352], [29.6218425, 60.2565654], [29.6209035, 60.25647710000002], [29.6198662, 60.2563819], [29.61944231074556, 60.25652489277619], [29.619442310745526, 60.25652489277623], [29.6194414, 60.2565252], [29.6189448, 60.2566026], [29.618881300349518, 60.25663684001384], [29.6186273, 60.2567738], [29.618398799902828, 60.25693178039738], [29.6182388, 60.2570424], [29.618238692991806, 60.25704247155516]]]}}, {"type": "Feature", "properties": {"block_id": 93, "area": 95326.73537436977, "dominant_landuse": "residential", "poi_count": 74, "amenity_count": 0, "building_count": 74, "leisure_count": 0, "attractiveness_score": 0.0731771897869436, "attractiveness_rank": 23}, "geometry": {"type": "Polygon", "coordinates": [[[29.6256561, 60.2543203], [29.6257935, 60.25424789999999], [29.6259222, 60.253992400000016], [29.625922798489146, 60.253991823664705], [29.625922798489153, 60.25399182366469], [29.626067599280187, 60.253852382189656], [29.626067599280198, 60.25385238218964], [29.6260681, 60.2538519], [29.626068929720216, 60.253851547302766], [29.6268717, 60.25351029999999], [29.627057685354504, 60.253342003742155], [29.6270576853547, 60.25334200374198], [29.6270578, 60.25334190000002], [29.6275114, 60.2529512], [29.6280971, 60.2523943], [29.626589, 60.251880599999986], [29.6247839, 60.2512931], [29.62359003935077, 60.25210659622231], [29.623590039350752, 60.25210659622231], [29.6235893, 60.25210709999994], [29.623253190901984, 60.25225313128171], [29.621812185741916, 60.252879188971626], [29.6218117, 60.25287939999998], [29.62181119079883, 60.25287959689503], [29.62181119079881, 60.25287959689504], [29.620874745526486, 60.25324168906732], [29.620874745526365, 60.25324168906737], [29.6208742, 60.2532419], [29.6199806, 60.25354569999999], [29.6209606, 60.2543878], [29.6217407, 60.2549142], [29.6238657, 60.2545928], [29.62490564138246, 60.254467899091495], [29.62494310000022, 60.254463399999956], [29.6250725, 60.2544438], [29.6256561, 60.2543203]]]}}, {"type": "Feature", "properties": {"block_id": 94, "area": 18822.39178890638, "dominant_landuse": "residential", "poi_count": 16, "amenity_count": 0, "building_count": 16, "leisure_count": 0, "attractiveness_score": 0.03699907196341552, "attractiveness_rank": 107}, "geometry": {"type": "Polygon", "coordinates": [[[29.6238657, 60.2545928], [29.6217407, 60.2549142], [29.6229809, 60.25581020000001], [29.625007, 60.2555951], [29.625305070310066, 60.25555421114327], [29.62490564138246, 60.254467899091495], [29.6238657, 60.2545928]]]}}, {"type": "Feature", "properties": {"block_id": 95, "area": 20939.69152838475, "dominant_landuse": "residential", "poi_count": 12, "amenity_count": 0, "building_count": 12, "leisure_count": 0, "attractiveness_score": 0.03461477721973819, "attractiveness_rank": 140}, "geometry": {"type": "Polygon", "coordinates": [[[29.613365738392755, 60.25228701881502], [29.613608499999984, 60.252148], [29.61397870018052, 60.25190965057551], [29.613978700180596, 60.251909650575456], [29.6139794, 60.2519092], [29.614708, 60.2515273], [29.6134222, 60.2508798], [29.61159132205177, 60.251970348619224], [29.61159132205169, 60.25197034861926], [29.6115909, 60.2519706], [29.611590449169388, 60.25197083871959], [29.6111503, 60.252203899999984], [29.6119805, 60.2531146], [29.6120259, 60.2530851], [29.612309480129344, 60.25289391674857], [29.612393593555293, 60.25283720885596], [29.61239359355531, 60.25283720885594], [29.6123942, 60.2528368], [29.612394878327276, 60.25283642006373], [29.61239487832733, 60.252836420063694], [29.6129182, 60.25254329999998], [29.613365738392755, 60.25228701881502]]]}}, {"type": "Feature", "properties": {"block_id": 96, "area": 40469.88002497993, "dominant_landuse": "residential", "poi_count": 33, "amenity_count": 0, "building_count": 33, "leisure_count": 0, "attractiveness_score": 0.047591376242920216, "attractiveness_rank": 47}, "geometry": {"type": "Polygon", "coordinates": [[[29.616463700000015, 60.253004799999985], [29.616538022678892, 60.25302791307041], [29.6165502, 60.2530317], [29.616550843845978, 60.25303215010453], [29.616550843846053, 60.253032150104595], [29.6175275, 60.2537149], [29.6178597, 60.2538202], [29.6184032, 60.25387649999994], [29.618473997310307, 60.253918266872034], [29.618539941987045, 60.2539571708019], [29.6185405, 60.2539575], [29.618540950227853, 60.253957867712415], [29.618767478300153, 60.254142877636035], [29.6188324, 60.2541959], [29.618834049794515, 60.25419877508301], [29.6188495, 60.2542257], [29.6190898, 60.2544003], [29.619372533756305, 60.25460429146025], [29.6193731, 60.25460469999999], [29.619431999670148, 60.25468799030359], [29.619496407249603, 60.2547790688424], [29.6194965, 60.2547792], [29.619496586182983, 60.2547793322594], [29.619496586183004, 60.254779332259425], [29.619604351755477, 60.254944712115964], [29.619604351755477, 60.254944712115964], [29.6196048, 60.25494539999993], [29.6196735, 60.2551285], [29.61967349650412, 60.25512902647717], [29.6196725, 60.25527909999999], [29.6199812, 60.255453799999984], [29.6201386, 60.255527], [29.620202799997497, 60.25554260004558], [29.6203312, 60.255573799999965], [29.6206553, 60.2555889], [29.62086714485461, 60.25543278280637], [29.62086714485465, 60.255432782806345], [29.6208678, 60.2554323], [29.6217407, 60.2549142], [29.6209606, 60.2543878], [29.6199806, 60.25354569999999], [29.6181466, 60.252131199999965], [29.6180377, 60.25212349999993], [29.6177502, 60.2522775], [29.6172445, 60.2525624], [29.616463700000015, 60.253004799999985]]]}}, {"type": "Feature", "properties": {"block_id": 97, "area": 16105.332037571461, "dominant_landuse": "residential", "poi_count": 12, "amenity_count": 0, "building_count": 12, "leisure_count": 0, "attractiveness_score": 0.03454236255967882, "attractiveness_rank": 145}, "geometry": {"type": "Polygon", "coordinates": [[[29.6122495, 60.2503261], [29.6114348, 60.2508015], [29.611434389531517, 60.250801715340266], [29.611434389531425, 60.250801715340316], [29.61078337791085, 60.25114324436459], [29.6107833779108, 60.25114324436462], [29.6107827, 60.2511436], [29.6103422, 60.251337599999985], [29.610762107558784, 60.25177019872463], [29.6107624, 60.2517705], [29.610762655804454, 60.25177080940025], [29.610762655804468, 60.25177080940025], [29.6110254, 60.252088600000015], [29.6111503, 60.252203899999984], [29.6115909, 60.2519706], [29.6134222, 60.2508798], [29.6122495, 60.2503261]]]}}, {"type": "Feature", "properties": {"block_id": 98, "area": 29380.1966900234, "dominant_landuse": "residential", "poi_count": 28, "amenity_count": 0, "building_count": 28, "leisure_count": 0, "attractiveness_score": 0.04440524941309393, "attractiveness_rank": 58}, "geometry": {"type": "Polygon", "coordinates": [[[29.6298794, 60.2527554], [29.6299092, 60.2524207], [29.629891300030618, 60.252253800285466], [29.6298735, 60.2520879], [29.6298156, 60.2518919], [29.62946, 60.2518016], [29.629436096879612, 60.251794657959415], [29.6291485428824, 60.25171114479654], [29.6291477, 60.2517109], [29.6286786, 60.2515461], [29.627552186804202, 60.25117305993133], [29.62755218680416, 60.251173059931304], [29.6275511, 60.2511727], [29.6260598, 60.250544], [29.6247839, 60.2512931], [29.626588800884814, 60.251880535197174], [29.62658880088502, 60.25188053519722], [29.626589, 60.251880599999986], [29.62658919632162, 60.251880666874655], [29.62658919632212, 60.25188066687483], [29.6280971, 60.2523943], [29.6298411, 60.2529257], [29.6298794, 60.2527554]]]}}, {"type": "Feature", "properties": {"block_id": 99, "area": 24799.062573599815, "dominant_landuse": "residential", "poi_count": 19, "amenity_count": 0, "building_count": 19, "leisure_count": 0, "attractiveness_score": 0.038900605082442426, "attractiveness_rank": 93}, "geometry": {"type": "Polygon", "coordinates": [[[29.6229809, 60.25581020000001], [29.623473953001017, 60.256083519612126], [29.623473953001056, 60.256083519612154], [29.623475, 60.2560841], [29.623475875244058, 60.25608474682601], [29.62347587524409, 60.256084746826026], [29.6241256, 60.25656489999999], [29.6245155, 60.256784], [29.624826, 60.256589], [29.624930127928312, 60.256547337470266], [29.62535708584494, 60.25637650578099], [29.625357085844996, 60.25637650578098], [29.6253581, 60.2563761], [29.6260104, 60.2561717], [29.62643622487197, 60.256115008563974], [29.626713078954378, 60.256078149253106], [29.6267142, 60.256078], [29.62688495552879, 60.25606439409079], [29.627674466298867, 60.25600148237311], [29.6276755, 60.2560014], [29.627676423717563, 60.25600164484977], [29.62767642371761, 60.25600164484977], [29.6282463, 60.256152699999966], [29.6283291, 60.2559975], [29.6287522, 60.2551961], [29.62705521339342, 60.255360589009534], [29.62705521339247, 60.25536058900962], [29.6270551, 60.25536059999999], [29.625981376914268, 60.2554618324771], [29.625979599988334, 60.255462000001565], [29.625341620595492, 60.25554919718512], [29.625305070310073, 60.25555421114327], [29.62500764044214, 60.2555950121459], [29.625007640442035, 60.25559501214592], [29.625007, 60.2555951], [29.6229809, 60.25581020000001]]]}}, {"type": "Feature", "properties": {"block_id": 100, "area": 67423.47718072253, "dominant_landuse": "allotments", "poi_count": 54, "amenity_count": 0, "building_count": 54, "leisure_count": 0, "attractiveness_score": 0.06067917171633634, "attractiveness_rank": 30}, "geometry": {"type": "Polygon", "coordinates": [[[29.608458791775163, 60.243727505106854], [29.6084601, 60.2437279], [29.608461288867346, 60.243728379167], [29.60891377048594, 60.243910747801046], [29.6089139, 60.2439108], [29.6089140279482, 60.2439108531442], [29.609136074620903, 60.24400308139759], [29.60952200364119, 60.244163376908496], [29.6095223, 60.2441635], [29.609522587714416, 60.24416362805982], [29.6098665, 60.2443167], [29.6103697, 60.2445328], [29.610877099719573, 60.24474265852487], [29.6108772, 60.2447427], [29.610877299309568, 60.244742742048636], [29.6135653, 60.2458808], [29.61362731147796, 60.24581253776625], [29.6136278, 60.245812], [29.613628600033113, 60.24581156410795], [29.6146444, 60.2452581], [29.6155381, 60.2447616], [29.614621226259672, 60.24435595586105], [29.6146211, 60.2443559], [29.614620975437575, 60.244355843205334], [29.61369140027148, 60.24393199131828], [29.6136912, 60.2439319], [29.613691004209347, 60.243931806311], [29.6127575, 60.2434851], [29.612271311057064, 60.24327902854168], [29.6122703, 60.2432786], [29.61226951787199, 60.24327806604655], [29.611894, 60.2430217], [29.6111532, 60.2425415], [29.6111085, 60.2425143], [29.6109945, 60.242448799999984], [29.610797, 60.2423631], [29.6104862, 60.24232640000001], [29.610123114766683, 60.2423550121548], [29.610122, 60.2423551], [29.610120904418714, 60.24235496509936], [29.6096599, 60.2422982], [29.6094811, 60.24269039999999], [29.6095437, 60.24289009999998], [29.6096199, 60.24297320000003], [29.60992024338218, 60.24323251941524], [29.6099208, 60.243233], [29.609919827571105, 60.243233271706494], [29.60938106514294, 60.24338380561113], [29.60919398307821, 60.24343607678783], [29.6091939, 60.2434361], [29.60869, 60.2435755], [29.6083415, 60.24369209999998], [29.608458791775163, 60.243727505106854]]]}}, {"type": "Feature", "properties": {"block_id": 101, "area": 11642.805319679137, "dominant_landuse": "allotments", "poi_count": 12, "amenity_count": 0, "building_count": 12, "leisure_count": 0, "attractiveness_score": 0.0344755176434296, "attractiveness_rank": 147}, "geometry": {"type": "Polygon", "coordinates": [[[29.6083415, 60.24369209999998], [29.60829830128309, 60.24359160298497], [29.60829830128283, 60.24359160298436], [29.6082983, 60.2435916], [29.60801706435024, 60.24293644878841], [29.608016883727203, 60.242936028009936], [29.608016883727196, 60.24293602800991], [29.6080167, 60.242935600000024], [29.6078748, 60.2424053], [29.6064848, 60.2425387], [29.6070265, 60.2437406], [29.6071638, 60.2440291], [29.607399606696738, 60.243957788699525], [29.6073996066971, 60.243957788699426], [29.6073999, 60.2439577], [29.6083415, 60.24369209999998]]]}}, {"type": "Feature", "properties": {"block_id": 102, "area": 11600.904287915753, "dominant_landuse": "allotments", "poi_count": 9, "amenity_count": 0, "building_count": 9, "leisure_count": 0, "attractiveness_score": 0.03266288240942878, "attractiveness_rank": 167}, "geometry": {"type": "Polygon", "coordinates": [[[29.60869, 60.2435755], [29.6091939, 60.2434361], [29.6099208, 60.243233], [29.6096199, 60.24297320000003], [29.609619456599606, 60.24297271645058], [29.609619456599596, 60.242972716450566], [29.609598044738117, 60.24294936576674], [29.6095437, 60.24289009999998], [29.609543541767614, 60.24288959522676], [29.609543541767607, 60.24288959522674], [29.609494785204703, 60.24273405733421], [29.6094811, 60.24269039999999], [29.60948133544882, 60.24268988354626], [29.6096599, 60.2422982], [29.6096014, 60.2422442], [29.609587733366908, 60.242245400005274], [29.609437400000026, 60.2422586], [29.6078748, 60.2424053], [29.6080167, 60.242935600000024], [29.60829829872128, 60.24359159702123], [29.6083415, 60.24369209999998], [29.608689207908448, 60.243575765017376], [29.60868920790851, 60.243575765017376], [29.60869, 60.2435755]]]}}, {"type": "Feature", "properties": {"block_id": 103, "area": 74099.85466354819, "dominant_landuse": "allotments", "poi_count": 43, "amenity_count": 0, "building_count": 43, "leisure_count": 0, "attractiveness_score": 0.05413515042873535, "attractiveness_rank": 34}, "geometry": {"type": "Polygon", "coordinates": [[[29.599789392879533, 60.24453783826557], [29.599782748160003, 60.2444808133098], [29.5997827, 60.2444804], [29.59978271325916, 60.24447998604985], [29.5997995, 60.2439559], [29.5995133, 60.24326819999998], [29.5993237, 60.24288739999999], [29.5989743, 60.24228380000001], [29.598155679517618, 60.24243030680514], [29.5981546, 60.24243049999998], [29.598153863881624, 60.242430062475606], [29.5972471, 60.2418911], [29.595553220301003, 60.24113630904647], [29.5955532, 60.241136300000036], [29.5944892, 60.240661], [29.5943765, 60.2407192], [29.594050003381383, 60.24090869803745], [29.59405, 60.2409087], [29.5930506, 60.241489], [29.5930883, 60.2415133], [29.593762995124653, 60.241755039963316], [29.593764, 60.24175539999999], [29.59376491952405, 60.241755812582895], [29.59514368468259, 60.242374434196236], [29.5951445, 60.2423748], [29.595143949007785, 60.242375272308884], [29.594835298126227, 60.242639844451844], [29.594835, 60.2426401], [29.594834675234814, 60.24264034739376], [29.59454345524808, 60.242862185906894], [29.59448645856166, 60.24290560304135], [29.5944862, 60.24290579999999], [29.59448592506282, 60.24290599139868], [29.5944602, 60.2429239], [29.59442654544504, 60.24295410157999], [29.5944468, 60.242962], [29.594462249211105, 60.24296802453441], [29.595860190637616, 60.24351314540903], [29.5958611, 60.24351349999993], [29.59586131709473, 60.24351406432458], [29.5958963, 60.243605], [29.5986509, 60.2445318], [29.59972809484417, 60.2448859983047], [29.5997281, 60.244886], [29.59981850080999, 60.24491570664611], [29.5998291, 60.2448786], [29.599789392879533, 60.24453783826557]]]}}, {"type": "Feature", "properties": {"block_id": 104, "area": 25909.22877595235, "dominant_landuse": "residential", "poi_count": 14, "amenity_count": 0, "building_count": 14, "leisure_count": 0, "attractiveness_score": 0.035897221790555045, "attractiveness_rank": 118}, "geometry": {"type": "Polygon", "coordinates": [[[29.59981850080999, 60.24491570664611], [29.599728105206466, 60.24488600171088], [29.5997281, 60.244886], [29.598653718238335, 60.24453272670182], [29.598650999562693, 60.244531832738495], [29.59865099956201, 60.24453183273827], [29.5986509, 60.2445318], [29.598650801139463, 60.24453176673981], [29.59697205603349, 60.24396695704931], [29.5958963, 60.243605], [29.5958611, 60.24351349999993], [29.59444679999998, 60.242962], [29.59442610996552, 60.24295449237867], [29.5937615, 60.24355089999999], [29.5949468, 60.244000699999944], [29.594946974497, 60.244000768970615], [29.59494697449721, 60.24400076897068], [29.5953258, 60.24415049999999], [29.5968873, 60.2446428], [29.5975767671265, 60.24483723432912], [29.597576767127027, 60.24483723432928], [29.597577, 60.2448373], [29.59757722967437, 60.244837368398365], [29.59757722967467, 60.24483736839847], [29.598181183618237, 60.24501722710327], [29.598181183618262, 60.24501722710328], [29.5981821, 60.24501749999999], [29.59818289673613, 60.24501785373007], [29.598182896736194, 60.2450178537301], [29.598562124359177, 60.24518621948582], [29.5988344, 60.245307099999984], [29.598834592580783, 60.24530718960697], [29.59883459258113, 60.24530718960714], [29.5992464, 60.245498799999986], [29.5995954, 60.24562079999998], [29.5997123, 60.24528750000001], [29.59981850080999, 60.24491570664611]]]}}, {"type": "Feature", "properties": {"block_id": 105, "area": 15877.677626741563, "dominant_landuse": "allotments", "poi_count": 15, "amenity_count": 0, "building_count": 15, "leisure_count": 0, "attractiveness_score": 0.03635096007869803, "attractiveness_rank": 115}, "geometry": {"type": "Polygon", "coordinates": [[[29.6004244, 60.243185199999985], [29.599758, 60.2416737], [29.5993954, 60.2409204], [29.5979334, 60.240932], [29.5979586, 60.241120899999984], [29.598067226593447, 60.24116649145439], [29.59806722659348, 60.24116649145442], [29.5980682, 60.24116689999999], [29.598069074672637, 60.241167360447974], [29.59806907467267, 60.24116736044799], [29.59821695393887, 60.24124520725883], [29.59821695393893, 60.24124520725886], [29.5982177, 60.2412456], [29.598322807307387, 60.24131285314019], [29.598404850255967, 60.24136534824751], [29.5984054, 60.2413657], [29.59848564366591, 60.24143841683087], [29.598527366168057, 60.241476225624325], [29.598528, 60.241476799999944], [29.5989743, 60.24228380000001], [29.599323582759368, 60.24288719746691], [29.5993237, 60.24288739999999], [29.599323801858482, 60.24288760457902], [29.599323801858514, 60.24288760457908], [29.5995133, 60.24326819999998], [29.6004244, 60.243185199999985]]]}}, {"type": "Feature", "properties": {"block_id": 106, "area": 7702.532699744526, "dominant_landuse": "allotments", "poi_count": 7, "amenity_count": 0, "building_count": 7, "leisure_count": 0, "attractiveness_score": 0.03139648300390008, "attractiveness_rank": 174}, "geometry": {"type": "Polygon", "coordinates": [[[29.598528, 60.241476799999944], [29.5984054, 60.2413657], [29.5982177, 60.2412456], [29.5980682, 60.24116689999999], [29.597985999971254, 60.241132400008695], [29.5979586, 60.241120899999984], [29.59788366605704, 60.24121194885026], [29.5977526, 60.2413712], [29.5975711, 60.2415548], [29.5972471, 60.2418911], [29.5981546, 60.24243049999998], [29.5989743, 60.24228380000001], [29.598528, 60.241476799999944]]]}}, {"type": "Feature", "properties": {"block_id": 107, "area": 29721.539433235914, "dominant_landuse": "residential", "poi_count": 15, "amenity_count": 0, "building_count": 15, "leisure_count": 0, "attractiveness_score": 0.03655832954481474, "attractiveness_rank": 111}, "geometry": {"type": "Polygon", "coordinates": [[[29.5979334, 60.240932], [29.5978681, 60.2408575], [29.5978623, 60.2407007], [29.597862510596926, 60.240700139728524], [29.597862510596933, 60.240700139728496], [29.597915171690733, 60.240560039712996], [29.5979209, 60.2405448], [29.5980342, 60.2403702], [29.598034858879725, 60.24036965274683], [29.598034858879757, 60.24036965274681], [29.5982101, 60.2402241], [29.5973852, 60.2397859], [29.596538, 60.2394543], [29.595446597476634, 60.24013125346776], [29.595446597476553, 60.240131253467794], [29.5954462, 60.2401315], [29.595445775245295, 60.24013173501843], [29.595445775245153, 60.24013173501851], [29.5944892, 60.240661], [29.5955532, 60.241136300000036], [29.5972471, 60.2418911], [29.5975711, 60.2415548], [29.5977526, 60.2413712], [29.5979586, 60.241120899999984], [29.5979334, 60.240932]]]}}, {"type": "Feature", "properties": {"block_id": 108, "area": 14194.593158483847, "dominant_landuse": "residential", "poi_count": 0, "amenity_count": 0, "building_count": 0, "leisure_count": 0, "attractiveness_score": 0.027265710923644614, "attractiveness_rank": 185}, "geometry": {"type": "Polygon", "coordinates": [[[29.5984095, 60.2401068], [29.598410229232933, 60.24010644249478], [29.598410229233004, 60.24010644249474], [29.5986249, 60.2400012], [29.598885967101648, 60.23983544786869], [29.598885967101754, 60.23983544786863], [29.5988862, 60.23983530000001], [29.598886442721653, 60.239835156089704], [29.598886442721813, 60.23983515608962], [29.599066367509632, 60.239728477762895], [29.5991343, 60.2396882], [29.5994141, 60.2393793], [29.5978792, 60.238649399999986], [29.596538, 60.2394543], [29.597384527932782, 60.239785636953044], [29.59738452793282, 60.239785636953044], [29.5973852, 60.2397859], [29.59738578447298, 60.23978621048737], [29.597385784472987, 60.23978621048737], [29.5982101, 60.2402241], [29.5984095, 60.2401068]]]}}, {"type": "Feature", "properties": {"block_id": 109, "area": 409319.5402704263, "dominant_landuse": "allotments", "poi_count": 200, "amenity_count": 0, "building_count": 200, "leisure_count": 0, "attractiveness_score": 0.1539848581206548, "attractiveness_rank": 10}, "geometry": {"type": "Polygon", "coordinates": [[[29.5982101, 60.2402241], [29.5980342, 60.2403702], [29.5979209, 60.2405448], [29.5978623, 60.2407007], [29.5978681, 60.2408575], [29.5979334, 60.240932], [29.599394310269837, 60.24092040865228], [29.5993954, 60.2409204], [29.599395653654668, 60.24092092697935], [29.599758, 60.2416737], [29.6010353, 60.2415645], [29.602292366353254, 60.24142344866035], [29.6022928, 60.2414234], [29.60229323716509, 60.24142335986822], [29.6035106, 60.2413116], [29.6047315, 60.2411835], [29.6058753261482, 60.241044845320125], [29.6058757, 60.2410448], [29.605876076742184, 60.241044761043035], [29.606752133359848, 60.24095416941085], [29.607241020717417, 60.24090361161508], [29.6072421, 60.2409035], [29.607242333191962, 60.24090403567862], [29.60758286519634, 60.24168627146797], [29.607643958512934, 60.24182660470338], [29.607644, 60.2418267], [29.60764403814977, 60.241826795640705], [29.6078748, 60.2424053], [29.60943726868192, 60.24225861232921], [29.6094374, 60.2422586], [29.60943753160185, 60.24225858844477], [29.609600329899052, 60.24224429396078], [29.6096014, 60.2422442], [29.60960191527951, 60.24224467564354], [29.6096599, 60.2422982], [29.610122, 60.2423551], [29.610485111956365, 60.242326485742495], [29.6104862, 60.24232640000001], [29.610487271809472, 60.2423265265632], [29.610795936095514, 60.24236297437301], [29.610797, 60.2423631], [29.610797823834613, 60.2423634574832], [29.610993309973818, 60.242448283621236], [29.6109945, 60.242448799999984], [29.610995533548905, 60.242449393838925], [29.611096693587605, 60.24250751650796], [29.611108291261203, 60.24251418006705], [29.6111085, 60.2425143], [29.61110870183702, 60.24251442281814], [29.611150363422926, 60.24253977394145], [29.61115298025988, 60.24254136628802], [29.6111532, 60.2425415], [29.61115341136009, 60.24254163701007], [29.61126644042052, 60.2426149056876], [29.611893829232788, 60.24302158930773], [29.611894, 60.2430217], [29.611894165178978, 60.24302181276881], [29.6122703, 60.2432786], [29.612756981686537, 60.24348488031488], [29.6127575, 60.2434851], [29.612757990717633, 60.243485334826225], [29.6136912, 60.2439319], [29.6146831, 60.2433864], [29.617190698126148, 60.24200158763022], [29.6171914, 60.2420012], [29.617192376874986, 60.24200100987061], [29.6173255, 60.2419751], [29.616995942221287, 60.2414821119398], [29.6169956, 60.2414816], [29.616995564794234, 60.2414810608114], [29.6169769, 60.2411952], [29.6166455, 60.2405363], [29.615725, 60.24069380000001], [29.616019286130236, 60.24142906566502], [29.6160195, 60.2414296], [29.61601866133806, 60.241429950664966], [29.615999965015227, 60.24143776804981], [29.615865805284034, 60.24149386329332], [29.615865, 60.24149419999997], [29.615864003325278, 60.24149436770592], [29.614783061312696, 60.24167624757685], [29.613307475507423, 60.241924513009785], [29.613306433391493, 60.24192468833734], [29.61330617178949, 60.24192415706206], [29.6131794, 60.2416667], [29.612891801222876, 60.24114558341459], [29.6128917, 60.2411454], [29.612891611338828, 60.24114521498507], [29.6127396, 60.240828], [29.6124390686656, 60.24023593527794], [29.612439, 60.2402358], [29.612438938121066, 60.240235663914994], [29.6122814, 60.2398892], [29.6121705, 60.2396568], [29.6119085, 60.2395553], [29.6113981, 60.2393638], [29.610930957685888, 60.23920378826686], [29.6109307, 60.23920370000003], [29.610930447335683, 60.23920360821466], [29.6100969, 60.2389008], [29.60940997783361, 60.238658033532914], [29.6094096, 60.23865790000002], [29.609409233514736, 60.23865775886445], [29.608559674583592, 60.23833058277168], [29.6085592, 60.2383304], [29.608558745633218, 60.23833020493977], [29.607976512649635, 60.23808024836187], [29.6079764, 60.2380802], [29.607976288643385, 60.23808015090369], [29.607609769418488, 60.23791855404113], [29.607535584167774, 60.237885845740394], [29.6075348, 60.2378855], [29.607534157727418, 60.23788508820229], [29.6072525, 60.2377045], [29.606761566352557, 60.237419047549935], [29.6022198, 60.2349437], [29.5994384, 60.2365634], [29.600277120856603, 60.236917628705925], [29.600278, 60.236918], [29.600278709262998, 60.23691845230088], [29.60057175577036, 60.23710532823801], [29.60057644165055, 60.23710831640384], [29.6005772, 60.2371088], [29.600577729442985, 60.237109353849085], [29.600770301530197, 60.237310801663455], [29.600813141318856, 60.23735561557489], [29.6008137, 60.2373562], [29.60081411974706, 60.23735681250452], [29.601018077222744, 60.237654429005296], [29.6010184, 60.2376549], [29.601018462392897, 60.23765539662045], [29.601043025143575, 60.23785090418321], [29.6010431, 60.23785150000001], [29.60104279511349, 60.23785207740914], [29.60075602890579, 60.238395160308066], [29.600718580880844, 60.2384660786964], [29.6007182, 60.2384668], [29.600717630285136, 60.23846748985588], [29.600421950761596, 60.23882551786264], [29.600390897863086, 60.238863118248304], [29.6003905, 60.2388636], [29.600389650161254, 60.238863904419226], [29.5999938, 60.2390057], [29.5996277, 60.2391825], [29.5994141, 60.2393793], [29.599134724313036, 60.23968773156199], [29.5991343, 60.2396882], [29.59913363605488, 60.239688593659466], [29.5988862, 60.23983530000001], [29.5986257913319, 60.240000634094926], [29.5986249, 60.2400012], [29.598623870595198, 60.24000170466885], [29.5984095, 60.2401068], [29.5982101, 60.2402241]]]}}, {"type": "Feature", "properties": {"block_id": 110, "area": 21290.199362243915, "dominant_landuse": "residential", "poi_count": 13, "amenity_count": 0, "building_count": 13, "leisure_count": 0, "attractiveness_score": 0.0352240300643398, "attractiveness_rank": 131}, "geometry": {"type": "Polygon", "coordinates": [[[29.599527110453696, 60.239275178342126], [29.599627154876575, 60.23918300225194], [29.599627154876618, 60.239183002251906], [29.5996277, 60.2391825], [29.599814804701523, 60.23909214223226], [29.59999261342356, 60.23900627303584], [29.5999938, 60.2390057], [29.6003905, 60.2388636], [29.6007182, 60.2384668], [29.6010431, 60.23785150000001], [29.6010184, 60.2376549], [29.6008137, 60.2373562], [29.6005772, 60.2371088], [29.598388429793957, 60.23838544932625], [29.598388, 60.2383857], [29.598172967712664, 60.238497147318604], [29.5978792, 60.238649399999986], [29.5994141, 60.2393793], [29.599527110453696, 60.239275178342126]]]}}, {"type": "Feature", "properties": {"block_id": 111, "area": 36314.07066058479, "dominant_landuse": "residential", "poi_count": 7, "amenity_count": 0, "building_count": 7, "leisure_count": 0, "attractiveness_score": 0.03182505990206979, "attractiveness_rank": 173}, "geometry": {"type": "Polygon", "coordinates": [[[29.5992002, 60.236455199999966], [29.5969665, 60.2377623], [29.5951121, 60.2388927], [29.596538, 60.2394543], [29.597878675887575, 60.23864971454805], [29.59787867588758, 60.23864971454805], [29.5978792, 60.238649399999986], [29.597879768737325, 60.238649105239205], [29.597879768737382, 60.23864910523918], [29.59832280181085, 60.23841949115008], [29.598388, 60.2383857], [29.598388, 60.2383857], [29.598388, 60.2383857], [29.598658035764934, 60.23822820285366], [29.6005772, 60.237108800000016], [29.600278, 60.236918], [29.600278, 60.236918], [29.599751761301427, 60.23669574778901], [29.599438710388586, 60.23656353109316], [29.599438710388576, 60.23656353109316], [29.5994384, 60.2365634], [29.5992002, 60.236455199999966]]]}}, {"type": "Feature", "properties": {"block_id": 112, "area": 23024.508566970006, "dominant_landuse": "residential", "poi_count": 14, "amenity_count": 0, "building_count": 14, "leisure_count": 0, "attractiveness_score": 0.035854011095591866, "attractiveness_rank": 120}, "geometry": {"type": "Polygon", "coordinates": [[[29.6189266, 60.2491424], [29.6174373, 60.249919700000014], [29.6203127, 60.25096579999999], [29.6210479, 60.2504894], [29.6216751, 60.25009969999995], [29.6189266, 60.2491424]]]}}, {"type": "Feature", "properties": {"block_id": 113, "area": 18446.019761175186, "dominant_landuse": "residential", "poi_count": 10, "amenity_count": 0, "building_count": 10, "leisure_count": 0, "attractiveness_score": 0.033369419042155755, "attractiveness_rank": 155}, "geometry": {"type": "Polygon", "coordinates": [[[29.6216751, 60.25009969999995], [29.6220255, 60.249827], [29.6221389, 60.2497066], [29.6222413, 60.24958], [29.6223005, 60.249450299999985], [29.6224083, 60.24915439999999], [29.622300299999967, 60.24911309999998], [29.6202529, 60.24843409999998], [29.6189266, 60.2491424], [29.6216751, 60.25009969999995]]]}}, {"type": "Feature", "properties": {"block_id": 114, "area": 25586.95952215175, "dominant_landuse": "residential", "poi_count": 28, "amenity_count": 0, "building_count": 28, "leisure_count": 0, "attractiveness_score": 0.04434842989428116, "attractiveness_rank": 60}, "geometry": {"type": "Polygon", "coordinates": [[[29.62175336446228, 60.250123682679366], [29.6217544, 60.250124], [29.62175536087615, 60.25012437083154], [29.6247839, 60.2512931], [29.6260598, 60.250544], [29.6225526, 60.2491598], [29.6224083, 60.24915439999999], [29.62230058840396, 60.249450057342315], [29.6223005, 60.249450299999985], [29.622300390230492, 60.24945054049258], [29.62224149876696, 60.24957956452747], [29.6222413, 60.24958], [29.62224096488808, 60.24958041431], [29.622139134035322, 60.24970631065671], [29.6221389, 60.2497066], [29.622138633987404, 60.24970688243426], [29.622026124851253, 60.24982633658036], [29.6220255, 60.249827], [29.622024706749837, 60.24982761735578], [29.6216751, 60.25009969999995], [29.62175336446228, 60.250123682679366]]]}}, {"type": "Feature", "properties": {"block_id": 115, "area": 25473.524343278197, "dominant_landuse": "residential", "poi_count": 20, "amenity_count": 0, "building_count": 20, "leisure_count": 0, "attractiveness_score": 0.03951471048593665, "attractiveness_rank": 86}, "geometry": {"type": "Polygon", "coordinates": [[[29.621706820007013, 60.2501094200122], [29.6216751, 60.25009969999995], [29.621433189837113, 60.25025000818158], [29.62104790000005, 60.25048939999997], [29.620662532790444, 60.25073911513505], [29.620312700000014, 60.250965799999975], [29.620412255693783, 60.25097320743134], [29.6204471, 60.2509758], [29.6235893, 60.25210709999994], [29.6247839, 60.2512931], [29.6217544, 60.250124], [29.621706820007013, 60.2501094200122]]]}}, {"type": "Feature", "properties": {"block_id": 116, "area": 3145.9353143054614, "dominant_landuse": null, "poi_count": 0, "amenity_count": 0, "building_count": 0, "leisure_count": 0, "attractiveness_score": 0.027100211274018047, "attractiveness_rank": 186}, "geometry": {"type": "Polygon", "coordinates": [[[29.6281892, 60.2492406], [29.628222742675785, 60.249251185703336], [29.628424, 60.2493147], [29.62880654426532, 60.24941270638533], [29.62880654426535, 60.24941270638535], [29.6288073, 60.24941289999999], [29.6290997, 60.24951810000002], [29.6295893, 60.2495834], [29.6296138, 60.2495497], [29.6296454, 60.24948849999998], [29.6296588, 60.24944390000001], [29.6296632, 60.24940359999994], [29.6296555, 60.2493688], [29.6296397, 60.2493404], [29.6296063, 60.2493106], [29.6295585, 60.2492802], [29.6292236, 60.2491078], [29.6287136, 60.2489027], [29.6281892, 60.2492406]]]}}, {"type": "Feature", "properties": {"block_id": 117, "area": 23412.687859735317, "dominant_landuse": "residential", "poi_count": 20, "amenity_count": 0, "building_count": 20, "leisure_count": 0, "attractiveness_score": 0.03948384087980221, "attractiveness_rank": 88}, "geometry": {"type": "Polygon", "coordinates": [[[29.6235893, 60.25210709999994], [29.6204471, 60.2509758], [29.6203127, 60.25096579999999], [29.620233613446583, 60.251013668369396], [29.620069757476706, 60.25111284415975], [29.620069757476593, 60.25111284415982], [29.6200695, 60.251113], [29.619886505218926, 60.251215979311525], [29.61962942680487, 60.25136064727482], [29.61962942680477, 60.251360647274865], [29.6196288, 60.251361], [29.61962811594809, 60.25136132538795], [29.619628115948032, 60.251361325387975], [29.6192239, 60.2515536], [29.6192911, 60.25158029999995], [29.6218117, 60.25287939999998], [29.6235893, 60.25210709999994]]]}}, {"type": "Feature", "properties": {"block_id": 118, "area": 43593.38042986632, "dominant_landuse": "residential", "poi_count": 32, "amenity_count": 0, "building_count": 32, "leisure_count": 0, "attractiveness_score": 0.04703416113488543, "attractiveness_rank": 49}, "geometry": {"type": "Polygon", "coordinates": [[[29.6108772, 60.2447427], [29.6094088, 60.245633], [29.6083007, 60.246284299999985], [29.6096631, 60.24684460000001], [29.609663298691633, 60.24684468566527], [29.609663298691995, 60.24684468566545], [29.6110346, 60.2474359], [29.6120695, 60.2467703], [29.6129879, 60.2462464], [29.6135653, 60.2458808], [29.6108772, 60.2447427]]]}}, {"type": "Feature", "properties": {"block_id": 119, "area": 10264.798082060937, "dominant_landuse": "residential", "poi_count": 9, "amenity_count": 0, "building_count": 9, "leisure_count": 0, "attractiveness_score": 0.032642868656441636, "attractiveness_rank": 169}, "geometry": {"type": "Polygon", "coordinates": [[[29.6359802, 60.2516193], [29.637833241054363, 60.251359362581745], [29.6378344, 60.2513592], [29.637835590426196, 60.25135929034822], [29.6380663, 60.25137680000001], [29.637004610823794, 60.25073416973557], [29.637004, 60.250733799999985], [29.63700345474209, 60.25073340575424], [29.6366357, 60.2504675], [29.635996657949523, 60.250694224657], [29.6359956, 60.2506946], [29.63599446230849, 60.250694912457696], [29.6353056, 60.250884100000015], [29.6359802, 60.2516193]]]}}, {"type": "Feature", "properties": {"block_id": 120, "area": 90628.49254191077, "dominant_landuse": "residential", "poi_count": 58, "amenity_count": 0, "building_count": 58, "leisure_count": 0, "attractiveness_score": 0.06344277355196984, "attractiveness_rank": 29}, "geometry": {"type": "Polygon", "coordinates": [[[29.628246161091234, 60.25615292260241], [29.627809636189415, 60.25685244200868], [29.6278096, 60.25685249999999], [29.6276111, 60.25716459999999], [29.627761548981322, 60.2571480049016], [29.6277625, 60.2571479], [29.627763466362072, 60.257147961150785], [29.63074081996193, 60.25733633168093], [29.6307419, 60.2573364], [29.630742002584565, 60.2573369386252], [29.6309504, 60.25843110000001], [29.6318563, 60.258413799999985], [29.632523252601413, 60.258396928560785], [29.6338797617375, 60.258362603499286], [29.6338799, 60.2583626], [29.633880038338987, 60.258362597343364], [29.6341767, 60.258356899999974], [29.6340054, 60.2578622], [29.633722496674757, 60.25737596616022], [29.6337224, 60.2573758], [29.633722313678, 60.25737563243786], [29.6333331, 60.2566201], [29.63299218287435, 60.25598592621347], [29.6329919, 60.255985399999986], [29.632992246157873, 60.255984883211944], [29.6330414, 60.25591150000001], [29.6330543, 60.25584169999998], [29.632785826587916, 60.25538591491046], [29.6327857, 60.2553857], [29.632785590768385, 60.25538548275055], [29.6324877, 60.254793], [29.632358, 60.254793599999985], [29.6314399, 60.25481960000004], [29.631046490191665, 60.254885417991154], [29.631046, 60.254885499999986], [29.631045502765403, 60.25488557076608], [29.629836297031687, 60.25505765772981], [29.629836, 60.25505770000004], [29.629835700751617, 60.25505773821505], [29.6287522, 60.2551961], [29.628329114742904, 60.255997472075954], [29.6283291, 60.2559975], [29.628246420184187, 60.256152474727855], [29.6282463, 60.256152699999966], [29.628246161091234, 60.25615292260241]]]}}, {"type": "Feature", "properties": {"block_id": 121, "area": 6911.296399986164, "dominant_landuse": "residential", "poi_count": 4, "amenity_count": 0, "building_count": 4, "leisure_count": 0, "attractiveness_score": 0.02957262335458519, "attractiveness_rank": 178}, "geometry": {"type": "Polygon", "coordinates": [[[29.63471030548127, 60.25834071023806], [29.634176951836622, 60.25835689235967], [29.634176951836096, 60.258356892359686], [29.6341767, 60.258356899999974], [29.6338799, 60.2583626], [29.632523252601413, 60.258396928560785], [29.6325334, 60.258468099999966], [29.632647691574114, 60.25854319446387], [29.632704428215067, 60.25858042479785], [29.632704428215092, 60.25858042479787], [29.632705, 60.25858079999998], [29.63270536578067, 60.25858123412799], [29.632705365780676, 60.25858123412799], [29.6328768, 60.2587847], [29.63305381717863, 60.25888429080157], [29.633053817178666, 60.258884290801596], [29.6330549, 60.258884899999984], [29.6331886, 60.2589866], [29.6334961, 60.2591767], [29.6337724, 60.2590286], [29.63389224353943, 60.25892518020316], [29.633892243539453, 60.258925180203136], [29.6338928, 60.25892469999999], [29.633893844792937, 60.25892450629287], [29.633893844793008, 60.25892450629286], [29.634156313908633, 60.2588758435575], [29.6342984, 60.25884949999998], [29.63443208018725, 60.2588110400207], [29.6345212, 60.2587854], [29.634663399918256, 60.25872286679969], [29.6347345, 60.2586916], [29.6347242, 60.258429100000015], [29.63471429040299, 60.25834058932612], [29.63471030548127, 60.25834071023806]]]}}, {"type": "Feature", "properties": {"block_id": 122, "area": 195211.39059318646, "dominant_landuse": "residential", "poi_count": 103, "amenity_count": 0, "building_count": 103, "leisure_count": 0, "attractiveness_score": 0.09218945172992532, "attractiveness_rank": 18}, "geometry": {"type": "Polygon", "coordinates": [[[29.636278595662624, 60.25829311530875], [29.63471429040299, 60.25834058932612], [29.634724177370316, 60.25842889787653], [29.6347242, 60.258429100000015], [29.63472420794161, 60.25842930239757], [29.634734478821503, 60.25869106026246], [29.6347345, 60.2586916], [29.634733686441862, 60.25869195776891], [29.634522044115243, 60.258785028796815], [29.6345212, 60.2587854], [29.634520224508154, 60.25878568065231], [29.63429921942313, 60.258849264251474], [29.6342984, 60.25884949999998], [29.634297512882057, 60.25884966447722], [29.6338928, 60.25892469999999], [29.63377303428975, 60.25902805263732], [29.6337724, 60.2590286], [29.63377153583939, 60.25902906320305], [29.6334961, 60.2591767], [29.633451748205662, 60.25927783402601], [29.6334515, 60.2592784], [29.633450560570985, 60.259278742978616], [29.6331639, 60.2593834], [29.6331527293513, 60.25951991917233], [29.633152644859095, 60.2595209517682], [29.6331526, 60.2595215], [29.63315172104223, 60.25952183212156], [29.6329557, 60.2595959], [29.633053133746447, 60.25973716897226], [29.6330535, 60.2597377], [29.633052508839235, 60.259737969359186], [29.6327904, 60.2598092], [29.6326309, 60.259938799999986], [29.6325773, 60.2600889], [29.6327841, 60.2603252], [29.6330461, 60.2604233], [29.633787882209806, 60.260450263007286], [29.6337889, 60.2604503], [29.633789733398732, 60.26045059264806], [29.63401441712513, 60.260529489981394], [29.6340153, 60.2605298], [29.634015885821718, 60.26053025146963], [29.6343615, 60.26079659999992], [29.6346859, 60.2608156], [29.6349339, 60.2607988], [29.63509108784981, 60.26070811087478], [29.6350918, 60.2607077], [29.635092814798636, 60.26070750054898], [29.635346012743618, 60.260657736085754], [29.635461071046898, 60.26063512189133], [29.6354622, 60.2606349], [29.635463412286043, 60.260634867330666], [29.6357751381933, 60.260626466406244], [29.635847017867935, 60.26062452916504], [29.6358481, 60.2606245], [29.63584912536849, 60.260624674314464], [29.636226953440907, 60.260688905086965], [29.6362281, 60.2606891], [29.636228979331307, 60.26068951430594], [29.6365072, 60.2608206], [29.63693260535657, 60.260723051013336], [29.6369337, 60.26072279999999], [29.636934899405112, 60.26072286061134], [29.63735137801074, 60.260743906486354], [29.637609491918383, 60.26075694906229], [29.6376105, 60.260757], [29.637611407841874, 60.260757223628204], [29.6382637, 60.2609179], [29.638812442837818, 60.260921792503204], [29.6388135, 60.26092179999996], [29.638814328972398, 60.26092212605828], [29.6390113, 60.2609996], [29.6392008, 60.2610132], [29.6393965, 60.2609327], [29.63955188436274, 60.26084958280536], [29.6395526, 60.26084919999996], [29.63955361520067, 60.26084906387008], [29.64008623334071, 60.26077764303493], [29.6400873, 60.2607775], [29.640088395823508, 60.2607775699191], [29.640255, 60.2607882], [29.6403314, 60.2607356], [29.640287564682037, 60.260673714846284], [29.6402872, 60.2606732], [29.640288296412532, 60.2606731666398], [29.640769035439874, 60.260658538480975], [29.6407703, 60.2606585], [29.640771550097927, 60.26065860227069], [29.641758, 60.2607393], [29.64205908022556, 60.26065659002988], [29.6420605, 60.2606562], [29.64206201750501, 60.26065591495379], [29.642481704721437, 60.26057708059603], [29.64284413366798, 60.26050900030647], [29.6428452, 60.2605088], [29.642845555541797, 60.26050933818465], [29.6429036, 60.2605972], [29.6431853, 60.26076139999995], [29.6435219, 60.2608254], [29.643835, 60.2608389], [29.6442434, 60.260735], [29.6444017, 60.2606086], [29.644340161917274, 60.26040413797826], [29.64434, 60.2604036], [29.644341091968148, 60.2604035612473], [29.644425880862162, 60.260400552161386], [29.644561512165506, 60.2603957386078], [29.6445626, 60.26039570000001], [29.644563106759794, 60.26039617984854], [29.6446511, 60.2604795], [29.64480222163067, 60.26046959687959], [29.6448037, 60.2604695], [29.6448051911705, 60.26046950065861], [29.6464106, 60.2604702], [29.64651725229883, 60.260451303350216], [29.6465184, 60.2604511], [29.6465195949375, 60.260451218452424], [29.6468049, 60.2604795], [29.6469041, 60.260455], [29.646958650190612, 60.26040737996144], [29.6469592, 60.260406899999985], [29.646959928098887, 60.260406482732776], [29.6472677, 60.2602301], [29.64719066535164, 60.260117533868545], [29.6471903, 60.260117], [29.647191430275964, 60.26011694943535], [29.647265175356594, 60.26011365031328], [29.6472663, 60.2601136], [29.64726669858232, 60.260114124963636], [29.647336, 60.260205399999926], [29.647503920205992, 60.26018165270535], [29.647505, 60.26018149999999], [29.647506095674046, 60.260181621611814], [29.6476915, 60.2602022], [29.6480341, 60.2601076], [29.6481866, 60.2600457], [29.6483902, 60.2598748], [29.64850747402159, 60.259591645622336], [29.6485077, 60.259591100000016], [29.648508333050433, 60.25959064025573], [29.6486308, 60.2595017], [29.6487877, 60.259294699999955], [29.648709506152215, 60.25908964062721], [29.6487093, 60.2590891], [29.648709525390203, 60.25908856127189], [29.6488054, 60.2588594], [29.648779148853173, 60.258759665531066], [29.648779, 60.25875909999998], [29.648779529801317, 60.25875859404574], [29.648817606370713, 60.25872223130877], [29.648829572162082, 60.258710804080856], [29.6488301, 60.2587103], [29.648831053569907, 60.25870998635784], [29.6490338, 60.2586433], [29.649103, 60.2585226], [29.649160821575226, 60.25815220238427], [29.6491609, 60.2581517], [29.649161328813584, 60.25815124337786], [29.6492565, 60.25804989999998], [29.6492806, 60.257992], [29.64928189823419, 60.2579541514803], [29.6492819, 60.25795410000003], [29.6492821580529, 60.25794818390544], [29.64928307861552, 60.257927040203164], [29.649191530577887, 60.25792334960896], [29.6491903, 60.257923300000016], [29.64918908766136, 60.257923183967876], [29.6491297, 60.2579175], [29.6482556, 60.2578623], [29.6475397, 60.2578634], [29.647557961980215, 60.25794503005409], [29.647558, 60.2579452], [29.64755802758045, 60.25794537044275], [29.647611505664944, 60.258275852802946], [29.647640864473466, 60.25845728045917], [29.6476409, 60.2584575], [29.647640918159663, 60.25845772006453], [29.647747854442922, 60.25975354797581], [29.6477479, 60.2597541], [29.647746788850306, 60.259754120145175], [29.64654675158519, 60.25977587140756], [29.646231687560324, 60.25978158029497], [29.6462306, 60.2597816], [29.64623052891198, 60.25978106039688], [29.646163536019262, 60.25927253313754], [29.646141419995264, 60.259104651783574], [29.6461414, 60.2591045], [29.646141388292634, 60.25910434800278], [29.6460873, 60.2584021], [29.646036801131054, 60.25795331005196], [29.6460368, 60.2579533], [29.6460297, 60.25789120000001], [29.6458264, 60.2578983], [29.644463420949272, 60.2579725825099], [29.6444631, 60.2579726], [29.64446277817557, 60.257972612922735], [29.64253523786456, 60.25804999848012], [29.6425352, 60.25805], [29.6406493, 60.258124100000025], [29.6406549, 60.2582006], [29.64108228806756, 60.260274856791426], [29.6410824, 60.2602754], [29.641081301242878, 60.26027541013657], [29.640638518320376, 60.26027949428086], [29.640443332784365, 60.2602812941653], [29.6404427, 60.26028129999999], [29.640442067551426, 60.260281288211864], [29.640153386472406, 60.26027590720425], [29.640153, 60.2602759], [29.64015261425095, 60.26027588622388], [29.639709214617813, 60.26026005052445], [29.6397078, 60.26026], [29.63970640925455, 60.26025986184302], [29.639252976649587, 60.26021481689301], [29.6392518, 60.2602147], [29.639250654933637, 60.260214521764], [29.63923782593301, 60.26021252485721], [29.639142362847302, 60.26019766543921], [29.6391413, 60.2601975], [29.639141206836854, 60.26019694852019], [29.639048, 60.25964519999998], [29.638911200363566, 60.25906780153459], [29.6389112, 60.2590678], [29.6387187, 60.2582543], [29.6386592, 60.2581893], [29.6380741, 60.2581984], [29.636279602454294, 60.25829307349514], [29.6362791, 60.25829309999993], [29.636278595662624, 60.25829311530875]]]}}, {"type": "Feature", "properties": {"block_id": 123, "area": 17382.831212683755, "dominant_landuse": "residential", "poi_count": 8, "amenity_count": 0, "building_count": 8, "leisure_count": 0, "attractiveness_score": 0.032145488306243926, "attractiveness_rank": 170}, "geometry": {"type": "Polygon", "coordinates": [[[29.647540083392617, 60.257863399411924], [29.6475400833928, 60.25786339941191], [29.648238420428548, 60.25786232644208], [29.6482556, 60.2578623], [29.648259662550192, 60.25780335472251], [29.6482609, 60.2577854], [29.64826106220661, 60.257784821206926], [29.64826106220662, 60.257784821206926], [29.6484585, 60.2570803], [29.6474018, 60.25702959999996], [29.647401010935024, 60.25702920099762], [29.6462922, 60.2564685], [29.6455974, 60.2564956], [29.6457885, 60.2574935], [29.645801453996345, 60.25760679669095], [29.645819979399516, 60.257768819829174], [29.64581997939952, 60.257768819829195], [29.64582, 60.257769], [29.6458264, 60.2578983], [29.64602932668984, 60.257891213037674], [29.6460293266902, 60.257891213037674], [29.6460297, 60.25789120000001], [29.646856249917438, 60.25787598485629], [29.647539316868595, 60.25786340705582], [29.6475397, 60.2578634], [29.647540083392617, 60.257863399411924]]]}}, {"type": "Feature", "properties": {"block_id": 124, "area": 17959.18713048317, "dominant_landuse": "residential", "poi_count": 13, "amenity_count": 0, "building_count": 13, "leisure_count": 0, "attractiveness_score": 0.03517413428830681, "attractiveness_rank": 134}, "geometry": {"type": "Polygon", "coordinates": [[[29.6460297, 60.25789120000001], [29.6460368, 60.2579533], [29.6460873, 60.2584021], [29.646087307600883, 60.25840219868738], [29.646087307600883, 60.2584021986874], [29.6461414, 60.2591045], [29.6462306, 60.2597816], [29.6477479, 60.2597541], [29.6476409, 60.2584575], [29.647558, 60.2579452], [29.6475397, 60.2578634], [29.6460297, 60.25789120000001]]]}}, {"type": "Feature", "properties": {"block_id": 125, "area": 20897.69390470926, "dominant_landuse": "residential", "poi_count": 14, "amenity_count": 0, "building_count": 14, "leisure_count": 0, "attractiveness_score": 0.03582215319154697, "attractiveness_rank": 121}, "geometry": {"type": "Polygon", "coordinates": [[[29.6031077, 60.252259], [29.604087996733337, 60.25294081088059], [29.6040887, 60.2529413], [29.604088802472468, 60.25294189900619], [29.6042355, 60.2537994], [29.605154391540893, 60.25375690039126], [29.6051544, 60.2537569], [29.6060522, 60.25371520000002], [29.6058504, 60.2522643], [29.60481235826152, 60.252244020678475], [29.6048113, 60.252244], [29.604810487192374, 60.25224366255103], [29.6039861, 60.2519014], [29.6031077, 60.252259]]]}}, {"type": "Feature", "properties": {"block_id": 126, "area": 28686.244632733986, "dominant_landuse": "residential", "poi_count": 24, "amenity_count": 0, "building_count": 24, "leisure_count": 0, "attractiveness_score": 0.041978844469794274, "attractiveness_rank": 70}, "geometry": {"type": "Polygon", "coordinates": [[[29.5878964, 60.24700189999999], [29.5893206, 60.2469633], [29.5908798, 60.2468843], [29.5907389, 60.245950499999935], [29.5878277, 60.24609079999998], [29.587826055830345, 60.24609075978387], [29.587826055830295, 60.24609075978387], [29.58711311440122, 60.246073319421505], [29.5869897, 60.2460703], [29.58698888840959, 60.24607025069226], [29.58698888840947, 60.24607025069228], [29.585859, 60.2460016], [29.5854918, 60.24600160000002], [29.5862154, 60.24699419999998], [29.5878964, 60.24700189999999]]]}}, {"type": "Feature", "properties": {"block_id": 127, "area": 78246.958256621, "dominant_landuse": "residential", "poi_count": 67, "amenity_count": 0, "building_count": 67, "leisure_count": 0, "attractiveness_score": 0.06869333130334561, "attractiveness_rank": 25}, "geometry": {"type": "Polygon", "coordinates": [[[29.587895681454008, 60.24700189671315], [29.5862154, 60.24699419999998], [29.586094, 60.2470574], [29.586070958066347, 60.24714142360426], [29.5860708, 60.247142], [29.58607018817469, 60.247142495894764], [29.585980149360463, 60.247215473685145], [29.5859795, 60.247216], [29.585978635192333, 60.247216443171], [29.58578742267536, 60.24731442966799], [29.5857867, 60.2473148], [29.585785853280264, 60.247315098402], [29.58553986231681, 60.247401790379236], [29.5855387, 60.24740220000001], [29.58553744321064, 60.24740253364638], [29.58539720042575, 60.24743976451064], [29.58504760413594, 60.247532572355084], [29.5850475, 60.2475326], [29.585047395289124, 60.24753262710169], [29.5849285, 60.2475634], [29.5848192, 60.2476164], [29.583998384748632, 60.248026157693566], [29.5839983, 60.2480262], [29.583998214350665, 60.24802624185565], [29.583199, 60.2484168], [29.58451877750385, 60.24897030668915], [29.584519, 60.24897039999993], [29.584519217580834, 60.24897049613161], [29.5858001, 60.24953640000002], [29.5858772, 60.2494981], [29.5862364, 60.2493154], [29.587286294063123, 60.24875542986389], [29.5872871, 60.248755], [29.587288187989774, 60.24875477021237], [29.58751106044061, 60.24870769844072], [29.587512, 60.2487075], [29.587513020040788, 60.24870747966726], [29.5909312, 60.2486393], [29.5913443, 60.24861209999999], [29.591070808229922, 60.24778822604337], [29.5910707, 60.2477879], [29.591070630566485, 60.247787571355296], [29.5908798, 60.2468843], [29.589321128713262, 60.24696327321482], [29.5893206, 60.2469633], [29.58932006933652, 60.246963314385404], [29.588628092469023, 60.24698207090585], [29.58789711751117, 60.24700188055719], [29.5878964, 60.24700189999999], [29.587895681454008, 60.24700189671315]]]}}, {"type": "Feature", "properties": {"block_id": 128, "area": 19796.536377882658, "dominant_landuse": "residential", "poi_count": 22, "amenity_count": 0, "building_count": 22, "leisure_count": 0, "attractiveness_score": 0.04063767901746116, "attractiveness_rank": 77}, "geometry": {"type": "Polygon", "coordinates": [[[29.5844864, 60.246895299999984], [29.58448499470923, 60.24689512697094], [29.58448499470917, 60.24689512697093], [29.5839528428953, 60.246829603578846], [29.5838716, 60.2468196], [29.5832132, 60.24711319999999], [29.5829107, 60.2472888], [29.58291057247145, 60.2472888715262], [29.5825336, 60.247500299999984], [29.5819226, 60.2478538], [29.5825311, 60.2481322], [29.583199, 60.2484168], [29.5839983, 60.2480262], [29.5848192, 60.2476164], [29.584819317517464, 60.247616343015466], [29.584819317517816, 60.24761634301528], [29.584927710922877, 60.24756378262754], [29.584927710922877, 60.24756378262754], [29.5849285, 60.2475634], [29.584929477743163, 60.24756314693776], [29.584929477743184, 60.247563146937736], [29.585047499999924, 60.24753260000002], [29.5853981772631, 60.24743950518617], [29.5855387, 60.24740220000001], [29.58570403384688, 60.24734393325502], [29.5857867, 60.2473148], [29.5859795, 60.247216], [29.5860708, 60.247142], [29.586094, 60.2470574], [29.58609481447346, 60.24705697599194], [29.58609481447351, 60.247056975991896], [29.5862154, 60.24699419999998], [29.5844864, 60.246895299999984]]]}}, {"type": "Feature", "properties": {"block_id": 129, "area": 25717.84443241256, "dominant_landuse": "residential", "poi_count": 11, "amenity_count": 0, "building_count": 11, "leisure_count": 0, "attractiveness_score": 0.03408234742162282, "attractiveness_rank": 149}, "geometry": {"type": "Polygon", "coordinates": [[[29.5854918, 60.24600160000002], [29.585857626774484, 60.246001600001904], [29.585857626774594, 60.24600160000192], [29.585859, 60.2460016], [29.58586036307994, 60.246001682825124], [29.58586036308007, 60.246001682825124], [29.5869897, 60.2460703], [29.5878277, 60.24609079999998], [29.5907389, 60.245950499999935], [29.5906092, 60.2450998], [29.5896367, 60.2451282], [29.5878688, 60.245245], [29.5866649, 60.2452766], [29.585865292020163, 60.24545862999195], [29.585684760783636, 60.24549972681302], [29.58568476078363, 60.24549972681302], [29.585684, 60.2454999], [29.5852647, 60.2455601], [29.5853633, 60.24576459999999], [29.5854918, 60.24600160000002]]]}}, {"type": "Feature", "properties": {"block_id": 130, "area": 18480.24888171862, "dominant_landuse": "residential", "poi_count": 12, "amenity_count": 0, "building_count": 12, "leisure_count": 0, "attractiveness_score": 0.03457793682681079, "attractiveness_rank": 142}, "geometry": {"type": "Polygon", "coordinates": [[[29.5943843, 60.2466898], [29.5949802, 60.246682], [29.5962067, 60.2466303], [29.5976274, 60.2466285], [29.5976103, 60.2457271], [29.594088, 60.2458089], [29.5943843, 60.2466898]]]}}, {"type": "Feature", "properties": {"block_id": 131, "area": 19407.76748044095, "dominant_landuse": "residential", "poi_count": 15, "amenity_count": 0, "building_count": 15, "leisure_count": 0, "attractiveness_score": 0.036403837870930995, "attractiveness_rank": 113}, "geometry": {"type": "Polygon", "coordinates": [[[29.594088, 60.2458089], [29.5907389, 60.245950499999935], [29.5908798, 60.2468843], [29.5943843, 60.2466898], [29.594088, 60.2458089]]]}}, {"type": "Feature", "properties": {"block_id": 132, "area": 17468.348481836645, "dominant_landuse": "residential", "poi_count": 12, "amenity_count": 0, "building_count": 12, "leisure_count": 0, "attractiveness_score": 0.03456277940552042, "attractiveness_rank": 144}, "geometry": {"type": "Polygon", "coordinates": [[[29.5940702, 60.244991], [29.5928324, 60.2450406], [29.5906092, 60.2450998], [29.5907389, 60.245950499999935], [29.594088, 60.2458089], [29.5940702, 60.244991]]]}}, {"type": "Feature", "properties": {"block_id": 133, "area": 23377.704253581116, "dominant_landuse": "residential", "poi_count": 9, "amenity_count": 0, "building_count": 9, "leisure_count": 0, "attractiveness_score": 0.03283928901876792, "attractiveness_rank": 165}, "geometry": {"type": "Polygon", "coordinates": [[[29.594088, 60.2458089], [29.5976103, 60.2457271], [29.5987129, 60.245661], [29.5992464, 60.245498799999986], [29.5988344, 60.245307099999984], [29.5981821, 60.24501749999999], [29.597577, 60.2448373], [29.597338, 60.2448894], [29.597336998808604, 60.244889428835826], [29.597336998808466, 60.24488942883584], [29.5966852, 60.24490819999998], [29.5940702, 60.244991], [29.594088, 60.2458089]]]}}, {"type": "Feature", "properties": {"block_id": 134, "area": 358.4209530418619, "dominant_landuse": null, "poi_count": 0, "amenity_count": 0, "building_count": 0, "leisure_count": 0, "attractiveness_score": 0.027058456641317456, "attractiveness_rank": 196}, "geometry": {"type": "Polygon", "coordinates": [[[29.597479947866468, 60.25418133333022], [29.597496499350196, 60.25418529984426], [29.597496499643068, 60.254185299914454], [29.5974965, 60.2541853], [29.59764238938215, 60.254220263264905], [29.5979822, 60.254301699999985], [29.5979202, 60.25420879999999], [29.59786645198766, 60.25412822747541], [29.597865904284536, 60.25412740642285], [29.59785320341251, 60.25410840510532], [29.5978532, 60.2541084], [29.597843131720374, 60.25409331764807], [29.59782809999528, 60.25407080000094], [29.597383, 60.2541581], [29.597479947866468, 60.25418133333022]]]}}, {"type": "Feature", "properties": {"block_id": 135, "area": 11707.31563907158, "dominant_landuse": "residential", "poi_count": 10, "amenity_count": 1, "building_count": 10, "leisure_count": 0, "attractiveness_score": 0.03530218102062491, "attractiveness_rank": 129}, "geometry": {"type": "Polygon", "coordinates": [[[29.597902, 60.2512015], [29.5984153, 60.251112], [29.5994589, 60.2509465], [29.5991545, 60.250714299999984], [29.59911669047668, 60.2506570814315], [29.598974962611724, 60.250442597426485], [29.59897496261171, 60.250442597426456], [29.5989747, 60.250442199999966], [29.598974497673698, 60.25044179395538], [29.59897449767369, 60.25044179395538], [29.5986712, 60.24983309999998], [29.5972762, 60.2498443], [29.5973551, 60.2501899], [29.5975851, 60.2506951], [29.597902, 60.2512015]]]}}, {"type": "Feature", "properties": {"block_id": 136, "area": 17871.84062393326, "dominant_landuse": "residential", "poi_count": 14, "amenity_count": 0, "building_count": 14, "leisure_count": 0, "attractiveness_score": 0.03577682844126033, "attractiveness_rank": 123}, "geometry": {"type": "Polygon", "coordinates": [[[29.5962067, 60.2466303], [29.59606, 60.2473398], [29.596079, 60.2478131], [29.5962995, 60.2484147], [29.596685099999984, 60.248737499999976], [29.59688, 60.2487774], [29.5974779, 60.2487609], [29.5976274, 60.2466285], [29.5962067, 60.2466303]]]}}, {"type": "Feature", "properties": {"block_id": 137, "area": 10670.169158070606, "dominant_landuse": "residential", "poi_count": 10, "amenity_count": 0, "building_count": 10, "leisure_count": 0, "attractiveness_score": 0.03325294330650426, "attractiveness_rank": 161}, "geometry": {"type": "Polygon", "coordinates": [[[29.5972762, 60.2498443], [29.5986712, 60.24983309999998], [29.5986956, 60.24876049999999], [29.5974779, 60.2487609], [29.59688, 60.2487774], [29.5972762, 60.2498443]]]}}, {"type": "Feature", "properties": {"block_id": 138, "area": 23065.80663283894, "dominant_landuse": "residential", "poi_count": 23, "amenity_count": 0, "building_count": 23, "leisure_count": 0, "attractiveness_score": 0.04129065248087886, "attractiveness_rank": 75}, "geometry": {"type": "Polygon", "coordinates": [[[29.5974779, 60.2487609], [29.5986956, 60.24876049999999], [29.5992597, 60.2487549], [29.5993386, 60.2466074], [29.5976274, 60.2466285], [29.5974779, 60.2487609]]]}}, {"type": "Feature", "properties": {"block_id": 139, "area": 776.9292589203153, "dominant_landuse": "residential", "poi_count": 0, "amenity_count": 0, "building_count": 0, "leisure_count": 0, "attractiveness_score": 0.027064725545555914, "attractiveness_rank": 194}, "geometry": {"type": "Polygon", "coordinates": [[[29.5968873, 60.2446428], [29.5966852, 60.24490819999998], [29.597338, 60.2448894], [29.597347799163995, 60.244887263875945], [29.597577, 60.2448373], [29.5968873, 60.2446428]]]}}, {"type": "Feature", "properties": {"block_id": 140, "area": 15026.248770590822, "dominant_landuse": "residential", "poi_count": 3, "amenity_count": 0, "building_count": 3, "leisure_count": 0, "attractiveness_score": 0.029090176020437928, "attractiveness_rank": 179}, "geometry": {"type": "Polygon", "coordinates": [[[29.5968873, 60.2446428], [29.59532681549163, 60.24415082016871], [29.595326815491582, 60.24415082016871], [29.5953258, 60.24415049999999], [29.595324858741865, 60.244150127970144], [29.595324858741762, 60.244150127970116], [29.594946799999953, 60.24400069999996], [29.5937615, 60.24355089999999], [29.5937215, 60.24358929999999], [29.5936929, 60.2437029], [29.5939101, 60.24454919999999], [29.5940702, 60.244991], [29.5966852, 60.24490819999998], [29.5968873, 60.2446428]]]}}, {"type": "Feature", "properties": {"block_id": 141, "area": 18704.877464108275, "dominant_landuse": "residential", "poi_count": 11, "amenity_count": 0, "building_count": 11, "leisure_count": 0, "attractiveness_score": 0.033977299044483635, "attractiveness_rank": 150}, "geometry": {"type": "Polygon", "coordinates": [[[29.5943843, 60.2466898], [29.5908798, 60.2468843], [29.5910707, 60.2477879], [29.593261, 60.2476108], [29.5945349, 60.24749419999996], [29.5943843, 60.2466898]]]}}, {"type": "Feature", "properties": {"block_id": 142, "area": 13322.87101450419, "dominant_landuse": "allotments", "poi_count": 14, "amenity_count": 1, "building_count": 13, "leisure_count": 0, "attractiveness_score": 0.03755744992378638, "attractiveness_rank": 106}, "geometry": {"type": "Polygon", "coordinates": [[[29.6078748, 60.2424053], [29.607644, 60.2418267], [29.6072421, 60.2409035], [29.6058757, 60.2410448], [29.6064848, 60.2425387], [29.6078748, 60.2424053]]]}}, {"type": "Feature", "properties": {"block_id": 143, "area": 10781.512208649394, "dominant_landuse": "allotments", "poi_count": 12, "amenity_count": 0, "building_count": 12, "leisure_count": 0, "attractiveness_score": 0.03446261619330674, "attractiveness_rank": 148}, "geometry": {"type": "Polygon", "coordinates": [[[29.6047315, 60.2411835], [29.6053923, 60.24266449999998], [29.6064848, 60.2425387], [29.6058757, 60.2410448], [29.6047315, 60.2411835]]]}}, {"type": "Feature", "properties": {"block_id": 144, "area": 25003.365436192853, "dominant_landuse": "residential", "poi_count": 18, "amenity_count": 0, "building_count": 18, "leisure_count": 0, "attractiveness_score": 0.0382996628378401, "attractiveness_rank": 99}, "geometry": {"type": "Polygon", "coordinates": [[[29.6387187, 60.2582543], [29.638911199638233, 60.25906779847125], [29.639047728410837, 60.2596440537087], [29.639048, 60.25964519999998], [29.6391413, 60.2601975], [29.63925180000001, 60.2602147], [29.639650799358368, 60.26025433752903], [29.6397078, 60.26026], [29.639781999972637, 60.2602626501039], [29.640153, 60.2602759], [29.640359928454377, 60.2602797572054], [29.6404427, 60.26028129999999], [29.6410824, 60.2602754], [29.6406549, 60.2582006], [29.640654873047474, 60.258200231810214], [29.640654873047474, 60.2582002318102], [29.6406493, 60.258124100000025], [29.63936490824881, 60.25816609973032], [29.6386592, 60.2581893], [29.638701302943282, 60.258235294841946], [29.6387187, 60.2582543]]]}}, {"type": "Feature", "properties": {"block_id": 145, "area": 86366.16590034094, "dominant_landuse": "allotments", "poi_count": 59, "amenity_count": 0, "building_count": 59, "leisure_count": 0, "attractiveness_score": 0.06398292999588318, "attractiveness_rank": 28}, "geometry": {"type": "Polygon", "coordinates": [[[29.62509497168115, 60.239086144478925], [29.6236023, 60.2391507], [29.623895873278514, 60.23925643022923], [29.6238969, 60.2392568], [29.623897623091253, 60.23925731775755], [29.624091939846767, 60.23939645431942], [29.62418329710433, 60.2394618683133], [29.6241839, 60.2394623], [29.624184330663663, 60.239462779957734], [29.6243175570552, 60.23961125478186], [29.624389642134737, 60.23969158973513], [29.6243901, 60.2396921], [29.62439012399894, 60.23969265861608], [29.6243948, 60.2398015], [29.624831965977652, 60.24014218384117], [29.6248325, 60.2401426], [29.624832958416597, 60.240143037877225], [29.625718, 60.2409884], [29.6257617, 60.240977], [29.62785461727353, 60.240126358789794], [29.6278555, 60.240126], [29.627856180728777, 60.24012645475142], [29.62879104266994, 60.240750960901416], [29.6287917, 60.2407514], [29.62879082349708, 60.240751731223526], [29.6264949, 60.2416193], [29.626455679729073, 60.24163411956388], [29.6267222, 60.24174759999999], [29.6280627, 60.2417109], [29.6285045, 60.241660899999985], [29.6287387, 60.2416318], [29.6297303, 60.24136259999998], [29.63254608742874, 60.240175816049124], [29.6325466, 60.2401756], [29.632547137522664, 60.24017539949987], [29.6328104, 60.2400772], [29.6327436, 60.24003709999999], [29.6319273, 60.2395651], [29.631371202254044, 60.239315745851265], [29.6313711, 60.2393157], [29.63137099887946, 60.23931565353204], [29.630841, 60.2390721], [29.630498903347632, 60.23913202424762], [29.6304979, 60.2391322], [29.63049683787187, 60.23913222957665], [29.630292537704374, 60.23913791848215], [29.63008490659194, 60.23914369981645], [29.6300849, 60.2391437], [29.629778, 60.2391522], [29.629456104926952, 60.239208823229], [29.6294551, 60.239209], [29.629454035748193, 60.2392090300311], [29.629276192009687, 60.23921404831286], [29.629101940753735, 60.23921896499168], [29.6291007, 60.239219], [29.62909954763538, 60.23921876866216], [29.6285961, 60.23911769999999], [29.6270263, 60.2389641], [29.6260986, 60.2388978], [29.62509696561366, 60.239085918651135], [29.625096, 60.2390861], [29.62509497168115, 60.239086144478925]]]}}, {"type": "Feature", "properties": {"block_id": 146, "area": 2950.6040102088527, "dominant_landuse": null, "poi_count": 1, "amenity_count": 0, "building_count": 1, "leisure_count": 0, "attractiveness_score": 0.027701287905059765, "attractiveness_rank": 183}, "geometry": {"type": "Polygon", "coordinates": [[[29.6431789, 60.2420597], [29.6426294, 60.2428962], [29.6430886, 60.2427808], [29.6434294, 60.2426616], [29.6437209, 60.2425433], [29.6439645, 60.2423996], [29.6431789, 60.2420597]]]}}, {"type": "Feature", "properties": {"block_id": 147, "area": 42105.210491505386, "dominant_landuse": "residential", "poi_count": 17, "amenity_count": 1, "building_count": 16, "leisure_count": 0, "attractiveness_score": 0.039800592877356704, "attractiveness_rank": 84}, "geometry": {"type": "Polygon", "coordinates": [[[29.63350526179432, 60.2434829708939], [29.6335054, 60.2434823], [29.6337653, 60.2431198], [29.6339691, 60.2428412], [29.6342678, 60.2424721], [29.6344846, 60.2421882], [29.634485413628834, 60.24218771871582], [29.634763365863435, 60.24202330109482], [29.6358309, 60.2413918], [29.635831529378486, 60.241391523825115], [29.6362746, 60.2411971], [29.636711710656762, 60.240916478357946], [29.63671171065682, 60.24091647835788], [29.6367123, 60.2409161], [29.6369642, 60.2407801], [29.6372971, 60.24030459999999], [29.636707, 60.2403169], [29.6362928, 60.2403907], [29.631768, 60.2429995], [29.6309628, 60.24347310000001], [29.629583, 60.24408219999999], [29.630037, 60.2443357], [29.6304531, 60.2444578], [29.6308074, 60.2443379], [29.6312025, 60.244226], [29.63126526779213, 60.24421115094312], [29.63200139999996, 60.244037], [29.632314492833796, 60.243958628962254], [29.6323214, 60.2439569], [29.632368751620433, 60.243943713140624], [29.632618, 60.2438743], [29.632865122855083, 60.243799891621464], [29.632891, 60.2437921], [29.632939603719247, 60.243777509222], [29.632941300012853, 60.243776999995326], [29.6332787, 60.2436547], [29.6334903, 60.2435556], [29.63350526179432, 60.2434829708939]]]}}, {"type": "Feature", "properties": {"block_id": 148, "area": 13245.70710334078, "dominant_landuse": "allotments", "poi_count": 14, "amenity_count": 0, "building_count": 14, "leisure_count": 0, "attractiveness_score": 0.03570753283200339, "attractiveness_rank": 126}, "geometry": {"type": "Polygon", "coordinates": [[[29.6264453, 60.2416297], [29.626469454570717, 60.241624635335064], [29.626494900000033, 60.241619299999975], [29.6287917, 60.2407514], [29.6278555, 60.240126], [29.6257617, 60.240977], [29.625760690144595, 60.24097726344079], [29.625760690144386, 60.24097726344084], [29.625718, 60.24098840000005], [29.625911577343718, 60.241159090562526], [29.6264453, 60.2416297]]]}}, {"type": "Feature", "properties": {"block_id": 149, "area": 91131.5956826961, "dominant_landuse": "residential", "poi_count": 33, "amenity_count": 0, "building_count": 33, "leisure_count": 0, "attractiveness_score": 0.048350246352673036, "attractiveness_rank": 46}, "geometry": {"type": "Polygon", "coordinates": [[[29.6359933, 60.23896210000002], [29.6351922, 60.2392651], [29.634874502481146, 60.23951919801557], [29.634874502470893, 60.23951919802378], [29.6348745, 60.2395192], [29.6347344, 60.2396312], [29.63473331617057, 60.23963137191098], [29.6334665, 60.23983230000001], [29.6328104, 60.2400772], [29.632548323504412, 60.24017495711946], [29.632546599999834, 60.240175600000065], [29.629731175356014, 60.24136223108179], [29.62973117535599, 60.2413622310818], [29.6297303, 60.24136259999998], [29.629729292831264, 60.24136287343255], [29.629729292831215, 60.241362873432564], [29.6287387, 60.2416318], [29.6296178, 60.2423123], [29.6309628, 60.24347310000001], [29.631768, 60.2429995], [29.6362928, 60.2403907], [29.636293894661907, 60.24039050496095], [29.63629389466201, 60.24039050496095], [29.636533261398633, 60.24034785603678], [29.636707, 60.2403169], [29.63728850476448, 60.240304779177336], [29.6372971, 60.24030459999999], [29.63729066633196, 60.24028755815616], [29.637284, 60.2402699], [29.63722607095527, 60.240115985613315], [29.637225699999867, 60.24011499999976], [29.6367368, 60.23925460000001], [29.6365323, 60.2389342], [29.6359933, 60.23896210000002]]]}}, {"type": "Feature", "properties": {"block_id": 150, "area": 22304.795708531467, "dominant_landuse": "residential", "poi_count": 26, "amenity_count": 0, "building_count": 26, "leisure_count": 0, "attractiveness_score": 0.043091260765608125, "attractiveness_rank": 64}, "geometry": {"type": "Polygon", "coordinates": [[[29.6365323, 60.2389342], [29.636324847409924, 60.23876913218682], [29.636282246297625, 60.23873523468695], [29.6362817, 60.23873480000001], [29.636281595256886, 60.238734290077666], [29.636281595256886, 60.23873429007763], [29.63627185292325, 60.23868686126481], [29.6362498, 60.2385795], [29.636250663133026, 60.238579107917], [29.6373245, 60.2380913], [29.6374074, 60.2378931], [29.6371778, 60.2377514], [29.63717737705976, 60.237751040979454], [29.63717737705976, 60.237751040979454], [29.637175734335937, 60.23774964652332], [29.637107002738507, 60.23769130232462], [29.6367666, 60.2374025], [29.6361496, 60.23742640000001], [29.6353535, 60.23747739999998], [29.6351973, 60.23751459999998], [29.635327675585675, 60.23808655420783], [29.635327675585675, 60.23808655420785], [29.6353278, 60.23808709999999], [29.6350839, 60.2382401], [29.6337571, 60.2388508], [29.6345341, 60.2393405], [29.634535073400542, 60.23934101711907], [29.634537300000517, 60.239342200000266], [29.6345800304846, 60.239364593304686], [29.6346329, 60.2393923], [29.63483428443359, 60.239498076940016], [29.634874500003175, 60.23951919999745], [29.6351922, 60.2392651], [29.6359933, 60.23896210000002], [29.6365323, 60.2389342]]]}}, {"type": "Feature", "properties": {"block_id": 151, "area": 25132.47378596597, "dominant_landuse": "residential", "poi_count": 13, "amenity_count": 0, "building_count": 13, "leisure_count": 0, "attractiveness_score": 0.03528158412021367, "attractiveness_rank": 130}, "geometry": {"type": "Polygon", "coordinates": [[[29.6365323, 60.2389342], [29.63673669091722, 60.239254429096526], [29.6367368, 60.23925460000001], [29.63673689804387, 60.23925477254921], [29.637225422736194, 60.24011451206565], [29.6372257, 60.240115], [29.637225887576424, 60.24011549838311], [29.637277155928377, 60.240251715745636], [29.637283997712697, 60.24026989392278], [29.637284, 60.2402699], [29.6372971, 60.24030459999999], [29.638304227255656, 60.240279636510266], [29.6383057, 60.24027959999999], [29.638307169762054, 60.24027965917996], [29.6392545, 60.2403178], [29.6397416, 60.2403319], [29.640170600855047, 60.24032631431288], [29.6401717, 60.24032629999993], [29.640172502126013, 60.24032667389758], [29.64167600243266, 60.241027481642355], [29.6416769, 60.2410279], [29.641677594331078, 60.24102840497047], [29.6418496, 60.2411535], [29.641525578319992, 60.240225056242515], [29.64135439452266, 60.24008948583427], [29.6402188, 60.2397906], [29.6379263, 60.23920240000001], [29.6367938, 60.23892550000002], [29.6366396, 60.2389296], [29.6365323, 60.2389342]]]}}, {"type": "Feature", "properties": {"block_id": 152, "area": 10900.043835480605, "dominant_landuse": "residential", "poi_count": 9, "amenity_count": 0, "building_count": 9, "leisure_count": 0, "attractiveness_score": 0.03265238410629088, "attractiveness_rank": 168}, "geometry": {"type": "Polygon", "coordinates": [[[29.6334665, 60.23983230000001], [29.633467701456205, 60.239832109445445], [29.633467701456244, 60.23983210944544], [29.6347344, 60.2396312], [29.634874499999988, 60.2395192], [29.634632899995218, 60.23939229999749], [29.634594775639037, 60.23937232062851], [29.6345373, 60.23934220000001], [29.6345341, 60.2393405], [29.6337571, 60.2388508], [29.6326528, 60.2392726], [29.6320175, 60.239529199999986], [29.63196379711654, 60.2395505740025], [29.631927300513684, 60.23956510029703], [29.632743464030494, 60.24003702138145], [29.632743464031186, 60.24003702138182], [29.6327436, 60.24003709999999], [29.6328104, 60.2400772], [29.6334654914819, 60.239832676451044], [29.633465491481903, 60.239832676451044], [29.6334665, 60.23983230000001]]]}}, {"type": "Feature", "properties": {"block_id": 153, "area": 29607.990608608707, "dominant_landuse": "residential", "poi_count": 10, "amenity_count": 0, "building_count": 10, "leisure_count": 0, "attractiveness_score": 0.03353661602575731, "attractiveness_rank": 154}, "geometry": {"type": "Polygon", "coordinates": [[[29.62806174888805, 60.24171092604422], [29.6267222, 60.24174759999999], [29.6269512, 60.242145], [29.627339224981576, 60.242271215379496], [29.627339224981682, 60.242271215379546], [29.6273401, 60.2422715], [29.6280191, 60.24285], [29.6283946, 60.24339579999999], [29.629583, 60.24408219999999], [29.6309628, 60.24347310000001], [29.6296178, 60.2423123], [29.6287387, 60.2416318], [29.6285045, 60.241660899999985], [29.628441870255365, 60.241667988118486], [29.628063628794028, 60.241710794886934], [29.62806362879389, 60.24171079488696], [29.6280627, 60.2417109], [29.62806174888805, 60.24171092604422]]]}}, {"type": "Feature", "properties": {"block_id": 154, "area": 271.6425285885235, "dominant_landuse": "residential", "poi_count": 0, "amenity_count": 0, "building_count": 0, "leisure_count": 0, "attractiveness_score": 0.02705715677313032, "attractiveness_rank": 197}, "geometry": {"type": "Polygon", "coordinates": [[[29.6166057, 60.2568809], [29.6165937, 60.256982], [29.6168564, 60.256959399999985], [29.6170496, 60.256897100000025], [29.6166985, 60.2568144], [29.6166057, 60.2568809]]]}}, {"type": "Feature", "properties": {"block_id": 155, "area": 927.6568835229924, "dominant_landuse": null, "poi_count": 0, "amenity_count": 0, "building_count": 0, "leisure_count": 0, "attractiveness_score": 0.02706698331925229, "attractiveness_rank": 192}, "geometry": {"type": "Polygon", "coordinates": [[[29.6288709, 60.2607607], [29.62945283115437, 60.261239361120296], [29.629452831154524, 60.26123936112044], [29.629453, 60.2612395], [29.629453160692865, 60.2612396412475], [29.629453160692933, 60.26123964124756], [29.62959116828157, 60.261360948067335], [29.62965421416243, 60.26135224981016], [29.629654214162592, 60.26135224981015], [29.6296553, 60.2613521], [29.6298867, 60.261477], [29.629938345964, 60.26146773872721], [29.6299111, 60.2614434], [29.6293384, 60.2609585], [29.629019963214787, 60.260705808872416], [29.628987400000746, 60.2607177999997], [29.6289874, 60.2607178], [29.6288709, 60.2607607]]]}}, {"type": "Feature", "properties": {"block_id": 156, "area": 733.5400833939838, "dominant_landuse": null, "poi_count": 0, "amenity_count": 0, "building_count": 0, "leisure_count": 0, "attractiveness_score": 0.02706407561201209, "attractiveness_rank": 195}, "geometry": {"type": "Polygon", "coordinates": [[[29.6301107, 60.261817599999986], [29.630355, 60.2619803], [29.6308168, 60.2621566], [29.63140015843985, 60.26223005521802], [29.631417884326087, 60.26220401775568], [29.63102536754027, 60.26212060928748], [29.630967504099537, 60.26210831337034], [29.6309665, 60.2621081], [29.630965542051737, 60.26210783946058], [29.63088337606603, 60.2620854922034], [29.630712732374672, 60.26203908078482], [29.6307117, 60.2620388], [29.63071080689251, 60.26203841916015], [29.630559556733022, 60.26197392268902], [29.6305588, 60.261973599999955], [29.630558239699692, 60.26197319012802], [29.63026026489036, 60.26175521323648], [29.6302597, 60.2617548], [29.63025921128993, 60.26175436344628], [29.630200298212024, 60.26170173761951], [29.6301492, 60.261715], [29.630039455731094, 60.26175497942955], [29.6301107, 60.261817599999986]]]}}, {"type": "Feature", "properties": {"block_id": 157, "area": 2937207.602834249, "dominant_landuse": "residential", "poi_count": 270, "amenity_count": 7, "building_count": 256, "leisure_count": 7, "attractiveness_score": 0.2978238257243074, "attractiveness_rank": 3}, "geometry": {"type": "Polygon", "coordinates": [[[29.63010999704882, 60.261816982138285], [29.630039455731094, 60.26175497942955], [29.6299285, 60.2617954], [29.6298078, 60.2618912], [29.629788652217318, 60.26196114397417], [29.6297885, 60.2619617], [29.629787433623676, 60.26196188481604], [29.6296656, 60.261983], [29.6296549, 60.26205209999998], [29.62976392569612, 60.26209832927692], [29.6297648, 60.2620987], [29.629764509912235, 60.26209925260067], [29.629716920760902, 60.2621899069701], [29.629682063964882, 60.26225630667432], [29.6296817, 60.262257], [29.629681161325145, 60.26225766465786], [29.6295825, 60.262379399999986], [29.6295756, 60.262442], [29.629765834381594, 60.26252502222778], [29.6297667, 60.2625254], [29.629766279016494, 60.26252593285281], [29.6296602, 60.2626602], [29.629713001785035, 60.26271756735372], [29.6297134, 60.262718], [29.62971364555319, 60.26271845982989], [29.6297817, 60.2628459], [29.6298907, 60.26293840000001], [29.6302879, 60.263203], [29.630673371860688, 60.263447338460004], [29.6306741, 60.2634478], [29.63067426738237, 60.26344838049751], [29.630682655978344, 60.26347747289514], [29.630692672043924, 60.26351220943056], [29.6306929, 60.263513], [29.630692899999982, 60.26351379864076], [29.630692899999644, 60.26354009377122], [29.63069289999999, 60.26357226897055], [29.6306929, 60.26357280000003], [29.63069232520363, 60.263573247702446], [29.6305726, 60.263666499999985], [29.6306754, 60.2637712], [29.631042221810006, 60.26404314549469], [29.6310427, 60.264043499999985], [29.6310430645489, 60.26404388641106], [29.6315064, 60.264535], [29.632043184012883, 60.26483364602195], [29.632044, 60.2648341], [29.632044600202338, 60.26483463058801], [29.63223115244042, 60.264999544631465], [29.632446016905586, 60.26518948454876], [29.6324466, 60.26519], [29.632446457309864, 60.26519058701169], [29.632386, 60.26543930000002], [29.63271277748129, 60.265948197742894], [29.6327131, 60.265948699999946], [29.632712832424115, 60.26594921016078], [29.6325932, 60.26617730000001], [29.6330548, 60.2668775], [29.6333053, 60.2672005], [29.6336877, 60.2673054], [29.63443997243, 60.267364403720464], [29.6344412, 60.2673645], [29.634442228052375, 60.26736484688968], [29.63468204925275, 60.26744576793104], [29.635003082557283, 60.26755409044021], [29.635004, 60.2675544], [29.63500291397629, 60.26755428829843], [29.634164, 60.267468], [29.6339399, 60.26750569999999], [29.633816, 60.2676491], [29.6340958, 60.2679493], [29.6356232, 60.26932269999998], [29.63602075615853, 60.269616923510895], [29.6360214, 60.2696174], [29.63602194255221, 60.26961790664959], [29.636380474536907, 60.26995270932033], [29.636381, 60.2699532], [29.636380772860228, 60.26995374421123], [29.6363075, 60.2701293], [29.6363752, 60.27024870000002], [29.637008937371164, 60.27040533735972], [29.63701, 60.2704056], [29.637010654199173, 60.27040609192955], [29.637318858302688, 60.270637846095994], [29.64185025048509, 60.270927332970494], [29.6418513, 60.270927399999984], [29.64185204960634, 60.27092777097521], [29.64451748526824, 60.27224679684394], [29.6445183, 60.27224719999999], [29.644518385849924, 60.27224776963226], [29.6471291, 60.289560399999985], [29.659752178129317, 60.28892173337861], [29.6598802, 60.2885646], [29.65916026874334, 60.288019803371476], [29.65916, 60.288019600000034], [29.65915974926258, 60.28801939103728], [29.658877816108678, 60.28778442799776], [29.65869225363681, 60.28762977806836], [29.6586918, 60.2876294], [29.658691470892986, 60.28762899139111], [29.65860315365519, 60.28751933909037], [29.6586028, 60.287518900000016], [29.658602678825932, 60.28751843094872], [29.6585292, 60.287234], [29.6584484, 60.2870673], [29.65828925623541, 60.286964225035305], [29.6582886, 60.2869638], [29.658288819526373, 60.28696327566649], [29.6584016, 60.2866939], [29.658167616103942, 60.28611093842448], [29.6581674, 60.2861104], [29.658168424862776, 60.286110606156754], [29.658270275977586, 60.28613109401333], [29.6582713, 60.2861313], [29.658271421863954, 60.28613184521285], [29.6582924, 60.28622570000001], [29.6584533, 60.286471200000015], [29.6585829, 60.2865487], [29.6587987873507, 60.28637525040883], [29.655919429454595, 60.28222117537236], [29.6559191, 60.2822207], [29.655919217716335, 60.28222020067636], [29.65673078176528, 60.27877740162292], [29.6567309, 60.2787769], [29.656731197176, 60.27877641699506], [29.657162484622788, 60.27807542314494], [29.656908833339976, 60.27772120515612], [29.6569084, 60.2777206], [29.656908402176153, 60.27771995771839], [29.6569099, 60.277277900000016], [29.6568729, 60.277139199999986], [29.65664948302664, 60.276752689640965], [29.6566492, 60.2767522], [29.656649192617255, 60.27675169059636], [29.6566462071873, 60.27654569592924], [29.6566462, 60.2765452], [29.656646454746582, 60.27654472046667], [29.65675734054778, 60.276335988397506], [29.6567576, 60.2763355], [29.65675818930533, 60.27633508832225], [29.6571544, 60.27605830000001], [29.6572197, 60.2759436], [29.6571931, 60.27579], [29.65709932069247, 60.27566754931405], [29.6570989, 60.275667], [29.657098718485447, 60.27566641924743], [29.657070669102847, 60.27557667549324], [29.657059470863835, 60.27554084668024], [29.6570593, 60.27554030000001], [29.657059565167373, 60.27553976267636], [29.65710372241813, 60.27545028409826], [29.657195542795908, 60.275264221195954], [29.6571958, 60.27526369999996], [29.657196585650208, 60.27526333161249], [29.657239067151973, 60.275243412228], [29.65738630382682, 60.27517437332484], [29.6573871, 60.275174], [29.657388154662318, 60.27517385384814], [29.65766316417396, 60.27513574354407], [29.6576642, 60.2751356], [29.657665271801395, 60.27513555639123], [29.657921121358495, 60.27512514629707], [29.65798279008791, 60.27512263702411], [29.6579837, 60.27512259999999], [29.657984610049898, 60.27512263617877], [29.658195, 60.275131], [29.658381487592216, 60.27509012192074], [29.6583825, 60.2750899], [29.658383373030635, 60.275090237742724], [29.6588695, 60.2752783], [29.658892764652585, 60.275262799875954], [29.658926134212024, 60.27520855176412], [29.65846862262016, 60.27490218390086], [29.6584679, 60.2749017], [29.658467522945152, 60.27490112737641], [29.6583769, 60.274763499999985], [29.65824425730084, 60.274627670692084], [29.6582437, 60.27462709999994], [29.658243414412762, 60.274626481789404], [29.658215002656757, 60.274564978752245], [29.658201450279744, 60.27453564178363], [29.6582012, 60.2745351], [29.65820160347665, 60.27453458151768], [29.65827543916653, 60.274439699655126], [29.658307065807826, 60.274399057957794], [29.6583075, 60.2743985], [29.658308162053352, 60.27439800030162], [29.65862064695468, 60.27416214386464], [29.6586215, 60.274161499999984], [29.658622522481846, 60.274160920198284], [29.6593283, 60.27376069999998], [29.6596152, 60.2735826], [29.6596963, 60.2734127], [29.65962767905441, 60.273276254871135], [29.6596274, 60.27327569999998], [29.65962792009837, 60.27327518974445], [29.659812276842228, 60.27309432082849], [29.6598124, 60.27309420000001], [29.659812528993537, 60.273094080683265], [29.6600377, 60.2728858], [29.660114634121847, 60.27261847638267], [29.6601148, 60.2726179], [29.660115768306625, 60.27261757183992], [29.6605217, 60.27248], [29.660498551353292, 60.27224671752143], [29.6604985, 60.2722462], [29.66049916360063, 60.272245800205674], [29.661104774193763, 60.2718809372838], [29.6611055, 60.2718805], [29.661106387668124, 60.27188014393216], [29.66142331363727, 60.271753015435756], [29.6614241, 60.27175269999993], [29.6614250266253, 60.271752499448375], [29.661638614190725, 60.271706271979276], [29.661831900704644, 60.271664437927555], [29.661833, 60.2716642], [29.661834199012542, 60.2716642081158], [29.662216171671275, 60.271666793042456], [29.6622172, 60.2716668], [29.662218208794673, 60.2716668993284], [29.66233565975025, 60.271678463780546], [29.6626254790293, 60.27170699947612], [29.6626265, 60.2717071], [29.662627466604487, 60.27170729174117], [29.66279030211301, 60.27173959258969], [29.662967693518485, 60.27177478051577], [29.6629688, 60.271775], [29.662969430947467, 60.271775502010485], [29.663132804033403, 60.2719054884386], [29.663188397982434, 60.27194972101364], [29.663189, 60.2719502], [29.663189397101757, 60.27195072909298], [29.663271190958245, 60.27205970972214], [29.66332825091447, 60.27213573488891], [29.6633286, 60.2721362], [29.6633286029879, 60.272136696377714], [29.6633302, 60.272402], [29.66345503619352, 60.27244827976714], [29.6634559, 60.2724486], [29.66345627684251, 60.27244910159613], [29.6635142, 60.2725262], [29.6636939, 60.2727024], [29.6640571, 60.2728382], [29.6644034, 60.272954100000014], [29.6648052, 60.2730293], [29.664967421081283, 60.27298765132869], [29.6649684, 60.27298739999998], [29.66496924750111, 60.2729877498287], [29.6652189, 60.2730908], [29.6655282, 60.27309180000001], [29.665935, 60.27303389999998], [29.6661611, 60.272952], [29.666463713657066, 60.27278443542041], [29.6664645, 60.272784], [29.666465650717274, 60.27278387564733], [29.66685752346132, 60.27274152714688], [29.6668587, 60.2727414], [29.666859904063994, 60.27274139934798], [29.6672259543239, 60.27274120062355], [29.6672271, 60.2727412], [29.667228153204142, 60.27274142397322], [29.667521, 60.2728037], [29.66757185485442, 60.27271801603322], [29.6662414, 60.2721826], [29.658417691300194, 60.2693844188311], [29.6584168, 60.269384100000025], [29.6584178206395, 60.26938389842277], [29.6645166, 60.2681792], [29.6647116, 60.2656817], [29.66424912523688, 60.26553958737159], [29.66378430645194, 60.26554977793658], [29.6637833, 60.2655498], [29.66378237283218, 60.26554960423291], [29.6632415, 60.26543539999999], [29.662577363975387, 60.2654539702523], [29.6625763, 60.265454], [29.662575288833718, 60.26545383286978], [29.662347, 60.2654161], [29.6621002, 60.265422], [29.661989523555967, 60.26549349718285], [29.6619889, 60.2654939], [29.661987947044647, 60.2654940846362], [29.66175004449491, 60.26554017825546], [29.6617489, 60.2655404], [29.661747686151696, 60.26554049381942], [29.661456373421164, 60.2655630093079], [29.6614552, 60.2655631], [29.66145420771503, 60.26556277589068], [29.66125221520013, 60.265496798933754], [29.6612513, 60.2654965], [29.661252393430214, 60.265496531660354], [29.6615276, 60.2655045], [29.6618006, 60.2654887], [29.6620533, 60.265399399999986], [29.6621311, 60.26536089999998], [29.661997606172708, 60.26527080908892], [29.661997, 60.2652704], [29.661996814997543, 60.265269900402025], [29.6619379, 60.26511079999999], [29.661665016353286, 60.26492491984441], [29.6616644, 60.264924499999985], [29.66166451555873, 60.26492398353197], [29.6617019, 60.2647569], [29.660288716232067, 60.26432248659905], [29.660275, 60.264323199999986], [29.6599853, 60.264343099999984], [29.65994788017653, 60.26445307049355], [29.6599477, 60.2644536], [29.659947134764376, 60.26445405774457], [29.6598378, 60.264542599999984], [29.6597761, 60.2647063], [29.6598083, 60.2648128], [29.65995264679918, 60.26498515885382], [29.6599531, 60.26498569999998], [29.659952710072243, 60.26498625317843], [29.659915965917456, 60.26503838088597], [29.6599156, 60.2650389], [29.65991456068737, 60.26503908952219], [29.659882755613697, 60.265044889281256], [29.659814584390038, 60.26505732049405], [29.6598136, 60.26505750000002], [29.659812671731572, 60.26505725768516], [29.659775031843296, 60.26504743217367], [29.65971269687212, 60.265031160224325], [29.6597117, 60.2650309], [29.659712247946388, 60.265030411236694], [29.6597654, 60.264983], [29.65964238369097, 60.26482917977163], [29.659642, 60.2648287], [29.659641989416617, 60.264828183772956], [29.6596366, 60.2645653], [29.659380050763353, 60.26446985372284], [29.6593791, 60.26446949999998], [29.65937852284966, 60.26446898422657], [29.659353681485353, 60.264446784594114], [29.65932592005693, 60.264421975387336], [29.6593255, 60.2644216], [29.659325200077127, 60.26442119717872], [29.65930530478669, 60.26439447613085], [29.65928822589023, 60.26437153769904], [29.6592879, 60.2643711], [29.65928764842568, 60.26437065036326], [29.659193699509697, 60.264202735317085], [29.6591934, 60.2642022], [29.659194404195958, 60.26420195546504], [29.65935629899586, 60.26416253179539], [29.659361976740627, 60.26416114917908], [29.659363, 60.2641609], [29.65936413821083, 60.26416092758058], [29.65938318959215, 60.26416138922325], [29.65946914025007, 60.26416347189843], [29.6594703, 60.2641635], [29.65947113492461, 60.26416390089737], [29.6598029, 60.2643232], [29.6600228, 60.264288599999986], [29.660057052460747, 60.26425128589306], [29.65866698301609, 60.26382403987358], [29.6586097076315, 60.26388764730401], [29.6586093, 60.26388810000001], [29.65860860212107, 60.2638884545845], [29.6585955984514, 60.26389506160158], [29.65838749525855, 60.26400079594211], [29.6583867, 60.26400120000001], [29.658385611017454, 60.26400136325356], [29.6580445, 60.2640525], [29.65765064315137, 60.2642030776527], [29.6576498, 60.264203399999985], [29.657648736113973, 60.26420339815136], [29.65621668242132, 60.26420090206732], [29.6562155, 60.2642009], [29.656214623888108, 60.26420050548161], [29.656168979327855, 60.26417995144374], [29.656134979348113, 60.26416464100785], [29.656134, 60.2641642], [29.656133130981555, 60.26416370520226], [29.6559459, 60.2640571], [29.655697226956807, 60.26403327921634], [29.6556964, 60.2640332], [29.65569560591587, 60.264033060613826], [29.655452, 60.2639903], [29.6547042, 60.263958299999985], [29.6542084, 60.26394939999999], [29.65380530818587, 60.26395847954472], [29.6538044, 60.2639585], [29.653803491444226, 60.26395848410711], [29.653736933751933, 60.26395731983268], [29.6537358, 60.2639573], [29.653735041718296, 60.263956880777776], [29.6536204, 60.2638935], [29.6535239, 60.2638615], [29.652833642821456, 60.26377953570717], [29.6528325, 60.2637794], [29.652831496255036, 60.26377909650839], [29.6526334, 60.2637192], [29.652227585319594, 60.2636868864219], [29.6522265, 60.2636868], [29.652225510675883, 60.26368656203229], [29.651404704838264, 60.26348912521831], [29.6514046, 60.26348910000002], [29.651126937021445, 60.26342142836989], [29.651126, 60.2634212], [29.651125224535406, 60.263420852914074], [29.6510804989182, 60.26340083440244], [29.65068508170906, 60.263223849887694], [29.6506843, 60.26322349999999], [29.650683662271874, 60.26322308422315], [29.649999589350823, 60.26277708425015], [29.649999, 60.26277669999999], [29.649998706361114, 60.26277623945176], [29.649717, 60.262334399999986], [29.64909642906759, 60.26201527207636], [29.6490959, 60.262015], [29.649095409029005, 60.26201471083085], [29.6488818, 60.26188890000001], [29.64851071552424, 60.26180171510085], [29.6485098, 60.2618015], [29.648508976387394, 60.26180120720352], [29.64834396950678, 60.26174254660666], [29.648061180485453, 60.26164201302101], [29.6480603, 60.2616417], [29.64806080782743, 60.261641224915216], [29.6481363, 60.2615706], [29.6479176, 60.261513], [29.647845431262844, 60.26158050308404], [29.6478449, 60.261581], [29.64784391827655, 60.261580719516246], [29.6464407, 60.2611798], [29.6453031, 60.2611468], [29.644505492988046, 60.261338984836854], [29.6445046, 60.2613392], [29.64450364504992, 60.26133933426543], [29.644214805018876, 60.26137994463777], [29.6442137, 60.2613801], [29.644212615186145, 60.261379912755146], [29.6438041, 60.2613094], [29.6424235, 60.2614235], [29.6423458, 60.2614341], [29.64236157425058, 60.26147215538018], [29.6423618, 60.261472699999985], [29.642360700695683, 60.26147280416815], [29.64231325678575, 60.26147729986121], [29.6423122, 60.2614774], [29.642311851035828, 60.26147689435837], [29.6422975, 60.2614561], [29.6422277, 60.26142620000002], [29.6419448, 60.2614681], [29.641583616417133, 60.26158250971489], [29.6415827, 60.261582799999985], [29.641581617245755, 60.2615828465953], [29.6412411, 60.2615975], [29.6409202, 60.261657], [29.640764303674057, 60.26175248525996], [29.6407633, 60.2617531], [29.640762132375386, 60.26175363853763], [29.640759683603925, 60.26175476797209], [29.640715111141414, 60.2617753258821], [29.6407143, 60.26177569999999], [29.640713627495956, 60.26177526325904], [29.6406969, 60.26176439999995], [29.6405809, 60.2617678], [29.64056585820171, 60.261783909281], [29.6405654, 60.2617844], [29.640564399768223, 60.26178418634017], [29.6405125, 60.2617731], [29.640177707025824, 60.26178499975029], [29.6401777, 60.261785], [29.64003725316322, 60.26178996981064], [29.6400364, 60.26179], [29.64003554743754, 60.26178996587633], [29.639879653714395, 60.26178372616559], [29.639879, 60.2617837], [29.639878350444572, 60.261783655025305], [29.6394905, 60.2617568], [29.639065891244748, 60.261784721667425], [29.6390647, 60.2617848], [29.639063519451234, 60.26178468865095], [29.6381275, 60.26169640000001], [29.637698276980796, 60.261768302836145], [29.6376971, 60.26176849999999], [29.63769586608794, 60.261768429364956], [29.63728414898579, 60.261744860052296], [29.6372831, 60.2617448], [29.637282276091824, 60.26174447186296], [29.6370865, 60.2616665], [29.63638165701536, 60.2618050921644], [29.6363806, 60.2618053], [29.63637961863925, 60.261805014927745], [29.636288928332743, 60.26177867054687], [29.636109315410298, 60.26172649496668], [29.6361083, 60.26172619999997], [29.636107516222886, 60.26172576423707], [29.6358993, 60.26161], [29.635323620443614, 60.261555601931825], [29.6353236, 60.2615556], [29.634678405384456, 60.26149432397956], [29.6346771, 60.2614942], [29.634675832934196, 60.26149400073487], [29.6337939, 60.26135530000001], [29.63316878750767, 60.2614448156334], [29.6331675, 60.261445], [29.63316616134723, 60.26144502884115], [29.6327126, 60.2614548], [29.632059264796418, 60.26164975082656], [29.6320591, 60.2616498], [29.632058933543068, 60.2616498477723], [29.631163941997528, 60.26190670096346], [29.6311629, 60.261907], [29.631161702405006, 60.26190705826925], [29.63079718802078, 60.26192479328981], [29.63072208438457, 60.261928447242695], [29.630721, 60.26192850000001], [29.63072037833853, 60.261928055401604], [29.6303871, 60.2616897], [29.6302906, 60.26167830000002], [29.630200298212024, 60.26170173761951], [29.6302597, 60.2617548], [29.6305588, 60.261973599999955], [29.6307117, 60.2620388], [29.6309665, 60.2621081], [29.631743366535922, 60.26227318039805], [29.6317444, 60.2622734], [29.63174331043195, 60.26227326280988], [29.631066392649977, 60.26218802851551], [29.630817913798843, 60.262156740249885], [29.6308168, 60.2621566], [29.630815888882598, 60.26215625216892], [29.630571245442063, 60.26206285581329], [29.63035581992129, 60.261980613022004], [29.630355, 60.2619803], [29.630354381689045, 60.26197988821716], [29.6301115541813, 60.26181816887508], [29.6301107, 60.261817599999986], [29.63010999704882, 60.261816982138285]]]}}, {"type": "Feature", "properties": {"block_id": 158, "area": 20650.410684909788, "dominant_landuse": "residential", "poi_count": 12, "amenity_count": 0, "building_count": 12, "leisure_count": 0, "attractiveness_score": 0.03461044403475645, "attractiveness_rank": 141}, "geometry": {"type": "Polygon", "coordinates": [[[29.63579756461485, 60.24438406621009], [29.6357964, 60.24438389999999], [29.635795333342795, 60.24438361426968], [29.63576794839613, 60.24437627853554], [29.6355161179459, 60.24430881910961], [29.6355153, 60.24430859999999], [29.63551452106465, 60.24430834819772], [29.6350086, 60.2441448], [29.6320338, 60.2450183], [29.6332714, 60.2457432], [29.6360531, 60.2448397], [29.6363398, 60.2447124], [29.6363765, 60.2446211], [29.6363389, 60.2445638], [29.6361986, 60.24444130000001], [29.63579756461485, 60.24438406621009]]]}}, {"type": "Feature", "properties": {"block_id": 159, "area": 19194.6450542107, "dominant_landuse": "residential", "poi_count": 13, "amenity_count": 0, "building_count": 13, "leisure_count": 0, "attractiveness_score": 0.035192640414244365, "attractiveness_rank": 133}, "geometry": {"type": "Polygon", "coordinates": [[[29.6361986, 60.24444130000001], [29.63633833517217, 60.24456330683461], [29.6363389, 60.2445638], [29.636339254028755, 60.24456433951822], [29.63633936942923, 60.24456451538152], [29.636376141133375, 60.24462055311118], [29.6363765, 60.2446211], [29.636376273248906, 60.244621664098936], [29.636363931259233, 60.24465236779586], [29.636340003659917, 60.24471189334877], [29.6363398, 60.2447124], [29.6363390248576, 60.24471274417943], [29.636053732482257, 60.244839419168166], [29.6360531, 60.2448397], [29.636052390075484, 60.24483993059818], [29.6332714, 60.2457432], [29.6341342, 60.24630759999998], [29.634261, 60.2463739], [29.6357583, 60.2458701], [29.6372726, 60.245196], [29.6372268, 60.245073699999935], [29.6371252, 60.24491470000001], [29.6369289, 60.2446942], [29.636682, 60.244498], [29.6361986, 60.24444130000001]]]}}, {"type": "Feature", "properties": {"block_id": 160, "area": 51266.261742340525, "dominant_landuse": "residential", "poi_count": 13, "amenity_count": 0, "building_count": 12, "leisure_count": 1, "attractiveness_score": 0.04292330550985518, "attractiveness_rank": 66}, "geometry": {"type": "Polygon", "coordinates": [[[29.5939101, 60.24454919999999], [29.593752177774615, 60.24393387504573], [29.593693019712436, 60.24370336646134], [29.593693019712436, 60.24370336646131], [29.5936929, 60.2437029], [29.593693017472397, 60.2437024333979], [29.593721376183314, 60.243589791804936], [29.5937215, 60.24358929999999], [29.5937615, 60.24355089999999], [29.5944261099655, 60.242954492378686], [29.59439319039567, 60.24294254711335], [29.5943881, 60.2429407], [29.5921549, 60.2420379], [29.5916098, 60.24237140000001], [29.590845064662272, 60.24279482295655], [29.5906399, 60.242920299999945], [29.5897944, 60.243428], [29.5894277, 60.2436327], [29.5928324, 60.2450406], [29.5940702, 60.244991], [29.5939101, 60.24454919999999]]]}}, {"type": "Feature", "properties": {"block_id": 161, "area": 12478.48723336696, "dominant_landuse": "residential", "poi_count": 3, "amenity_count": 0, "building_count": 3, "leisure_count": 0, "attractiveness_score": 0.02905201268443013, "attractiveness_rank": 181}, "geometry": {"type": "Polygon", "coordinates": [[[29.5944602, 60.2429239], [29.59446931874443, 60.2429175519538], [29.594486200000016, 60.24290579999996], [29.5945791724125, 60.24283497834379], [29.594835, 60.2426401], [29.5951445, 60.2423748], [29.593764, 60.24175539999999], [29.593089183054285, 60.24151361639864], [29.5930883, 60.2415133], [29.593087635205933, 60.241512871499175], [29.593087635205894, 60.24151287149915], [29.5930506, 60.241489], [29.5925889, 60.241745], [29.5921579, 60.2419899], [29.592129269930062, 60.24200755424028], [29.592096590421864, 60.2420277054665], [29.592154863568936, 60.242037922289356], [29.5921549, 60.2420379], [29.59215575993165, 60.24203824765545], [29.592155759931707, 60.242038247655465], [29.59438810000005, 60.24294070000001], [29.59442610996552, 60.24295449237867], [29.5944602, 60.2429239]]]}}, {"type": "Feature", "properties": {"block_id": 162, "area": 18173.291348630395, "dominant_landuse": "residential", "poi_count": 10, "amenity_count": 0, "building_count": 10, "leisure_count": 0, "attractiveness_score": 0.03336533379873923, "attractiveness_rank": 156}, "geometry": {"type": "Polygon", "coordinates": [[[29.59060925846312, 60.24509979844372], [29.59060925846388, 60.24509979844369], [29.5928324, 60.2450406], [29.5894277, 60.2436327], [29.5889059, 60.243919], [29.5884665, 60.24420029999999], [29.5895242, 60.2446522], [29.58952525806972, 60.244652801542735], [29.58952525806977, 60.244652801542756], [29.589551109644397, 60.24466749888875], [29.5895636, 60.2446746], [29.5895869, 60.2447031], [29.589586971723673, 60.24470371225249], [29.5896367, 60.2451282], [29.590609141555188, 60.245099801706964], [29.5906092, 60.2450998], [29.59060925846312, 60.24509979844372]]]}}, {"type": "Feature", "properties": {"block_id": 163, "area": 79344.49079739368, "dominant_landuse": "allotments", "poi_count": 82, "amenity_count": 0, "building_count": 82, "leisure_count": 0, "attractiveness_score": 0.07776980938048136, "attractiveness_rank": 21}, "geometry": {"type": "Polygon", "coordinates": [[[29.6165169, 60.23969970000001], [29.615505, 60.2391689], [29.614305, 60.238604699999954], [29.61429959757698, 60.23860241147836], [29.6142042, 60.238562], [29.6138346, 60.2386421], [29.6133518, 60.2388605], [29.6130836, 60.239212], [29.6127617, 60.23936110000001], [29.612760863286088, 60.23936076432958], [29.612760863285985, 60.23936076432955], [29.6116996, 60.238935], [29.610867100140716, 60.23860680005544], [29.610187472652044, 60.238338865188794], [29.61018747265202, 60.238338865188794], [29.6101868, 60.2383386], [29.6089637, 60.2376835], [29.608556, 60.237694099999985], [29.6078778, 60.237994], [29.607877755791982, 60.237993979231604], [29.607810976814225, 60.238007265903875], [29.6079764, 60.2380802], [29.6085592, 60.2383304], [29.6094096, 60.23865790000002], [29.6100969, 60.2389008], [29.6109307, 60.23920370000003], [29.6113981, 60.2393638], [29.611398489176857, 60.2393639460192], [29.611398489177017, 60.23936394601923], [29.611908360658557, 60.239555247720226], [29.61190836065863, 60.239555247720276], [29.6119085, 60.2395553], [29.612024490878397, 60.239600235540074], [29.612169640328332, 60.23965646696112], [29.612169640328432, 60.23965646696117], [29.6121705, 60.2396568], [29.6122814, 60.2398892], [29.612439, 60.2402358], [29.6127396, 60.240828], [29.6128917, 60.2411454], [29.6131794, 60.2416667], [29.61317947436584, 60.241666851028626], [29.613179474365854, 60.241666851028675], [29.613306433391493, 60.24192468833734], [29.615865, 60.24149419999997], [29.6160195, 60.2414296], [29.615725, 60.24069380000001], [29.6166455, 60.2405363], [29.6177628, 60.2403346], [29.617324499999977, 60.240094599999985], [29.61651718225592, 60.23969983801997], [29.616517182255716, 60.23969983801986], [29.6165169, 60.23969970000001]]]}}, {"type": "Feature", "properties": {"block_id": 164, "area": 32783.14887268144, "dominant_landuse": "residential", "poi_count": 29, "amenity_count": 0, "building_count": 29, "leisure_count": 0, "attractiveness_score": 0.045060225319931285, "attractiveness_rank": 55}, "geometry": {"type": "Polygon", "coordinates": [[[29.6142042, 60.238562], [29.614305, 60.23860469999994], [29.6178274, 60.237593], [29.61727438015881, 60.23653735301857], [29.6172743, 60.23653719999999], [29.617274228544915, 60.23653704591893], [29.6170006, 60.235947], [29.616896, 60.2358063], [29.61663316082451, 60.23562690976504], [29.616633, 60.235626800000034], [29.61663284456552, 60.23562668833163], [29.6164469, 60.2354931], [29.6163399, 60.2354683], [29.6161911, 60.23551530000001], [29.6160848, 60.2355745], [29.615951705071193, 60.235722194372535], [29.6159517, 60.2357222], [29.615857444301785, 60.23582664010682], [29.6158573, 60.2358268], [29.615857145725492, 60.23582695757454], [29.6156796, 60.2360083], [29.6156015, 60.2361849], [29.61579090942322, 60.23644969377809], [29.6157912, 60.236450099999985], [29.615791427007597, 60.23645051611464], [29.615953249916473, 60.23674714159499], [29.6159535, 60.2367476], [29.615953671245887, 60.23674806727719], [29.615985730674545, 60.236835547316936], [29.6159919768385, 60.236852591065286], [29.6159922, 60.2368532], [29.61599201319363, 60.236853811953125], [29.615984538770142, 60.236878297163], [29.615972098872312, 60.23691904852297], [29.6159719, 60.23691969999999], [29.615971401731922, 60.23692031058713], [29.615857, 60.237060499999984], [29.61589877142697, 60.23711276377685], [29.6158992, 60.2371133], [29.615899280932247, 60.237113875611264], [29.615908925062165, 60.237182467025], [29.615909, 60.237183], [29.61590857538607, 60.23718349078879], [29.61587589726603, 60.237221261654156], [29.615840165439018, 60.23726256202644], [29.6158397, 60.2372631], [29.61583868880359, 60.237263400279], [29.6134062, 60.2379857], [29.6142042, 60.238562]]]}}, {"type": "Feature", "properties": {"block_id": 165, "area": 28444.646435669565, "dominant_landuse": "allotments", "poi_count": 33, "amenity_count": 0, "building_count": 33, "leisure_count": 0, "attractiveness_score": 0.047411248305773784, "attractiveness_rank": 48}, "geometry": {"type": "Polygon", "coordinates": [[[29.6165169, 60.23969970000001], [29.618854278382667, 60.23911725458769], [29.6188553, 60.239117], [29.618856440723555, 60.23911696615521], [29.619481775892794, 60.23909841124081], [29.6196000796218, 60.239094900604705], [29.6196001, 60.2390949], [29.620120031545245, 60.2390792352062], [29.62012017568045, 60.2390792308633], [29.6201212, 60.2390792], [29.62012222572449, 60.23907921551014], [29.6206371, 60.239087], [29.6211884, 60.2390256], [29.6207348, 60.2380729], [29.620059310155092, 60.23813657076604], [29.620059, 60.2381366], [29.62005868832154, 60.23813662490864], [29.6181844, 60.23828639999998], [29.615505, 60.2391689], [29.6165169, 60.23969970000001]]]}}, {"type": "Feature", "properties": {"block_id": 166, "area": 16580.962957221345, "dominant_landuse": "residential", "poi_count": 19, "amenity_count": 0, "building_count": 19, "leisure_count": 0, "attractiveness_score": 0.03877750482662054, "attractiveness_rank": 96}, "geometry": {"type": "Polygon", "coordinates": [[[29.6181844, 60.23828639999998], [29.6178274, 60.237593], [29.614305, 60.23860469999994], [29.615505, 60.2391689], [29.6181844, 60.23828639999998]]]}}, {"type": "Feature", "properties": {"block_id": 167, "area": 11831.108099455938, "dominant_landuse": "allotments", "poi_count": 13, "amenity_count": 0, "building_count": 13, "leisure_count": 0, "attractiveness_score": 0.03508234079204488, "attractiveness_rank": 137}, "geometry": {"type": "Polygon", "coordinates": [[[29.6181844, 60.23828639999998], [29.620059, 60.2381366], [29.6207348, 60.2380729], [29.6203108, 60.2373247], [29.6178274, 60.237593], [29.6181844, 60.23828639999998]]]}}, {"type": "Feature", "properties": {"block_id": 168, "area": 15569.977113690251, "dominant_landuse": "allotments", "poi_count": 16, "amenity_count": 0, "building_count": 16, "leisure_count": 0, "attractiveness_score": 0.03695035351301368, "attractiveness_rank": 108}, "geometry": {"type": "Polygon", "coordinates": [[[29.6199526, 60.236619], [29.6198192, 60.2364831], [29.6193844, 60.23646709999996], [29.6178792, 60.2365181], [29.617328890937184, 60.23653547637971], [29.61727430001218, 60.23653720002324], [29.6178274, 60.237593], [29.6203108, 60.2373247], [29.6199526, 60.236619]]]}}, {"type": "Feature", "properties": {"block_id": 169, "area": 54039.05972140953, "dominant_landuse": "residential", "poi_count": 24, "amenity_count": 0, "building_count": 24, "leisure_count": 0, "attractiveness_score": 0.04235860842605018, "attractiveness_rank": 68}, "geometry": {"type": "Polygon", "coordinates": [[[29.6352675, 60.253174], [29.6331309, 60.2531994], [29.6316338, 60.253250399999985], [29.631994, 60.2541618], [29.6321839, 60.2544902], [29.6322593, 60.254583400000016], [29.6323804, 60.25457270000002], [29.63238066728488, 60.25457324877241], [29.63238066728489, 60.254573248772424], [29.6324877, 60.254793], [29.6327857, 60.2553857], [29.633054001526983, 60.25584119329233], [29.633054001526993, 60.255841193292355], [29.6330543, 60.25584169999998], [29.63305420283284, 60.2558422257582], [29.63305420283284, 60.25584222575823], [29.633048839510536, 60.255871245938145], [29.6330414, 60.2559115], [29.633185892621285, 60.25587436927515], [29.6332099, 60.2558682], [29.6359567, 60.2557703], [29.6352675, 60.253174]]]}}, {"type": "Feature", "properties": {"block_id": 170, "area": 5446.916223696565, "dominant_landuse": "allotments", "poi_count": 10, "amenity_count": 0, "building_count": 10, "leisure_count": 0, "attractiveness_score": 0.03317470334806394, "attractiveness_rank": 163}, "geometry": {"type": "Polygon", "coordinates": [[[29.6178792, 60.2365181], [29.6176496, 60.2354585], [29.6166402, 60.23543609999999], [29.6165151, 60.23544709999999], [29.6164469, 60.2354931], [29.616633, 60.235626800000034], [29.616895389631857, 60.235805883420866], [29.616896, 60.2358063], [29.616896359402215, 60.235806783442904], [29.617000101181304, 60.23594632902998], [29.6170006, 60.235947], [29.617000923247772, 60.235947697056865], [29.6172743, 60.23653719999999], [29.6178792, 60.2365181]]]}}, {"type": "Feature", "properties": {"block_id": 171, "area": 12255.682428424258, "dominant_landuse": "allotments", "poi_count": 15, "amenity_count": 0, "building_count": 15, "leisure_count": 0, "attractiveness_score": 0.03629670562130378, "attractiveness_rank": 117}, "geometry": {"type": "Polygon", "coordinates": [[[29.6208241, 60.2365002], [29.6207769, 60.2364106], [29.6203971, 60.2356896], [29.6199389, 60.2350236], [29.6197593, 60.2349854], [29.6190254, 60.2349923], [29.619025336663892, 60.2349923011219], [29.6189012, 60.2349945], [29.6188575, 60.2350605], [29.61908019985931, 60.235655099624374], [29.6193844, 60.23646709999996], [29.6198192, 60.2364831], [29.619819669284134, 60.23648357808105], [29.6199526, 60.236619], [29.6208241, 60.2365002]]]}}, {"type": "Feature", "properties": {"block_id": 172, "area": 22624.249056023407, "dominant_landuse": "allotments", "poi_count": 22, "amenity_count": 0, "building_count": 22, "leisure_count": 0, "attractiveness_score": 0.04068003578731294, "attractiveness_rank": 76}, "geometry": {"type": "Polygon", "coordinates": [[[29.6146211, 60.2443559], [29.615309984813088, 60.243974296180106], [29.6153107, 60.2439739], [29.615658844239572, 60.24386663729139], [29.6159329, 60.2437822], [29.6175821, 60.24306439999995], [29.6177885, 60.2427596], [29.617579514456782, 60.24232899014203], [29.6174232, 60.2420069], [29.6173255, 60.2419751], [29.617210557084153, 60.24199747145079], [29.6171914, 60.2420012], [29.6146831, 60.2433864], [29.613721304857968, 60.243915344067126], [29.613691200002137, 60.24393190000095], [29.6146211, 60.2443559]]]}}, {"type": "Feature", "properties": {"block_id": 173, "area": 8992.94725499651, "dominant_landuse": "allotments", "poi_count": 20, "amenity_count": 0, "building_count": 20, "leisure_count": 0, "attractiveness_score": 0.039267845231149935, "attractiveness_rank": 92}, "geometry": {"type": "Polygon", "coordinates": [[[29.6364749, 60.236967], [29.6358115, 60.2370078], [29.6333181, 60.2372154], [29.6337054, 60.2376718], [29.634031, 60.23766649999997], [29.6350411, 60.2375517], [29.635093920012437, 60.237539154431474], [29.6351973, 60.23751459999998], [29.635283151154194, 60.23749415404754], [29.63535241919063, 60.237477657402366], [29.635352419190728, 60.23747765740234], [29.6353535, 60.23747739999998], [29.6361496, 60.23742640000001], [29.636150166953115, 60.23742637803996], [29.6367666, 60.2374025], [29.6364749, 60.236967]]]}}, {"type": "Feature", "properties": {"block_id": 174, "area": 8241.94447575902, "dominant_landuse": "allotments", "poi_count": 24, "amenity_count": 0, "building_count": 24, "leisure_count": 0, "attractiveness_score": 0.04167260596005323, "attractiveness_rank": 72}, "geometry": {"type": "Polygon", "coordinates": [[[29.6360389, 60.2365799], [29.633359, 60.2367826], [29.6329353, 60.23684], [29.6332092, 60.2372245], [29.63331808636223, 60.23721540113959], [29.633318086373553, 60.23721540113868], [29.6333181, 60.2372154], [29.635806050189917, 60.237008253803985], [29.635811022930383, 60.23700783972542], [29.635811022931165, 60.23700783972538], [29.6358115, 60.2370078], [29.635811980054296, 60.23700777047725], [29.63581198005457, 60.23700777047721], [29.6364749, 60.236967], [29.6360389, 60.2365799]]]}}, {"type": "Feature", "properties": {"block_id": 175, "area": 11827.98735381684, "dominant_landuse": "allotments", "poi_count": 13, "amenity_count": 0, "building_count": 13, "leisure_count": 0, "attractiveness_score": 0.03508229404588647, "attractiveness_rank": 138}, "geometry": {"type": "Polygon", "coordinates": [[[29.6010353, 60.2415645], [29.6016699, 60.24302740000001], [29.6029094, 60.2429002], [29.602614815678663, 60.2422009372177], [29.6026148156786, 60.24220093721754], [29.6026148, 60.2422009], [29.60230207472521, 60.24144579526147], [29.602292799992505, 60.241423400000826], [29.6010353, 60.2415645]]]}}, {"type": "Feature", "properties": {"block_id": 176, "area": 11580.929249731606, "dominant_landuse": "allotments", "poi_count": 13, "amenity_count": 1, "building_count": 12, "leisure_count": 0, "attractiveness_score": 0.0369273545631713, "attractiveness_rank": 109}, "geometry": {"type": "Polygon", "coordinates": [[[29.6022928, 60.2414234], [29.6026148, 60.2422009], [29.6029094, 60.2429002], [29.6041541, 60.2427941], [29.603778867424364, 60.24197734676369], [29.60377886742435, 60.24197734676365], [29.6037788, 60.2419772], [29.6035106, 60.2413116], [29.6022928, 60.2414234]]]}}, {"type": "Feature", "properties": {"block_id": 177, "area": 12109.874708853888, "dominant_landuse": "allotments", "poi_count": 14, "amenity_count": 0, "building_count": 14, "leisure_count": 0, "attractiveness_score": 0.03569051901313297, "attractiveness_rank": 127}, "geometry": {"type": "Polygon", "coordinates": [[[29.6016699, 60.24302740000001], [29.6010353, 60.2415645], [29.599758, 60.2416737], [29.6004244, 60.243185199999985], [29.6016699, 60.24302740000001]]]}}, {"type": "Feature", "properties": {"block_id": 178, "area": 11853.77530557902, "dominant_landuse": "allotments", "poi_count": 12, "amenity_count": 0, "building_count": 12, "leisure_count": 0, "attractiveness_score": 0.03447867779729087, "attractiveness_rank": 146}, "geometry": {"type": "Polygon", "coordinates": [[[29.6047315, 60.2411835], [29.6035106, 60.2413116], [29.6037788, 60.2419772], [29.6041541, 60.2427941], [29.6053923, 60.242664499999954], [29.6047315, 60.2411835]]]}}, {"type": "Feature", "properties": {"block_id": 179, "area": 8304.498673140104, "dominant_landuse": "residential", "poi_count": 10, "amenity_count": 0, "building_count": 10, "leisure_count": 0, "attractiveness_score": 0.03321750754209653, "attractiveness_rank": 162}, "geometry": {"type": "Polygon", "coordinates": [[[29.58976312814086, 60.24341476891606], [29.59012070631789, 60.243198356698464], [29.59012070631797, 60.24319835669842], [29.5901208, 60.24319829999999], [29.59012956819503, 60.24319313258427], [29.590189974985663, 60.2431575326095], [29.590189974985833, 60.24315753260939], [29.5901902, 60.24315739999996], [29.590500201563955, 60.24298576371278], [29.590626505284103, 60.242915833343204], [29.59014452652462, 60.24275510901058], [29.590144526524544, 60.24275510901056], [29.5901433, 60.2427547], [29.5890784, 60.2422888], [29.5889343, 60.2422715], [29.588204, 60.2426775], [29.5882057, 60.2427389], [29.5882818, 60.242788], [29.58976312814086, 60.24341476891606]]]}}, {"type": "Feature", "properties": {"block_id": 180, "area": 8620.737635009327, "dominant_landuse": "residential", "poi_count": 8, "amenity_count": 0, "building_count": 8, "leisure_count": 0, "attractiveness_score": 0.03201423947606457, "attractiveness_rank": 172}, "geometry": {"type": "Polygon", "coordinates": [[[29.5889059, 60.243919], [29.588071040813386, 60.243557502693896], [29.5872362, 60.243196], [29.5865115, 60.243628], [29.586524, 60.2436663], [29.5865625, 60.2437065], [29.5880575, 60.2444213], [29.5884665, 60.24420029999999], [29.5889059, 60.243919]]]}}, {"type": "Feature", "properties": {"block_id": 181, "area": 15784.46757499032, "dominant_landuse": "allotments", "poi_count": 20, "amenity_count": 0, "building_count": 20, "leisure_count": 0, "attractiveness_score": 0.0393695765227912, "attractiveness_rank": 91}, "geometry": {"type": "Polygon", "coordinates": [[[29.6332092, 60.2372245], [29.6324246, 60.2373405], [29.63290120450911, 60.23804141251037], [29.6329014, 60.23804169999999], [29.632901563946515, 60.23804199232419], [29.6331664, 60.2385142], [29.6337571, 60.2388508], [29.6350839, 60.2382401], [29.6353278, 60.23808709999999], [29.6351973, 60.23751459999998], [29.6350422248741, 60.23755143282533], [29.6350411, 60.2375517], [29.635039884723856, 60.237551838123785], [29.634032056035156, 60.23766637998376], [29.634031, 60.23766649999997], [29.634029917312, 60.23766651762487], [29.633706531941606, 60.23767178157602], [29.6337054, 60.2376718], [29.633704959709185, 60.23767128116285], [29.6333181, 60.2372154], [29.6332092, 60.2372245]]]}}, {"type": "Feature", "properties": {"block_id": 182, "area": 12326.61785961085, "dominant_landuse": "residential", "poi_count": 22, "amenity_count": 0, "building_count": 22, "leisure_count": 0, "attractiveness_score": 0.040525785888454145, "attractiveness_rank": 78}, "geometry": {"type": "Polygon", "coordinates": [[[29.58861052845136, 60.25074384753163], [29.588610528451575, 60.25074384753172], [29.5886948, 60.2507817], [29.5918916, 60.2505711], [29.5917572, 60.25004419999997], [29.5899931, 60.2501534], [29.5875665, 60.2503106], [29.588166382184806, 60.250559533125376], [29.5886102, 60.2507437], [29.58861052845136, 60.25074384753163]]]}}, {"type": "Feature", "properties": {"block_id": 183, "area": 1339.5086806178915, "dominant_landuse": null, "poi_count": 0, "amenity_count": 0, "building_count": 0, "leisure_count": 0, "attractiveness_score": 0.027073152514558958, "attractiveness_rank": 190}, "geometry": {"type": "Polygon", "coordinates": [[[29.641794142891058, 60.24113191379338], [29.64180985196009, 60.24112459244114], [29.6416769, 60.2410279], [29.6401717, 60.24032629999993], [29.6397416, 60.2403319], [29.640064400000263, 60.240458600000096], [29.640288502030977, 60.24054583604397], [29.641794142891058, 60.24113191379338]]]}}, {"type": "Feature", "properties": {"block_id": 184, "area": 17342.636784387814, "dominant_landuse": "residential", "poi_count": 17, "amenity_count": 1, "building_count": 16, "leisure_count": 0, "attractiveness_score": 0.03942967024311661, "attractiveness_rank": 90}, "geometry": {"type": "Polygon", "coordinates": [[[29.58649, 60.24989870000001], [29.5865401, 60.2498684], [29.5916144, 60.249518399999985], [29.5914635, 60.24901909999998], [29.5880671, 60.24924939999999], [29.5863574, 60.2493622], [29.5862364, 60.2493154], [29.5858772, 60.2494981], [29.585877105761096, 60.24949814681395], [29.585877105760492, 60.24949814681427], [29.5858001, 60.24953640000002], [29.58649, 60.24989870000001]]]}}, {"type": "Feature", "properties": {"block_id": 185, "area": 15068.584969787342, "dominant_landuse": "residential", "poi_count": 23, "amenity_count": 1, "building_count": 22, "leisure_count": 0, "attractiveness_score": 0.04301962203293995, "attractiveness_rank": 65}, "geometry": {"type": "Polygon", "coordinates": [[[29.5916144, 60.249518399999985], [29.58654010000001, 60.2498684], [29.58653667270228, 60.24987047279919], [29.58649, 60.24989870000001], [29.586699181234962, 60.24997971680321], [29.5869452, 60.250075], [29.58700279705542, 60.25009441844104], [29.587014616373875, 60.25009840323491], [29.587014616373917, 60.25009840323492], [29.5870152, 60.2500986], [29.587015757772498, 60.25009881449153], [29.587015757772573, 60.25009881449156], [29.587391758727776, 60.2502434045585], [29.5875665, 60.2503106], [29.58762060063433, 60.25030709575197], [29.5899931, 60.2501534], [29.591711949607944, 60.250047001357615], [29.591757199997385, 60.25004419999034], [29.5916144, 60.249518399999985]]]}}, {"type": "Feature", "properties": {"block_id": 186, "area": 15455.486374389502, "dominant_landuse": "residential", "poi_count": 28, "amenity_count": 0, "building_count": 28, "leisure_count": 0, "attractiveness_score": 0.04419666890395968, "attractiveness_rank": 61}, "geometry": {"type": "Polygon", "coordinates": [[[29.5886948, 60.2507817], [29.589208695171436, 60.25101215969283], [29.5892099, 60.25101269999998], [29.58921093673565, 60.251013320493115], [29.589210936735682, 60.251013320493115], [29.58966320000001, 60.251284], [29.589984607576525, 60.251428210474124], [29.590712123553477, 60.251754627704685], [29.590733238400514, 60.25172228632591], [29.5907333, 60.2517221], [29.590773772753387, 60.251708246928764], [29.590836756448905, 60.25168668873289], [29.59083675644898, 60.251686688732875], [29.5908376, 60.2516864], [29.590838612814927, 60.25168632418405], [29.59083861281503, 60.25168632418405], [29.5921587, 60.251587499999985], [29.5920334, 60.2510892], [29.5918916, 60.2505711], [29.5886948, 60.2507817]]]}}, {"type": "Feature", "properties": {"block_id": 187, "area": 13133.320908772974, "dominant_landuse": "residential", "poi_count": 11, "amenity_count": 0, "building_count": 11, "leisure_count": 0, "attractiveness_score": 0.03389384178924168, "attractiveness_rank": 153}, "geometry": {"type": "Polygon", "coordinates": [[[29.6380663, 60.25137680000001], [29.6378344, 60.2513592], [29.6359802, 60.2516193], [29.636378834677746, 60.25223707888756], [29.636378834677753, 60.252237078887575], [29.6363793, 60.2522378], [29.63637956591544, 60.252238545668376], [29.6364421, 60.2524139], [29.6365186, 60.2524648], [29.6380005, 60.2522501], [29.638881799999986, 60.2521134], [29.6391353, 60.252066800000016], [29.6380663, 60.25137680000001]]]}}, {"type": "Feature", "properties": {"block_id": 188, "area": 14412.936558819756, "dominant_landuse": "residential", "poi_count": 8, "amenity_count": 0, "building_count": 8, "leisure_count": 0, "attractiveness_score": 0.032101001769365485, "attractiveness_rank": 171}, "geometry": {"type": "Polygon", "coordinates": [[[29.5863574, 60.2493622], [29.588067099999943, 60.24924939999999], [29.5914635, 60.24901909999998], [29.5913443, 60.24861209999999], [29.59093222472112, 60.24863923253031], [29.590932224720977, 60.24863923253031], [29.5909312, 60.2486393], [29.587512, 60.2487075], [29.58736206666054, 60.24873916672537], [29.5872871, 60.248755], [29.5862364, 60.2493154], [29.5863574, 60.2493622]]]}}, {"type": "Feature", "properties": {"block_id": 189, "area": 12061.263515664126, "dominant_landuse": "residential", "poi_count": 5, "amenity_count": 0, "building_count": 5, "leisure_count": 0, "attractiveness_score": 0.03025376808331792, "attractiveness_rank": 176}, "geometry": {"type": "Polygon", "coordinates": [[[29.6485591, 60.2566673], [29.64855920449629, 60.25666700447221], [29.6485911, 60.25657679999998], [29.6487051, 60.256203299999946], [29.6486499, 60.2561256], [29.6481113, 60.2558853], [29.6474725, 60.2559132], [29.6472184, 60.2559997], [29.6465366, 60.2563228], [29.6463954, 60.256400800000016], [29.646389999016275, 60.25640434309602], [29.6462922, 60.25646850000001], [29.6474018, 60.25702959999996], [29.6484585, 60.2570803], [29.648559027441955, 60.25666759788102], [29.648559027441955, 60.256667597881005], [29.6485591, 60.2566673]]]}}, {"type": "Feature", "properties": {"block_id": 190, "area": 17477.04942872979, "dominant_landuse": "residential", "poi_count": 13, "amenity_count": 0, "building_count": 13, "leisure_count": 0, "attractiveness_score": 0.03516691226895955, "attractiveness_rank": 135}, "geometry": {"type": "Polygon", "coordinates": [[[29.5930506, 60.241489], [29.59405, 60.2409087], [29.594349108840024, 60.24073509789303], [29.59437649999991, 60.24071919999998], [29.5927744, 60.24004069999998], [29.5911062, 60.24102], [29.591087, 60.24107069999999], [29.5911276, 60.2411172], [29.591206428060456, 60.241151064631254], [29.5912803, 60.24118279999993], [29.5925889, 60.241745], [29.5930506, 60.241489]]]}}, {"type": "Feature", "properties": {"block_id": 191, "area": 104957.85036707336, "dominant_landuse": null, "poi_count": 19, "amenity_count": 2, "building_count": 14, "leisure_count": 3, "attractiveness_score": 0.06554961647316294, "attractiveness_rank": 27}, "geometry": {"type": "Polygon", "coordinates": [[[29.667965, 60.274418899999986], [29.66796605926506, 60.27441906372272], [29.668189719902987, 60.274453633059615], [29.6681908, 60.2744538], [29.66819150101229, 60.274454240935775], [29.66836066311615, 60.274560643209576], [29.669785406930803, 60.27503810072553], [29.6697863, 60.2750384], [29.66978573831525, 60.275038856596595], [29.6679764, 60.2765096], [29.6672459, 60.277371199999976], [29.6679799, 60.2790222], [29.6730057, 60.2783853], [29.672194, 60.277093], [29.6716588, 60.2764743], [29.670082216192416, 60.27503696179837], [29.6700816, 60.27503639999998], [29.670081398851245, 60.27503576810141], [29.6696296, 60.273616400000016], [29.6679883, 60.27288559999999], [29.66757185485442, 60.27271801603322], [29.667521, 60.2728037], [29.667706864584197, 60.272867578514685], [29.6677078, 60.27286789999999], [29.667708406888373, 60.2728683778644], [29.6678776, 60.273001600000036], [29.66821879029222, 60.27324027349392], [29.6682194, 60.27324070000002], [29.668219265225424, 60.27324121878166], [29.668205467156767, 60.27329433098036], [29.668199647479526, 60.27331673231624], [29.6681995, 60.2733173], [29.66819901505445, 60.2733178192442], [29.6680581, 60.2734687], [29.668028005183025, 60.27361249742225], [29.6680279, 60.273613], [29.668027364947815, 60.27361342975654], [29.667859790914868, 60.27374802537892], [29.6678592, 60.2737485], [29.66785807978673, 60.27374845711333], [29.6675092, 60.2737351], [29.667244, 60.2737404], [29.6668968, 60.2738599], [29.666630384872473, 60.27398075597349], [29.66794499978345, 60.27442134133389], [29.667964924606444, 60.274418936924825], [29.667965, 60.274418899999986]]]}}, {"type": "Feature", "properties": {"block_id": 192, "area": 17205.67598238289, "dominant_landuse": "meadow", "poi_count": 0, "amenity_count": 0, "building_count": 0, "leisure_count": 0, "attractiveness_score": 0.027310814424846296, "attractiveness_rank": 184}, "geometry": {"type": "Polygon", "coordinates": [[[29.5989633, 60.259828], [29.5984833, 60.259968], [29.5976195, 60.2602335], [29.596174047395547, 60.26066972989069], [29.596068612871925, 60.260701548466216], [29.59618920337752, 60.26071097582987], [29.5962087, 60.2607125], [29.596209186235836, 60.260712967435474], [29.596209186235853, 60.260712967435495], [29.5963018, 60.260802], [29.5972035, 60.2609607], [29.5980878, 60.2610848], [29.5983205, 60.2610646], [29.5985997, 60.2608727], [29.598600254722655, 60.260872374092735], [29.59868777192023, 60.26082095641932], [29.5988208, 60.26074280000001], [29.599266669576963, 60.26063519145476], [29.599692348014475, 60.26053245389934], [29.599692348014607, 60.26053245389928], [29.5996934, 60.2605322], [29.59969456867982, 60.26053217795002], [29.599694568679897, 60.26053217795002], [29.6007638, 60.260512], [29.601299, 60.260372], [29.6014648, 60.26024790000001], [29.6014182, 60.2602003], [29.6012553, 60.2601368], [29.6010459, 60.260131], [29.6007463, 60.2601815], [29.6004642, 60.26031429999998], [29.60030454742162, 60.26032713435729], [29.600093516890798, 60.2603440986422], [29.6000935, 60.2603441], [29.599961, 60.2603547], [29.599777941093397, 60.260331660480325], [29.599583807721366, 60.260307226832765], [29.599583807721228, 60.26030722683276], [29.5995828, 60.2603071], [29.5993879, 60.2601613], [29.59938829240672, 60.26016079925532], [29.599388292406733, 60.26016079925532], [29.5994636, 60.2600647], [29.5994229, 60.25980059999993], [29.599428974429337, 60.25976674360921], [29.5989633, 60.259828]]]}}, {"type": "Feature", "properties": {"block_id": 193, "area": 1547.5460016225, "dominant_landuse": null, "poi_count": 0, "amenity_count": 0, "building_count": 0, "leisure_count": 0, "attractiveness_score": 0.027076268739553978, "attractiveness_rank": 189}, "geometry": {"type": "Polygon", "coordinates": [[[29.5902525, 60.2656868], [29.5896011, 60.2656254], [29.58952081431988, 60.26564436902423], [29.589570913523, 60.26569847462077], [29.5895714, 60.265699], [29.58957074331324, 60.26569947749279], [29.589243483155748, 60.26593743415549], [29.59076171142748, 60.26584624267296], [29.5902525, 60.2656868]]]}}, {"type": "Feature", "properties": {"block_id": 194, "area": 1678009.3542700682, "dominant_landuse": "residential", "poi_count": 438, "amenity_count": 24, "building_count": 406, "leisure_count": 15, "attractiveness_score": 0.47116011492475934, "attractiveness_rank": 1}, "geometry": {"type": "Polygon", "coordinates": [[[29.589600026486323, 60.26562565363855], [29.5896011, 60.2656254], [29.58960226789645, 60.26562551008727], [29.590251459960303, 60.26568670197012], [29.5902525, 60.2656868], [29.59025339555618, 60.2656870804168], [29.59076171142748, 60.26584624267296], [29.5922522, 60.2657567], [29.59425587754913, 60.26466379407931], [29.5942566, 60.26466340000001], [29.59425758702104, 60.26466360896112], [29.600078244903862, 60.2658957190199], [29.6000791, 60.2658959], [29.60007992225794, 60.265896115286566], [29.60124802229069, 60.26620194345172], [29.602122734873205, 60.26643094733021], [29.6021237, 60.26643119999997], [29.602123830573568, 60.26643173807143], [29.6021684, 60.2666154], [29.6176567, 60.2703007], [29.630695706890187, 60.26683931929535], [29.6305884, 60.2667412], [29.630155246013786, 60.26635326813774], [29.6301545, 60.2663526], [29.630153943407883, 60.26635188774702], [29.629477400603527, 60.265486112669144], [29.629477, 60.2654856], [29.629477239111747, 60.26548506303842], [29.6296447, 60.265109], [29.62942061355021, 60.2647953787921], [29.6294202, 60.2647948], [29.629420319328776, 60.26479418869109], [29.6294934, 60.2644198], [29.6291743, 60.2642289], [29.628950007182556, 60.26414085610712], [29.6289491, 60.2641405], [29.628949003892604, 60.264139927573176], [29.6288989, 60.2638415], [29.628679629402384, 60.26339876511432], [29.6286793, 60.26339810000002], [29.628679303902217, 60.26339741504922], [29.6286812, 60.2630646], [29.6286636, 60.262925], [29.628448600795696, 60.26275016986718], [29.6284479, 60.2627496], [29.62844734032573, 60.26274899282689], [29.6283937, 60.2626908], [29.6282333, 60.2625883], [29.628073303765188, 60.26257378200783], [29.6280724, 60.2625737], [29.62807153490615, 60.262573546339794], [29.6275781, 60.26248590000004], [29.6272711, 60.26246549999998], [29.6268505, 60.2624595], [29.626405968966235, 60.26249949482921], [29.6264048, 60.2624996], [29.62640379167816, 60.26249928790292], [29.626031, 60.2623839], [29.6254242, 60.2623076], [29.62502583947387, 60.26239609130841], [29.6250249, 60.26239630000002], [29.625023882015245, 60.26239637492677], [29.62447038664064, 60.262437112664784], [29.6244692, 60.2624372], [29.624468141675326, 60.26243691939481], [29.6242199, 60.2623711], [29.623957031965727, 60.26240008620722], [29.623956, 60.26240019999999], [29.623955042167072, 60.262399977821985], [29.623544011163496, 60.262304634553004], [29.623543, 60.262304399999984], [29.62354242514321, 60.262303924771736], [29.6231108, 60.2619471], [29.6226785, 60.2616204], [29.622164, 60.2614264], [29.6211273, 60.2612788], [29.62007639171028, 60.261195394585144], [29.6200752, 60.2611953], [29.620074128980033, 60.261195023655375], [29.61973453167175, 60.26110740006409], [29.618972973620256, 60.26091089640632], [29.6189726, 60.26091080000003], [29.618972233871638, 60.26091069674081], [29.6185613, 60.260794799999985], [29.6178843, 60.2606218], [29.6165922, 60.2603443], [29.6163484, 60.26031049999999], [29.6161634, 60.26033910000001], [29.615899720203874, 60.26039769551152], [29.6158988, 60.2603979], [29.615897792295215, 60.260397887098335], [29.61531419923848, 60.26039041407838], [29.6153131, 60.260390399999984], [29.615312418261677, 60.260389971308456], [29.6150876, 60.26024859999998], [29.6148491, 60.2601961], [29.614702529298178, 60.260237040427384], [29.6147016, 60.2602373], [29.61470079506553, 60.26023695268609], [29.6146476, 60.260214], [29.614291792990045, 60.26024460598419], [29.6142907, 60.2602447], [29.614289646955754, 60.260244526783445], [29.613856920082306, 60.26017334614668], [29.613138714239753, 60.26005520234244], [29.6131387, 60.26005519999996], [29.612513248415343, 60.259952539260155], [29.612513233361327, 60.25995253678918], [29.6125124, 60.25995240000001], [29.612511619305472, 60.25995220075275], [29.6117656, 60.259761800000035], [29.611281957502595, 60.25992677339342], [29.611281, 60.2599271], [29.611279866871918, 60.25992697343529], [29.6109014, 60.2598847], [29.6106891, 60.259879], [29.610296, 60.25990069999999], [29.61008661057174, 60.259914626138674], [29.6100855, 60.25991470000002], [29.610084418287517, 60.25991455482333], [29.6099715, 60.25989939999998], [29.609696412525466, 60.25990579970862], [29.6096964, 60.2599058], [29.6095732, 60.25990869999998], [29.609403150423184, 60.259930266779364], [29.6094021, 60.2599304], [29.609401025630387, 60.259930327990766], [29.609198624164282, 60.25991676194325], [29.6091977, 60.2599167], [29.609196789267834, 60.25991660039004], [29.6088329, 60.2598768], [29.60867297022349, 60.25987481206054], [29.608672, 60.2598748], [29.60867109472402, 60.259874626160524], [29.60860888613457, 60.25986268027446], [29.60831204891443, 60.25980567823905], [29.6083106, 60.2598054], [29.608309241528342, 60.25980502569141], [29.60820195633961, 60.25977546463001], [29.6077007131724, 60.25963735161918], [29.6076998, 60.2596371], [29.607698995508333, 60.25963676923845], [29.607079264306346, 60.25938196730627], [29.607060215022695, 60.259374135100686], [29.6070594, 60.2593738], [29.607059165200056, 60.25937328746589], [29.6069134, 60.2590551], [29.6062095, 60.258984], [29.60596191387999, 60.259011974146595], [29.6059608, 60.259012100000014], [29.605959994312, 60.25901169761812], [29.6056979, 60.258880800000014], [29.604910169804906, 60.2587393920481], [29.6049091, 60.2587392], [29.604908193681897, 60.258738858453846], [29.60483750960475, 60.25871222110458], [29.60466024151932, 60.25864541713013], [29.6046594, 60.2586451], [29.60465884990873, 60.25864465199319], [29.6044972, 60.258513], [29.6042957, 60.2584218], [29.6041965, 60.25842690000001], [29.604104988041865, 60.25844141298445], [29.604004696014968, 60.258457318322975], [29.603997864266088, 60.25846736814383], [29.6039979, 60.2584674], [29.603996932086876, 60.258467668350946], [29.603968381803433, 60.258475583825295], [29.60394656842392, 60.25848163150799], [29.6039456, 60.258481899999936], [29.60394541944602, 60.25848173903926], [29.60392674764386, 60.25846968011254], [29.6039241, 60.25847009999998], [29.6032241, 60.2585812], [29.60277899799127, 60.2587976120144], [29.6027782, 60.258798], [29.602777127099486, 60.25879815342072], [29.602467, 60.2588425], [29.602464612937556, 60.2589402701002], [29.6024646, 60.2589408], [29.602463591394212, 60.258940972202566], [29.6010278, 60.25918609999999], [29.600923, 60.2593102], [29.601207064906177, 60.25924404107571], [29.6012081, 60.2592438], [29.601208915578333, 60.259244198025655], [29.60129397934588, 60.259285711507694], [29.601562193290015, 60.25941660630869], [29.601563, 60.259417], [29.601561988258094, 60.25941725087059], [29.60125963167307, 60.25949222241524], [29.601086962661995, 60.259535036508986], [29.6010859, 60.2595353], [29.601084756445992, 60.259535140739985], [29.6005682, 60.2594632], [29.5998992, 60.2596709], [29.599974353592312, 60.25975410576436], [29.5999748, 60.2597546], [29.599973993163367, 60.2597549643382], [29.5998468, 60.2598124], [29.5996316, 60.2599538], [29.5996956, 60.2601356], [29.5998875, 60.26023949999998], [29.6002133, 60.260277], [29.59996401778624, 60.26016187766831], [29.5999632, 60.26016150000002], [29.599963055329944, 60.26016094992454], [29.59995096644454, 60.26011498457649], [29.59992844326891, 60.26002934475259], [29.5999283, 60.2600288], [29.599929256246046, 60.26002852421183], [29.600010909033696, 60.26000497492718], [29.600107664470887, 60.259977069815314], [29.6001086, 60.2599768], [29.60010958235851, 60.25997702500133], [29.6004867, 60.2600634], [29.600840593921028, 60.26000586357094], [29.6008416, 60.2600057], [29.600842514728598, 60.26000596472167], [29.6009812, 60.26004609999998], [29.601317600158197, 60.25998857098815], [29.6013186, 60.2599884], [29.601319522213533, 60.25998865705197], [29.601503808475467, 60.26004002363096], [29.6015048, 60.2600403], [29.60150508594533, 60.260040846737354], [29.601571680251777, 60.260168176819434], [29.60161930957042, 60.26025924469655], [29.6016196, 60.2602598], [29.601618983034022, 60.260260284982536], [29.6014206397292, 60.260416197129565], [29.60142, 60.26041670000002], [29.601419000516653, 60.260417027542026], [29.601091002613156, 60.26052451541975], [29.601011997920253, 60.26055040574649], [29.6010111, 60.2605507], [29.60101003050826, 60.26055075698511], [29.600910964131828, 60.260556035445276], [29.60003603401717, 60.26060265024029], [29.6000351, 60.2606027], [29.60003416089174, 60.260602711027786], [29.5997285, 60.26060629999998], [29.5993926, 60.2606896], [29.5988182, 60.2608502], [29.598480609587565, 60.261083908767525], [29.5984799, 60.26108439999993], [29.59847878368528, 60.26108464075858], [29.598305066781947, 60.26112210659704], [29.598218061208847, 60.2611408711291], [29.598217, 60.261141100000025], [29.598215867275538, 60.261141216817016], [29.598183395620534, 60.2611445655889], [29.59789518135554, 60.261174288483474], [29.5978941, 60.2611744], [29.597893014751627, 60.261174298246864], [29.59780491545505, 60.26116603800728], [29.597385381374465, 60.26112670139433], [29.5973843, 60.2611266], [29.59738324360787, 60.261126446814494], [29.597158598413547, 60.26109387119942], [29.59686124829784, 60.261050752016565], [29.5968602, 60.261050599999955], [29.596859283010744, 60.26105030534935], [29.5965465, 60.2609498], [29.5960973, 60.2608331], [29.5957836, 60.260912699999984], [29.59574102123189, 60.2610164608782], [29.5957408, 60.261017], [29.59573969829933, 60.26101694446639], [29.5954591, 60.2610028], [29.595149, 60.260994], [29.5947805, 60.26114219999999], [29.5945554, 60.26132839999998], [29.594487230591415, 60.26148053173034], [29.5944872, 60.2614806], [29.59448716769814, 60.26148066807485], [29.5944053, 60.2616532], [29.5943791, 60.26186160000001], [29.5943761, 60.26199960000001], [29.59471053602137, 60.26219954325763], [29.5947113, 60.2622], [29.594711369794844, 60.26220059287145], [29.59472923699109, 60.26235236477702], [29.5947293, 60.26235290000001], [29.59472834422065, 60.262353148861294], [29.59437616635045, 60.26244484653471], [29.594371248319106, 60.26244612704799], [29.5943702, 60.26244639999999], [29.594369018845107, 60.26244643733892], [29.59386776722155, 60.262462282070985], [29.5938672, 60.26246229999999], [29.59386663168112, 60.26246230372767], [29.592939531354308, 60.262468381454504], [29.59276981076963, 60.26246949337857], [29.5927688, 60.2624695], [29.59276780300949, 60.26246941709562], [29.5913234, 60.2623493], [29.5912007, 60.2623537], [29.591102428669082, 60.262435659087], [29.5911019, 60.2624361], [29.591100945904973, 60.26243629668044], [29.5907046, 60.262518], [29.590699877751163, 60.26254977679996], [29.5906998, 60.2625503], [29.59069925606978, 60.26255074966096], [29.59068380872692, 60.262563519798576], [29.590635166185784, 60.26260373194241], [29.5906346, 60.2626042], [29.590633531225418, 60.262604072596666], [29.5905742, 60.262597], [29.5905211, 60.262633], [29.59050925139514, 60.26268256666458], [29.5905091, 60.2626832], [29.590508665249004, 60.262683800094884], [29.5904197, 60.2628066], [29.5904994, 60.262870100000015], [29.590556754195237, 60.262821462850766], [29.5905573, 60.262821], [29.590558357754265, 60.26282110759937], [29.590614219295617, 60.262826790066505], [29.5906153, 60.2628269], [29.59061540917249, 60.26282744538979], [29.59065578324571, 60.263029139621565], [29.590660991388333, 60.263055157419984], [29.5906611, 60.26305570000001], [29.590660194908843, 60.26305600836182], [29.590249916033713, 60.26319578791555], [29.590249, 60.263196100000016], [29.590247908376195, 60.263195998136], [29.590139376530775, 60.26318587052698], [29.59010667084968, 60.26318281858978], [29.5901054, 60.263182700000016], [29.590104216488275, 60.26318244119894], [29.5899019, 60.2631382], [29.58982487907662, 60.26317492848724], [29.5898241, 60.2631753], [29.589823020141548, 60.26317530000021], [29.58976827570251, 60.263175300000235], [29.5897672, 60.2631753], [29.589766848740847, 60.26317479484541], [29.5897373, 60.26313229999998], [29.5895907, 60.2630952], [29.589471, 60.2630863], [29.5893602, 60.263162], [29.589258394792644, 60.263553999820516], [29.5892465, 60.2635998], [29.58936553916426, 60.26375282461256], [29.58942049330832, 60.263743441543795], [29.5894321, 60.263736399999985], [29.5893094, 60.2635345], [29.589452103059386, 60.26347994291215], [29.589453, 60.26347959999993], [29.589454064620927, 60.26347979078214], [29.58954147537204, 60.26349545492621], [29.589559606523874, 60.263498704048], [29.5895607, 60.2634989], [29.589560925765745, 60.26349946653751], [29.58960836829264, 60.263618518557045], [29.5896086, 60.263619099999985], [29.589608093703447, 60.263619636706366], [29.589498823931283, 60.26373546912761], [29.58943252445323, 60.26380575005834], [29.5894321, 60.2638062], [29.589431522628807, 60.26380660574924], [29.58919624096033, 60.263971949569], [29.5891956, 60.26397240000004], [29.58919450550692, 60.26397249276934], [29.5890729, 60.2639828], [29.588655032402485, 60.264087940238255], [29.588654, 60.2640882], [29.58865301693552, 60.2640878966499], [29.5883847, 60.26400509999996], [29.5883248, 60.2640095], [29.5881602, 60.26419209999999], [29.5881722, 60.264339], [29.5883877, 60.2645661], [29.58873383211819, 60.264675693548234], [29.5887348, 60.264676], [29.588735240304935, 60.264676526580224], [29.58886401898184, 60.26483053791913], [29.5888869975938, 60.264858018750466], [29.5888874, 60.2648585], [29.58888695123852, 60.26485897102274], [29.588738713596896, 60.26501456132347], [29.58860360565514, 60.26515636927195], [29.5886031, 60.2651569], [29.588602009679686, 60.26515712663284], [29.5874749, 60.2653914], [29.5870829, 60.26563929999999], [29.5871637, 60.2657372], [29.58774303264471, 60.26566314921519], [29.5877442, 60.265663], [29.587745404486366, 60.265662977005114], [29.5882889, 60.26565259999999], [29.5888395, 60.265582900000034], [29.589149857130103, 60.26551032049924], [29.5891508, 60.2655101], [29.58915182010184, 60.265510205839504], [29.589421567577315, 60.265538192884456], [29.5894226, 60.2655383], [29.58942304077299, 60.26553877602561], [29.58952081431988, 60.26564436902423], [29.589600026486323, 60.26562565363855]]]}}, {"type": "Feature", "properties": {"block_id": 195, "area": 616568.2976395068, "dominant_landuse": "residential", "poi_count": 113, "amenity_count": 0, "building_count": 112, "leisure_count": 1, "attractiveness_score": 0.11179131004898935, "attractiveness_rank": 14}, "geometry": {"type": "Polygon", "coordinates": [[[29.651676432469536, 60.25500453419554], [29.651878632713796, 60.25500479860515], [29.6518797, 60.25500479999994], [29.651880055292256, 60.255005300152725], [29.65194481351747, 60.25509646146181], [29.652037539158044, 60.25522699204229], [29.6520379, 60.2552275], [29.652037546076063, 60.2552280091584], [29.65191179485373, 60.255408915041116], [29.65174597700879, 60.25564745764597], [29.6517456, 60.255648], [29.651744663398492, 60.25564833557177], [29.6514076, 60.25576909999999], [29.65095449239372, 60.2560019011515], [29.6509543, 60.256002], [29.650954102788873, 60.256002096475456], [29.6505101, 60.2562193], [29.6503749, 60.2562987], [29.6502623, 60.2563892], [29.6502381, 60.2564411], [29.650090730651225, 60.25707523781146], [29.6500906, 60.2570758], [29.650090245353674, 60.257076337784646], [29.649803895550637, 60.25751055184015], [29.6498036, 60.257511], [29.649803157727, 60.257511417271125], [29.649626594643607, 60.25767799822526], [29.649476922504075, 60.25781920704374], [29.6494764, 60.2578197], [29.649475283646325, 60.2578197518142], [29.649461371350764, 60.25782039753548], [29.649407269567547, 60.25782290858597], [29.64941184578324, 60.25784439591868], [29.649412, 60.25784489999999], [29.64941169339101, 60.2578453865768], [29.64935832891988, 60.25793007373563], [29.649343, 60.2579544], [29.649345, 60.2580938], [29.649443635635485, 60.258177123249965], [29.6494442, 60.25817760000001], [29.64944361579529, 60.25817807081182], [29.6493798, 60.2582295], [29.6493074, 60.2583173], [29.649329961413745, 60.25840933466743], [29.6493301, 60.2584099], [29.649330006396628, 60.25841046760893], [29.64929365940447, 60.2586308736351], [29.64929112312859, 60.25864625336073], [29.649291, 60.258647], [29.649290677999865, 60.25864773185528], [29.6492001, 60.2588536], [29.649266317598688, 60.25905145499713], [29.6492665, 60.259052], [29.649266247567276, 60.25905253806054], [29.64923453624961, 60.25912013061504], [29.64904836359053, 60.25951695131655], [29.6490482, 60.2595173], [29.649047991994877, 60.25951764279023], [29.648836377617428, 60.25986637723913], [29.648829010520895, 60.25987851786685], [29.6488289, 60.2598787], [29.648828777116613, 60.25987888016682], [29.648649059895877, 60.26014237234351], [29.6486487, 60.2601429], [29.648647877767285, 60.260143278791226], [29.648379804724623, 60.26026677560093], [29.648191722577902, 60.2603534210573], [29.6481909, 60.26035379999996], [29.648189813424395, 60.260353938422924], [29.6480551, 60.2603711], [29.64803109385878, 60.26040051736202], [29.6480307, 60.260401], [29.6480297530612, 60.26040122327689], [29.64792433076714, 60.260426080537265], [29.6479234, 60.2604263], [29.64792236984093, 60.260426293307745], [29.64777108004411, 60.26042531039246], [29.64773994782029, 60.260425108107974], [29.6477387, 60.2604251], [29.647737525421174, 60.26042489055016], [29.6474684, 60.2603769], [29.6473575, 60.2604037], [29.6472378, 60.2605409], [29.64725539785952, 60.26063465582953], [29.6472555, 60.2606352], [29.64725488915955, 60.26063565450747], [29.6471965, 60.2606791], [29.6472975, 60.2608212], [29.6479794, 60.2610247], [29.648394375490724, 60.26101841702749], [29.6483955, 60.2610184], [29.648396384021318, 60.26101874574656], [29.6485484, 60.261078200000014], [29.6487243063277, 60.26107959135024], [29.6487254, 60.26107960000002], [29.64872561617157, 60.26108013276371], [29.6488156, 60.2613019], [29.6494965, 60.2615607], [29.6501508402928, 60.26168951107863], [29.6501518, 60.2616897], [29.650152620887706, 60.261690010987834], [29.65068492469201, 60.26189166840308], [29.6506858, 60.261892], [29.65068605858329, 60.26189253159327], [29.6508705, 60.262271699999985], [29.6511831, 60.26248829999999], [29.651825922767973, 60.262678777115404], [29.651826, 60.26267879999999], [29.652004519781382, 60.26273217701953], [29.6520056, 60.2627325], [29.65200650951535, 60.26273293380407], [29.6523094, 60.2628774], [29.6532759, 60.263309], [29.6536524, 60.26337439999999], [29.654126174362155, 60.263429058602526], [29.6541274, 60.2634292], [29.65412853246068, 60.26342947245246], [29.6547193, 60.2635716], [29.65524217629616, 60.263445347184756], [29.6552432, 60.2634451], [29.65524426769712, 60.263445295930424], [29.6556203, 60.2635143], [29.65604653579474, 60.26348249433697], [29.6560478, 60.2634824], [29.656049055268202, 60.26348252023984], [29.6568402, 60.2635583], [29.6570215, 60.26337190000001], [29.6570568, 60.2632374], [29.656968005345096, 60.263026487755575], [29.6569678, 60.263026], [29.65696803629286, 60.263025515715306], [29.6570725400422, 60.262811332793206], [29.6570728, 60.2628108], [29.657073448839423, 60.26281035657413], [29.6572519, 60.2626884], [29.65729676802267, 60.26261365305203], [29.6572971, 60.2626131], [29.657297754316573, 60.262612623150815], [29.657669980816515, 60.2623413512542], [29.6576706, 60.2623409], [29.65767151756759, 60.2623405992776], [29.657770018769178, 60.26230831656119], [29.657937843633757, 60.26225331344174], [29.6579388, 60.262253], [29.657939786923812, 60.26225328911312], [29.658089, 60.262297], [29.658332058456846, 60.26225189329043], [29.6583331, 60.2622517], [29.658334151241135, 60.2622518798638], [29.6583933, 60.262262], [29.6584936, 60.26226840000001], [29.6591569841251, 60.26180073418091], [29.6591576, 60.2618003], [29.65915864785108, 60.26180019469096], [29.65935857341155, 60.26178010200596], [29.660584998924925, 60.260621001016105], [29.660585, 60.260621], [29.66074983394879, 60.260465246734775], [29.660751422583143, 60.26046374561], [29.660752, 60.2604632], [29.66075280284634, 60.26046273003215], [29.6652025, 60.25785769999999], [29.6640164, 60.2556359], [29.651112765545825, 60.25451075664673], [29.651676432469536, 60.25500453419554]]]}}, {"type": "Feature", "properties": {"block_id": 196, "area": 118.11242405857013, "dominant_landuse": null, "poi_count": 0, "amenity_count": 0, "building_count": 0, "leisure_count": 0, "attractiveness_score": 0.027054857020629593, "attractiveness_rank": 198}, "geometry": {"type": "Polygon", "coordinates": [[[29.58095904731341, 60.26757707759187], [29.580763456237378, 60.267567961507766], [29.5809777, 60.2676759], [29.581036679604658, 60.26764599782137], [29.58115463849108, 60.26758619338714], [29.58095904731341, 60.26757707759187]]]}}, {"type": "Feature", "properties": {"block_id": 197, "area": 2277.4028563199786, "dominant_landuse": null, "poi_count": 0, "amenity_count": 0, "building_count": 0, "leisure_count": 0, "attractiveness_score": 0.027087201384535253, "attractiveness_rank": 188}, "geometry": {"type": "Polygon", "coordinates": [[[29.58734913745036, 60.26579207821666], [29.5880801, 60.2660073], [29.588924582515798, 60.26595658646587], [29.588959021958765, 60.26589043407167], [29.588959021958768, 60.26589043407164], [29.5889593, 60.2658899], [29.588960257353815, 60.26588962052512], [29.5891364, 60.2658382], [29.5892457, 60.2657433], [29.5890466, 60.2656851], [29.58904110088403, 60.265684775405425], [29.5887586, 60.26566810000001], [29.58806367816637, 60.26576166829694], [29.58806367816636, 60.26576166829694], [29.5880627, 60.2657618], [29.58734913745036, 60.26579207821666]]]}}, {"type": "Feature", "properties": {"block_id": 198, "area": 712615.7070060079, "dominant_landuse": "allotments", "poi_count": 299, "amenity_count": 4, "building_count": 294, "leisure_count": 1, "attractiveness_score": 0.23296953551774394, "attractiveness_rank": 5}, "geometry": {"type": "Polygon", "coordinates": [[[29.567116776454313, 60.252740125262925], [29.567650823287323, 60.25243453181812], [29.567979530709973, 60.25216327873977], [29.567979657557686, 60.25216317406258], [29.567979788962106, 60.252163070783254], [29.56798193253559, 60.25216138600852], [29.567987935308214, 60.25215666803543], [29.567988066712722, 60.252156564756014], [29.567988202611787, 60.25215646292324], [29.568282406536305, 60.251936006395105], [29.569027230045716, 60.25127253743678], [29.569027357367073, 60.25127242401964], [29.56902748993629, 60.251272312097726], [29.569031829515936, 60.251268648394245], [29.56903570838014, 60.2512653736504], [29.569035840949155, 60.25126526172854], [29.569035978695045, 60.25126515136179], [29.569226548142588, 60.25111245969082], [29.56935611849111, 60.25100864191725], [29.56935634246635, 60.251008462457214], [29.569356579870362, 60.25100828731345], [29.569371057437476, 60.25099760654822], [29.56937153228741, 60.250997256229525], [29.569372058802116, 60.250996924653236], [29.569388111540782, 60.25098681532524], [29.56938837478576, 60.250986649544735], [29.569388650396572, 60.2509864888055], [29.569409545331613, 60.25097430264267], [29.569460090474365, 60.250944824092144], [29.56946010481614, 60.250944815727834], [29.571308611262413, 60.24986883079642], [29.57259408292946, 60.24908607891168], [29.574963539303884, 60.24763010506742], [29.5749638877605, 60.24762989093673], [29.574964256934873, 60.247629685562885], [29.574986765780473, 60.24761716375443], [29.574987504239992, 60.24761675294469], [29.574988320150077, 60.24761638009227], [29.57501244944223, 60.24760535354744], [29.575012781717252, 60.24760520170513], [29.57501359762678, 60.24760482885259], [29.575014483129216, 60.247604497548174], [29.575017845506324, 60.24760323953871], [29.57504103112584, 60.24759456479919], [29.575041916627686, 60.24759423349462], [29.57504286319462, 60.2475939469288], [29.57507124195036, 60.247585355474435], [29.575072188516728, 60.247585068908485], [29.57507318703223, 60.24758482984098], [29.575087845588385, 60.24758132024567], [29.57510312324643, 60.24757766242062], [29.57510412176156, 60.2475774233529], [29.575105162609574, 60.24757723408606], [29.575136367983283, 60.2475715597248], [29.575137408830997, 60.2475713704577], [29.575138481987864, 60.24757123281418], [29.575155714374915, 60.247569022580194], [29.575170656000168, 60.24756710615837], [29.575171729156594, 60.247566968514626], [29.575172824286913, 60.24756688382004], [29.575182810403977, 60.247566111518935], [29.575205657089743, 60.24756434461094], [29.5752067522197, 60.2475642599161], [29.57520785877705, 60.247564228986086], [29.575241034176788, 60.24756330167724], [29.575242140734368, 60.24756327074693], [29.575243248062655, 60.247563293879324], [29.57527644656718, 60.24756398740109], [29.575277553895397, 60.247564010533225], [29.57527865133011, 60.247564087505246], [29.57528078092128, 60.247564236870794], [29.575311553225465, 60.247566395178715], [29.575312650660255, 60.24756647215047], [29.57531372763283, 60.247566602220864], [29.575331804161927, 60.24756878539598], [29.57534601606047, 60.24757050182217], [29.575347093033294, 60.24757063189227], [29.57534813917202, 60.2475708138084], [29.575379503181438, 60.24757626778282], [29.575380549320627, 60.24757644969872], [29.575381554550972, 60.247576681708665], [29.57539398880411, 60.247579551567966], [29.575411692093688, 60.24758363753224], [29.575412697324335, 60.24758386954195], [29.575413651965146, 60.24758414941128], [29.575442272803723, 60.247592540096605], [29.575443227445213, 60.2475928199658], [29.57544412230326, 60.24759314499943], [29.575445064234263, 60.24759348713105], [29.575470950805798, 60.2476028897407], [29.57547184566427, 60.247603214774074], [29.5754726721214, 60.24760358184166], [29.57549744991639, 60.24761458679287], [29.575498276374194, 60.24761495386037], [29.575499026471324, 60.247615359426945], [29.575508930869724, 60.247620714589694], [29.575521514935726, 60.24762751860568], [29.57552226503348, 60.24762792417221], [29.57552293154673, 60.24762836433202], [29.575542914104116, 60.24764156064009], [29.57554358061783, 60.24764200079975], [29.575544157128135, 60.24764247131376], [29.575561441334173, 60.247656577664785], [29.575562017845044, 60.24765704817875], [29.575562498800355, 60.24765754451579], [29.575576918196315, 60.247672425059086], [29.57557739915204, 60.247672921396], [29.575577779920316, 60.24767343877603], [29.575581221872206, 60.24767811562773], [29.57558919563635, 60.247688950204854], [29.57558957640501, 60.247689467584834], [29.57558985331917, 60.24769000102524], [29.57559815541166, 60.247705993956814], [29.575598432326114, 60.24770652739724], [29.57559860271918, 60.24770707176079], [29.575603711229924, 60.24772339217519], [29.575603881623167, 60.247723936538726], [29.57560394385398, 60.24772448658285], [29.575604379332997, 60.24772833568283], [29.57560580958024, 60.247740977305945], [29.57560587181113, 60.247741527350115], [29.575605825280213, 60.24774207777761], [29.57560571825647, 60.24774334379197], [29.57560443024885, 60.247758579994915], [29.575604383717895, 60.247759130422445], [29.575604228873182, 60.24775967593242], [29.575603344241863, 60.24776279244292], [29.57559958651388, 60.24777603071848], [29.575599431669023, 60.247776576228475], [29.57559917000159, 60.24777711156734], [29.57559132501776, 60.24779316141635], [29.57559106335008, 60.24779369675522], [29.575590697379777, 60.24779421676735], [29.575584843002297, 60.247802535329086], [29.57557972531821, 60.24780980710989], [29.575579359347557, 60.24781032712199], [29.575578892598735, 60.24781082679939], [29.575564432372982, 60.2478263071685], [29.575483394402, 60.24791306192909], [29.57548787070857, 60.24791466329112], [29.576022234832596, 60.24766329167628], [29.576022637261847, 60.24766310236623], [29.576023057893728, 60.24766292309955], [29.576023442497938, 60.247662750869154], [29.576023916682644, 60.24766252001649], [29.576024285466577, 60.24766233187081], [29.576024671561033, 60.24766215251056], [29.576156010096152, 60.247601138991016], [29.57742160114711, 60.247013188536194], [29.5777562369384, 60.24681738475818], [29.57775644589638, 60.246817262490644], [29.57775666180141, 60.24681714324282], [29.5777700457865, 60.24680975105099], [29.57777026169138, 60.246809631803174], [29.577770484366777, 60.246809515672616], [29.5779922566095, 60.2466938555215], [29.578355934983197, 60.246486243559225], [29.5769165, 60.2462338], [29.5744702, 60.2468459], [29.573634692592552, 60.24741546420764], [29.5736342, 60.247415799999935], [29.573633613100853, 60.24741609597645], [29.57113322043915, 60.24867698629489], [29.5711324, 60.24867739999992], [29.57113123400097, 60.24867743944185], [29.569539797992146, 60.248731262871814], [29.5695387, 60.2487313], [29.56953786679101, 60.24873094262538], [29.5675216, 60.24786609999999], [29.56541582427809, 60.247399526958894], [29.5654148, 60.247399299999984], [29.565414208642036, 60.2473988263608], [29.565400503395065, 60.24738784934661], [29.565266090645753, 60.24728019297871], [29.5652656, 60.2472798], [29.56526531778251, 60.24727935927893], [29.5639278, 60.2451905], [29.5616293, 60.244474799999985], [29.5572316, 60.24353809999999], [29.5545186, 60.243793], [29.55408817299327, 60.24507058654368], [29.554088, 60.2450711], [29.55408730740665, 60.24507149050147], [29.5519821, 60.24625839999998], [29.549565, 60.2481985], [29.560290953363513, 60.25129008484473], [29.5602917, 60.25129029999999], [29.56029241139491, 60.251290542868276], [29.56614012229556, 60.253286683232794], [29.567116776454313, 60.252740125262925]]]}}]}