{
"type": "FeatureCollection",
"name": "ucm_blocks",
"crs": { "type": "name", "properties": { "name": "urn:ogc:def:crs:OGC:1.3:CRS84" } },
"features": [
{ "type": "Feature", "properties": { "block_id": 0, "area": 206339.68614096197, "dominant_landuse": "residential", "poi_count": 86, "amenity_count": 8, "building_count": 75, "leisure_count": 6 }, "geometry": { "type": "Polygon", "coordinates": [ [ [ 29.603386318836861, 60.257019354866088 ], [ 29.6033864, 60.2570196 ], [ 29.603386459248433, 60.257019846678908 ], [ 29.60338990186969, 60.257034179913362 ], [ 29.603396782507239, 60.257062827169655 ], [ 29.6033968, 60.2570629 ], [ 29.603433299808145, 60.257223799154289 ], [ 29.6034333, 60.2572238 ], [ 29.603490081721311, 60.25747391948434 ], [ 29.6034901, 60.257474 ], [ 29.60349011593684, 60.257474080638488 ], [ 29.6035804, 60.2579309 ], [ 29.6036315, 60.2580067 ], [ 29.603741646157495, 60.25811571308936 ], [ 29.603855, 60.258227899999987 ], [ 29.603977866345627, 60.258332839672455 ], [ 29.6040611, 60.258308499999984 ], [ 29.603802440643712, 60.258085834988151 ], [ 29.6038024, 60.258085800000011 ], [ 29.60380345498519, 60.258085625251866 ], [ 29.6044049, 60.257986 ], [ 29.6048343, 60.257883399999962 ], [ 29.605137413814454, 60.25780864322401 ], [ 29.6051384, 60.257808399999966 ], [ 29.605139500575312, 60.25780841464875 ], [ 29.6052511, 60.2578099 ], [ 29.6054127, 60.257792 ], [ 29.605560819668632, 60.257743421518157 ], [ 29.6055618, 60.2577431 ], [ 29.605562973626416, 60.257743123751638 ], [ 29.6057051, 60.257746 ], [ 29.6057927, 60.257723499999983 ], [ 29.605864, 60.2576888 ], [ 29.605939307108383, 60.257628177282697 ], [ 29.6059399, 60.2576277 ], [ 29.605941020857042, 60.257627633866861 ], [ 29.606135376968119, 60.257616166263155 ], [ 29.6061365, 60.2576161 ], [ 29.606136926894948, 60.257616620405933 ], [ 29.606138820896302, 60.257618929286501 ], [ 29.606167545870871, 60.257653946395685 ], [ 29.606168, 60.2576545 ], [ 29.606167825457167, 60.257655091507111 ], [ 29.606153779010096, 60.257702693355519 ], [ 29.6061536, 60.2577033 ], [ 29.606153037499823, 60.257703845710083 ], [ 29.6061, 60.2577553 ], [ 29.6062296, 60.257750199999982 ], [ 29.6063671, 60.257715699999984 ], [ 29.60642096342205, 60.257654681290184 ], [ 29.6064213, 60.2576543 ], [ 29.606421692536273, 60.257653932158533 ], [ 29.606559090189325, 60.257525177742259 ], [ 29.6065596, 60.2575247 ], [ 29.606559964158457, 60.257525209579534 ], [ 29.606649, 60.257649799999989 ], [ 29.6069003, 60.2576809 ], [ 29.6070227, 60.257661 ], [ 29.60712, 60.2576255 ], [ 29.60724261397565, 60.257539182944875 ], [ 29.6072433, 60.2575387 ], [ 29.60724432351908, 60.257538398729487 ], [ 29.607307185862847, 60.257519895317429 ], [ 29.607369827996536, 60.257501456673602 ], [ 29.6073707, 60.2575012 ], [ 29.607371709755881, 60.257501156739615 ], [ 29.6084443, 60.2574552 ], [ 29.6085047, 60.2574259 ], [ 29.608545189990046, 60.2573940794001 ], [ 29.6085458, 60.257393600000015 ], [ 29.608546935136832, 60.257393659379943 ], [ 29.608659425663287, 60.257399543801505 ], [ 29.6086605, 60.2573996 ], [ 29.608661026677197, 60.257400068694871 ], [ 29.6086932, 60.2574287 ], [ 29.608762, 60.257417199999963 ], [ 29.608760929193309, 60.257395978558861 ], [ 29.6087609, 60.2573954 ], [ 29.608761647477809, 60.257394956185337 ], [ 29.608788977636959, 60.257378728903333 ], [ 29.6087897, 60.2573783 ], [ 29.608790747048062, 60.257378094835445 ], [ 29.608818154319493, 60.257372724495745 ], [ 29.608847874795774, 60.257366900884897 ], [ 29.6088489, 60.2573667 ], [ 29.608849313822361, 60.25736720755183 ], [ 29.6088723, 60.2573954 ], [ 29.6089415751076, 60.257393727163894 ], [ 29.6089427, 60.2573937 ], [ 29.60894316187137, 60.257394210421012 ], [ 29.608977300243499, 60.257431937201773 ], [ 29.6089779, 60.257432599999987 ], [ 29.608978322509397, 60.257433295733264 ], [ 29.6090079, 60.257482 ], [ 29.6091048, 60.257532 ], [ 29.609164, 60.2575585 ], [ 29.609159630622759, 60.257476574178462 ], [ 29.6091596, 60.257476 ], [ 29.609160422981912, 60.257475596684777 ], [ 29.6092049, 60.2574538 ], [ 29.609206864335039, 60.257427576127476 ], [ 29.6092069, 60.2574271 ], [ 29.609207016796066, 60.257426627091 ], [ 29.609210227873891, 60.257413625384302 ], [ 29.609216967247313, 60.257386337518874 ], [ 29.6092171, 60.2573858 ], [ 29.60921795115836, 60.2573861382008 ], [ 29.6092848, 60.2574127 ], [ 29.609330068382384, 60.25742671164241 ], [ 29.609331, 60.257427 ], [ 29.609331152041712, 60.257427540148626 ], [ 29.6093386, 60.257454 ], [ 29.6094197, 60.2574645 ], [ 29.6094726, 60.2574321 ], [ 29.609419456706085, 60.257409464893755 ], [ 29.6094186, 60.2574091 ], [ 29.609418417173138, 60.257408546708554 ], [ 29.609411164764477, 60.257386598629715 ], [ 29.609411, 60.2573861 ], [ 29.609411199482452, 60.257385604511562 ], [ 29.609411812929014, 60.25738408079004 ], [ 29.609416981944658, 60.257371241621541 ], [ 29.6094172, 60.2573707 ], [ 29.609418224469291, 60.257370914302555 ], [ 29.609476, 60.257383 ], [ 29.609602183310756, 60.257401597540266 ], [ 29.6096022, 60.2574016 ], [ 29.609729754114095, 60.257420346289486 ], [ 29.609729820285693, 60.25742035601457 ], [ 29.6097308, 60.2574205 ], [ 29.609731554511441, 60.257420842306161 ], [ 29.609772187877589, 60.257439276802607 ], [ 29.60980337745465, 60.257453426829493 ], [ 29.6098042, 60.2574538 ], [ 29.60980402756303, 60.257454346795967 ], [ 29.6097849, 60.257515 ], [ 29.609819354766167, 60.257558043777451 ], [ 29.6098198, 60.2575586 ], [ 29.609819742073753, 60.257559197917644 ], [ 29.609818436610933, 60.257572672965686 ], [ 29.609813953329244, 60.257618949534603 ], [ 29.6098139, 60.257619499999983 ], [ 29.60981282411041, 60.257619366285454 ], [ 29.6097616, 60.257613 ], [ 29.609716854545166, 60.257610752957675 ], [ 29.6097158, 60.2576107 ], [ 29.609714783870306, 60.257610550176771 ], [ 29.6096473, 60.2576006 ], [ 29.609597496475494, 60.257638446726595 ], [ 29.6095969, 60.257638900000011 ], [ 29.609595972309382, 60.257638615749599 ], [ 29.60958399318967, 60.257634945268997 ], [ 29.609561965144959, 60.257628195727087 ], [ 29.609561, 60.2576279 ], [ 29.609560344302047, 60.257627440318011 ], [ 29.6095232, 60.2576014 ], [ 29.609429, 60.2575699 ], [ 29.6094168, 60.2576004 ], [ 29.609412940513842, 60.257657401642582 ], [ 29.6094129, 60.257658 ], [ 29.609412364718175, 60.25765853636193 ], [ 29.6093633, 60.2577077 ], [ 29.6095038, 60.2577489 ], [ 29.609729, 60.25781 ], [ 29.6099344, 60.25780529999998 ], [ 29.6101335, 60.2577852 ], [ 29.610138, 60.2577023 ], [ 29.6101341, 60.257619499999983 ], [ 29.610095415796774, 60.257552546572491 ], [ 29.6100951, 60.257552 ], [ 29.610095357639402, 60.257551445945218 ], [ 29.610134043827433, 60.257468250903109 ], [ 29.6101343, 60.2574677 ], [ 29.610135427543387, 60.25746762412745 ], [ 29.610304092345924, 60.257456274535677 ], [ 29.6103052, 60.2574562 ], [ 29.610305114795519, 60.257456753830134 ], [ 29.610295, 60.2575225 ], [ 29.610308265220031, 60.257576550822861 ], [ 29.6103084, 60.257577100000013 ], [ 29.610307800348949, 60.257577566141997 ], [ 29.6102298, 60.2576382 ], [ 29.6102193, 60.2576902 ], [ 29.6103067, 60.2576886 ], [ 29.6104064, 60.2576563 ], [ 29.6105905, 60.2575949 ], [ 29.6105549693395, 60.257541455553429 ], [ 29.6105546, 60.2575409 ], [ 29.610555179941571, 60.257540390812068 ], [ 29.610604057631427, 60.257497476200314 ], [ 29.6106046, 60.257497 ], [ 29.610605693938385, 60.257497062436457 ], [ 29.610627294098514, 60.25749829526184 ], [ 29.610852385782227, 60.257511142115526 ], [ 29.6108534, 60.257511199999982 ], [ 29.610854376736381, 60.257511347573598 ], [ 29.611543291499114, 60.257615432525121 ], [ 29.6115444, 60.2576156 ], [ 29.611545200412237, 60.257616016260478 ], [ 29.6120057, 60.2578555 ], [ 29.61258, 60.25806810000001 ], [ 29.6127470743772, 60.258048917755147 ], [ 29.6127481, 60.2580488 ], [ 29.612749122717524, 60.258048923837599 ], [ 29.6130355, 60.2580836 ], [ 29.614046949444187, 60.258074109861091 ], [ 29.614048, 60.2580741 ], [ 29.61404894779789, 60.258074325394581 ], [ 29.6144929, 60.2581799 ], [ 29.614896222620544, 60.25812984611926 ], [ 29.6148974, 60.258129699999934 ], [ 29.614898561982734, 60.258129873910121 ], [ 29.6153003, 60.25819 ], [ 29.6155196, 60.258159 ], [ 29.6157443, 60.2581031 ], [ 29.6164331, 60.25783570000003 ], [ 29.616493199263097, 60.257786900598333 ], [ 29.6164932, 60.2577869 ], [ 29.616602096299697, 60.257698490128988 ], [ 29.6166027, 60.257698 ], [ 29.616603803139864, 60.257697827588046 ], [ 29.616959911612529, 60.257642170109733 ], [ 29.616961, 60.257642 ], [ 29.616961999330908, 60.257642273584324 ], [ 29.617090032652914, 60.257677324853475 ], [ 29.617336778332369, 60.257744875057817 ], [ 29.6173376, 60.257745100000015 ], [ 29.617338284622601, 60.257745418705298 ], [ 29.617568812308264, 60.257852733317819 ], [ 29.6175696, 60.257853099999984 ], [ 29.617569063596864, 60.257853565421037 ], [ 29.617430777210799, 60.257973551899951 ], [ 29.617416737751402, 60.25798573341347 ], [ 29.6174162, 60.2579862 ], [ 29.617415195121072, 60.257986399412665 ], [ 29.617347446950589, 60.25799984363907 ], [ 29.617237413479028, 60.258021679038237 ], [ 29.6172363, 60.25802190000001 ], [ 29.617235102215957, 60.258021873353783 ], [ 29.6170565, 60.2580179 ], [ 29.616972, 60.2580567 ], [ 29.616957454648396, 60.258131603615048 ], [ 29.6169573, 60.2581324 ], [ 29.616956919238572, 60.258133177390107 ], [ 29.6169117, 60.2582255 ], [ 29.6169966, 60.2582707 ], [ 29.6171451, 60.258292 ], [ 29.617792992505496, 60.258221220991167 ], [ 29.6177941, 60.258221100000014 ], [ 29.61779504419399, 60.25822141203971 ], [ 29.618020512041159, 60.258295924874034 ], [ 29.61803899083554, 60.25830203173178 ], [ 29.6180395, 60.258302199999989 ], [ 29.618039990088274, 60.258302381717016 ], [ 29.6184454, 60.2584527 ], [ 29.6188646, 60.2583765 ], [ 29.619029303278456, 60.258190049107874 ], [ 29.6190297, 60.2581896 ], [ 29.619030382315231, 60.258189245593485 ], [ 29.619312148865294, 60.258042890157576 ], [ 29.6193129, 60.258042499999988 ], [ 29.619313985813193, 60.258042479613778 ], [ 29.619379093242262, 60.258041257202166 ], [ 29.61943427650921, 60.258040221094632 ], [ 29.6194354, 60.2580402 ], [ 29.61943621592766, 60.258040584363464 ], [ 29.619458351973009, 60.258051012104502 ], [ 29.61953140436097, 60.258085425195659 ], [ 29.6195322, 60.258085800000011 ], [ 29.61953255180131, 60.258086315977017 ], [ 29.6196042, 60.2581914 ], [ 29.6196932, 60.258208199999935 ], [ 29.619797132271028, 60.258138150047969 ], [ 29.6197978, 60.2581377 ], [ 29.619798853153284, 60.258137896887803 ], [ 29.619853775274574, 60.258148164605636 ], [ 29.62004662827454, 60.258184218337519 ], [ 29.6200476, 60.2581844 ], [ 29.62004823599198, 60.25818480777761 ], [ 29.621093357427057, 60.258854888025027 ], [ 29.621094, 60.2588553 ], [ 29.621094478379231, 60.258855763862911 ], [ 29.6214366, 60.259187499999989 ], [ 29.621677114283379, 60.259264416748266 ], [ 29.621678, 60.2592647 ], [ 29.621678534822415, 60.259265150893782 ], [ 29.621819541058407, 60.259384028776132 ], [ 29.6218201, 60.2593845 ], [ 29.621819107024958, 60.259384736092663 ], [ 29.6216914, 60.2594151 ], [ 29.6219666, 60.2596437 ], [ 29.6224424, 60.259693099999986 ], [ 29.6226972, 60.2596439 ], [ 29.6227225967538, 60.259511737287163 ], [ 29.6227227, 60.2595112 ], [ 29.622723291733056, 60.259510747389591 ], [ 29.623061088531916, 60.25925236771436 ], [ 29.6230617, 60.2592519 ], [ 29.623062772659804, 60.259251735739973 ], [ 29.623406854682333, 60.259199044762624 ], [ 29.6234078, 60.2591989 ], [ 29.6234087878832, 60.259198925272884 ], [ 29.6237948, 60.2592088 ], [ 29.623908628271241, 60.259175881023289 ], [ 29.6239096, 60.2591756 ], [ 29.623910683775193, 60.25917574868663 ], [ 29.624034632935572, 60.259192753607103 ], [ 29.6240357, 60.2591929 ], [ 29.624035407957393, 60.259193430575216 ], [ 29.6240035, 60.2592514 ], [ 29.624067399164652, 60.259319472983556 ], [ 29.6240678, 60.2593199 ], [ 29.624068051548203, 60.259320354301593 ], [ 29.6241343, 60.25944 ], [ 29.62431638755216, 60.259523083666195 ], [ 29.6243173, 60.2595235 ], [ 29.624317770085732, 60.259524069504998 ], [ 29.624548767858375, 60.259803918767645 ], [ 29.624549, 60.2598042 ], [ 29.624549201152973, 60.2598044870659 ], [ 29.62476049053997, 60.260106015670175 ], [ 29.6247609, 60.260106599999929 ], [ 29.62476076829077, 60.260107215265926 ], [ 29.6247326, 60.2602388 ], [ 29.6246821, 60.2605906 ], [ 29.6247458, 60.2608159 ], [ 29.624888388933719, 60.261262538875457 ], [ 29.6248886, 60.261263200000023 ], [ 29.62488865123365, 60.261263868906482 ], [ 29.6249047, 60.2614734 ], [ 29.6249535, 60.2615424 ], [ 29.6251238, 60.2615079 ], [ 29.6254509207198, 60.261343990474749 ], [ 29.6254517, 60.261343600000011 ], [ 29.625452757430313, 60.26134343768647 ], [ 29.6256289, 60.2613164 ], [ 29.625626215584571, 60.261219860469851 ], [ 29.6256262, 60.2612193 ], [ 29.625626624441534, 60.261218780662958 ], [ 29.625695197815045, 60.261134875602451 ], [ 29.625715662335313, 60.261109835520429 ], [ 29.6257161, 60.2611093 ], [ 29.62571724930115, 60.26110921072901 ], [ 29.6259105, 60.2610942 ], [ 29.626013655400968, 60.261059715774422 ], [ 29.6260146, 60.261059399999986 ], [ 29.626015712467627, 60.261059520255699 ], [ 29.626392750986604, 60.261100276849604 ], [ 29.626658396781007, 60.261128991559154 ], [ 29.6266594, 60.2611291 ], [ 29.626660205525535, 60.261129416287858 ], [ 29.6280174, 60.2616623 ], [ 29.6283753, 60.2616803 ], [ 29.628699, 60.261596800000042 ], [ 29.62861370017292, 60.261445034071954 ], [ 29.6286134, 60.2614445 ], [ 29.62861451534879, 60.261444519062636 ], [ 29.6291459, 60.2614536 ], [ 29.629359489911344, 60.261393029727685 ], [ 29.6293603, 60.2613928 ], [ 29.62936119874206, 60.261392676005194 ], [ 29.629591168281571, 60.261360948067335 ], [ 29.629453, 60.2612395 ], [ 29.6288709, 60.2607607 ], [ 29.628449, 60.260465 ], [ 29.6279772, 60.2602002 ], [ 29.6277928, 60.260115499999962 ], [ 29.627018527914061, 60.259866441146556 ], [ 29.6270184, 60.2598664 ], [ 29.626931824173329, 60.259838136414409 ], [ 29.6269311, 60.2598379 ], [ 29.626931099808285, 60.259837899942525 ], [ 29.6265298, 60.2597176 ], [ 29.626100922455382, 60.259590695415241 ], [ 29.6261006, 60.2595906 ], [ 29.626100284104204, 60.259590499312786 ], [ 29.6251594, 60.2592906 ], [ 29.624922714426795, 60.259219524450984 ], [ 29.6249223, 60.259219399999985 ], [ 29.624921896691639, 60.259219266834627 ], [ 29.624053830990604, 60.258932641369313 ], [ 29.6240531, 60.2589324 ], [ 29.624052408932446, 60.258932131155852 ], [ 29.622891, 60.2584803 ], [ 29.621164900954231, 60.257849400348796 ], [ 29.6211649, 60.2578494 ], [ 29.6203913, 60.2575666 ], [ 29.6198863, 60.2574591 ], [ 29.6195584, 60.25739 ], [ 29.6181398, 60.2571086 ], [ 29.617286406720488, 60.256951248748877 ], [ 29.6172856, 60.2569511 ], [ 29.617284818409562, 60.256950921162506 ], [ 29.6170496, 60.256897100000025 ], [ 29.616857357176951, 60.25695909134636 ], [ 29.6168564, 60.256959399999985 ], [ 29.616855275683893, 60.256959496725699 ], [ 29.616594813383752, 60.256981904217092 ], [ 29.6165937, 60.256982 ], [ 29.616593766532333, 60.256981439466657 ], [ 29.61660563933934, 60.256881411067482 ], [ 29.6166057, 60.2568809 ], [ 29.616606287079598, 60.256880479302843 ], [ 29.6166985, 60.2568144 ], [ 29.616529830672174, 60.256765412214911 ], [ 29.6165291, 60.256765200000032 ], [ 29.616528441299426, 60.25676493593776 ], [ 29.616258875504553, 60.256656870801869 ], [ 29.6162582, 60.2566566 ], [ 29.616257568335897, 60.256656304220606 ], [ 29.615895312802902, 60.256486675140785 ], [ 29.615722848973167, 60.256405916585528 ], [ 29.6157226, 60.256405799999968 ], [ 29.615722358248878, 60.256405679719677 ], [ 29.6153972, 60.2562439 ], [ 29.615027, 60.2561283 ], [ 29.6148018, 60.2560743 ], [ 29.6143712, 60.255981 ], [ 29.6141332, 60.2559457 ], [ 29.6138958, 60.255920199999984 ], [ 29.6137779, 60.2559117 ], [ 29.613583698349448, 60.255902428566394 ], [ 29.6135831, 60.2559024 ], [ 29.613582505557627, 60.255902355650434 ], [ 29.6135067, 60.2558967 ], [ 29.613385498051571, 60.255898188967841 ], [ 29.6133846, 60.255898200000011 ], [ 29.613383703024816, 60.255898175527946 ], [ 29.613216, 60.2558936 ], [ 29.613004, 60.2558947 ], [ 29.6128227, 60.2559024 ], [ 29.612568501129715, 60.255924099903581 ], [ 29.6125685, 60.255924100000016 ], [ 29.612249997477917, 60.255951279162041 ], [ 29.612223810359527, 60.255953513783247 ], [ 29.6122228, 60.255953599999984 ], [ 29.612221778072239, 60.255953640339527 ], [ 29.6121468, 60.255956599999983 ], [ 29.6112611, 60.2560638 ], [ 29.610503301689562, 60.256159885672432 ], [ 29.6105024, 60.25616 ], [ 29.610501482432145, 60.256160077051796 ], [ 29.610294, 60.2561775 ], [ 29.6097483, 60.256237599999984 ], [ 29.608390538237423, 60.256405845698751 ], [ 29.6083901, 60.2564059 ], [ 29.608389657742915, 60.256405945548053 ], [ 29.6079852, 60.256447599999987 ], [ 29.607609757529517, 60.256488949610372 ], [ 29.6076093, 60.256489 ], [ 29.607608838656741, 60.256489040911504 ], [ 29.6070432, 60.2565392 ], [ 29.6066818, 60.2565722 ], [ 29.606524980611578, 60.25658689244753 ], [ 29.6065249, 60.2565869 ], [ 29.6062853, 60.2566089 ], [ 29.605840080391609, 60.256653616069919 ], [ 29.605665099579216, 60.25667118999899 ], [ 29.605665, 60.2566712 ], [ 29.6055172, 60.2566857 ], [ 29.604815392137226, 60.256765589511929 ], [ 29.6048153, 60.2567656 ], [ 29.6036356, 60.2568973 ], [ 29.6033568, 60.2569302 ], [ 29.603386318836861, 60.257019354866088 ] ] ] } },
{ "type": "Feature", "properties": { "block_id": 1, "area": 1950888.5335477407, "dominant_landuse": "industrial", "poi_count": 273, "amenity_count": 47, "building_count": 226, "leisure_count": 1 }, "geometry": { "type": "Polygon", "coordinates": [ [ [ 29.6033568, 60.2569302 ], [ 29.6030937, 60.2569593 ], [ 29.6027172, 60.2570012 ], [ 29.6021285, 60.25710680000001 ], [ 29.601906, 60.25714760000001 ], [ 29.601579964904538, 60.257224795218342 ], [ 29.6015791, 60.257225 ], [ 29.601578203284227, 60.257225167622252 ], [ 29.6010559, 60.2573228 ], [ 29.6006504, 60.2573998 ], [ 29.600480444917952, 60.257432771885497 ], [ 29.6004803, 60.257432799999989 ], [ 29.600480154316926, 60.257432827119395 ], [ 29.60027017094782, 60.257471916067793 ], [ 29.600104866288888, 60.257502687660335 ], [ 29.6001048, 60.257502700000011 ], [ 29.599831345377492, 60.25755311788442 ], [ 29.5998309, 60.2575532 ], [ 29.599830448050177, 60.257553272735784 ], [ 29.599766910901337, 60.25756349824556 ], [ 29.5997669, 60.2575635 ], [ 29.599724115889622, 60.257570397438322 ], [ 29.5997241, 60.257570399999956 ], [ 29.599457397255104, 60.257613287876772 ], [ 29.5994567, 60.257613399999983 ], [ 29.599455989577301, 60.257613489414652 ], [ 29.59920171297281, 60.257645492701918 ], [ 29.598377114140749, 60.257749273049967 ], [ 29.5983769, 60.2577493 ], [ 29.598376684838726, 60.257749324863113 ], [ 29.598369806883102, 60.257750119649515 ], [ 29.598355130840304, 60.257751815547394 ], [ 29.5983544, 60.2577519 ], [ 29.598353659487504, 60.257751960150244 ], [ 29.598243852356578, 60.257760879501845 ], [ 29.5982436, 60.2577609 ], [ 29.598243346773728, 60.25776091765308 ], [ 29.597952528925056, 60.257781191012569 ], [ 29.5979524, 60.257781199999982 ], [ 29.59757192569916, 60.257806611458669 ], [ 29.5975706, 60.257806699999989 ], [ 29.597569262490037, 60.257806710075087 ], [ 29.5972121, 60.2578094 ], [ 29.597203300955609, 60.257860094494383 ], [ 29.5972033, 60.257860099999988 ], [ 29.597195296483374, 60.257905947305389 ], [ 29.5971952, 60.257906499999962 ], [ 29.597194217925669, 60.257906763846741 ], [ 29.5966231, 60.258060199999989 ], [ 29.596342562198032, 60.258177281900089 ], [ 29.5963418, 60.25817760000001 ], [ 29.596340937347062, 60.258177846745561 ], [ 29.595895479615795, 60.258305260259277 ], [ 29.595517909886951, 60.258413253947126 ], [ 29.5955167, 60.2584136 ], [ 29.59551541348392, 60.258413869290266 ], [ 29.5934021, 60.2588562 ], [ 29.593199027578418, 60.258949818479508 ], [ 29.5931982, 60.2589502 ], [ 29.593197106676268, 60.258950060301039 ], [ 29.5921816, 60.258820299999989 ], [ 29.591176771589019, 60.258756461730329 ], [ 29.5911758, 60.2587564 ], [ 29.591174893083657, 60.25875621613033 ], [ 29.5901346, 60.2585453 ], [ 29.588777975876404, 60.258280010396241 ], [ 29.5887769, 60.2582798 ], [ 29.588775932693316, 60.258279485292398 ], [ 29.5877454, 60.2579442 ], [ 29.586985683349905, 60.257700583266598 ], [ 29.5869848, 60.257700299999989 ], [ 29.586984037447685, 60.257699940367885 ], [ 29.586095004707847, 60.257280649612859 ], [ 29.585848489749932, 60.257164383821845 ], [ 29.5858481, 60.257164199999984 ], [ 29.585847728289831, 60.2571640071722 ], [ 29.5850755, 60.256763399999983 ], [ 29.5841200105619, 60.256416930185459 ], [ 29.5841191, 60.2564166 ], [ 29.584118260185694, 60.25641622636418 ], [ 29.5831924, 60.2560043 ], [ 29.583033309091018, 60.255955945915943 ], [ 29.5830325, 60.2559557 ], [ 29.583031785038855, 60.255955390317951 ], [ 29.582802008771775, 60.255855863305449 ], [ 29.581824516690805, 60.255432453764634 ], [ 29.5818237, 60.255432099999929 ], [ 29.581824382285461, 60.255431681782397 ], [ 29.5819733, 60.2553404 ], [ 29.5819971, 60.255321 ], [ 29.581526801206014, 60.255146900446476 ], [ 29.5815268, 60.255146900000042 ], [ 29.58121437444278, 60.255031227561872 ], [ 29.5812143, 60.2550312 ], [ 29.58099965882262, 60.254951046026086 ], [ 29.580999, 60.254950799999953 ], [ 29.580998379011351, 60.254950530740764 ], [ 29.580925313218319, 60.254918849536026 ], [ 29.580749046172528, 60.254842420020516 ], [ 29.580749, 60.2548424 ], [ 29.580517804386428, 60.254741601912428 ], [ 29.580517801410025, 60.254741600614736 ], [ 29.5805178, 60.2547416 ], [ 29.579175694770758, 60.254156341328404 ], [ 29.5791756, 60.2541563 ], [ 29.579175506164248, 60.254156258148306 ], [ 29.5782864, 60.2537597 ], [ 29.577395752941168, 60.253365267732903 ], [ 29.5773956, 60.253365199999983 ], [ 29.575679905900724, 60.252591347767556 ], [ 29.5756798, 60.2525913 ], [ 29.575679695312896, 60.252591251563516 ], [ 29.5753301, 60.2524295 ], [ 29.574650865394467, 60.252132972205942 ], [ 29.5746507, 60.252132899999957 ], [ 29.574650537469946, 60.25213282620475 ], [ 29.574343264724668, 60.251993311006672 ], [ 29.5743428, 60.2519931 ], [ 29.574342359657326, 60.251992876449329 ], [ 29.574148222742501, 60.251894317688944 ], [ 29.5741474, 60.2518939 ], [ 29.574146669096958, 60.251893442058623 ], [ 29.573825044142996, 60.251691928899618 ], [ 29.5738242, 60.2516914 ], [ 29.573823489658896, 60.251690824575014 ], [ 29.573582461081255, 60.251495573512777 ], [ 29.573582, 60.2514952 ], [ 29.573581661435394, 60.251494795385504 ], [ 29.573540661652089, 60.251445796950165 ], [ 29.573500504631077, 60.251397805534573 ], [ 29.5735005, 60.2513978 ], [ 29.573455747251579, 60.251344235317461 ], [ 29.5734553, 60.251343699999985 ], [ 29.57345496618467, 60.251343144614935 ], [ 29.573437465959945, 60.251314028600447 ], [ 29.573386956288374, 60.251229992778903 ], [ 29.5733866, 60.251229399999986 ], [ 29.573386377090429, 60.251228791337006 ], [ 29.573351038650113, 60.251132298092159 ], [ 29.57333407183468, 60.251085969205398 ], [ 29.5733339, 60.2510855 ], [ 29.573333808924357, 60.251085025238183 ], [ 29.573315614354005, 60.250990179752243 ], [ 29.573309122904092, 60.250956340683508 ], [ 29.573309, 60.2509557 ], [ 29.57330917338631, 60.25095506220665 ], [ 29.573342633385156, 60.250831980737189 ], [ 29.573342781411295, 60.250831436226107 ], [ 29.5733429, 60.250831 ], [ 29.573343154272855, 60.250830578342146 ], [ 29.573432791622391, 60.250681933018441 ], [ 29.573466104540127, 60.250626689964115 ], [ 29.5734664, 60.2506262 ], [ 29.573466783966307, 60.250625725437587 ], [ 29.573536476796423, 60.250539588480528 ], [ 29.573608471334321, 60.25045060621828 ], [ 29.5736088, 60.250450199999989 ], [ 29.573609191373372, 60.250449807751451 ], [ 29.573628976565779, 60.250429978303742 ], [ 29.573786760582415, 60.250271840405468 ], [ 29.5737872, 60.250271399999939 ], [ 29.573787715257925, 60.250270980392727 ], [ 29.573906405134455, 60.250174323354138 ], [ 29.573910480054071, 60.250171004864946 ], [ 29.5739111, 60.2501705 ], [ 29.573911823366284, 60.250170030353807 ], [ 29.5740853, 60.2500574 ], [ 29.574337122836475, 60.249892250605313 ], [ 29.5743372, 60.249892199999984 ], [ 29.574337278310765, 60.249892149831936 ], [ 29.5745779, 60.249738 ], [ 29.5746928, 60.2496641 ], [ 29.574607015549685, 60.249632043179901 ], [ 29.5746069, 60.249632 ], [ 29.574569156900349, 60.249617706203182 ], [ 29.5745665, 60.2496167 ], [ 29.574566499612065, 60.249616699893792 ], [ 29.574564880081837, 60.249616256577511 ], [ 29.574350264625995, 60.249557509304154 ], [ 29.5743495, 60.2495573 ], [ 29.574348809362103, 60.249557034652646 ], [ 29.574193901815978, 60.249497518016774 ], [ 29.574123412822804, 60.249544713920038 ], [ 29.573616625082664, 60.249896109865759 ], [ 29.573355180407621, 60.250122678875307 ], [ 29.573206003090995, 60.250323545263441 ], [ 29.573132428222042, 60.250479755324044 ], [ 29.573132301915926, 60.250480023488848 ], [ 29.573132149288377, 60.250480288250323 ], [ 29.573122843460432, 60.250496430966336 ], [ 29.573122538159033, 60.250496960569023 ], [ 29.57312212988759, 60.250497472747902 ], [ 29.573109889605497, 60.250512828244673 ], [ 29.57310948133366, 60.250513340423531 ], [ 29.573108974023587, 60.250513830246064 ], [ 29.573096968368887, 60.250525422047836 ], [ 29.573093764490579, 60.250528515482095 ], [ 29.573093257180041, 60.250529005304564 ], [ 29.573092655716923, 60.250529468053401 ], [ 29.57307710956734, 60.25054142881983 ], [ 29.573074623406082, 60.250543341600824 ], [ 29.573074021942364, 60.250543804349675 ], [ 29.573073332118469, 60.250544235568348 ], [ 29.573062924424505, 60.250550741563401 ], [ 29.573052650688428, 60.250557163816218 ], [ 29.573051960864102, 60.250557595034714 ], [ 29.573051189322932, 60.250557990570172 ], [ 29.573035049633997, 60.250566264681083 ], [ 29.573028057946019, 60.250569849011072 ], [ 29.573027286404173, 60.250570244546495 ], [ 29.573026440575909, 60.25057060058959 ], [ 29.573015783681715, 60.250575086503559 ], [ 29.57300108201974, 60.250581275018988 ], [ 29.573000236190882, 60.250581631061948 ], [ 29.572999324221311, 60.250581944183736 ], [ 29.572982473876468, 60.250587729692882 ], [ 29.572971982703592, 60.250591331799626 ], [ 29.57297107073342, 60.250591644921293 ], [ 29.572970101405346, 60.250591912106181 ], [ 29.572966647636044, 60.250592864100632 ], [ 29.572941040241492, 60.250599922499624 ], [ 29.572940070912981, 60.250600189684285 ], [ 29.57293905356185, 60.25060040835907 ], [ 29.572920954342592, 60.25060429869842 ], [ 29.572908552629233, 60.250606964384531 ], [ 29.57290753527769, 60.250607183059088 ], [ 29.572906479701143, 60.250607351117793 ], [ 29.57287483274408, 60.250612389636125 ], [ 29.572873777167267, 60.250612557694559 ], [ 29.572872693531359, 60.250612673518631 ], [ 29.5728515750329, 60.250614930760911 ], [ 29.572840205331332, 60.250616146005399 ], [ 29.572839121695278, 60.250616261829201 ], [ 29.572838020435992, 60.250616324303181 ], [ 29.572822527639804, 60.250617203202744 ], [ 29.572805003877345, 60.250618197315845 ], [ 29.572803902617917, 60.250618259789597 ], [ 29.572802794341303, 60.250618268311868 ], [ 29.572769567396453, 60.25061852381193 ], [ 29.572768459119583, 60.250618532333931 ], [ 29.572767354498804, 60.250618486822383 ], [ 29.572747492849839, 60.250617668500006 ], [ 29.572734237166657, 60.250617122349176 ], [ 29.572733132546116, 60.250617076837379 ], [ 29.572732042219791, 60.250616977730317 ], [ 29.572709455890802, 60.2506149247059 ], [ 29.572699353443308, 60.250614006424684 ], [ 29.57269826311725, 60.25061390731738 ], [ 29.572697197585811, 60.250613755569276 ], [ 29.572665252181064, 60.25060920604691 ], [ 29.572664186649888, 60.25060905429855 ], [ 29.572663156175285, 60.250608851370885 ], [ 29.572642637285497, 60.25060481065713 ], [ 29.572632261798173, 60.250602767446807 ], [ 29.572631231323818, 60.250602564518871 ], [ 29.572630245829885, 60.250602312365885 ], [ 29.572600700014274, 60.250594752632551 ], [ 29.572599714520969, 60.250594500479366 ], [ 29.5725987834991, 60.250594201529537 ], [ 29.572593171001472, 60.250592399364194 ], [ 29.572570870790123, 60.250585238792283 ], [ 29.572569939768673, 60.250584939842255 ], [ 29.572569072184869, 60.250584596974605 ], [ 29.572543061399664, 60.250574317550736 ], [ 29.572542193816439, 60.250573974682951 ], [ 29.572541398026232, 60.25057359119959 ], [ 29.572539999488235, 60.25057291725804 ], [ 29.572517539663927, 60.25056209408671 ], [ 29.572516743874271, 60.250561710603186 ], [ 29.572516027541457, 60.250561290197268 ], [ 29.572507699806334, 60.25055640276247 ], [ 29.57249455137147, 60.250548686120247 ], [ 29.572493835039278, 60.250548265714244 ], [ 29.57249320506261, 60.250547812434583 ], [ 29.57248902574187, 60.250544805336986 ], [ 29.572474317911425, 60.250534222778903 ], [ 29.572473687935211, 60.250533769499079 ], [ 29.572473150381555, 60.250533287711008 ], [ 29.572471291489599, 60.250531621659455 ], [ 29.57245649658779, 60.25051836156549 ], [ 29.572441357317171, 60.250504792814134 ], [ 29.571789674239291, 60.250876344053189 ], [ 29.571008416687562, 60.251321755812128 ], [ 29.571008377271877, 60.251321778283476 ], [ 29.571007113275442, 60.251322494928189 ], [ 29.571007073743711, 60.251322517345272 ], [ 29.567001685124492, 60.253580738629566 ], [ 29.568084474150897, 60.253950284024029 ], [ 29.5680854, 60.2539506 ], [ 29.568084745185494, 60.253951053491335 ], [ 29.5589315, 60.2602886 ], [ 29.577008285290731, 60.265676057286747 ], [ 29.5770091, 60.2656763 ], [ 29.577009766944272, 60.265676636074161 ], [ 29.580600990890353, 60.267486108869939 ], [ 29.5811762, 60.267504 ], [ 29.581308546379077, 60.267456641244159 ], [ 29.5813095, 60.2674563 ], [ 29.581310675267222, 60.267456300002713 ], [ 29.581410838988795, 60.26745630019596 ], [ 29.585668048680621, 60.265297680993584 ], [ 29.5856688, 60.2652973 ], [ 29.585669723551526, 60.265297571951329 ], [ 29.58685446770367, 60.265646425656698 ], [ 29.586917214486959, 60.265469223905875 ], [ 29.5869174, 60.2654687 ], [ 29.586918316462487, 60.265468424916214 ], [ 29.5871676, 60.265393600000017 ], [ 29.587358908181496, 60.265275726263084 ], [ 29.5873596, 60.265275299999978 ], [ 29.587360613303648, 60.265275084588822 ], [ 29.587713906934031, 60.265199979725494 ], [ 29.588010037091841, 60.265137025963298 ], [ 29.5880111, 60.2651368 ], [ 29.588012250667777, 60.265136744219461 ], [ 29.5883659, 60.2651196 ], [ 29.5884877, 60.2650431 ], [ 29.5884678, 60.2649186 ], [ 29.588301955646848, 60.26481062686139 ], [ 29.5883013, 60.2648102 ], [ 29.58830131943748, 60.264809663138237 ], [ 29.5883063, 60.2646721 ], [ 29.588150657290985, 60.26462310137039 ], [ 29.5881497, 60.264622799999984 ], [ 29.58814947118179, 60.264622248551937 ], [ 29.5880597, 60.264405900000014 ], [ 29.587914049770543, 60.264260847925691 ], [ 29.5879136, 60.2642604 ], [ 29.587913583166948, 60.264259899500075 ], [ 29.587910523243472, 60.264168917936153 ], [ 29.587909117730991, 60.264127127204297 ], [ 29.5879091, 60.264126599999969 ], [ 29.587909473024421, 60.264126106364884 ], [ 29.588032148309139, 60.26396376540854 ], [ 29.5880325, 60.263963299999929 ], [ 29.588033085394496, 60.263962896827969 ], [ 29.588100513100908, 60.263916458036888 ], [ 29.588328059970074, 60.263759740807302 ], [ 29.5883287, 60.2637593 ], [ 29.588329656360497, 60.263759563931565 ], [ 29.5884827, 60.2638018 ], [ 29.588571130754655, 60.263818794514222 ], [ 29.5885722, 60.263819 ], [ 29.588571950575986, 60.263819555946029 ], [ 29.5885473, 60.2638745 ], [ 29.5885871, 60.2639337 ], [ 29.5887337, 60.26393 ], [ 29.5888754, 60.2638708 ], [ 29.58887788337805, 60.263783881769236 ], [ 29.5888779, 60.2637833 ], [ 29.588878689617484, 60.26378287032577 ], [ 29.5889549, 60.2637414 ], [ 29.5889723, 60.2636995 ], [ 29.588930307210269, 60.263562078101067 ], [ 29.5889301, 60.2635614 ], [ 29.588930229237651, 60.263560717140805 ], [ 29.588974404140647, 60.263327306503506 ], [ 29.5889745, 60.263326800000037 ], [ 29.588974866207291, 60.263326324910636 ], [ 29.589088597123258, 60.263178778403294 ], [ 29.589188015790164, 60.263049798453395 ], [ 29.5891884, 60.2630493 ], [ 29.589189051086105, 60.263048875439161 ], [ 29.589331709932431, 60.262955849983214 ], [ 29.5893324, 60.262955399999989 ], [ 29.589333518297217, 60.262955506411359 ], [ 29.589639478990787, 60.262984619663534 ], [ 29.589779032763321, 60.262997898451147 ], [ 29.5897801, 60.262998 ], [ 29.589780635847053, 60.26299846967644 ], [ 29.5898546, 60.263063299999985 ], [ 29.5900112, 60.2630547 ], [ 29.589989074501705, 60.262987430548925 ], [ 29.5899889, 60.2629869 ], [ 29.589989742041453, 60.262986562401764 ], [ 29.590052619285476, 60.262961353104288 ], [ 29.5900535, 60.262961 ], [ 29.590054347957899, 60.262961372371883 ], [ 29.5901603, 60.2630079 ], [ 29.5902871, 60.2629696 ], [ 29.590257427, 60.262830893663676 ], [ 29.5902573, 60.262830299999983 ], [ 29.590257428183886, 60.262829706399089 ], [ 29.590286973488386, 60.26269288586149 ], [ 29.5902871, 60.262692299999983 ], [ 29.590287800480482, 60.262691824543516 ], [ 29.590674928165992, 60.262429056021659 ], [ 29.5906756, 60.2624286 ], [ 29.59067651450351, 60.262428263956245 ], [ 29.5908182, 60.262376199999984 ], [ 29.590903905602303, 60.262272975019478 ], [ 29.5909043, 60.2622725 ], [ 29.590905187833645, 60.262272236459744 ], [ 29.591191042047829, 60.262187384357404 ], [ 29.591192, 60.2621871 ], [ 29.591193114249037, 60.262187130082552 ], [ 29.591321421643112, 60.262190594070631 ], [ 29.591461264371425, 60.262194369342524 ], [ 29.5914624, 60.262194399999984 ], [ 29.591463364931521, 60.26219469909077 ], [ 29.5916592, 60.2622554 ], [ 29.5921018, 60.2623384 ], [ 29.592528479280375, 60.262331019387794 ], [ 29.5925296, 60.262331 ], [ 29.592530648580468, 60.262331197503869 ], [ 29.5926395, 60.2623517 ], [ 29.5930956, 60.2623853 ], [ 29.593251015059842, 60.262352230853935 ], [ 29.5932521, 60.262352 ], [ 29.593253280139805, 60.262352007836775 ], [ 29.5939903, 60.2623569 ], [ 29.5940649, 60.262328599999933 ], [ 29.594045325038362, 60.262298303074921 ], [ 29.594045, 60.2622978 ], [ 29.594045627324693, 60.262297373366536 ], [ 29.5940922, 60.262265699999986 ], [ 29.594082375193167, 60.262204567869546 ], [ 29.5940823, 60.2622041 ], [ 29.59408230374483, 60.262203630644862 ], [ 29.594084694868492, 60.261903943144929 ], [ 29.5940847, 60.2619033 ], [ 29.594084999098165, 60.261902674254713 ], [ 29.594308492589452, 60.261435095319335 ], [ 29.59439266698017, 60.261258987521522 ], [ 29.5943929, 60.261258499999983 ], [ 29.594393533856049, 60.261258110265366 ], [ 29.5949315755018, 60.26092728399103 ], [ 29.5949322, 60.2609269 ], [ 29.594933004491459, 60.260926610261187 ], [ 29.595294228874817, 60.260796513741901 ], [ 29.5952951, 60.2607962 ], [ 29.595296175054571, 60.260796221199264 ], [ 29.5955436, 60.260801099999988 ], [ 29.5958046, 60.260749299999986 ], [ 29.595937974647779, 60.260691756095618 ], [ 29.5959388, 60.2606914 ], [ 29.59593987979374, 60.260691484416292 ], [ 29.596068612705587, 60.260701548453248 ], [ 29.5976195, 60.2602335 ], [ 29.598483077385012, 60.25996806842484 ], [ 29.5984833, 60.259968 ], [ 29.59848352574755, 60.259967934157636 ], [ 29.598962416971833, 60.259828257552542 ], [ 29.5989633, 60.259828 ], [ 29.598964289819119, 60.25982786979781 ], [ 29.599428974429337, 60.259766743609212 ], [ 29.599442500222231, 60.259691356123504 ], [ 29.5994426, 60.2596908 ], [ 29.599443469522669, 60.259690446367095 ], [ 29.5998992, 60.2595051 ], [ 29.6000885, 60.2594092 ], [ 29.60022381468907, 60.259228115643879 ], [ 29.6002242, 60.2592276 ], [ 29.60022520566519, 60.259227370149574 ], [ 29.601939728154157, 60.258835490710773 ], [ 29.601941, 60.258835199999986 ], [ 29.601942334419714, 60.258834989655377 ], [ 29.6021605, 60.2588006 ], [ 29.602150135284322, 60.258777621621277 ], [ 29.6021499, 60.2587771 ], [ 29.602150905929712, 60.258776910514271 ], [ 29.6022279787143, 60.258762392379097 ], [ 29.602229, 60.2587622 ], [ 29.602229208679006, 60.258762732725778 ], [ 29.6022413, 60.258793599999976 ], [ 29.6025067, 60.2587701 ], [ 29.602540048149464, 60.258722304285065 ], [ 29.6025404, 60.2587218 ], [ 29.602541354637815, 60.258721555361603 ], [ 29.6029115, 60.2586267 ], [ 29.602937832200663, 60.258545616696551 ], [ 29.602938, 60.2585451 ], [ 29.602938935172396, 60.258544859199212 ], [ 29.60302264914532, 60.258523303357123 ], [ 29.60318054209619, 60.258482646656674 ], [ 29.6031815, 60.258482400000034 ], [ 29.603182534740515, 60.258482248230266 ], [ 29.6037201, 60.258403399999928 ], [ 29.603818929263106, 60.258379046660451 ], [ 29.603825828118396, 60.258375125067239 ], [ 29.6038258, 60.2583751 ], [ 29.603826767911766, 60.258374831649988 ], [ 29.603847194164146, 60.258369168543602 ], [ 29.603877131578589, 60.258360868491884 ], [ 29.6038781, 60.25836060000001 ], [ 29.603878128141513, 60.258360625087882 ], [ 29.603884715398411, 60.25836007931359 ], [ 29.603977866345627, 60.258332839672455 ], [ 29.603855349861675, 60.258228198816632 ], [ 29.603855, 60.258227899999987 ], [ 29.603854687830484, 60.258227591045319 ], [ 29.603632220010617, 60.258007412606588 ], [ 29.6036315, 60.2580067 ], [ 29.603630990289034, 60.258005943913965 ], [ 29.603580804189779, 60.257931499562872 ], [ 29.6035804, 60.2579309 ], [ 29.603580275629081, 60.257930270717388 ], [ 29.6034901, 60.257474 ], [ 29.603433300207993, 60.257223800916215 ], [ 29.6034333, 60.2572238 ], [ 29.6033968, 60.2570629 ], [ 29.6033864, 60.2570196 ], [ 29.6033568, 60.2569302 ] ] ] } },
{ "type": "Feature", "properties": { "block_id": 2, "area": 124736.585842231, "dominant_landuse": "residential", "poi_count": 74, "amenity_count": 25, "building_count": 46, "leisure_count": 7 }, "geometry": { "type": "Polygon", "coordinates": [ [ [ 29.6033568, 60.2569302 ], [ 29.603635466263629, 60.256897315781792 ], [ 29.6036356, 60.2568973 ], [ 29.603635734112629, 60.256897285028501 ], [ 29.6048153, 60.2567656 ], [ 29.605516866782633, 60.256685737932386 ], [ 29.6055172, 60.2566857 ], [ 29.60551753537564, 60.256685667097976 ], [ 29.605665, 60.2566712 ], [ 29.605636541993817, 60.256629261885699 ], [ 29.6056365, 60.2566292 ], [ 29.60563645945863, 60.256629137875493 ], [ 29.605622601485646, 60.256607902276571 ], [ 29.6056226, 60.2566079 ], [ 29.6054674, 60.2563699 ], [ 29.6054268, 60.25631340000001 ], [ 29.605373085598867, 60.256247105646395 ], [ 29.605373, 60.256247 ], [ 29.605372918733924, 60.256246893511836 ], [ 29.605244181401577, 60.256078199780553 ], [ 29.6052438, 60.2560777 ], [ 29.60524455687586, 60.256077320220108 ], [ 29.605973252239373, 60.255711674502656 ], [ 29.6059736, 60.255711499999983 ], [ 29.605973962793573, 60.255711333227048 ], [ 29.606119548649449, 60.255644408510491 ], [ 29.606307297161315, 60.255558101304928 ], [ 29.6063073, 60.2555581 ], [ 29.606567458641198, 60.255438546495242 ], [ 29.606572069649729, 60.255436427536416 ], [ 29.606573, 60.255436 ], [ 29.606574020833968, 60.255435626924495 ], [ 29.606622394697368, 60.255417948122755 ], [ 29.6066228, 60.255417799999982 ], [ 29.606623218177987, 60.255417660996791 ], [ 29.606654817706776, 60.255407157243582 ], [ 29.606658579739605, 60.255405906734595 ], [ 29.6066586, 60.2554059 ], [ 29.607343009310565, 60.255178928548283 ], [ 29.607344, 60.255178599999986 ], [ 29.607345054786276, 60.255178325110052 ], [ 29.607861634660786, 60.255043696666839 ], [ 29.608185911073338, 60.254959183797951 ], [ 29.608187, 60.2549589 ], [ 29.6081881445369, 60.254958676692425 ], [ 29.608673275950164, 60.254864022833637 ], [ 29.609196734261317, 60.254761888432277 ], [ 29.6091977, 60.2547617 ], [ 29.609198718765189, 60.254761602444589 ], [ 29.6096718, 60.2547163 ], [ 29.61013007999977, 60.254625003202882 ], [ 29.6101311, 60.2546248 ], [ 29.610132154904193, 60.254624647014154 ], [ 29.6111971, 60.2544702 ], [ 29.61179333701298, 60.254371143692268 ], [ 29.6117936, 60.2543711 ], [ 29.611793865066435, 60.254371059530911 ], [ 29.612224358115444, 60.254305333070427 ], [ 29.612564440888942, 60.254253409025189 ], [ 29.6125645, 60.254253399999946 ], [ 29.6130579, 60.2541788 ], [ 29.613007801840439, 60.254132601697165 ], [ 29.6130078, 60.2541326 ], [ 29.6119785, 60.253183 ], [ 29.611788069931077, 60.253250122871741 ], [ 29.611787, 60.253250499999986 ], [ 29.611785849330136, 60.253250812956104 ], [ 29.611317011114391, 60.253378325005528 ], [ 29.611316, 60.2533786 ], [ 29.611314869115567, 60.25337871070397 ], [ 29.6111311, 60.25339670000001 ], [ 29.610593924238366, 60.253461684970503 ], [ 29.6105938, 60.253461699999974 ], [ 29.61059367542676, 60.253461714329177 ], [ 29.610456244427301, 60.253477522432519 ], [ 29.610188514549638, 60.253508317810386 ], [ 29.6101878, 60.253508399999987 ], [ 29.610187076221642, 60.253508458962088 ], [ 29.609756474350768, 60.253543536920702 ], [ 29.6097557, 60.2535436 ], [ 29.609754918704351, 60.253543636201002 ], [ 29.609642023784364, 60.253548867089386 ], [ 29.608967904242657, 60.253580099803429 ], [ 29.6089679, 60.2535801 ], [ 29.607912304853873, 60.253629099774706 ], [ 29.6079123, 60.2536291 ], [ 29.606571101849706, 60.253691199914357 ], [ 29.6065711, 60.2536912 ], [ 29.60606619691869, 60.253714552645988 ], [ 29.606052209001287, 60.253715199583709 ], [ 29.6060522, 60.253715200000023 ], [ 29.605154408510497, 60.253756899604738 ], [ 29.6051544, 60.2537569 ], [ 29.604235505530998, 60.253799399744189 ], [ 29.6042355, 60.2537994 ], [ 29.6029091, 60.2538609 ], [ 29.602074536422254, 60.253912991485258 ], [ 29.6020744, 60.253913 ], [ 29.602074263378938, 60.25391300768834 ], [ 29.601408, 60.253950499999988 ], [ 29.6013711, 60.253953399999965 ], [ 29.601385299595055, 60.253988149324776 ], [ 29.601387196187382, 60.253992790669763 ], [ 29.6013872, 60.2539928 ], [ 29.601435293714673, 60.254109984685293 ], [ 29.601435299717316, 60.254109999311204 ], [ 29.6014353, 60.25411 ], [ 29.601474399925387, 60.254205299818146 ], [ 29.6014744, 60.2542053 ], [ 29.601735399249272, 60.254841498170087 ], [ 29.6017354, 60.2548415 ], [ 29.601832999244248, 60.255079598156321 ], [ 29.601833, 60.2550796 ], [ 29.601880098944399, 60.25519459742263 ], [ 29.6018801, 60.25519460000001 ], [ 29.601960795867665, 60.255391389922693 ], [ 29.6019608, 60.2553914 ], [ 29.601971796079688, 60.255418090484355 ], [ 29.6019718, 60.2554181 ], [ 29.602047599281768, 60.255602898248938 ], [ 29.6020476, 60.255602899999985 ], [ 29.602076499576917, 60.255673298969398 ], [ 29.6020765, 60.2556733 ], [ 29.60216, 60.2558768 ], [ 29.602312709929457, 60.256164230470922 ], [ 29.6023128, 60.2561644 ], [ 29.602312879366995, 60.256164570844916 ], [ 29.602339972221355, 60.256222890651479 ], [ 29.602349389255203, 60.256243161612645 ], [ 29.6023495, 60.256243400000017 ], [ 29.602349589728014, 60.256243640559866 ], [ 29.6023821, 60.2563308 ], [ 29.6025375, 60.2566799 ], [ 29.6026112, 60.25682250000002 ], [ 29.602667299379373, 60.256916998954566 ], [ 29.6026673, 60.256917 ], [ 29.602685396306736, 60.256947493776551 ], [ 29.6026854, 60.25694750000001 ], [ 29.6027172, 60.2570012 ], [ 29.603093671012168, 60.256959303226047 ], [ 29.6030937, 60.2569593 ], [ 29.6033568, 60.2569302 ] ] ] } },
{ "type": "Feature", "properties": { "block_id": 3, "area": 126096.86805418807, "dominant_landuse": "residential", "poi_count": 53, "amenity_count": 20, "building_count": 28, "leisure_count": 7 }, "geometry": { "type": "Polygon", "coordinates": [ [ [ 29.5975706, 60.257806699999989 ], [ 29.5979524, 60.257781199999982 ], [ 29.5982436, 60.2577609 ], [ 29.5983544, 60.2577519 ], [ 29.5983769, 60.2577493 ], [ 29.5994567, 60.257613399999983 ], [ 29.599440303210791, 60.257570008496842 ], [ 29.5994403, 60.25757 ], [ 29.5993874, 60.2574306 ], [ 29.59934510093434, 60.257323902356774 ], [ 29.5993451, 60.257323899999925 ], [ 29.5993293, 60.257284 ], [ 29.599270400315579, 60.257156700682067 ], [ 29.5992704, 60.2571567 ], [ 29.599224769481303, 60.257058050213871 ], [ 29.5992247, 60.2570579 ], [ 29.599224638848156, 60.25705774889434 ], [ 29.599167801456186, 60.256917303598236 ], [ 29.5991678, 60.256917299999984 ], [ 29.599024500102693, 60.256562600254178 ], [ 29.5990245, 60.256562599999988 ], [ 29.598778769090728, 60.255954262417234 ], [ 29.598761900124362, 60.255912500307879 ], [ 29.5987619, 60.2559125 ], [ 29.598696295220741, 60.255750058714789 ], [ 29.598688800105673, 60.255731500261653 ], [ 29.5986888, 60.25573150000001 ], [ 29.5986228, 60.2555681 ], [ 29.598520805273715, 60.255342511664303 ], [ 29.5985208, 60.255342499999983 ], [ 29.598503305119422, 60.255303611379752 ], [ 29.598503303080495, 60.255303606847512 ], [ 29.5985033, 60.2553036 ], [ 29.598482501788986, 60.255257503964984 ], [ 29.5984825, 60.255257499999956 ], [ 29.5984143, 60.2551066 ], [ 29.5982192, 60.2546749 ], [ 29.5979822, 60.2543017 ], [ 29.597496500280997, 60.254185300067348 ], [ 29.5974965, 60.2541853 ], [ 29.597383, 60.2541581 ], [ 29.597172301638157, 60.254199399678875 ], [ 29.5971723, 60.2541994 ], [ 29.5960639, 60.2544167 ], [ 29.59542880129586, 60.254551099725752 ], [ 29.5954288, 60.2545511 ], [ 29.5952469, 60.25458960000001 ], [ 29.5942979, 60.2547988 ], [ 29.5938073, 60.2549495 ], [ 29.5934607, 60.2550785 ], [ 29.593360901763415, 60.255121855790549 ], [ 29.5933608, 60.2551219 ], [ 29.593360697178923, 60.255121943600756 ], [ 29.5925196, 60.255478600000039 ], [ 29.59234010310217, 60.25555709864333 ], [ 29.5923401, 60.255557100000019 ], [ 29.5920018, 60.2557051 ], [ 29.591672509808031, 60.255858808707934 ], [ 29.5916721, 60.255859 ], [ 29.591671671538787, 60.255859180917362 ], [ 29.591514444738468, 60.25592556956466 ], [ 29.591040712355237, 60.256125599216873 ], [ 29.59104, 60.2561259 ], [ 29.591039240034263, 60.256126170479988 ], [ 29.590892041712287, 60.256178559780558 ], [ 29.590821123523124, 60.256203800129725 ], [ 29.59082, 60.2562042 ], [ 29.590818714987414, 60.256204452670389 ], [ 29.5895587, 60.2564522 ], [ 29.5894967, 60.256474299999986 ], [ 29.5894311, 60.25656630000001 ], [ 29.589630794095211, 60.256596099118859 ], [ 29.5896308, 60.2565961 ], [ 29.590221086347402, 60.256684095476125 ], [ 29.590223799081777, 60.256684499863105 ], [ 29.590223799259366, 60.256684499889573 ], [ 29.5902238, 60.2566845 ], [ 29.591242117341888, 60.25683627277698 ], [ 29.5912423, 60.2568363 ], [ 29.591418692440111, 60.256863398838597 ], [ 29.5914187, 60.2568634 ], [ 29.592526003504066, 60.25703328519581 ], [ 29.592526092258336, 60.257033298812289 ], [ 29.5925261, 60.257033299999982 ], [ 29.5929844, 60.2571037 ], [ 29.59317047586617, 60.257129840416923 ], [ 29.5931709, 60.257129900000017 ], [ 29.593171319131081, 60.257129967763433 ], [ 29.5934647, 60.2571774 ], [ 29.593704142387917, 60.257215626942816 ], [ 29.5937046, 60.25721570000001 ], [ 29.593705050940784, 60.257215782668766 ], [ 29.5944181, 60.257346499999983 ], [ 29.594597470867122, 60.257377738188389 ], [ 29.5945984, 60.2573779 ], [ 29.594599213323971, 60.257378175704353 ], [ 29.5948226, 60.2574539 ], [ 29.5950146, 60.2574859 ], [ 29.595332, 60.2575388 ], [ 29.5966484, 60.2577482 ], [ 29.5970427, 60.2577965 ], [ 29.5972121, 60.2578094 ], [ 29.5975706, 60.257806699999989 ] ] ] } },
{ "type": "Feature", "properties": { "block_id": 4, "area": 32555.795207899337, "dominant_landuse": "residential", "poi_count": 32, "amenity_count": 3, "building_count": 29, "leisure_count": 0 }, "geometry": { "type": "Polygon", "coordinates": [ [ [ 29.5970427, 60.2577965 ], [ 29.5966484, 60.2577482 ], [ 29.595427029996518, 60.257553916968746 ], [ 29.595332148284385, 60.257538823588504 ], [ 29.595332148284353, 60.25753882358849 ], [ 29.595332, 60.2575388 ], [ 29.5950146, 60.2574859 ], [ 29.5948226, 60.2574539 ], [ 29.5945984, 60.2573779 ], [ 29.5944181, 60.257346499999983 ], [ 29.5937046, 60.25721570000001 ], [ 29.5934647, 60.2571774 ], [ 29.59317173271171, 60.257130034629455 ], [ 29.593170899978524, 60.257129899996983 ], [ 29.5929844, 60.2571037 ], [ 29.5925261, 60.257033299999982 ], [ 29.5924914, 60.2571447 ], [ 29.5924217, 60.2574689 ], [ 29.5924245, 60.25755370000001 ], [ 29.592444972176168, 60.25805701595462 ], [ 29.592445, 60.2580577 ], [ 29.5923961, 60.2582958 ], [ 29.592395877848386, 60.258296343218475 ], [ 29.5921816, 60.258820299999989 ], [ 29.5931982, 60.2589502 ], [ 29.593401377092025, 60.258856533269508 ], [ 29.593401377092089, 60.258856533269466 ], [ 29.5934021, 60.2588562 ], [ 29.5955167, 60.2584136 ], [ 29.595826112874018, 60.258325100887355 ], [ 29.5963418, 60.25817760000001 ], [ 29.596622222467897, 60.258060566238484 ], [ 29.596622222468024, 60.258060566238427 ], [ 29.5966231, 60.258060199999989 ], [ 29.5971952, 60.257906499999962 ], [ 29.597203299038888, 60.257860105505628 ], [ 29.5972121, 60.2578094 ], [ 29.5970427, 60.2577965 ] ] ] } },
{ "type": "Feature", "properties": { "block_id": 5, "area": 1116.9052772656153, "dominant_landuse": "residential", "poi_count": 0, "amenity_count": 0, "building_count": 0, "leisure_count": 0 }, "geometry": { "type": "Polygon", "coordinates": [ [ [ 29.576394, 60.248326 ], [ 29.576401589584545, 60.248328858422127 ], [ 29.578066394702731, 60.247380863357293 ], [ 29.578094122688967, 60.247362902814039 ], [ 29.578313377609728, 60.247200637471543 ], [ 29.578267514655593, 60.247182835896865 ], [ 29.578265400000046, 60.247184 ], [ 29.5782654, 60.247184 ], [ 29.5775206, 60.247594 ], [ 29.576497300000039, 60.248172899999986 ], [ 29.576453750416459, 60.248199084898808 ], [ 29.5764183, 60.2482204 ], [ 29.576370450055119, 60.248258400008389 ], [ 29.5763226, 60.2482964 ], [ 29.576331883983173, 60.248300248827398 ], [ 29.576394, 60.248326 ] ] ] } },
{ "type": "Feature", "properties": { "block_id": 6, "area": 60.898238269485937, "dominant_landuse": null, "poi_count": 0, "amenity_count": 0, "building_count": 0, "leisure_count": 0 }, "geometry": { "type": "Polygon", "coordinates": [ [ [ 29.5763226, 60.2482964 ], [ 29.57618705732197, 60.248419974231034 ], [ 29.576220957659043, 60.24843171169384 ], [ 29.576367072941405, 60.248348512544787 ], [ 29.576401296940201, 60.248329025056869 ], [ 29.576365385688813, 60.248314137495562 ], [ 29.5763226, 60.2482964 ] ] ] } },
{ "type": "Feature", "properties": { "block_id": 7, "area": 185275.34803130649, "dominant_landuse": "residential", "poi_count": 124, "amenity_count": 1, "building_count": 123, "leisure_count": 0 }, "geometry": { "type": "Polygon", "coordinates": [ [ [ 29.576517193223829, 60.248372397447909 ], [ 29.5765172, 60.2483724 ], [ 29.577171198894067, 60.248618899583136 ], [ 29.5771712, 60.2486189 ], [ 29.5774402, 60.248720300000016 ], [ 29.5784247, 60.24881 ], [ 29.578729239715212, 60.248817775483197 ], [ 29.5787302, 60.248817799999976 ], [ 29.578731116637027, 60.248817944365712 ], [ 29.579239137704626, 60.248897953953566 ], [ 29.5792407, 60.2488982 ], [ 29.579242174283014, 60.248898555764974 ], [ 29.579360664071682, 60.248927148917346 ], [ 29.579446406564276, 60.248947839616633 ], [ 29.5794479, 60.248948199999987 ], [ 29.579449271119941, 60.248948665234074 ], [ 29.580619961852829, 60.249345881693841 ], [ 29.5806209, 60.249346199999984 ], [ 29.580620135308958, 60.249346617482836 ], [ 29.5798721, 60.249755 ], [ 29.5796616, 60.2498834 ], [ 29.5795791, 60.2499347 ], [ 29.579357407510528, 60.250076131412747 ], [ 29.5793573, 60.2500762 ], [ 29.579230360413586, 60.250155899282966 ], [ 29.5792302, 60.250156 ], [ 29.579230034889999, 60.250156098920833 ], [ 29.5785108, 60.250587 ], [ 29.578195990749176, 60.250848991590885 ], [ 29.5781955, 60.250849399999929 ], [ 29.578194941435644, 60.250849786288754 ], [ 29.5771924, 60.2515431 ], [ 29.5787436, 60.252341299999983 ], [ 29.580892033858998, 60.251056898260991 ], [ 29.5808927, 60.2510565 ], [ 29.580893437156561, 60.251056133948801 ], [ 29.581785, 60.2506134 ], [ 29.5826143, 60.250134699999983 ], [ 29.582721280473073, 60.250058839312622 ], [ 29.5827219, 60.2500584 ], [ 29.582722681287667, 60.250058770155952 ], [ 29.5851886, 60.251227 ], [ 29.5865143, 60.251834699999989 ], [ 29.5886102, 60.2507437 ], [ 29.5875665, 60.2503106 ], [ 29.5870152, 60.2500986 ], [ 29.586945815844221, 60.250075207627816 ], [ 29.5869452, 60.250075 ], [ 29.586944613010136, 60.250074772659723 ], [ 29.586490672027011, 60.249898960280163 ], [ 29.58649, 60.24989870000001 ], [ 29.586489414353583, 60.249898392453602 ], [ 29.5858001, 60.249536400000018 ], [ 29.585751077325828, 60.249562865781208 ], [ 29.585750304395685, 60.249563283061093 ], [ 29.585749501654998, 60.249562879925904 ], [ 29.5856908, 60.2495334 ], [ 29.5851195, 60.249272499999989 ], [ 29.5845213, 60.2490178 ], [ 29.584467872597347, 60.249001453957796 ], [ 29.584466954936968, 60.249001173200526 ], [ 29.584467648329625, 60.249000763211875 ], [ 29.584519, 60.248970399999934 ], [ 29.58319913490557, 60.248416856580207 ], [ 29.583199, 60.2484168 ], [ 29.582531402377342, 60.248132328848001 ], [ 29.5825311, 60.2481322 ], [ 29.582530806930624, 60.248132065917183 ], [ 29.582035465869073, 60.247905438795051 ], [ 29.581923397702869, 60.247854164968771 ], [ 29.5819226, 60.2478538 ], [ 29.581923306530282, 60.247853391235999 ], [ 29.582533486699568, 60.247500365552021 ], [ 29.5825336, 60.247500299999984 ], [ 29.582533715318263, 60.247500235323244 ], [ 29.5829107, 60.2472888 ], [ 29.583212234618752, 60.24711376040382 ], [ 29.5832132, 60.247113199999987 ], [ 29.583214304826782, 60.247112707332178 ], [ 29.5838716, 60.2468196 ], [ 29.583084407151524, 60.246736121968091 ], [ 29.5830842, 60.246736099999985 ], [ 29.582043101845411, 60.246620600204722 ], [ 29.5820431, 60.2466206 ], [ 29.58009001858775, 60.246403987018795 ], [ 29.580012601126043, 60.246395400124882 ], [ 29.5800126, 60.2463954 ], [ 29.579879441559051, 60.246380626651643 ], [ 29.5798783, 60.2463805 ], [ 29.579877357678114, 60.246380155566072 ], [ 29.5797478, 60.2463328 ], [ 29.579123270085468, 60.246698025098155 ], [ 29.5791228, 60.246698299999984 ], [ 29.579122295349642, 60.246698559318077 ], [ 29.578860144549793, 60.246833266520319 ], [ 29.578652480626086, 60.24696718795294 ], [ 29.578652477752478, 60.246967189806071 ], [ 29.578464843029231, 60.247088245179931 ], [ 29.578422405947279, 60.24711994434719 ], [ 29.578422379989245, 60.247119963737035 ], [ 29.578421547471716, 60.24712058272388 ], [ 29.578421521434901, 60.247120602085353 ], [ 29.578094519773892, 60.247362608942609 ], [ 29.578094122688967, 60.247362902814039 ], [ 29.578093689115931, 60.247363183657107 ], [ 29.578093546904498, 60.247363275773289 ], [ 29.578066828276441, 60.247380582514161 ], [ 29.578066394702731, 60.247380863357293 ], [ 29.578065926368616, 60.247381130052773 ], [ 29.576401589584545, 60.248328858422127 ], [ 29.576517193223829, 60.248372397447909 ] ] ] } },
{ "type": "Feature", "properties": { "block_id": 8, "area": 61701.53409468531, "dominant_landuse": "residential", "poi_count": 26, "amenity_count": 0, "building_count": 25, "leisure_count": 1 }, "geometry": { "type": "Polygon", "coordinates": [ [ [ 29.5761014, 60.2485011 ], [ 29.5761014, 60.2485011 ], [ 29.5760192, 60.2485944 ], [ 29.5758958, 60.248773300000011 ], [ 29.5758085, 60.2488799 ], [ 29.575723268162669, 60.248963786586948 ], [ 29.575719800000019, 60.248967199999974 ], [ 29.575615935575421, 60.249082494483545 ], [ 29.575615935575403, 60.249082494483588 ], [ 29.5756153, 60.249083199999987 ], [ 29.575614475570305, 60.249083855462629 ], [ 29.57561447557028, 60.249083855462651 ], [ 29.575543148294052, 60.24914056408074 ], [ 29.575543148293988, 60.249140564080776 ], [ 29.5755426, 60.249141 ], [ 29.575513521014638, 60.249159999183007 ], [ 29.575454900000821, 60.249198299999478 ], [ 29.575359177222861, 60.249260996559798 ], [ 29.5753294, 60.249280499999983 ], [ 29.575329047847326, 60.249280708776681 ], [ 29.57496, 60.2494995 ], [ 29.5748455, 60.249572 ], [ 29.5746928, 60.2496641 ], [ 29.5745779, 60.249738 ], [ 29.574361121790496, 60.24987687503139 ], [ 29.574337200006347, 60.249892200003266 ], [ 29.574483281001246, 60.249967864436918 ], [ 29.574490293638366, 60.24997149670493 ], [ 29.574490293638782, 60.249971496705157 ], [ 29.5744903, 60.2499715 ], [ 29.5747569, 60.2501097 ], [ 29.57538952478005, 60.250495740548295 ], [ 29.575565198739707, 60.250602938210406 ], [ 29.575565198739834, 60.25060293821047 ], [ 29.5755653, 60.250603 ], [ 29.576103069029724, 60.250935947442557 ], [ 29.576103800019883, 60.250936400011064 ], [ 29.5771924, 60.2515431 ], [ 29.5781955, 60.250849399999929 ], [ 29.5785108, 60.250587 ], [ 29.5792302, 60.250156 ], [ 29.5793573, 60.2500762 ], [ 29.579579013506365, 60.249934755179964 ], [ 29.5795791, 60.2499347 ], [ 29.5796616, 60.2498834 ], [ 29.5798721, 60.249755 ], [ 29.579872516663634, 60.249754772530586 ], [ 29.579872516663666, 60.249754772530565 ], [ 29.5806209, 60.249346199999984 ], [ 29.5794479, 60.248948199999987 ], [ 29.5792407, 60.2488982 ], [ 29.578900364327488, 60.248844599894674 ], [ 29.5787302, 60.248817799999976 ], [ 29.578716498300057, 60.248817450184497 ], [ 29.5784247, 60.24881 ], [ 29.578423256643362, 60.24880986849827 ], [ 29.578423256643248, 60.248809868498256 ], [ 29.577441238319338, 60.248720394607737 ], [ 29.577441238319178, 60.248720394607723 ], [ 29.5774402, 60.248720300000016 ], [ 29.577171201053321, 60.248618900397041 ], [ 29.576517206761675, 60.24837240254859 ], [ 29.576401589584545, 60.248328858422127 ], [ 29.576104871572863, 60.248497811578694 ], [ 29.576102563564262, 60.24849999782257 ], [ 29.5761014, 60.2485011 ] ] ] } },
{ "type": "Feature", "properties": { "block_id": 9, "area": 79275.385622772767, "dominant_landuse": "railway", "poi_count": 16, "amenity_count": 4, "building_count": 13, "leisure_count": 0 }, "geometry": { "type": "Polygon", "coordinates": [ [ [ 29.576186785957848, 60.248420221632557 ], [ 29.57625386453002, 60.248359066245719 ], [ 29.576322275256878, 60.248296696069502 ], [ 29.5763226, 60.2482964 ], [ 29.576322959933115, 60.248296114160475 ], [ 29.576411735945804, 60.248225612846319 ], [ 29.576417511891062, 60.248221025877136 ], [ 29.5764183, 60.2482204 ], [ 29.576419246471861, 60.248219830919894 ], [ 29.576497083573127, 60.248173030130317 ], [ 29.5764973, 60.2481729 ], [ 29.576497524206086, 60.248172773165493 ], [ 29.57736806586842, 60.247680293201846 ], [ 29.577520498832008, 60.247594057234004 ], [ 29.5775206, 60.247594 ], [ 29.577520702722186, 60.24759394345412 ], [ 29.5782654, 60.247184 ], [ 29.57842429741849, 60.247082928858141 ], [ 29.5784245, 60.2470828 ], [ 29.57842471005041, 60.247082674131498 ], [ 29.5786331, 60.2469578 ], [ 29.578366442008598, 60.246857615782851 ], [ 29.5783664, 60.2468576 ], [ 29.578312592023202, 60.246837285754118 ], [ 29.5783121, 60.2468371 ], [ 29.578311629129274, 60.246836901128695 ], [ 29.5782593, 60.2468148 ], [ 29.578106806676789, 60.246854955915261 ], [ 29.5781055, 60.2468553 ], [ 29.578104114117025, 60.246855556313655 ], [ 29.5779049, 60.2468924 ], [ 29.5778727, 60.2469051 ], [ 29.577500686330342, 60.247062663435749 ], [ 29.5775006, 60.2470627 ], [ 29.577500512934446, 60.247062736131333 ], [ 29.576753306217988, 60.247372814424352 ], [ 29.5767531, 60.247372899999988 ], [ 29.576752889743542, 60.247372983111866 ], [ 29.576547466685394, 60.247454184039505 ], [ 29.576219560315359, 60.247583799463264 ], [ 29.5762188, 60.2475841 ], [ 29.576217947374598, 60.247584331373133 ], [ 29.576156010096152, 60.247601138991016 ], [ 29.576025006054891, 60.247661997121369 ], [ 29.576024236054881, 60.247662357079598 ], [ 29.576023475215152, 60.24766274524378 ], [ 29.576022688462167, 60.247663080545465 ], [ 29.576021918124408, 60.247663440661555 ], [ 29.57579613812916, 60.247769651141553 ], [ 29.575266953738932, 60.248018583673471 ], [ 29.575266276585552, 60.248018902208031 ], [ 29.575265548875869, 60.24801919188991 ], [ 29.575260796711902, 60.248021083599724 ], [ 29.575249170077232, 60.248025711851504 ], [ 29.575248310577919, 60.248026053995055 ], [ 29.57524900308896, 60.248025628440111 ], [ 29.575525514168234, 60.247855708455027 ], [ 29.575546426177631, 60.247841482997082 ], [ 29.575564432372982, 60.247826307168502 ], [ 29.575579359347557, 60.247810327121989 ], [ 29.575591063350078, 60.247793696755217 ], [ 29.575599431669023, 60.247776576228475 ], [ 29.575604383717895, 60.247759130422445 ], [ 29.575605871811131, 60.247741527350115 ], [ 29.575603881623167, 60.247723936538726 ], [ 29.575598432326114, 60.247706527397241 ], [ 29.575589576405012, 60.247689467584834 ], [ 29.575577399152039, 60.247672921396003 ], [ 29.575562017845044, 60.247657048178752 ], [ 29.575543580617829, 60.24764200079975 ], [ 29.575522265033481, 60.247627924172207 ], [ 29.575498276374194, 60.247614953860371 ], [ 29.575471845664271, 60.247603214774074 ], [ 29.575443227445213, 60.247592819965803 ], [ 29.575412697324335, 60.247583869541948 ], [ 29.575380549320627, 60.24757644969872 ], [ 29.575347093033294, 60.247570631892273 ], [ 29.575312650660255, 60.247566472150467 ], [ 29.575277553895397, 60.247564010533225 ], [ 29.575242140734368, 60.24756327074693 ], [ 29.5752067522197, 60.247564259916103 ], [ 29.575171729156594, 60.247566968514626 ], [ 29.575137408830997, 60.247571370457699 ], [ 29.575104121761559, 60.247577423352901 ], [ 29.575072188516728, 60.247585068908485 ], [ 29.575041916627686, 60.247594233494617 ], [ 29.575013597626779, 60.247604828852587 ], [ 29.574987504239992, 60.247616752944687 ], [ 29.5749638877605, 60.247629890936729 ], [ 29.572594145393531, 60.249086040531253 ], [ 29.572594082929459, 60.249086078911681 ], [ 29.571308769270011, 60.249868734585135 ], [ 29.571308611262413, 60.249868830796423 ], [ 29.571308449005524, 60.249868925247675 ], [ 29.569460119168273, 60.250944807374061 ], [ 29.569460104816141, 60.250944815727834 ], [ 29.56938837478576, 60.250986649544735 ], [ 29.569371532287409, 60.250997256229525 ], [ 29.569356342466349, 60.251008462457214 ], [ 29.569035840949155, 60.251265261728541 ], [ 29.569027357367073, 60.251272424019639 ], [ 29.568282828487099, 60.251935630541261 ], [ 29.568282406536305, 60.251936006395105 ], [ 29.568281927876324, 60.251936365073433 ], [ 29.567988066712722, 60.252156564756014 ], [ 29.567979657557686, 60.252163174062581 ], [ 29.567651327338407, 60.252434115873456 ], [ 29.567650823287323, 60.252434531818118 ], [ 29.567650182649182, 60.252434898410137 ], [ 29.567116858037529, 60.252740078579762 ], [ 29.567116776454313, 60.252740125262925 ], [ 29.567116693840589, 60.252740171496498 ], [ 29.566140122295561, 60.253286683232794 ], [ 29.567001685124492, 60.253580738629566 ], [ 29.571007073743711, 60.251322517345272 ], [ 29.571008377271877, 60.251321778283476 ], [ 29.572442873184837, 60.2505039285424 ], [ 29.572443585553625, 60.250503522385401 ], [ 29.572444015850962, 60.250504016943971 ], [ 29.57245649658779, 60.25051836156549 ], [ 29.572473687935211, 60.250533769499079 ], [ 29.572493835039278, 60.250548265714244 ], [ 29.572516743874271, 60.250561710603186 ], [ 29.572542193816439, 60.250573974682951 ], [ 29.572569939768673, 60.250584939842255 ], [ 29.572599714520969, 60.250594500479366 ], [ 29.572631231323818, 60.250602564518871 ], [ 29.572664186649888, 60.25060905429855 ], [ 29.57269826311725, 60.25061390731738 ], [ 29.572733132546116, 60.250617076837379 ], [ 29.572768459119583, 60.250618532333931 ], [ 29.572803902617917, 60.250618259789597 ], [ 29.572839121695278, 60.250616261829201 ], [ 29.572873777167267, 60.250612557694559 ], [ 29.57290753527769, 60.250607183059088 ], [ 29.572940070912981, 60.250600189684285 ], [ 29.57297107073342, 60.250591644921293 ], [ 29.573000236190882, 60.250581631061948 ], [ 29.573027286404173, 60.250570244546495 ], [ 29.573051960864102, 60.250557595034714 ], [ 29.573074021942364, 60.250543804349675 ], [ 29.573093257180041, 60.250529005304564 ], [ 29.57310948133366, 60.250513340423531 ], [ 29.573122538159033, 60.250496960569023 ], [ 29.573132301915926, 60.250480023488848 ], [ 29.57320568482568, 60.25032422098981 ], [ 29.573206003090995, 60.250323545263441 ], [ 29.573206486612783, 60.250322894208338 ], [ 29.573309306139727, 60.250184448585252 ], [ 29.573354853719486, 60.250123118761792 ], [ 29.573355180407621, 60.250122678875307 ], [ 29.573355649767361, 60.250122272129509 ], [ 29.573578322070251, 60.2499293036363 ], [ 29.573616056614487, 60.249896602506496 ], [ 29.573616625082664, 60.249896109865759 ], [ 29.573617290778738, 60.249895648292267 ], [ 29.573843904741128, 60.249738520097658 ], [ 29.574123303282636, 60.249544789873866 ], [ 29.574123412822804, 60.249544713920038 ], [ 29.574123524892912, 60.249544638883613 ], [ 29.574193901815978, 60.249497518016774 ], [ 29.574734956997446, 60.249135248815286 ], [ 29.574735530925203, 60.249134864530525 ], [ 29.574736168628146, 60.249134505944703 ], [ 29.575238964062773, 60.24885177638172 ], [ 29.575239730201091, 60.248851345565299 ], [ 29.575240868784014, 60.248851447218229 ], [ 29.575266666309783, 60.248853750424509 ], [ 29.575302000038761, 60.248855150454254 ], [ 29.575337439704747, 60.248854822268548 ], [ 29.575372643998808, 60.248852769028169 ], [ 29.575407273878938, 60.248849010507278 ], [ 29.575440995835415, 60.248843582903056 ], [ 29.575473485102879, 60.248836538487204 ], [ 29.575504428788179, 60.248827945102292 ], [ 29.575533528883849, 60.24881788550848 ], [ 29.575560505138174, 60.248806456586543 ], [ 29.575585097754274, 60.24879376840456 ], [ 29.576104871572788, 60.248497811578723 ], [ 29.576186616561021, 60.248420379037405 ], [ 29.5761867, 60.2484203 ], [ 29.576186785957848, 60.248420221632557 ] ] ] } },
{ "type": "Feature", "properties": { "block_id": 10, "area": 3804.9433980267113, "dominant_landuse": "railway", "poi_count": 5, "amenity_count": 3, "building_count": 3, "leisure_count": 0 }, "geometry": { "type": "Polygon", "coordinates": [ [ [ 29.575585462145003, 60.248793560924724 ], [ 29.575585097754274, 60.24879376840456 ], [ 29.575584713321184, 60.248793966747002 ], [ 29.575582475261772, 60.248795121439883 ], [ 29.575561274120847, 60.248806059841975 ], [ 29.575560505138174, 60.248806456586543 ], [ 29.57555966162241, 60.248806813955689 ], [ 29.575546389490302, 60.248812436908395 ], [ 29.575534372400142, 60.248817528139512 ], [ 29.575533528883849, 60.24881788550848 ], [ 29.575532618958054, 60.248818200060349 ], [ 29.575505864593428, 60.248827448759968 ], [ 29.575505338714677, 60.248827630550537 ], [ 29.575504428788179, 60.248827945102292 ], [ 29.57550346121533, 60.248828213807563 ], [ 29.575474452675991, 60.248836269782217 ], [ 29.575473485102879, 60.248836538487204 ], [ 29.575472469201724, 60.248836758757953 ], [ 29.575451734845476, 60.248841254441373 ], [ 29.5754420117369, 60.248843362632542 ], [ 29.575440995835415, 60.248843582903056 ], [ 29.575439941389547, 60.248843752618001 ], [ 29.575408328325349, 60.248848840792512 ], [ 29.575407273878938, 60.248849010507278 ], [ 29.575406191043161, 60.248849128031964 ], [ 29.575375543955158, 60.24885245428456 ], [ 29.57537372683468, 60.248852651503761 ], [ 29.575372643998808, 60.248852769028169 ], [ 29.575371543201904, 60.248852833230728 ], [ 29.575354905389723, 60.248853803608498 ], [ 29.575338540501999, 60.248854758066258 ], [ 29.575337439704747, 60.248854822268548 ], [ 29.575336331547735, 60.248854832530689 ], [ 29.57530950037695, 60.248855080998851 ], [ 29.57530310819552, 60.248855140192404 ], [ 29.575302000038761, 60.248855150454254 ], [ 29.575300895194495, 60.248855106677098 ], [ 29.575267771154301, 60.248853794201956 ], [ 29.575266666309783, 60.248853750424509 ], [ 29.575265575418051, 60.24885365302967 ], [ 29.575239730201091, 60.248851345565299 ], [ 29.574735530925203, 60.249134864530525 ], [ 29.574193901815978, 60.249497518016774 ], [ 29.5743495, 60.2495573 ], [ 29.574565769745863, 60.249616500106477 ], [ 29.5745665, 60.2496167 ], [ 29.574567163120445, 60.24961695113246 ], [ 29.5746069, 60.249632 ], [ 29.5746928, 60.2496641 ], [ 29.5748455, 60.249572 ], [ 29.574959775546869, 60.249499642121364 ], [ 29.57496, 60.2494995 ], [ 29.57496023354301, 60.249499361544487 ], [ 29.5753294, 60.249280499999983 ], [ 29.575454883727506, 60.249198310658201 ], [ 29.5754549, 60.24919830000001 ], [ 29.5755426, 60.249141 ], [ 29.5756153, 60.249083199999987 ], [ 29.575719584760865, 60.248967438926655 ], [ 29.5757198, 60.248967199999989 ], [ 29.575720037424755, 60.248966966323323 ], [ 29.5758085, 60.2488799 ], [ 29.5758958, 60.248773300000011 ], [ 29.5760192, 60.2485944 ], [ 29.576070587983541, 60.24851989931792 ], [ 29.576067591849842, 60.248519038725554 ], [ 29.575585462145003, 60.248793560924724 ] ] ] } },
{ "type": "Feature", "properties": { "block_id": 11, "area": 5708.2776912208647, "dominant_landuse": "railway", "poi_count": 1, "amenity_count": 0, "building_count": 1, "leisure_count": 0 }, "geometry": { "type": "Polygon", "coordinates": [ [ [ 29.578500825155825, 60.246908104084028 ], [ 29.5786331, 60.2469578 ], [ 29.5787077, 60.2469116 ], [ 29.578860144549793, 60.246833266520319 ], [ 29.579257347670364, 60.246577108282082 ], [ 29.579257794955971, 60.246576819822486 ], [ 29.579258278940006, 60.246576546392504 ], [ 29.57966804970771, 60.246345041417065 ], [ 29.580258218349346, 60.246011610563201 ], [ 29.580468386014207, 60.2458929282596 ], [ 29.584122843829853, 60.243828395931352 ], [ 29.5840037, 60.2437691 ], [ 29.5789853, 60.2466531 ], [ 29.5783899, 60.2464922 ], [ 29.578355934983197, 60.246486243559225 ], [ 29.577992256609502, 60.246693855521499 ], [ 29.577991906329565, 60.246694038202783 ], [ 29.577991906329451, 60.24669403820284 ], [ 29.577770261691565, 60.246809631803075 ], [ 29.577756445896249, 60.246817262490723 ], [ 29.577739639084808, 60.246827096652211 ], [ 29.577421601147108, 60.247013188536194 ], [ 29.576937911368681, 60.24723789820505 ], [ 29.576776135031242, 60.247313054202927 ], [ 29.576827573017813, 60.247341995392233 ], [ 29.5775006, 60.2470627 ], [ 29.5778727, 60.2469051 ], [ 29.5779049, 60.2468924 ], [ 29.5781055, 60.2468553 ], [ 29.5782593, 60.2468148 ], [ 29.578260154164351, 60.246815160755418 ], [ 29.578260154164401, 60.246815160755446 ], [ 29.578309761098634, 60.246836112169639 ], [ 29.5783121, 60.2468371 ], [ 29.5783664, 60.2468576 ], [ 29.578500825155825, 60.246908104084028 ] ] ] } },
{ "type": "Feature", "properties": { "block_id": 12, "area": 714981.65410599415, "dominant_landuse": "residential", "poi_count": 232, "amenity_count": 1, "building_count": 230, "leisure_count": 1 }, "geometry": { "type": "Polygon", "coordinates": [ [ [ 29.5798783, 60.2463805 ], [ 29.580012598849468, 60.246395399872334 ], [ 29.5800126, 60.2463954 ], [ 29.581986812520125, 60.246614357693701 ], [ 29.582043098004778, 60.246620599778723 ], [ 29.5820431, 60.2466206 ], [ 29.5830842, 60.246736099999985 ], [ 29.583871239668635, 60.246819561789728 ], [ 29.5838716, 60.2468196 ], [ 29.583871957630652, 60.246819644035796 ], [ 29.5844864, 60.246895299999984 ], [ 29.5862154, 60.246994199999982 ], [ 29.585492124512466, 60.246002045165405 ], [ 29.5854918, 60.246001600000021 ], [ 29.585491552119151, 60.246001142822507 ], [ 29.585363382314995, 60.245764751819465 ], [ 29.5853633, 60.245764599999987 ], [ 29.585363226275387, 60.245764447093443 ], [ 29.58526495075176, 60.245560620071736 ], [ 29.5852647, 60.2455601 ], [ 29.585265733582588, 60.245559951607738 ], [ 29.585684, 60.2454999 ], [ 29.586663933461168, 60.245276820035734 ], [ 29.5866649, 60.2452766 ], [ 29.586665961591393, 60.245276572140178 ], [ 29.5878688, 60.245245 ], [ 29.5896367, 60.2451282 ], [ 29.5895869, 60.2447031 ], [ 29.5895636, 60.2446746 ], [ 29.5895242, 60.2446522 ], [ 29.5884665, 60.244200299999989 ], [ 29.588058260900578, 60.244420888857135 ], [ 29.5880575, 60.2444213 ], [ 29.588056690001078, 60.24442091273071 ], [ 29.587259791774507, 60.244039900119262 ], [ 29.58656323321949, 60.243706850583983 ], [ 29.5865625, 60.2437065 ], [ 29.586562062680137, 60.243706043370558 ], [ 29.586524458548972, 60.243666778797234 ], [ 29.586524, 60.2436663 ], [ 29.586523829160964, 60.243665776549847 ], [ 29.586517154539568, 60.243645325520944 ], [ 29.586511671934268, 60.243628526807221 ], [ 29.5865115, 60.243628 ], [ 29.586512187580531, 60.243627590134452 ], [ 29.587235480554892, 60.243196428875052 ], [ 29.5872362, 60.243196 ], [ 29.587237047037021, 60.243196366790634 ], [ 29.5889059, 60.243919 ], [ 29.5894277, 60.2436327 ], [ 29.5897944, 60.243428 ], [ 29.589763128140859, 60.243414768916061 ], [ 29.588512343916403, 60.242885548769678 ], [ 29.588282698905637, 60.242788380350881 ], [ 29.5882818, 60.242788 ], [ 29.588281079530368, 60.242787535151237 ], [ 29.588206332573488, 60.242739308139527 ], [ 29.5882057, 60.2427389 ], [ 29.588205685735545, 60.242738384803026 ], [ 29.588204837716006, 60.24270775637337 ], [ 29.588204014436055, 60.242678021397865 ], [ 29.588204, 60.2426775 ], [ 29.588204699180846, 60.242677111306925 ], [ 29.588933562567789, 60.242271909972104 ], [ 29.5889343, 60.2422715 ], [ 29.588935375355188, 60.242271629102959 ], [ 29.589077336328071, 60.242288672300958 ], [ 29.5890784, 60.2422888 ], [ 29.589079221450643, 60.242289159397934 ], [ 29.5901433, 60.2427547 ], [ 29.590626505284103, 60.242915833343204 ], [ 29.590845064662272, 60.242794822956547 ], [ 29.591522376660844, 60.242380575436123 ], [ 29.5915225, 60.2423805 ], [ 29.591522625949583, 60.242380425637684 ], [ 29.5915684, 60.2423534 ], [ 29.592157614765497, 60.24199007588507 ], [ 29.5921579, 60.2419899 ], [ 29.592158199245429, 60.241989729966477 ], [ 29.5925889, 60.241745 ], [ 29.591280300704991, 60.241182800302845 ], [ 29.5912803, 60.241182799999933 ], [ 29.591145134979907, 60.241124733058996 ], [ 29.591128366263874, 60.241117529188429 ], [ 29.5911276, 60.2411172 ], [ 29.591127196748726, 60.241116738148882 ], [ 29.591087446177259, 60.241071211016589 ], [ 29.591087, 60.241070699999987 ], [ 29.591087207325394, 60.241070152532174 ], [ 29.591105984213776, 60.241020569811312 ], [ 29.5911062, 60.24102 ], [ 29.591106953733792, 60.241019557545968 ], [ 29.592773682589065, 60.240041121165788 ], [ 29.5927744, 60.24004069999998 ], [ 29.59277524503759, 60.240041057891645 ], [ 29.5943765, 60.2407192 ], [ 29.5944892, 60.240661 ], [ 29.5954462, 60.2401315 ], [ 29.596538, 60.2394543 ], [ 29.595112976430606, 60.238893045198616 ], [ 29.5951121, 60.2388927 ], [ 29.595112806733212, 60.238892269211142 ], [ 29.596966356373599, 60.237762387555343 ], [ 29.5969665, 60.2377623 ], [ 29.59696664714328, 60.237762213900403 ], [ 29.597054902254555, 60.237710572097356 ], [ 29.599199466193095, 60.236455629426757 ], [ 29.5992002, 60.236455199999966 ], [ 29.59920103670418, 60.236455580066647 ], [ 29.5994384, 60.2365634 ], [ 29.602219069246342, 60.234944125570159 ], [ 29.6022198, 60.2349437 ], [ 29.60222055844967, 60.23494411341391 ], [ 29.606761566352557, 60.237419047549935 ], [ 29.6074342, 60.23778559999996 ], [ 29.6078778, 60.237994 ], [ 29.608555187227189, 60.237694459413376 ], [ 29.608556, 60.237694099999985 ], [ 29.608557086215765, 60.237694071760536 ], [ 29.608844005144757, 60.237686612138042 ], [ 29.608962604539329, 60.237683528483132 ], [ 29.6089637, 60.2376835 ], [ 29.608964446316687, 60.237683899743402 ], [ 29.6101868, 60.2383386 ], [ 29.610867099731109, 60.238606799893958 ], [ 29.6108671, 60.238606799999985 ], [ 29.611699448881012, 60.238934940424798 ], [ 29.6116996, 60.238935 ], [ 29.6127617, 60.239361100000011 ], [ 29.6130836, 60.239212 ], [ 29.613351423704167, 60.238860993174775 ], [ 29.6133518, 60.2388605 ], [ 29.613352584703382, 60.238860145034366 ], [ 29.613656190985637, 60.238722805860284 ], [ 29.61383368956734, 60.238642511848795 ], [ 29.6138346, 60.2386421 ], [ 29.61383572832808, 60.23864185547 ], [ 29.6142042, 60.238562 ], [ 29.613406815676001, 60.23798614463896 ], [ 29.6134062, 60.2379857 ], [ 29.613407132139557, 60.237985423226348 ], [ 29.6158397, 60.2372631 ], [ 29.615909, 60.237183 ], [ 29.6158992, 60.2371133 ], [ 29.615857397896754, 60.23706099784323 ], [ 29.615857, 60.237060499999984 ], [ 29.615857405094527, 60.23706000359396 ], [ 29.6159719, 60.236919699999987 ], [ 29.6159922, 60.2368532 ], [ 29.6159535, 60.2367476 ], [ 29.6157912, 60.236450099999985 ], [ 29.615601851824049, 60.236185391853212 ], [ 29.6156015, 60.2361849 ], [ 29.615601725481554, 60.236184390143038 ], [ 29.615679313236537, 60.236008948434012 ], [ 29.6156796, 60.2360083 ], [ 29.615680184448234, 60.236007703057354 ], [ 29.6158573, 60.2358268 ], [ 29.615951694920216, 60.235722205628662 ], [ 29.6159517, 60.2357222 ], [ 29.616084304915308, 60.235575049394171 ], [ 29.616084326841403, 60.235575025062836 ], [ 29.6160848, 60.2355745 ], [ 29.616085570646291, 60.235574070817073 ], [ 29.616130502148458, 60.235549047852082 ], [ 29.616190408473308, 60.235515685122124 ], [ 29.6161911, 60.23551530000001 ], [ 29.616191976425139, 60.235515023173058 ], [ 29.616253476001912, 60.235495597939142 ], [ 29.616338945461113, 60.235468601501807 ], [ 29.6163399, 60.2354683 ], [ 29.616340924958489, 60.235468537561054 ], [ 29.6164469, 60.2354931 ], [ 29.616514463426412, 60.235447529361224 ], [ 29.6165151, 60.235447099999988 ], [ 29.616516156353629, 60.23544700711571 ], [ 29.616590071065581, 60.235440507834987 ], [ 29.616638979654127, 60.235436207305206 ], [ 29.6166402, 60.235436099999987 ], [ 29.616641438045445, 60.235436127478678 ], [ 29.617648457422664, 60.235458474648944 ], [ 29.6176496, 60.2354585 ], [ 29.617649722521087, 60.23545906545219 ], [ 29.6178792, 60.2365181 ], [ 29.6193844, 60.236467099999963 ], [ 29.619080200161477, 60.235655100431018 ], [ 29.6190802, 60.2356551 ], [ 29.618861146365393, 60.235070235831479 ], [ 29.61885770752875, 60.235061054103973 ], [ 29.6188575, 60.2350605 ], [ 29.618857854473958, 60.235059964639966 ], [ 29.618900842047747, 60.234995040615495 ], [ 29.6189012, 60.2349945 ], [ 29.618902343857048, 60.234994479738972 ], [ 29.619025211609582, 60.234992303337108 ], [ 29.6190254, 60.2349923 ], [ 29.619025588476113, 60.234992298228491 ], [ 29.619200687589569, 60.234990652345829 ], [ 29.61975810656752, 60.234985411223718 ], [ 29.6197593, 60.2349854 ], [ 29.619760397468394, 60.23498563342693 ], [ 29.619937935110311, 60.235023394773762 ], [ 29.6199389, 60.2350236 ], [ 29.619939239694638, 60.235024093761659 ], [ 29.620170754440903, 60.235360607274544 ], [ 29.620396831702248, 60.235689210034067 ], [ 29.6203971, 60.2356896 ], [ 29.620397310020472, 60.235689998705347 ], [ 29.620515896651266, 60.235915123330329 ], [ 29.620677512205916, 60.236221928690412 ], [ 29.620732507888441, 60.236201832418281 ], [ 29.6207325, 60.236201799999982 ], [ 29.620733506691153, 60.236201537683883 ], [ 29.620759555100392, 60.236194750178903 ], [ 29.6208058, 60.2361827 ], [ 29.62081478750277, 60.236180358095268 ], [ 29.6198924, 60.2344184 ], [ 29.615267638059333, 60.23384002983957 ], [ 29.6152666, 60.2338399 ], [ 29.615265732480783, 60.233839588193803 ], [ 29.613683244434501, 60.233270786427511 ], [ 29.613171120658894, 60.233086702826867 ], [ 29.61317, 60.2330863 ], [ 29.613168986745904, 60.233085832079205 ], [ 29.6111296, 60.232144 ], [ 29.6080063, 60.2311216 ], [ 29.6042121, 60.2331286 ], [ 29.6028786895804, 60.233879811519152 ], [ 29.602878, 60.2338802 ], [ 29.602877123051755, 60.23388047987973 ], [ 29.601065, 60.2344588 ], [ 29.6002754, 60.2348428 ], [ 29.5938245, 60.2384498 ], [ 29.584536276880179, 60.243719705424219 ], [ 29.584241716458713, 60.243886793594626 ], [ 29.584241, 60.243887199999989 ], [ 29.58424023178187, 60.243886817673541 ], [ 29.584122843829853, 60.243828395931352 ], [ 29.5804683907506, 60.245892925584513 ], [ 29.580468388404149, 60.245892926909988 ], [ 29.580258222070476, 60.246011608461878 ], [ 29.580258218349346, 60.246011610563201 ], [ 29.579712533550776, 60.246319909458549 ], [ 29.5797478, 60.2463328 ], [ 29.5798783, 60.2463805 ] ] ] } },
{ "type": "Feature", "properties": { "block_id": 13, "area": 418184.27303558541, "dominant_landuse": "residential", "poi_count": 322, "amenity_count": 0, "building_count": 319, "leisure_count": 3 }, "geometry": { "type": "Polygon", "coordinates": [ [ [ 29.6207769, 60.2364106 ], [ 29.620823821296131, 60.236499670936553 ], [ 29.6208241, 60.2365002 ], [ 29.62082303925504, 60.236500344601225 ], [ 29.6199526, 60.236619 ], [ 29.6203108, 60.2373247 ], [ 29.620734670830931, 60.238072672070864 ], [ 29.6207348, 60.2380729 ], [ 29.62073490971196, 60.238073130436057 ], [ 29.6211884, 60.2390256 ], [ 29.622001, 60.2397535 ], [ 29.622621264549192, 60.239484875205385 ], [ 29.6226219, 60.2394846 ], [ 29.622622610735849, 60.23948437486888 ], [ 29.6234326, 60.239227799999988 ], [ 29.623601522058134, 60.239151053444544 ], [ 29.6236023, 60.2391507 ], [ 29.623603349848604, 60.239150654601822 ], [ 29.625096, 60.2390861 ], [ 29.626097535885439, 60.23889799985831 ], [ 29.6260986, 60.2388978 ], [ 29.626099725929841, 60.238897880471001 ], [ 29.62702572398047, 60.238964058835691 ], [ 29.6270263, 60.2389641 ], [ 29.627026870985972, 60.238964155872793 ], [ 29.627609226417764, 60.239021139861336 ], [ 29.62859505104516, 60.239117597369756 ], [ 29.6285961, 60.239117699999987 ], [ 29.628597091314376, 60.239117899011873 ], [ 29.6291007, 60.239219 ], [ 29.6294551, 60.239209 ], [ 29.629776991339519, 60.239152377430798 ], [ 29.629778, 60.2391522 ], [ 29.629779068270313, 60.239152170414094 ], [ 29.629969113104035, 60.239146906954545 ], [ 29.63008489344276, 60.239143700181593 ], [ 29.6300849, 60.2391437 ], [ 29.6304979, 60.2391322 ], [ 29.630839950250763, 60.239072283883715 ], [ 29.630841, 60.2390721 ], [ 29.630841817353367, 60.239072475607692 ], [ 29.6313711, 60.2393157 ], [ 29.6319273, 60.2395651 ], [ 29.6320175, 60.239529199999986 ], [ 29.632652561908046, 60.239272696167518 ], [ 29.6326528, 60.2392726 ], [ 29.632653043261264, 60.239272507085758 ], [ 29.6337571, 60.2388508 ], [ 29.633167061075223, 60.238514576707473 ], [ 29.6331664, 60.2385142 ], [ 29.633166129905984, 60.238513718424684 ], [ 29.6329014, 60.238041699999989 ], [ 29.632424963230942, 60.237341034193406 ], [ 29.6324246, 60.2373405 ], [ 29.632425687042879, 60.237340339288785 ], [ 29.6332092, 60.2372245 ], [ 29.632935664650827, 60.236840511902251 ], [ 29.6329353, 60.23684 ], [ 29.632936353751198, 60.236839857246864 ], [ 29.633357747073987, 60.236782769740202 ], [ 29.633359, 60.2367826 ], [ 29.633360283832541, 60.236782502908099 ], [ 29.634577706369893, 60.236690427531713 ], [ 29.636037773849175, 60.236579985190723 ], [ 29.6360389, 60.2365799 ], [ 29.636039456610359, 60.236580394190014 ], [ 29.636156853371986, 60.236684625256643 ], [ 29.636474378778296, 60.2369665372428 ], [ 29.6364749, 60.236967 ], [ 29.636475237051418, 60.236967503215602 ], [ 29.6367666, 60.2374025 ], [ 29.637106997260702, 60.237691297675944 ], [ 29.637107, 60.2376913 ], [ 29.6371778, 60.2377514 ], [ 29.637406705146553, 60.237892671166527 ], [ 29.6374074, 60.2378931 ], [ 29.637407174489709, 60.237893639160497 ], [ 29.637358514079288, 60.238009978326822 ], [ 29.637324739547555, 60.238090727285389 ], [ 29.6373245, 60.2380913 ], [ 29.637323631443589, 60.23809169456522 ], [ 29.6362498, 60.2385795 ], [ 29.6362817, 60.23873480000001 ], [ 29.6365323, 60.2389342 ], [ 29.63663923365753, 60.238929615705395 ], [ 29.6366396, 60.2389296 ], [ 29.636639967177263, 60.238929590237369 ], [ 29.636792649405425, 60.238925530593662 ], [ 29.6367938, 60.238925500000022 ], [ 29.636794833977163, 60.238925752817423 ], [ 29.637926103605704, 60.239202351982158 ], [ 29.6379263, 60.239202400000011 ], [ 29.637926494483974, 60.239202449902464 ], [ 29.638282105165263, 60.239293694996881 ], [ 29.640218694787691, 60.239790573006466 ], [ 29.6402188, 60.2397906 ], [ 29.640218904637113, 60.239790627540934 ], [ 29.641354394522661, 60.240089485834268 ], [ 29.6405376, 60.2394426 ], [ 29.639846304621248, 60.239019731027959 ], [ 29.6398456, 60.239019299999988 ], [ 29.63984640314445, 60.239018913915409 ], [ 29.640845214946907, 60.238538758173526 ], [ 29.641708567371246, 60.238123704140179 ], [ 29.6417092, 60.2381234 ], [ 29.641709919960952, 60.238123148410025 ], [ 29.6434865, 60.2375023 ], [ 29.6436999, 60.2374076 ], [ 29.6433818, 60.2370853 ], [ 29.642965, 60.2369833 ], [ 29.64143000676307, 60.237085726155165 ], [ 29.6414289, 60.237085799999988 ], [ 29.641428168144813, 60.237085380617771 ], [ 29.640529480133367, 60.236570385277084 ], [ 29.640080016710201, 60.236312810730475 ], [ 29.6400793, 60.23631240000001 ], [ 29.640078755800246, 60.236311928319139 ], [ 29.6370367, 60.233675 ], [ 29.6314712, 60.234697899999986 ], [ 29.6264118, 60.23629110000001 ], [ 29.623626926754135, 60.237463352010792 ], [ 29.6236261, 60.2374637 ], [ 29.623625052475631, 60.237463562912708 ], [ 29.622161041780828, 60.237271961733917 ], [ 29.621330350403916, 60.237163237484864 ], [ 29.6213293, 60.2371631 ], [ 29.621329026349137, 60.237162577331212 ], [ 29.620903643757835, 60.236350081991176 ], [ 29.620868316371986, 60.236350073199475 ], [ 29.6208681, 60.2363501 ], [ 29.620867280365495, 60.23634973203071 ], [ 29.6208113, 60.236324599999989 ], [ 29.62070690918312, 60.236277734235948 ], [ 29.6207769, 60.2364106 ] ] ] } },
{ "type": "Feature", "properties": { "block_id": 14, "area": 850.16010857132073, "dominant_landuse": null, "poi_count": 0, "amenity_count": 0, "building_count": 0, "leisure_count": 0 }, "geometry": { "type": "Polygon", "coordinates": [ [ [ 29.628449, 60.260465 ], [ 29.628449705070917, 60.260465494173644 ], [ 29.6288709, 60.2607607 ], [ 29.6289874, 60.2607178 ], [ 29.628987400000245, 60.260717799999895 ], [ 29.6290197, 60.2607056 ], [ 29.628978474285859, 60.260680705857915 ], [ 29.628419013160762, 60.260342870267785 ], [ 29.6284184, 60.2603425 ], [ 29.6281326, 60.2600346 ], [ 29.6280001, 60.2601691 ], [ 29.6279772, 60.2602002 ], [ 29.628448191884221, 60.260464546446336 ], [ 29.628448191884278, 60.260464546446364 ], [ 29.628449, 60.260465 ] ] ] } },
{ "type": "Feature", "properties": { "block_id": 15, "area": 4639.8661424093325, "dominant_landuse": "retail", "poi_count": 5, "amenity_count": 3, "building_count": 2, "leisure_count": 0 }, "geometry": { "type": "Polygon", "coordinates": [ [ [ 29.627793511601318, 60.260115826859412 ], [ 29.627818975674334, 60.260127523250972 ], [ 29.627974534687926, 60.260198975753731 ], [ 29.627999694622623, 60.260169650534905 ], [ 29.6280001, 60.2601691 ], [ 29.628000618702547, 60.260168573470366 ], [ 29.628000618702554, 60.260168573470366 ], [ 29.6281326, 60.2600346 ], [ 29.6277507, 60.259568799999961 ], [ 29.6275027, 60.2594178 ], [ 29.627459881368754, 60.259419975542542 ], [ 29.627459881368576, 60.259419975542542 ], [ 29.6274594, 60.25942 ], [ 29.627313, 60.2594243 ], [ 29.626243, 60.2594791 ], [ 29.6261374, 60.2595725 ], [ 29.626137150798137, 60.2595726225695 ], [ 29.626106776492929, 60.259592427637187 ], [ 29.626529688520616, 60.259717567013617 ], [ 29.626529688521305, 60.259717567013837 ], [ 29.6265298, 60.2597176 ], [ 29.6269311, 60.2598379 ], [ 29.6270184, 60.2598664 ], [ 29.627540987596497, 60.260034500827999 ], [ 29.627791986507901, 60.260115238329675 ], [ 29.6277928, 60.260115499999962 ], [ 29.627793511601318, 60.260115826859412 ] ] ] } },
{ "type": "Feature", "properties": { "block_id": 16, "area": 25325.289748688916, "dominant_landuse": "residential", "poi_count": 21, "amenity_count": 0, "building_count": 21, "leisure_count": 0 }, "geometry": { "type": "Polygon", "coordinates": [ [ [ 29.6211884, 60.2390256 ], [ 29.620638020472153, 60.239086897486239 ], [ 29.6206371, 60.239087 ], [ 29.6201212, 60.2390792 ], [ 29.619600120381346, 60.23909489938594 ], [ 29.619600120377669, 60.239094899386068 ], [ 29.6196001, 60.2390949 ], [ 29.618864263047566, 60.239116734069917 ], [ 29.618855299999488, 60.239117000000114 ], [ 29.6165169, 60.23969970000001 ], [ 29.6173245, 60.2400946 ], [ 29.6194409, 60.2397953 ], [ 29.619441820525864, 60.239795636442651 ], [ 29.619441820525921, 60.239795636442679 ], [ 29.619607795120828, 60.239856298216715 ], [ 29.62039506979367, 60.240143869805394 ], [ 29.6203957, 60.240144099999938 ], [ 29.62040501647143, 60.240144553126797 ], [ 29.620614574006854, 60.240154745236715 ], [ 29.6206157, 60.2401548 ], [ 29.6215151, 60.240398199999987 ], [ 29.622001, 60.2397535 ], [ 29.6211884, 60.2390256 ] ] ] } },
{ "type": "Feature", "properties": { "block_id": 17, "area": 53482.254083641608, "dominant_landuse": "residential", "poi_count": 11, "amenity_count": 1, "building_count": 10, "leisure_count": 0 }, "geometry": { "type": "Polygon", "coordinates": [ [ [ 29.6215151, 60.240398199999987 ], [ 29.621671, 60.2407077 ], [ 29.621654496446123, 60.240829451354578 ], [ 29.621649010867596, 60.240869919827169 ], [ 29.621649010867589, 60.240869919827198 ], [ 29.621649, 60.24087 ], [ 29.621648986824027, 60.240870080087241 ], [ 29.62164898682402, 60.240870080087291 ], [ 29.6215018, 60.241764699999983 ], [ 29.621624, 60.2418253 ], [ 29.6232439, 60.2418975 ], [ 29.6241836, 60.241864299999989 ], [ 29.6250178, 60.241723 ], [ 29.6252509, 60.2416804 ], [ 29.6261967, 60.2416334 ], [ 29.626197486313988, 60.241633388297764 ], [ 29.626197486314187, 60.24163338829775 ], [ 29.6264453, 60.2416297 ], [ 29.625718185499188, 60.240988563568472 ], [ 29.625718, 60.2409884 ], [ 29.6248325, 60.2401426 ], [ 29.6243948, 60.2398015 ], [ 29.6243901, 60.2396921 ], [ 29.6241839, 60.2394623 ], [ 29.6238969, 60.2392568 ], [ 29.6236023, 60.2391507 ], [ 29.623433321141338, 60.239227472364242 ], [ 29.62343332114132, 60.239227472364256 ], [ 29.6234326, 60.239227799999988 ], [ 29.6226219, 60.2394846 ], [ 29.622001, 60.2397535 ], [ 29.6215151, 60.240398199999987 ] ] ] } },
{ "type": "Feature", "properties": { "block_id": 18, "area": 24714.308500226765, "dominant_landuse": "residential", "poi_count": 18, "amenity_count": 0, "building_count": 18, "leisure_count": 0 }, "geometry": { "type": "Polygon", "coordinates": [ [ [ 29.6206157, 60.2401548 ], [ 29.620396904433424, 60.240144158580257 ], [ 29.620396904433271, 60.240144158580222 ], [ 29.6203957, 60.240144099999938 ], [ 29.620081998276429, 60.240029513846906 ], [ 29.61960780491048, 60.239856301793694 ], [ 29.619607804900173, 60.239856301789928 ], [ 29.6196078, 60.2398563 ], [ 29.61945817843926, 60.239801615088112 ], [ 29.619440899999773, 60.2397953 ], [ 29.6173245, 60.2400946 ], [ 29.6177628, 60.2403346 ], [ 29.618026034723822, 60.2403996614226 ], [ 29.618026034723904, 60.240399661422622 ], [ 29.618027, 60.240399900000014 ], [ 29.618027165729927, 60.240400429579722 ], [ 29.618027165729931, 60.240400429579722 ], [ 29.6181616, 60.24083 ], [ 29.6182474, 60.2408742 ], [ 29.6184002, 60.2408955 ], [ 29.6190995, 60.240851 ], [ 29.61926282354926, 60.240848648075051 ], [ 29.619334546239493, 60.240847615175774 ], [ 29.6193356, 60.2408476 ], [ 29.6195313, 60.240904799999988 ], [ 29.619717319480927, 60.240977242852793 ], [ 29.619784997695557, 60.241003599102562 ], [ 29.620305015155697, 60.241206054735699 ], [ 29.620307697534574, 60.241207099040139 ], [ 29.621028006745242, 60.241487446945698 ], [ 29.62102800674538, 60.241487446945762 ], [ 29.6210284, 60.2414876 ], [ 29.6212655, 60.2415886 ], [ 29.621359155003379, 60.241658395650951 ], [ 29.6215018, 60.241764699999983 ], [ 29.621649, 60.24087 ], [ 29.621671, 60.2407077 ], [ 29.6215151, 60.240398199999987 ], [ 29.6206157, 60.2401548 ] ] ] } },
{ "type": "Feature", "properties": { "block_id": 19, "area": 334200.50024449354, "dominant_landuse": "residential", "poi_count": 127, "amenity_count": 3, "building_count": 124, "leisure_count": 0 }, "geometry": { "type": "Polygon", "coordinates": [ [ [ 29.6214599, 60.2419481 ], [ 29.621365452175585, 60.242385758228536 ], [ 29.6213654, 60.242386 ], [ 29.621365326803755, 60.242386240420572 ], [ 29.621194052087834, 60.242948800468497 ], [ 29.6211939, 60.2429493 ], [ 29.621193325850836, 60.242949716862675 ], [ 29.620816992103059, 60.243222952299178 ], [ 29.6208161, 60.2432236 ], [ 29.62081503498467, 60.243224179549763 ], [ 29.62034500163665, 60.243479954951006 ], [ 29.620344, 60.243480499999961 ], [ 29.620342863213718, 60.24348097502741 ], [ 29.619577, 60.243801 ], [ 29.6194954, 60.243838199999985 ], [ 29.620547977041955, 60.244369084937325 ], [ 29.6205488, 60.244369499999927 ], [ 29.6205494330917, 60.244369990508176 ], [ 29.621194188504877, 60.24486952624212 ], [ 29.6211948, 60.24487 ], [ 29.621194129934299, 60.244870453758594 ], [ 29.621178229514388, 60.244881221282633 ], [ 29.621154335255195, 60.244897402097116 ], [ 29.6211536, 60.244897900000012 ], [ 29.621152663786809, 60.244898306077268 ], [ 29.620233698672124, 60.245296894114546 ], [ 29.619936646529787, 60.245425732841852 ], [ 29.6199358, 60.24542610000001 ], [ 29.619935169072612, 60.245425637914607 ], [ 29.6184297, 60.244323 ], [ 29.616649, 60.2457004 ], [ 29.616294372262224, 60.246652768848342 ], [ 29.6162941, 60.2466535 ], [ 29.616293635824146, 60.246654206866005 ], [ 29.6161868, 60.2468169 ], [ 29.616068379663641, 60.2470006660173 ], [ 29.6160681, 60.2470011 ], [ 29.61606768283168, 60.247001505789356 ], [ 29.615994608024426, 60.247072587183197 ], [ 29.615951416777509, 60.247114600050807 ], [ 29.6159508, 60.247115200000046 ], [ 29.615949913898753, 60.24711570982921 ], [ 29.6151021, 60.247603499999983 ], [ 29.6167902, 60.2484144 ], [ 29.617020893391818, 60.24843899929536 ], [ 29.6170209, 60.248439 ], [ 29.617587276021577, 60.248499479979529 ], [ 29.6175884, 60.2484996 ], [ 29.617589263712713, 60.248499977123238 ], [ 29.617879660137312, 60.24862677221919 ], [ 29.618017018304396, 60.248686746018805 ], [ 29.6180176, 60.248687 ], [ 29.618018145308756, 60.24868727319997 ], [ 29.6189266, 60.2491424 ], [ 29.6202529, 60.248434099999983 ], [ 29.620293869472377, 60.248408243289973 ], [ 29.621551021262928, 60.247614802160491 ], [ 29.6215515, 60.2476145 ], [ 29.621552019248877, 60.247614214848461 ], [ 29.6226679, 60.2470014 ], [ 29.623737823611556, 60.246367818987977 ], [ 29.6237387, 60.24636730000001 ], [ 29.623739695758701, 60.246366837262379 ], [ 29.6244118, 60.2460545 ], [ 29.624852237900217, 60.245683074030943 ], [ 29.6248528, 60.2456826 ], [ 29.624853695180434, 60.245682923663615 ], [ 29.6253996, 60.2458803 ], [ 29.625793815957088, 60.246018570522324 ], [ 29.6257939, 60.2460186 ], [ 29.6278612, 60.2467507 ], [ 29.6280471, 60.2464059 ], [ 29.6280981750614, 60.24630085695464 ], [ 29.6280983, 60.2463006 ], [ 29.628098449145998, 60.246300346255723 ], [ 29.628158601663529, 60.246198007567465 ], [ 29.6281589, 60.2461975 ], [ 29.628159293089851, 60.246197008639051 ], [ 29.628227928108217, 60.246111214865309 ], [ 29.6282281, 60.246111 ], [ 29.628228289554919, 60.246110788837704 ], [ 29.628293634982846, 60.246037994507425 ], [ 29.628335582611179, 60.245991264970627 ], [ 29.628336, 60.245990799999973 ], [ 29.628336500428759, 60.245990355743125 ], [ 29.628433961468641, 60.245903834206509 ], [ 29.628434, 60.2459038 ], [ 29.628517699830681, 60.245830100149071 ], [ 29.6285177, 60.2458301 ], [ 29.628606335235087, 60.245752057025378 ], [ 29.6286064, 60.245752 ], [ 29.628606466099392, 60.245751943354321 ], [ 29.628783999107878, 60.245599800764545 ], [ 29.628784, 60.2455998 ], [ 29.628903, 60.2454978 ], [ 29.6290129, 60.24540360000001 ], [ 29.629148203931745, 60.24523325046237 ], [ 29.6291488, 60.2452325 ], [ 29.629149606185862, 60.245231799726753 ], [ 29.629325064107075, 60.245079391768144 ], [ 29.6293254, 60.245079100000012 ], [ 29.629325770434512, 60.245078818753875 ], [ 29.629450611658267, 60.244984034843107 ], [ 29.629487484935904, 60.244956039209214 ], [ 29.6294878, 60.2449558 ], [ 29.629488139166391, 60.244955569079444 ], [ 29.629581854069805, 60.244891763374653 ], [ 29.629694046430025, 60.244815376900739 ], [ 29.6296946, 60.244815 ], [ 29.629695214639675, 60.244814647262793 ], [ 29.629801028467998, 60.24475392132603 ], [ 29.629890765871881, 60.244702421314692 ], [ 29.6298915, 60.244702 ], [ 29.62989231455521, 60.244701616953442 ], [ 29.63013801294144, 60.2445860760687 ], [ 29.6301386, 60.2445858 ], [ 29.630139225280651, 60.244585545515463 ], [ 29.6304531, 60.2444578 ], [ 29.630038004861547, 60.244335994868315 ], [ 29.630037, 60.2443357 ], [ 29.630036224078911, 60.244335266753616 ], [ 29.629900899168909, 60.244259705953638 ], [ 29.629583125670599, 60.244082270171418 ], [ 29.629583, 60.244082199999987 ], [ 29.629582876710529, 60.244082128792108 ], [ 29.628395301568386, 60.243396205225963 ], [ 29.6283946, 60.243395799999988 ], [ 29.628394251956902, 60.243395294118478 ], [ 29.6280191, 60.24285 ], [ 29.6273401, 60.2422715 ], [ 29.626952161265589, 60.242145312679668 ], [ 29.6269512, 60.242145 ], [ 29.62695088362722, 60.242144450982892 ], [ 29.6267222, 60.241747599999989 ], [ 29.6264453, 60.2416297 ], [ 29.6261967, 60.2416334 ], [ 29.6252509, 60.2416804 ], [ 29.625018053002922, 60.241722953762938 ], [ 29.6250178, 60.241723 ], [ 29.625017544847879, 60.241723043219643 ], [ 29.624184516669924, 60.241864144734443 ], [ 29.6241836, 60.241864299999989 ], [ 29.624182634027253, 60.241864334131655 ], [ 29.623592662520572, 60.241885178855824 ], [ 29.623244802524802, 60.241897468116619 ], [ 29.6232439, 60.2418975 ], [ 29.623242998812962, 60.241897459839088 ], [ 29.621625115700706, 60.241825349734441 ], [ 29.621624, 60.2418253 ], [ 29.621623206913359, 60.241824906702803 ], [ 29.6215018, 60.241764699999983 ], [ 29.6214599, 60.2419481 ] ] ] } },
{ "type": "Feature", "properties": { "block_id": 20, "area": 31902.514095992843, "dominant_landuse": "allotments", "poi_count": 31, "amenity_count": 0, "building_count": 31, "leisure_count": 0 }, "geometry": { "type": "Polygon", "coordinates": [ [ [ 29.6215018, 60.241764699999983 ], [ 29.6212655, 60.2415886 ], [ 29.6210284, 60.2414876 ], [ 29.620307702358019, 60.241207100917748 ], [ 29.6203077, 60.2412071 ], [ 29.619791507436759, 60.241006133534036 ], [ 29.619785002355581, 60.241003600917097 ], [ 29.619785, 60.2410036 ], [ 29.6195313, 60.240904799999988 ], [ 29.6193356, 60.2408476 ], [ 29.6190995, 60.240851 ], [ 29.618401321376016, 60.240895428644201 ], [ 29.6184002, 60.2408955 ], [ 29.618399111453723, 60.240895348259627 ], [ 29.618248551547374, 60.240874360524053 ], [ 29.6182474, 60.2408742 ], [ 29.618246569476362, 60.240873772155346 ], [ 29.618229893839899, 60.240865181689394 ], [ 29.618162401170409, 60.240830412724975 ], [ 29.6181616, 60.24083 ], [ 29.618161422626574, 60.240829433229891 ], [ 29.618027, 60.240399900000014 ], [ 29.6177628, 60.2403346 ], [ 29.6166455, 60.2405363 ], [ 29.616976608944533, 60.241194621326606 ], [ 29.6169769, 60.2411952 ], [ 29.616976938926012, 60.241195796177792 ], [ 29.6169956, 60.2414816 ], [ 29.6173255, 60.2419751 ], [ 29.617422309530479, 60.242006610165106 ], [ 29.6174232, 60.2420069 ], [ 29.617423449634579, 60.242007414384105 ], [ 29.6177885, 60.2427596 ], [ 29.6194891, 60.2420186 ], [ 29.619681962639358, 60.241589028690527 ], [ 29.6196822, 60.2415885 ], [ 29.619683209227187, 60.241588704159412 ], [ 29.6214599, 60.2419481 ], [ 29.6215018, 60.241764699999983 ] ] ] } },
{ "type": "Feature", "properties": { "block_id": 21, "area": 34191.776742190123, "dominant_landuse": "residential", "poi_count": 29, "amenity_count": 0, "building_count": 29, "leisure_count": 0 }, "geometry": { "type": "Polygon", "coordinates": [ [ [ 29.6211939, 60.2429493 ], [ 29.6213654, 60.242386 ], [ 29.6214599, 60.2419481 ], [ 29.6196822, 60.2415885 ], [ 29.6194891, 60.2420186 ], [ 29.619488206548809, 60.242018989316634 ], [ 29.61948820654872, 60.242018989316669 ], [ 29.6177885, 60.2427596 ], [ 29.6175821, 60.243064399999952 ], [ 29.617874145261936, 60.243321623334758 ], [ 29.617874145261951, 60.243321623334758 ], [ 29.6178748, 60.2433222 ], [ 29.6182099, 60.2437208 ], [ 29.6188981, 60.2441094 ], [ 29.6194954, 60.243838199999985 ], [ 29.619577, 60.243801 ], [ 29.619577372977332, 60.243800844149597 ], [ 29.619577372977467, 60.243800844149547 ], [ 29.620344, 60.243480499999961 ], [ 29.6208161, 60.2432236 ], [ 29.6211939, 60.2429493 ] ] ] } },
{ "type": "Feature", "properties": { "block_id": 22, "area": 13407.799106101636, "dominant_landuse": "residential", "poi_count": 3, "amenity_count": 0, "building_count": 3, "leisure_count": 0 }, "geometry": { "type": "Polygon", "coordinates": [ [ [ 29.6199358, 60.24542610000001 ], [ 29.6211536, 60.244897900000012 ], [ 29.621161931348812, 60.244892258144823 ], [ 29.6211948, 60.24487 ], [ 29.620898412916475, 60.244640371149366 ], [ 29.6205488, 60.244369499999927 ], [ 29.619846525820186, 60.244015299081781 ], [ 29.6194954, 60.243838199999985 ], [ 29.6188981, 60.2441094 ], [ 29.6184297, 60.244323 ], [ 29.6199358, 60.24542610000001 ] ] ] } },
{ "type": "Feature", "properties": { "block_id": 23, "area": 52599.535954669431, "dominant_landuse": "residential", "poi_count": 26, "amenity_count": 0, "building_count": 26, "leisure_count": 0 }, "geometry": { "type": "Polygon", "coordinates": [ [ [ 29.618430413427735, 60.244322674665682 ], [ 29.6188981, 60.2441094 ], [ 29.618210710569137, 60.243721257704706 ], [ 29.6182099, 60.2437208 ], [ 29.61820942697857, 60.243720237350608 ], [ 29.6178748, 60.2433222 ], [ 29.6175821, 60.243064399999952 ], [ 29.615933597533157, 60.243781896415641 ], [ 29.6159329, 60.2437822 ], [ 29.615932111991839, 60.243782442788792 ], [ 29.6153107, 60.2439739 ], [ 29.6146211, 60.2443559 ], [ 29.615537270733345, 60.244761233122524 ], [ 29.6155381, 60.2447616 ], [ 29.615537359759394, 60.244762011253435 ], [ 29.614644545255626, 60.245258019304103 ], [ 29.6146444, 60.2452581 ], [ 29.6136278, 60.245812 ], [ 29.6135653, 60.2458808 ], [ 29.613999934544349, 60.246037060756201 ], [ 29.6140006, 60.2460373 ], [ 29.614001228708943, 60.246037562657833 ], [ 29.6146974, 60.246328400000031 ], [ 29.614840892355446, 60.246385096979424 ], [ 29.6148409, 60.246385099999983 ], [ 29.6153704, 60.246594500000015 ], [ 29.615817, 60.2467549 ], [ 29.6161868, 60.2468169 ], [ 29.6162941, 60.2466535 ], [ 29.616648800609834, 60.245700935486575 ], [ 29.616649, 60.2457004 ], [ 29.616649592294397, 60.245699941873788 ], [ 29.618429176599768, 60.244323404878756 ], [ 29.6184297, 60.244323 ], [ 29.618430413427735, 60.244322674665682 ] ] ] } },
{ "type": "Feature", "properties": { "block_id": 24, "area": 57088.411444140904, "dominant_landuse": "residential", "poi_count": 40, "amenity_count": 0, "building_count": 40, "leisure_count": 0 }, "geometry": { "type": "Polygon", "coordinates": [ [ [ 29.6126151, 60.2481013 ], [ 29.611034700882978, 60.247435942473821 ], [ 29.611034700882527, 60.247435942473608 ], [ 29.6110346, 60.2474359 ], [ 29.611034500124905, 60.247435856941763 ], [ 29.6096631, 60.24684460000001 ], [ 29.6083007, 60.246284299999985 ], [ 29.6060166, 60.2453491 ], [ 29.6046019, 60.2447756 ], [ 29.604353, 60.2448949 ], [ 29.604352724089466, 60.244895023794946 ], [ 29.604352724089257, 60.244895023795024 ], [ 29.6041114, 60.2450033 ], [ 29.6039974, 60.2450721 ], [ 29.603895, 60.2451927 ], [ 29.6038214, 60.2453111 ], [ 29.6037721, 60.2454724 ], [ 29.6037124572794, 60.245562091484409 ], [ 29.6036671, 60.2456303 ], [ 29.6046194, 60.245974200000013 ], [ 29.6057074, 60.246359599999984 ], [ 29.605708309120658, 60.246360001905636 ], [ 29.605708309120747, 60.246360001905664 ], [ 29.6073144, 60.24707 ], [ 29.6084382, 60.247438299999935 ], [ 29.608438908002082, 60.247438574505246 ], [ 29.6117478, 60.2487214 ], [ 29.612893887934913, 60.24838050358872 ], [ 29.6130537, 60.2483329 ], [ 29.6126151, 60.2481013 ] ] ] } },
{ "type": "Feature", "properties": { "block_id": 25, "area": 40507.776287611072, "dominant_landuse": "residential", "poi_count": 42, "amenity_count": 0, "building_count": 42, "leisure_count": 0 }, "geometry": { "type": "Polygon", "coordinates": [ [ [ 29.612615973594, 60.248101761300624 ], [ 29.6130537, 60.2483329 ], [ 29.6131295, 60.2483147 ], [ 29.6132956, 60.248274599999988 ], [ 29.6140201, 60.2480168 ], [ 29.614054643579223, 60.248003521687757 ], [ 29.6140547, 60.248003499999989 ], [ 29.6151021, 60.247603499999983 ], [ 29.6159508, 60.247115200000046 ], [ 29.6160681, 60.2470011 ], [ 29.6161868, 60.2468169 ], [ 29.615818071020193, 60.246755079567144 ], [ 29.615817, 60.2467549 ], [ 29.615816083817453, 60.246754570948795 ], [ 29.61572578668898, 60.246722140253752 ], [ 29.615370823944726, 60.246594652264641 ], [ 29.6153704, 60.246594500000015 ], [ 29.615369990699374, 60.246594338136802 ], [ 29.614840907656625, 60.246385103027961 ], [ 29.6148409, 60.246385099999983 ], [ 29.614697641160195, 60.246328495288012 ], [ 29.6146974, 60.246328400000031 ], [ 29.614697164161239, 60.246328301475884 ], [ 29.6140006, 60.2460373 ], [ 29.6135653, 60.2458808 ], [ 29.612988256878552, 60.24624617403375 ], [ 29.6129879, 60.2462464 ], [ 29.612987520323816, 60.246246616590497 ], [ 29.6120695, 60.2467703 ], [ 29.6110346, 60.2474359 ], [ 29.612614127421857, 60.248100890552983 ], [ 29.6126151, 60.2481013 ], [ 29.612615973594, 60.248101761300624 ] ] ] } },
{ "type": "Feature", "properties": { "block_id": 26, "area": 66437.74163017454, "dominant_landuse": "residential", "poi_count": 41, "amenity_count": 3, "building_count": 38, "leisure_count": 0 }, "geometry": { "type": "Polygon", "coordinates": [ [ [ 29.6128939120456, 60.248380496411919 ], [ 29.6128939, 60.248380499999953 ], [ 29.6117478, 60.2487214 ], [ 29.613533399233489, 60.249564799637987 ], [ 29.6135334, 60.2495648 ], [ 29.6143139, 60.249933399999989 ], [ 29.6160066, 60.2506909 ], [ 29.616251995753657, 60.250558702287556 ], [ 29.616252, 60.2505587 ], [ 29.616390296468335, 60.250484155805538 ], [ 29.616390398777877, 60.250484100658781 ], [ 29.6163904, 60.2504841 ], [ 29.617437176060541, 60.249919766819318 ], [ 29.6174373, 60.249919700000014 ], [ 29.617437426101159, 60.249919634187151 ], [ 29.6189266, 60.2491424 ], [ 29.6180176, 60.248687 ], [ 29.6175884, 60.2484996 ], [ 29.617020906569898, 60.248439000701573 ], [ 29.6170209, 60.248439 ], [ 29.61679163620046, 60.248414553146276 ], [ 29.616791224634753, 60.248414509259796 ], [ 29.6167902, 60.2484144 ], [ 29.616789446423752, 60.248414038024087 ], [ 29.6151021, 60.247603499999983 ], [ 29.6140547, 60.248003499999989 ], [ 29.614020430017, 60.248016673143823 ], [ 29.6140201, 60.2480168 ], [ 29.614019760778124, 60.248016920707677 ], [ 29.613296376325266, 60.248274323763177 ], [ 29.6132956, 60.248274599999988 ], [ 29.61329474119955, 60.248274807333111 ], [ 29.613129543450821, 60.248314689510103 ], [ 29.6131295, 60.2483147 ], [ 29.6130537, 60.2483329 ], [ 29.6128939120456, 60.248380496411919 ] ] ] } },
{ "type": "Feature", "properties": { "block_id": 27, "area": 38814.907978333598, "dominant_landuse": "residential", "poi_count": 25, "amenity_count": 0, "building_count": 25, "leisure_count": 0 }, "geometry": { "type": "Polygon", "coordinates": [ [ [ 29.6108668, 60.249002 ], [ 29.6100265, 60.249310399999963 ], [ 29.6105706, 60.2496207 ], [ 29.611145, 60.2498904 ], [ 29.612248713874205, 60.250325789898802 ], [ 29.6122495, 60.2503261 ], [ 29.613305477718256, 60.250824689924947 ], [ 29.613421936238844, 60.250879675466273 ], [ 29.613421936238876, 60.250879675466287 ], [ 29.6134222, 60.2508798 ], [ 29.613422455550698, 60.250879928693386 ], [ 29.614708, 60.2515273 ], [ 29.6160066, 60.2506909 ], [ 29.615572405667326, 60.250496599187208 ], [ 29.6143139, 60.249933399999989 ], [ 29.6135334, 60.2495648 ], [ 29.611794967292195, 60.248743679602043 ], [ 29.6117478, 60.2487214 ], [ 29.6108668, 60.249002 ] ] ] } },
{ "type": "Feature", "properties": { "block_id": 28, "area": 79888.508311569312, "dominant_landuse": "residential", "poi_count": 36, "amenity_count": 0, "building_count": 36, "leisure_count": 0 }, "geometry": { "type": "Polygon", "coordinates": [ [ [ 29.6117478, 60.2487214 ], [ 29.6084382, 60.247438299999935 ], [ 29.607315757179943, 60.247070444795789 ], [ 29.607315757179897, 60.24707044479576 ], [ 29.6073144, 60.24707 ], [ 29.6057074, 60.246359599999984 ], [ 29.6046194, 60.245974200000013 ], [ 29.603718909163476, 60.24564900998449 ], [ 29.603667099967677, 60.2456303000547 ], [ 29.603653481397462, 60.245653348682232 ], [ 29.6036076, 60.245731 ], [ 29.603585309080351, 60.245759733683784 ], [ 29.603560544589548, 60.24579165581477 ], [ 29.603560544589524, 60.24579165581482 ], [ 29.6035602, 60.245792100000017 ], [ 29.603559709465106, 60.245792508878694 ], [ 29.603559709465074, 60.245792508878722 ], [ 29.603498142986499, 60.245843826686112 ], [ 29.6034773, 60.245861199999986 ], [ 29.6033059, 60.245968799999986 ], [ 29.6031386, 60.2460628 ], [ 29.6027793, 60.246278499999981 ], [ 29.6021319, 60.246667099999989 ], [ 29.602040268854179, 60.246731386702635 ], [ 29.601961, 60.246787 ], [ 29.602010860669317, 60.24679911258626 ], [ 29.6021837, 60.2468411 ], [ 29.602184307261634, 60.246841271408663 ], [ 29.602418941880973, 60.246907500192634 ], [ 29.6032873, 60.2471526 ], [ 29.603288316448086, 60.247152966578433 ], [ 29.603288316448133, 60.247152966578447 ], [ 29.604989862851774, 60.247766600711465 ], [ 29.6056895, 60.248018899999984 ], [ 29.6065838, 60.2483923 ], [ 29.607021528765546, 60.248572881835855 ], [ 29.607021528765625, 60.248572881835905 ], [ 29.6070223, 60.24857320000001 ], [ 29.607022875563533, 60.24857360784636 ], [ 29.607022875563572, 60.248573607846389 ], [ 29.6072735, 60.248751199999987 ], [ 29.6077262, 60.24897330000001 ], [ 29.608487, 60.2492405 ], [ 29.6090857, 60.2494295 ], [ 29.6100265, 60.249310399999963 ], [ 29.6108668, 60.249002 ], [ 29.6117478, 60.2487214 ] ] ] } },
{ "type": "Feature", "properties": { "block_id": 29, "area": 26848.410343871699, "dominant_landuse": "residential", "poi_count": 24, "amenity_count": 0, "building_count": 24, "leisure_count": 0 }, "geometry": { "type": "Polygon", "coordinates": [ [ [ 29.6056283, 60.2510017 ], [ 29.604366, 60.2517052 ], [ 29.6039861, 60.2519014 ], [ 29.6048113, 60.252244 ], [ 29.6058504, 60.2522643 ], [ 29.6076782, 60.2521964 ], [ 29.6074892, 60.2512719 ], [ 29.607489171273389, 60.251271592688113 ], [ 29.6074498, 60.250850399999983 ], [ 29.60737531898857, 60.250660603215316 ], [ 29.607375318988566, 60.250660603215294 ], [ 29.6073752, 60.250660299999986 ], [ 29.6072256, 60.2501232 ], [ 29.6056283, 60.2510017 ] ] ] } },
{ "type": "Feature", "properties": { "block_id": 30, "area": 116159.7535595612, "dominant_landuse": "residential", "poi_count": 66, "amenity_count": 0, "building_count": 66, "leisure_count": 0 }, "geometry": { "type": "Polygon", "coordinates": [ [ [ 29.605628350034202, 60.251001672482687 ], [ 29.6072256, 60.2501232 ], [ 29.607561597416648, 60.249886701818347 ], [ 29.6075616, 60.2498867 ], [ 29.60779500485177, 60.249722341601512 ], [ 29.607795511590261, 60.249721984765536 ], [ 29.6077962, 60.2497215 ], [ 29.607797286358792, 60.249721254007618 ], [ 29.6090857, 60.2494295 ], [ 29.608487469562132, 60.249240648235201 ], [ 29.608487, 60.2492405 ], [ 29.608486545698653, 60.24924034044777 ], [ 29.607726954771493, 60.248973565087091 ], [ 29.6077262, 60.24897330000001 ], [ 29.607725542254716, 60.248972977305662 ], [ 29.607274223935526, 60.248751555175033 ], [ 29.6072735, 60.248751199999987 ], [ 29.607272915859109, 60.248750786081317 ], [ 29.6070223, 60.24857320000001 ], [ 29.6065839024978, 60.248392342285136 ], [ 29.6065838, 60.2483923 ], [ 29.6056895, 60.248018899999984 ], [ 29.6032873, 60.2471526 ], [ 29.6021837, 60.2468411 ], [ 29.601961, 60.246787 ], [ 29.601863020410551, 60.246783500728945 ], [ 29.601863, 60.2467835 ], [ 29.601761698297103, 60.246779836106818 ], [ 29.6017607, 60.2467798 ], [ 29.601759755906674, 60.246779634708027 ], [ 29.6016676, 60.2467635 ], [ 29.6014334, 60.247086099999983 ], [ 29.6012633, 60.247486 ], [ 29.6014942, 60.248721 ], [ 29.602296990286494, 60.248697934760358 ], [ 29.6022982, 60.2486979 ], [ 29.602299410243848, 60.248697929852803 ], [ 29.603073501986785, 60.2487170219202 ], [ 29.603181002928068, 60.248719672946116 ], [ 29.6031821, 60.2487197 ], [ 29.60318195453835, 60.248720241172052 ], [ 29.60304496345071, 60.249229891920059 ], [ 29.6030448, 60.2492305 ], [ 29.603044251196028, 60.249231049500381 ], [ 29.602074, 60.2502025 ], [ 29.6019247, 60.2504194 ], [ 29.6018913, 60.2505283 ], [ 29.6019189, 60.250606 ], [ 29.6021215, 60.2507228 ], [ 29.6026102, 60.2509861 ], [ 29.604366, 60.2517052 ], [ 29.605628250332831, 60.251001727681135 ], [ 29.6056283, 60.2510017 ], [ 29.605628350034202, 60.251001672482687 ] ] ] } },
{ "type": "Feature", "properties": { "block_id": 31, "area": 59359.793199550761, "dominant_landuse": "residential", "poi_count": 37, "amenity_count": 0, "building_count": 37, "leisure_count": 0 }, "geometry": { "type": "Polygon", "coordinates": [ [ [ 29.607234250069663, 60.250117111536667 ], [ 29.6072256, 60.2501232 ], [ 29.6073752, 60.250660299999986 ], [ 29.607449483922366, 60.250849594557742 ], [ 29.607449483922366, 60.250849594557742 ], [ 29.6074498, 60.250850399999983 ], [ 29.6074892, 60.2512719 ], [ 29.6076782, 60.2521964 ], [ 29.609521570892426, 60.252132304490075 ], [ 29.6095215708926, 60.252132304490075 ], [ 29.6095217, 60.2521323 ], [ 29.609521829200915, 60.252132296245932 ], [ 29.6110254, 60.252088600000015 ], [ 29.6107624, 60.2517705 ], [ 29.610342688772747, 60.251338103552783 ], [ 29.6103422, 60.251337599999985 ], [ 29.6107827, 60.2511436 ], [ 29.6114348, 60.2508015 ], [ 29.6122495, 60.2503261 ], [ 29.611145, 60.2498904 ], [ 29.6105706, 60.2496207 ], [ 29.610569880723194, 60.249620289802124 ], [ 29.610569880723173, 60.249620289802131 ], [ 29.6100265, 60.249310399999963 ], [ 29.6090857, 60.2494295 ], [ 29.6077962, 60.2497215 ], [ 29.60756160261543, 60.249886698158306 ], [ 29.607561602609128, 60.249886698162719 ], [ 29.6075616, 60.2498867 ], [ 29.607234250069663, 60.250117111536667 ] ] ] } },
{ "type": "Feature", "properties": { "block_id": 32, "area": 11086.458341051179, "dominant_landuse": "residential", "poi_count": 10, "amenity_count": 0, "building_count": 10, "leisure_count": 0 }, "geometry": { "type": "Polygon", "coordinates": [ [ [ 29.6042355, 60.2537994 ], [ 29.6040887, 60.2529413 ], [ 29.6031077, 60.252259 ], [ 29.6023736, 60.252478 ], [ 29.602638199074285, 60.252844198718833 ], [ 29.602638199081948, 60.252844198729456 ], [ 29.6026382, 60.2528442 ], [ 29.602748999354414, 60.252997599106138 ], [ 29.602908132929713, 60.253217853539653 ], [ 29.602908132929713, 60.253217853539653 ], [ 29.6029086, 60.25321850000001 ], [ 29.602987, 60.253607 ], [ 29.602917, 60.2538112 ], [ 29.6029091, 60.2538609 ], [ 29.6042355, 60.2537994 ] ] ] } },
{ "type": "Feature", "properties": { "block_id": 33, "area": 77595.063131774717, "dominant_landuse": "residential", "poi_count": 51, "amenity_count": 2, "building_count": 48, "leisure_count": 1 }, "geometry": { "type": "Polygon", "coordinates": [ [ [ 29.6029091, 60.2538609 ], [ 29.602916920051388, 60.253811702968576 ], [ 29.602917, 60.2538112 ], [ 29.602917170499751, 60.253810702630922 ], [ 29.602987, 60.253607 ], [ 29.6029086, 60.25321850000001 ], [ 29.60274900066582, 60.252997600921518 ], [ 29.602749, 60.252997599999972 ], [ 29.602638200922136, 60.252844201276659 ], [ 29.6026382, 60.2528442 ], [ 29.602373835917003, 60.252478326507394 ], [ 29.6023736, 60.252478 ], [ 29.6023734051278, 60.252477666871435 ], [ 29.6022397, 60.2522491 ], [ 29.6019023, 60.2518881 ], [ 29.601618, 60.2516789 ], [ 29.6012747, 60.2514822 ], [ 29.600991776763362, 60.251350129196155 ], [ 29.6009915, 60.25135 ], [ 29.600991232134771, 60.251349866250884 ], [ 29.600551055592529, 60.251130077286305 ], [ 29.6005503, 60.2511297 ], [ 29.600549787932557, 60.251129232447532 ], [ 29.6001833, 60.2507946 ], [ 29.599459839941296, 60.250946302906428 ], [ 29.5994589, 60.2509465 ], [ 29.599457928109953, 60.250946654132413 ], [ 29.5984153, 60.251112 ], [ 29.597902, 60.2512015 ], [ 29.5970281, 60.2513588 ], [ 29.598103, 60.2529399 ], [ 29.5988098, 60.2538583 ], [ 29.5988747, 60.2539228 ], [ 29.599355973325935, 60.253943298863909 ], [ 29.599356, 60.2539433 ], [ 29.599429927375585, 60.253946492545303 ], [ 29.5994301, 60.253946499999984 ], [ 29.599430272382907, 60.253946508771065 ], [ 29.5999588, 60.2539734 ], [ 29.6002945, 60.253982699999987 ], [ 29.6004512, 60.2539831 ], [ 29.6013711, 60.253953399999965 ], [ 29.601407508306135, 60.253950538642663 ], [ 29.601408, 60.253950499999988 ], [ 29.601408494643557, 60.253950472166423 ], [ 29.6020744, 60.253913 ], [ 29.6029091, 60.2538609 ] ] ] } },
{ "type": "Feature", "properties": { "block_id": 34, "area": 71478.324740551587, "dominant_landuse": "residential", "poi_count": 36, "amenity_count": 15, "building_count": 17, "leisure_count": 4 }, "geometry": { "type": "Polygon", "coordinates": [ [ [ 29.6013711, 60.253953399999965 ], [ 29.600451988666517, 60.25398307453974 ], [ 29.6004512, 60.2539831 ], [ 29.600450409681748, 60.253983097983046 ], [ 29.600295070633454, 60.253982701456962 ], [ 29.6002945, 60.253982699999987 ], [ 29.600293930243435, 60.253982684216581 ], [ 29.59995932222828, 60.253973414468106 ], [ 29.5999588, 60.2539734 ], [ 29.599958279680273, 60.253973373527458 ], [ 29.5994301, 60.253946499999984 ], [ 29.599356, 60.2539433 ], [ 29.5988747, 60.2539228 ], [ 29.5985867, 60.2539442 ], [ 29.5984063, 60.2539648 ], [ 29.5982634, 60.2539863 ], [ 29.5978281, 60.2540708 ], [ 29.597853197239854, 60.254108395865273 ], [ 29.5978532, 60.2541084 ], [ 29.597865895709472, 60.254127393581101 ], [ 29.5978659, 60.2541274 ], [ 29.597920194085052, 60.254208791133067 ], [ 29.597920199034409, 60.25420879855249 ], [ 29.5979202, 60.254208799999986 ], [ 29.597981979512024, 60.254301369624663 ], [ 29.597982148287173, 60.254301622514411 ], [ 29.5979822, 60.2543017 ], [ 29.597982249438775, 60.254301777851381 ], [ 29.598218911893962, 60.254674446329695 ], [ 29.5982192, 60.2546749 ], [ 29.598219409769221, 60.254675364165209 ], [ 29.5984143, 60.2551066 ], [ 29.598482498211119, 60.255257496041907 ], [ 29.5984825, 60.255257499999956 ], [ 29.598503288923176, 60.255303575449958 ], [ 29.598503296907687, 60.25530359314638 ], [ 29.5985033, 60.2553036 ], [ 29.5985208, 60.255342499999983 ], [ 29.598622743265821, 60.255567974518272 ], [ 29.5986228, 60.2555681 ], [ 29.59862285093163, 60.255568226095036 ], [ 29.598688799877081, 60.255731499695671 ], [ 29.5986888, 60.25573150000001 ], [ 29.598761899871171, 60.255912499681031 ], [ 29.5987619, 60.2559125 ], [ 29.599024499888579, 60.25656259972417 ], [ 29.5990245, 60.256562599999988 ], [ 29.59916343911733, 60.256906505945892 ], [ 29.599167798547537, 60.256917296404836 ], [ 29.5991678, 60.256917299999984 ], [ 29.5992247, 60.2570579 ], [ 29.599270399686052, 60.25715669932125 ], [ 29.5992704, 60.2571567 ], [ 29.599328663150878, 60.257282623589738 ], [ 29.599329219803487, 60.25728382667274 ], [ 29.5993293, 60.257284 ], [ 29.599329369101447, 60.257284174503233 ], [ 29.599345099068923, 60.257323897648689 ], [ 29.5993451, 60.257323899999925 ], [ 29.599387328739834, 60.257430420249776 ], [ 29.599387364561352, 60.257430510607769 ], [ 29.5993874, 60.2574306 ], [ 29.599440296799049, 60.257569991565234 ], [ 29.5994403, 60.25757 ], [ 29.5994567, 60.257613399999983 ], [ 29.599724084106569, 60.2575704025558 ], [ 29.5997241, 60.257570399999956 ], [ 29.599766889152527, 60.257563501748784 ], [ 29.5997669, 60.2575635 ], [ 29.5998309, 60.2575532 ], [ 29.6001048, 60.257502700000011 ], [ 29.6004803, 60.257432799999989 ], [ 29.600650248403813, 60.257399829410318 ], [ 29.6006504, 60.2573998 ], [ 29.601055789974247, 60.257322820893044 ], [ 29.6010559, 60.2573228 ], [ 29.6015791, 60.257225 ], [ 29.601905070905019, 60.257147819983146 ], [ 29.601906, 60.25714760000001 ], [ 29.601906965529562, 60.257147422951114 ], [ 29.60212834970547, 60.257106827559781 ], [ 29.6021285, 60.25710680000001 ], [ 29.6027172, 60.2570012 ], [ 29.602685403687357, 60.256947506226808 ], [ 29.6026854, 60.25694750000001 ], [ 29.602667305391957, 60.256917009085903 ], [ 29.602667300616424, 60.256917001038737 ], [ 29.6026673, 60.256917 ], [ 29.602611720182715, 60.256823376246324 ], [ 29.602611313309787, 60.256822690870045 ], [ 29.6026112, 60.25682250000002 ], [ 29.602611100382184, 60.25682230725328 ], [ 29.602586075978198, 60.256773888404368 ], [ 29.602537594624867, 60.256680083087751 ], [ 29.6025375, 60.2566799 ], [ 29.602537417839688, 60.256679715432156 ], [ 29.602382183944282, 60.25633098857967 ], [ 29.6023821, 60.2563308 ], [ 29.602382029166151, 60.256330610096313 ], [ 29.6023495, 60.256243400000017 ], [ 29.6023128, 60.2561644 ], [ 29.602160164230746, 60.255877109117819 ], [ 29.60216, 60.2558768 ], [ 29.602159871460803, 60.255876486735879 ], [ 29.602104813664006, 60.25574230425854 ], [ 29.602076500421713, 60.255673301027763 ], [ 29.6020765, 60.2556733 ], [ 29.602047600723377, 60.255602901762131 ], [ 29.6020476, 60.255602899999985 ], [ 29.601972003389431, 60.255418595865308 ], [ 29.601971803903929, 60.255418109517784 ], [ 29.6019718, 60.2554181 ], [ 29.601960804924907, 60.255391411954108 ], [ 29.601960804150369, 60.25539141007409 ], [ 29.6019608, 60.2553914 ], [ 29.601880101056892, 60.255194602577362 ], [ 29.6018801, 60.25519460000001 ], [ 29.60183300075488, 60.255079601843129 ], [ 29.601833, 60.2550796 ], [ 29.601735400746819, 60.2548415018219 ], [ 29.6017354, 60.2548415 ], [ 29.601474400105623, 60.254205300257468 ], [ 29.6014744, 60.2542053 ], [ 29.601435300277018, 60.25411000067519 ], [ 29.6014353, 60.25411 ], [ 29.601387203826807, 60.253992809324394 ], [ 29.6013872, 60.2539928 ], [ 29.6013711, 60.253953399999965 ] ] ] } },
{ "type": "Feature", "properties": { "block_id": 35, "area": 23274.281088373024, "dominant_landuse": "residential", "poi_count": 13, "amenity_count": 0, "building_count": 11, "leisure_count": 2 }, "geometry": { "type": "Polygon", "coordinates": [ [ [ 29.598810296817962, 60.253858793757004 ], [ 29.5988098, 60.2538583 ], [ 29.598809403166388, 60.253857784379136 ], [ 29.598103, 60.2529399 ], [ 29.596683779330263, 60.253158426197594 ], [ 29.5966833, 60.2531585 ], [ 29.596682814544813, 60.253158563143899 ], [ 29.5956077, 60.2532984 ], [ 29.5950314, 60.253381699999984 ], [ 29.595171779448542, 60.253918738823643 ], [ 29.5951719, 60.2539192 ], [ 29.59517186578606, 60.253919664740692 ], [ 29.595171240052032, 60.253928164316939 ], [ 29.595163531900177, 60.254032866690558 ], [ 29.5951635, 60.254033299999989 ], [ 29.595163334265159, 60.254033725704197 ], [ 29.5951234, 60.2541363 ], [ 29.5951292, 60.2542063 ], [ 29.5953416, 60.2544554 ], [ 29.5954288, 60.2545511 ], [ 29.59606362126301, 60.254416758987311 ], [ 29.5960639, 60.2544167 ], [ 29.596064181821319, 60.254416644750897 ], [ 29.597172298509157, 60.254199400292279 ], [ 29.5971723, 60.2541994 ], [ 29.597382440171849, 60.254158209734321 ], [ 29.597382995642327, 60.254158100854177 ], [ 29.597383, 60.2541581 ], [ 29.597828026013829, 60.254070814511486 ], [ 29.5978281, 60.2540708 ], [ 29.598262575378264, 60.253986460076767 ], [ 29.5982634, 60.2539863 ], [ 29.598264247331628, 60.253986172515347 ], [ 29.598405563905544, 60.253964910749431 ], [ 29.5984063, 60.2539648 ], [ 29.598407049555938, 60.253964714408234 ], [ 29.598516165309444, 60.253952254436989 ], [ 29.598585847897375, 60.253944297302795 ], [ 29.5985867, 60.2539442 ], [ 29.598587564695208, 60.253944135749293 ], [ 29.5988747, 60.2539228 ], [ 29.598810296817962, 60.253858793757004 ] ] ] } },
{ "type": "Feature", "properties": { "block_id": 36, "area": 15098.325459542635, "dominant_landuse": "residential", "poi_count": 21, "amenity_count": 0, "building_count": 21, "leisure_count": 0 }, "geometry": { "type": "Polygon", "coordinates": [ [ [ 29.589431102627778, 60.256566300392159 ], [ 29.5894311, 60.25656630000001 ], [ 29.589159255754229, 60.256525751389951 ], [ 29.589156915903651, 60.256525402372219 ], [ 29.5891569, 60.256525399999987 ], [ 29.588970733391093, 60.256497704967437 ], [ 29.588970718194428, 60.256497702706667 ], [ 29.5889707, 60.2564977 ], [ 29.5866421, 60.2561502 ], [ 29.5861792, 60.2568111 ], [ 29.5878151, 60.2571437 ], [ 29.5892894, 60.2573766 ], [ 29.589580988426619, 60.256666558722557 ], [ 29.5895813, 60.2566658 ], [ 29.589581818592627, 60.256665069781292 ], [ 29.5896308, 60.2565961 ], [ 29.589431102627778, 60.256566300392159 ] ] ] } },
{ "type": "Feature", "properties": { "block_id": 37, "area": 393945.30178286269, "dominant_landuse": "residential", "poi_count": 232, "amenity_count": 9, "building_count": 220, "leisure_count": 4 }, "geometry": { "type": "Polygon", "coordinates": [ [ [ 29.5894311, 60.25656630000001 ], [ 29.589496317802126, 60.256474836010753 ], [ 29.5894967, 60.256474299999986 ], [ 29.589497629858105, 60.256473968550978 ], [ 29.58955794921474, 60.256452467618985 ], [ 29.5895587, 60.2564522 ], [ 29.589559559153773, 60.256452031076343 ], [ 29.59082, 60.2562042 ], [ 29.59104, 60.2561259 ], [ 29.5916721, 60.255859 ], [ 29.592001534400573, 60.25570522397954 ], [ 29.5920018, 60.2557051 ], [ 29.592002073511868, 60.255704980344511 ], [ 29.592089754931035, 60.255666621552777 ], [ 29.592340096915795, 60.255557101349297 ], [ 29.5923401, 60.255557100000019 ], [ 29.592519470479495, 60.255478656642929 ], [ 29.5925196, 60.255478600000039 ], [ 29.592519731247673, 60.255478544347163 ], [ 29.5933608, 60.2551219 ], [ 29.593460057713475, 60.255078779032019 ], [ 29.5934607, 60.2550785 ], [ 29.593461382837418, 60.255078245858677 ], [ 29.593806493893606, 60.254949800024505 ], [ 29.5938073, 60.2549495 ], [ 29.593808156678556, 60.254949236852632 ], [ 29.594296592191508, 60.254799201730137 ], [ 29.5942979, 60.2547988 ], [ 29.594299305416076, 60.254798490193416 ], [ 29.594848112135317, 60.254677510969252 ], [ 29.595246746425463, 60.254589633855133 ], [ 29.5952469, 60.25458960000001 ], [ 29.595247054571526, 60.254589567284327 ], [ 29.5954288, 60.2545511 ], [ 29.59534171357226, 60.254455524643362 ], [ 29.5953416, 60.2544554 ], [ 29.595341492577436, 60.254455274017282 ], [ 29.595129596108272, 60.254206764554603 ], [ 29.5951292, 60.2542063 ], [ 29.595129158230325, 60.254205795884467 ], [ 29.595127628410594, 60.254187332575896 ], [ 29.59512345395769, 60.254136951215138 ], [ 29.5951234, 60.2541363 ], [ 29.595123649126663, 60.254135660100559 ], [ 29.5951635, 60.254033299999989 ], [ 29.5951719, 60.2539192 ], [ 29.595031546772546, 60.253382261506118 ], [ 29.5950314, 60.253381699999984 ], [ 29.595031596706008, 60.253381142278833 ], [ 29.595143728646196, 60.253063211225147 ], [ 29.595245726571154, 60.252774008200568 ], [ 29.5952458, 60.2527738 ], [ 29.595245889155446, 60.252773593321663 ], [ 29.595258165660191, 60.252745134157486 ], [ 29.595261199880852, 60.25273810027619 ], [ 29.5952612, 60.2527381 ], [ 29.595536192313453, 60.252100677683394 ], [ 29.595586599102244, 60.251983833883536 ], [ 29.5955867, 60.2519836 ], [ 29.595586820862454, 60.251983368466199 ], [ 29.5958299, 60.251517699999923 ], [ 29.5956629, 60.251451599999989 ], [ 29.595224145388599, 60.251351338887304 ], [ 29.5952231, 60.2513511 ], [ 29.59522296137607, 60.251350532301267 ], [ 29.595040712648533, 60.250604161345471 ], [ 29.5950406, 60.250603699999985 ], [ 29.595040564525235, 60.250603235604025 ], [ 29.5949716, 60.2497004 ], [ 29.5948414, 60.2488827 ], [ 29.594691176376791, 60.248349970855145 ], [ 29.5946911, 60.2483497 ], [ 29.594691050265968, 60.248349427616702 ], [ 29.5945349, 60.247494199999963 ], [ 29.593261231087137, 60.247610778849761 ], [ 29.593261, 60.2476108 ], [ 29.593260768076806, 60.247610818754517 ], [ 29.5910707, 60.2477879 ], [ 29.59134426513069, 60.248611994961522 ], [ 29.5913443, 60.248612099999988 ], [ 29.591344330853481, 60.248612205348401 ], [ 29.5914635, 60.249019099999977 ], [ 29.59161437496703, 60.249518317171869 ], [ 29.5916144, 60.249518399999985 ], [ 29.591614422542541, 60.249518483004643 ], [ 29.591730898702448, 60.249947358049667 ], [ 29.59175717562626, 60.250044110255594 ], [ 29.5917572, 60.250044199999969 ], [ 29.5918916000042, 60.250571100015364 ], [ 29.592033383458521, 60.251089139562751 ], [ 29.5920334, 60.2510892 ], [ 29.592033415218552, 60.251089260522974 ], [ 29.592130114331155, 60.251473820340934 ], [ 29.592158564741752, 60.251586962106153 ], [ 29.5921587, 60.251587499999985 ], [ 29.592157621500725, 60.251587580744037 ], [ 29.5908376, 60.2516864 ], [ 29.5907333, 60.2517221 ], [ 29.590721378257992, 60.251758160806972 ], [ 29.5907212, 60.2517587 ], [ 29.59072038391832, 60.251758333851726 ], [ 29.590522150666178, 60.251669392902016 ], [ 29.589664402262276, 60.251284539439816 ], [ 29.5896632, 60.251284 ], [ 29.589662165215902, 60.251283380688761 ], [ 29.5892099, 60.251012699999983 ], [ 29.588694813185416, 60.250781705913134 ], [ 29.5886948, 60.2507817 ], [ 29.5886102, 60.2507437 ], [ 29.5865143, 60.251834699999989 ], [ 29.5848581, 60.2527317 ], [ 29.584372517619286, 60.253021529797351 ], [ 29.5843724, 60.2530216 ], [ 29.5839239, 60.2532849 ], [ 29.58321, 60.2537178 ], [ 29.58239398795099, 60.254242943400442 ], [ 29.5823939, 60.254243 ], [ 29.5823938106047, 60.254243056037765 ], [ 29.58214756615595, 60.254397414263046 ], [ 29.58193363893373, 60.254531512910901 ], [ 29.5819335, 60.254531599999986 ], [ 29.581933357622372, 60.254531685704343 ], [ 29.5818001, 60.254611899999986 ], [ 29.581443979285641, 60.254876894538725 ], [ 29.5814433, 60.254877399999984 ], [ 29.581442514746321, 60.254877866006382 ], [ 29.5812999, 60.2549625 ], [ 29.5812366, 60.2550095 ], [ 29.5812143, 60.2550312 ], [ 29.581526798994179, 60.255146899627647 ], [ 29.5815268, 60.255146900000042 ], [ 29.5819971, 60.255321 ], [ 29.5826538, 60.255528399999982 ], [ 29.5835689, 60.255716 ], [ 29.58383, 60.2557587 ], [ 29.585775672862351, 60.256022869162834 ], [ 29.5857759, 60.2560229 ], [ 29.585776125794041, 60.256022933184397 ], [ 29.585842559397999, 60.25603269675188 ], [ 29.586642008691868, 60.256150186581351 ], [ 29.5866421, 60.2561502 ], [ 29.58897067893254, 60.256497696856279 ], [ 29.588970681834937, 60.256497697289383 ], [ 29.5889707, 60.2564977 ], [ 29.589156797146426, 60.256525384699096 ], [ 29.58915688407404, 60.256525397630739 ], [ 29.5891569, 60.256525399999987 ], [ 29.5894311, 60.25656630000001 ] ] ] } },
{ "type": "Feature", "properties": { "block_id": 38, "area": 16175.455911835239, "dominant_landuse": "residential", "poi_count": 21, "amenity_count": 0, "building_count": 21, "leisure_count": 0 }, "geometry": { "type": "Polygon", "coordinates": [ [ [ 29.6095217, 60.2521323 ], [ 29.6076782, 60.2521964 ], [ 29.6078163, 60.2529026 ], [ 29.6079123, 60.2536291 ], [ 29.6089679, 60.2535801 ], [ 29.609709287580987, 60.253545750491369 ], [ 29.6097557, 60.2535436 ], [ 29.6095217, 60.2521323 ] ] ] } },
{ "type": "Feature", "properties": { "block_id": 39, "area": 16071.214753473343, "dominant_landuse": "residential", "poi_count": 14, "amenity_count": 0, "building_count": 14, "leisure_count": 0 }, "geometry": { "type": "Polygon", "coordinates": [ [ [ 29.6097557, 60.2535436 ], [ 29.6101878, 60.253508399999987 ], [ 29.610593799999965, 60.253461699999974 ], [ 29.61087296099651, 60.253427928732428 ], [ 29.6111311, 60.25339670000001 ], [ 29.611131590689865, 60.253396651966369 ], [ 29.611131590690182, 60.253396651966334 ], [ 29.611316, 60.2533786 ], [ 29.611787, 60.253250499999986 ], [ 29.6119785, 60.253183 ], [ 29.6119805, 60.2531146 ], [ 29.6111503, 60.252203899999984 ], [ 29.6110254, 60.252088600000015 ], [ 29.6095217, 60.2521323 ], [ 29.6097557, 60.2535436 ] ] ] } },
{ "type": "Feature", "properties": { "block_id": 40, "area": 82143.398202592463, "dominant_landuse": "residential", "poi_count": 62, "amenity_count": 7, "building_count": 56, "leisure_count": 0 }, "geometry": { "type": "Polygon", "coordinates": [ [ [ 29.613057738255446, 60.254178824455444 ], [ 29.6125645, 60.254253399999946 ], [ 29.6117936, 60.2543711 ], [ 29.611197513982965, 60.254470131223741 ], [ 29.6111971, 60.2544702 ], [ 29.611196680977073, 60.254470260772074 ], [ 29.6101311, 60.2546248 ], [ 29.609672800308754, 60.254716100724558 ], [ 29.6096718, 60.2547163 ], [ 29.609670741782242, 60.254716401337369 ], [ 29.6091977, 60.2547617 ], [ 29.608187, 60.2549589 ], [ 29.607344, 60.255178599999986 ], [ 29.6066586, 60.2554059 ], [ 29.6066228, 60.255417799999982 ], [ 29.606573, 60.255436 ], [ 29.606307302861651, 60.255558098684965 ], [ 29.6063073, 60.2555581 ], [ 29.6059736, 60.255711499999983 ], [ 29.6052438, 60.2560777 ], [ 29.605373, 60.256247 ], [ 29.60542663215406, 60.256313192844885 ], [ 29.6054268, 60.25631340000001 ], [ 29.605426951125224, 60.256313610310144 ], [ 29.605448279103623, 60.256343290897171 ], [ 29.605467287592145, 60.256369743570644 ], [ 29.6054674, 60.2563699 ], [ 29.605467503040515, 60.25637005801439 ], [ 29.605622598508479, 60.256607897712769 ], [ 29.6056226, 60.2566079 ], [ 29.6056365, 60.2566292 ], [ 29.605665, 60.2566712 ], [ 29.605840080391609, 60.256653616069919 ], [ 29.606285114990616, 60.256608918581904 ], [ 29.6062853, 60.2566089 ], [ 29.606285485608648, 60.256608882957657 ], [ 29.6065249, 60.2565869 ], [ 29.606681697285815, 60.2565722096234 ], [ 29.6066818, 60.2565722 ], [ 29.607043085890883, 60.256539210419696 ], [ 29.6070432, 60.2565392 ], [ 29.6076093, 60.256489 ], [ 29.607985048374527, 60.256447616699596 ], [ 29.6079852, 60.256447599999987 ], [ 29.607985352074248, 60.256447584338353 ], [ 29.6083901, 60.2564059 ], [ 29.60974801204166, 60.256237635683711 ], [ 29.6097483, 60.256237599999984 ], [ 29.609748589746108, 60.256237568089801 ], [ 29.610036111846622, 60.256205902501662 ], [ 29.610293441085364, 60.256177561556648 ], [ 29.610294, 60.2561775 ], [ 29.610294564474344, 60.2561774525998 ], [ 29.6105024, 60.25616 ], [ 29.611260980451995, 60.256063815158569 ], [ 29.6112611, 60.2560638 ], [ 29.611261219873018, 60.256063785491712 ], [ 29.611715322825955, 60.25600882432267 ], [ 29.612145924311008, 60.255956705991572 ], [ 29.6121468, 60.255956599999983 ], [ 29.612147698458617, 60.255956564534735 ], [ 29.6122228, 60.255953599999984 ], [ 29.612568498556708, 60.255924100123181 ], [ 29.6125685, 60.255924100000016 ], [ 29.612821755579809, 60.255902480622176 ], [ 29.6128227, 60.2559024 ], [ 29.612823654772949, 60.255902359450445 ], [ 29.613003158296692, 60.255894735748583 ], [ 29.613004, 60.2558947 ], [ 29.613004844725584, 60.255894695617656 ], [ 29.613132112310083, 60.25589403530681 ], [ 29.613215262870916, 60.255893603825292 ], [ 29.613216, 60.2558936 ], [ 29.613216736060849, 60.255893620082794 ], [ 29.6133846, 60.255898200000011 ], [ 29.613505719444944, 60.255896712046585 ], [ 29.6135067, 60.2558967 ], [ 29.613507669983974, 60.255896772368203 ], [ 29.6135831, 60.2559024 ], [ 29.613777357210331, 60.255911674086917 ], [ 29.6137779, 60.2559117 ], [ 29.613778439639109, 60.255911738905517 ], [ 29.613852856210674, 60.255917103980337 ], [ 29.613895031198822, 60.255920144573608 ], [ 29.6138958, 60.255920199999984 ], [ 29.613896559314334, 60.255920281561444 ], [ 29.614021696581855, 60.255933723069084 ], [ 29.614132348275941, 60.25594560851404 ], [ 29.6141332, 60.2559457 ], [ 29.614134034995331, 60.255945823846844 ], [ 29.61416873642532, 60.255950970770776 ], [ 29.614369889297624, 60.255980805598888 ], [ 29.6143712, 60.255981 ], [ 29.614372453834392, 60.255981271676646 ], [ 29.6148018, 60.2560743 ], [ 29.6147987, 60.256006300000017 ], [ 29.6147669, 60.255783400000013 ], [ 29.6147603, 60.2557426 ], [ 29.6147075, 60.2555919 ], [ 29.6142597, 60.2548121 ], [ 29.613921386998676, 60.254252143997753 ], [ 29.6139213, 60.254252 ], [ 29.6139212207963, 60.254251854895436 ], [ 29.6138171, 60.2540611 ], [ 29.6136038, 60.2540918 ], [ 29.613058060989275, 60.254178774343565 ], [ 29.6130579, 60.2541788 ], [ 29.613057738255446, 60.254178824455444 ] ] ] } },
{ "type": "Feature", "properties": { "block_id": 41, "area": 14773.018237800781, "dominant_landuse": "residential", "poi_count": 14, "amenity_count": 0, "building_count": 14, "leisure_count": 0 }, "geometry": { "type": "Polygon", "coordinates": [ [ [ 29.6136038, 60.2540918 ], [ 29.6138171, 60.2540611 ], [ 29.6141294, 60.2540135 ], [ 29.614183799932743, 60.25400027154339 ], [ 29.614510199999987, 60.253920900000018 ], [ 29.6148049, 60.2538348 ], [ 29.6140333, 60.2532799 ], [ 29.613414099999989, 60.252836 ], [ 29.613000848784331, 60.252592083113043 ], [ 29.6129182, 60.2525433 ], [ 29.6123942, 60.2528368 ], [ 29.612026018520389, 60.253085020096862 ], [ 29.612026018520091, 60.253085020097053 ], [ 29.6120259, 60.2530851 ], [ 29.612025778653958, 60.253085178848302 ], [ 29.612025778653642, 60.253085178848522 ], [ 29.6119805, 60.2531146 ], [ 29.6119785, 60.253183 ], [ 29.613007798166581, 60.254132598308573 ], [ 29.6130579, 60.2541788 ], [ 29.6136038, 60.2540918 ] ] ] } },
{ "type": "Feature", "properties": { "block_id": 42, "area": 16355.662481861978, "dominant_landuse": "residential", "poi_count": 11, "amenity_count": 0, "building_count": 11, "leisure_count": 0 }, "geometry": { "type": "Polygon", "coordinates": [ [ [ 29.5901346, 60.2585453 ], [ 29.5902689, 60.2581817 ], [ 29.5909568, 60.2572747 ], [ 29.5912161, 60.256895299999982 ], [ 29.5912423, 60.2568363 ], [ 29.590223800816617, 60.256684500121686 ], [ 29.5902238, 60.2566845 ], [ 29.5896308, 60.2565961 ], [ 29.5895813, 60.2566658 ], [ 29.5892894, 60.2573766 ], [ 29.589006, 60.2579274 ], [ 29.5887769, 60.2582798 ], [ 29.5901346, 60.2585453 ] ] ] } },
{ "type": "Feature", "properties": { "block_id": 43, "area": 28816.934801641175, "dominant_landuse": "residential", "poi_count": 28, "amenity_count": 0, "building_count": 28, "leisure_count": 0 }, "geometry": { "type": "Polygon", "coordinates": [ [ [ 29.5892894, 60.2573766 ], [ 29.5878151, 60.2571437 ], [ 29.5861792, 60.2568111 ], [ 29.586296086485802, 60.256644219323817 ], [ 29.5866421, 60.2561502 ], [ 29.5857759, 60.2560229 ], [ 29.583830557633661, 60.255758775716089 ], [ 29.583830557633565, 60.255758775716068 ], [ 29.58383, 60.2557587 ], [ 29.5835689, 60.255716 ], [ 29.583455, 60.255794100000038 ], [ 29.5831924, 60.2560043 ], [ 29.5841191, 60.2564166 ], [ 29.5850755, 60.256763399999983 ], [ 29.585076189447264, 60.256763757669475 ], [ 29.585076189447271, 60.256763757669475 ], [ 29.5858481, 60.257164199999984 ], [ 29.5869848, 60.257700299999989 ], [ 29.5877454, 60.2579442 ], [ 29.588727376835173, 60.258263687910272 ], [ 29.588776900016011, 60.258279799975334 ], [ 29.589006, 60.2579274 ], [ 29.5892894, 60.2573766 ] ] ] } },
{ "type": "Feature", "properties": { "block_id": 44, "area": 33562.837783870091, "dominant_landuse": "residential", "poi_count": 17, "amenity_count": 0, "building_count": 17, "leisure_count": 0 }, "geometry": { "type": "Polygon", "coordinates": [ [ [ 29.6139213, 60.254252 ], [ 29.61425965548894, 60.254812026329219 ], [ 29.6142597, 60.2548121 ], [ 29.614259742474555, 60.254812173967167 ], [ 29.614705051882549, 60.25558763695004 ], [ 29.614707172737109, 60.255591330118065 ], [ 29.6147075, 60.2555919 ], [ 29.614707704559756, 60.255592483850464 ], [ 29.614760121474887, 60.255742090462007 ], [ 29.6147603, 60.2557426 ], [ 29.614760383396192, 60.255743115540788 ], [ 29.61476688293142, 60.255783294485262 ], [ 29.6147669, 60.255783400000013 ], [ 29.614798661577083, 60.256006030696142 ], [ 29.6147987, 60.256006300000017 ], [ 29.614798712307007, 60.256006569960817 ], [ 29.6148018, 60.2560743 ], [ 29.615027, 60.2561283 ], [ 29.615110582311832, 60.256082637454995 ], [ 29.6151112, 60.2560823 ], [ 29.61511191946812, 60.256082016686811 ], [ 29.615295849558112, 60.256009588149126 ], [ 29.615422421656032, 60.255959745880112 ], [ 29.6154233, 60.255959399999988 ], [ 29.615424403778853, 60.255959303656965 ], [ 29.6162367, 60.255888400000011 ], [ 29.6166076, 60.255838200000021 ], [ 29.6172977, 60.25571080000001 ], [ 29.617051927256203, 60.255318382195654 ], [ 29.6170515, 60.255317699999985 ], [ 29.617051250487499, 60.25531699636722 ], [ 29.6168692, 60.2548036 ], [ 29.6167627, 60.2545339 ], [ 29.6166471, 60.2542952 ], [ 29.6163752, 60.2539882 ], [ 29.6160927, 60.2537787 ], [ 29.6156531, 60.2535314 ], [ 29.615585, 60.2535057 ], [ 29.615322557266911, 60.253630130611889 ], [ 29.6153222, 60.2536303 ], [ 29.615321828172256, 60.253630461462755 ], [ 29.615035727121732, 60.253754697411026 ], [ 29.6150348, 60.2537551 ], [ 29.615033790234865, 60.253755450059472 ], [ 29.614923640007252, 60.25379363620641 ], [ 29.61480561880667, 60.253834550810737 ], [ 29.6148049, 60.2538348 ], [ 29.614804144475389, 60.253835020736595 ], [ 29.614679330863286, 60.253871486604481 ], [ 29.614510943589391, 60.253920682753197 ], [ 29.6145102, 60.253920900000018 ], [ 29.614509425215971, 60.25392108840763 ], [ 29.61413019846427, 60.254013305837326 ], [ 29.6141294, 60.2540135 ], [ 29.614128550149147, 60.254013629533354 ], [ 29.6138171, 60.2540611 ], [ 29.6139213, 60.254252 ] ] ] } },
{ "type": "Feature", "properties": { "block_id": 45, "area": 30804.667670345461, "dominant_landuse": "residential", "poi_count": 24, "amenity_count": 0, "building_count": 24, "leisure_count": 0 }, "geometry": { "type": "Polygon", "coordinates": [ [ [ 29.615652210864788, 60.253531064453128 ], [ 29.6156531, 60.2535314 ], [ 29.61565383915924, 60.253531815823507 ], [ 29.615886391461679, 60.253662640367544 ], [ 29.616091704204567, 60.253778139814344 ], [ 29.6160927, 60.2537787 ], [ 29.616093537300682, 60.253779320941149 ], [ 29.6163746475588, 60.253987790316764 ], [ 29.6163752, 60.2539882 ], [ 29.616375599770759, 60.253988651382521 ], [ 29.61664669413512, 60.254294741746165 ], [ 29.6166471, 60.2542952 ], [ 29.616647335741167, 60.254295686780686 ], [ 29.616731465401038, 60.254469404699087 ], [ 29.616762587973195, 60.254533668679983 ], [ 29.6167627, 60.2545339 ], [ 29.61676279219348, 60.254534133472276 ], [ 29.616869157928171, 60.254803493458432 ], [ 29.6168692, 60.2548036 ], [ 29.616869237915427, 60.254803706926168 ], [ 29.6170515, 60.255317699999985 ], [ 29.6172977, 60.25571080000001 ], [ 29.618588622770041, 60.255428660592244 ], [ 29.6185889, 60.2554286 ], [ 29.618589180400804, 60.255428543124985 ], [ 29.619440274703912, 60.255255907974451 ], [ 29.6194413, 60.2552557 ], [ 29.619442385139216, 60.255255809829137 ], [ 29.6196725, 60.255279099999989 ], [ 29.6196735, 60.2551285 ], [ 29.6196048, 60.254945399999933 ], [ 29.6194965, 60.2547792 ], [ 29.6193731, 60.254604699999987 ], [ 29.619089841957013, 60.254400330272091 ], [ 29.6190898, 60.2544003 ], [ 29.618850184407755, 60.254226197287721 ], [ 29.6188495, 60.2542257 ], [ 29.61884916753068, 60.254225120609583 ], [ 29.6188324, 60.2541959 ], [ 29.6185405, 60.2539575 ], [ 29.6184032, 60.25387649999994 ], [ 29.617860701027084, 60.253820303696465 ], [ 29.6178597, 60.2538202 ], [ 29.617858837882729, 60.253819926729967 ], [ 29.617687123984805, 60.253765497437051 ], [ 29.61752841628099, 60.253715190442747 ], [ 29.6175275, 60.2537149 ], [ 29.617526870281054, 60.253714459794722 ], [ 29.6165502, 60.2530317 ], [ 29.6164637, 60.2530048 ], [ 29.616146033620161, 60.253194820072387 ], [ 29.6161459, 60.2531949 ], [ 29.616145763424253, 60.253194978683929 ], [ 29.615909326294709, 60.253331193905645 ], [ 29.615789606683375, 60.253400165705855 ], [ 29.6157892, 60.253400399999983 ], [ 29.61578876794924, 60.253400622797024 ], [ 29.615585, 60.2535057 ], [ 29.615652210864788, 60.253531064453128 ] ] ] } },
{ "type": "Feature", "properties": { "block_id": 46, "area": 14353.365805575839, "dominant_landuse": "residential", "poi_count": 10, "amenity_count": 0, "building_count": 10, "leisure_count": 0 }, "geometry": { "type": "Polygon", "coordinates": [ [ [ 29.615585, 60.2535057 ], [ 29.6157892, 60.253400399999983 ], [ 29.6161459, 60.2531949 ], [ 29.6136085, 60.252148 ], [ 29.6129182, 60.2525433 ], [ 29.613413418811877, 60.252835597940461 ], [ 29.6134141, 60.252836 ], [ 29.613414702537206, 60.252836431961889 ], [ 29.614033280804147, 60.253279886238872 ], [ 29.6140333, 60.2532799 ], [ 29.6148049, 60.2538348 ], [ 29.6150348, 60.2537551 ], [ 29.6153222, 60.2536303 ], [ 29.615585, 60.2535057 ] ] ] } },
{ "type": "Feature", "properties": { "block_id": 47, "area": 176688.05184079451, "dominant_landuse": "industrial", "poi_count": 48, "amenity_count": 8, "building_count": 38, "leisure_count": 4 }, "geometry": { "type": "Polygon", "coordinates": [ [ [ 29.628344257224807, 60.245983469626864 ], [ 29.628336, 60.245990799999944 ], [ 29.6282281, 60.246111 ], [ 29.6281589, 60.2461975 ], [ 29.6280983, 60.2463006 ], [ 29.6280471, 60.2464059 ], [ 29.6278612, 60.2467507 ], [ 29.627827171495937, 60.246808038408425 ], [ 29.62780879071628, 60.246839010141656 ], [ 29.6278085, 60.2468395 ], [ 29.627808120917226, 60.246839974695767 ], [ 29.627808120917212, 60.246839974695781 ], [ 29.627767448894144, 60.246890905012442 ], [ 29.6277296, 60.2469383 ], [ 29.627665, 60.2470052 ], [ 29.6275548, 60.2470704 ], [ 29.62755232593587, 60.24707191865194 ], [ 29.62749587024518, 60.24710657273345 ], [ 29.627495870245099, 60.2471065727335 ], [ 29.6274955, 60.247106799999983 ], [ 29.627376990424743, 60.247172254264186 ], [ 29.627331741748048, 60.247197245556585 ], [ 29.6273311, 60.2471976 ], [ 29.627330346888179, 60.247197895377546 ], [ 29.627303530881751, 60.24720841286122 ], [ 29.6271386, 60.2472731 ], [ 29.626925, 60.2473449 ], [ 29.626923975025395, 60.247345172809794 ], [ 29.626923975025267, 60.247345172809815 ], [ 29.6264516, 60.24747090000001 ], [ 29.6261016, 60.2475667 ], [ 29.626065049837194, 60.247578083502852 ], [ 29.625923410565978, 60.247622196709273 ], [ 29.625756, 60.247674399999987 ], [ 29.6259279, 60.2477087 ], [ 29.625928648835675, 60.247709040934097 ], [ 29.625928648835782, 60.247709040934161 ], [ 29.627076, 60.2482314 ], [ 29.6281535, 60.24866260000001 ], [ 29.6287136, 60.2489027 ], [ 29.6292236, 60.2491078 ], [ 29.62924316875058, 60.249117873685698 ], [ 29.62955768054303, 60.249279778162759 ], [ 29.629557680543087, 60.249279778162794 ], [ 29.6295585, 60.2492802 ], [ 29.629560099261727, 60.249281217104894 ], [ 29.62960576086849, 60.249310257121792 ], [ 29.629605760868543, 60.249310257121827 ], [ 29.6296063, 60.2493106 ], [ 29.629627980537194, 60.249329943720063 ], [ 29.629639044767139, 60.24933981539165 ], [ 29.629639044767153, 60.249339815391679 ], [ 29.6296397, 60.2493404 ], [ 29.6296555, 60.2493688 ], [ 29.629656774319091, 60.249374559265753 ], [ 29.629663098954726, 60.249403143328337 ], [ 29.629663098954726, 60.249403143328365 ], [ 29.6296632, 60.249403599999937 ], [ 29.629663149913192, 60.249404058750088 ], [ 29.629661557873746, 60.249418640393856 ], [ 29.6296588, 60.24944390000001 ], [ 29.629658643216064, 60.249444421833772 ], [ 29.629645571722055, 60.249487928448232 ], [ 29.629645571722047, 60.249487928448261 ], [ 29.6296454, 60.249488499999977 ], [ 29.629644085431472, 60.24949104594107 ], [ 29.6296140681022, 60.249549180765051 ], [ 29.629614068102185, 60.249549180765072 ], [ 29.6296138, 60.2495497 ], [ 29.629603588076563, 60.249563746613696 ], [ 29.62958947401609, 60.249583160639347 ], [ 29.629589474016072, 60.249583160639354 ], [ 29.6295893, 60.2495834 ], [ 29.6293942, 60.2498179 ], [ 29.629357, 60.2498743 ], [ 29.6293339, 60.249936399999989 ], [ 29.6293242, 60.2499939 ], [ 29.6293264, 60.2500761 ], [ 29.6293592, 60.25020940000001 ], [ 29.629398698836635, 60.250373695160967 ], [ 29.6294098, 60.2504197 ], [ 29.6303952, 60.2509081 ], [ 29.6312553, 60.2513163 ], [ 29.6314595, 60.2513819 ], [ 29.631460197037264, 60.251382299628666 ], [ 29.631460197037271, 60.251382299628666 ], [ 29.6316859, 60.2515117 ], [ 29.6318124, 60.251524700000012 ], [ 29.6320329, 60.251524699999983 ], [ 29.6323562, 60.251482 ], [ 29.632404366824254, 60.251468833360001 ], [ 29.6326452, 60.251403 ], [ 29.6330389, 60.2512721 ], [ 29.6334407, 60.25115730000001 ], [ 29.63344192945447, 60.251157183032575 ], [ 29.633441929454545, 60.251157183032561 ], [ 29.6339242, 60.2511113 ], [ 29.634355105081344, 60.251069007466121 ], [ 29.6343562, 60.251068899999986 ], [ 29.634357310309401, 60.25106895625612 ], [ 29.634357310309486, 60.25106895625612 ], [ 29.63475573861562, 60.251089142836598 ], [ 29.6347845, 60.2510906 ], [ 29.634875000577129, 60.251062666597285 ], [ 29.635056, 60.2510068 ], [ 29.635160500734223, 60.250955429013473 ], [ 29.635304863940938, 60.250884461838744 ], [ 29.635304863941002, 60.250884461838716 ], [ 29.6353056, 60.250884100000015 ], [ 29.6359956, 60.2506946 ], [ 29.636635699999974, 60.2504675 ], [ 29.636835300000044, 60.25032959999993 ], [ 29.6369424, 60.2502355 ], [ 29.6369533, 60.2501034 ], [ 29.6369523, 60.249720500000016 ], [ 29.636952353279916, 60.249720111618977 ], [ 29.6369713, 60.249582 ], [ 29.6337957, 60.2482764 ], [ 29.633795500914278, 60.248276314174475 ], [ 29.633536009839162, 60.248164447352025 ], [ 29.6335359, 60.2481644 ], [ 29.6334021, 60.2481052 ], [ 29.633356941853634, 60.248085678433064 ], [ 29.633225739153549, 60.248028960155573 ], [ 29.633225739153122, 60.248028960155359 ], [ 29.6332256, 60.2480289 ], [ 29.6330058, 60.247930699999984 ], [ 29.633004836357131, 60.247930139656276 ], [ 29.63278, 60.2477994 ], [ 29.631812707658568, 60.247436028276972 ], [ 29.631812707658458, 60.247436028276923 ], [ 29.6318121, 60.2474358 ], [ 29.631811524689262, 60.247435551875995 ], [ 29.631811524689127, 60.247435551875931 ], [ 29.631250571174299, 60.247193616956807 ], [ 29.631250571174213, 60.247193616956785 ], [ 29.6312503, 60.2471935 ], [ 29.631135053364833, 60.247140508408009 ], [ 29.631081728110466, 60.247115988813128 ], [ 29.631081728110424, 60.2471159888131 ], [ 29.6310811, 60.2471157 ], [ 29.631080517692222, 60.247115388372187 ], [ 29.63108051769219, 60.247115388372158 ], [ 29.631031566276199, 60.247089191503981 ], [ 29.6309389, 60.2470396 ], [ 29.630857176494743, 60.246992050906947 ], [ 29.6307837, 60.2469493 ], [ 29.6303352, 60.246719399999989 ], [ 29.6298802, 60.2465026 ], [ 29.629425455989324, 60.246311165667699 ], [ 29.6294253, 60.2463111 ], [ 29.629070158665947, 60.246158825154552 ], [ 29.629070099934729, 60.246158799972214 ], [ 29.628843561569688, 60.246062362728289 ], [ 29.628817077547929, 60.246051088433518 ], [ 29.6288164, 60.2460508 ], [ 29.6285987, 60.2459235 ], [ 29.628434, 60.2459038 ], [ 29.628344257224807, 60.245983469626864 ] ] ] } },
{ "type": "Feature", "properties": { "block_id": 48, "area": 1059591.333293105, "dominant_landuse": "residential", "poi_count": 232, "amenity_count": 2, "building_count": 228, "leisure_count": 3 }, "geometry": { "type": "Polygon", "coordinates": [ [ [ 29.628434, 60.2459038 ], [ 29.62859754736499, 60.24592336213248 ], [ 29.6285987, 60.2459235 ], [ 29.628599467863662, 60.245923949010411 ], [ 29.6288164, 60.2460508 ], [ 29.629070038939101, 60.246158774006545 ], [ 29.6290701, 60.2461588 ], [ 29.6294253, 60.2463111 ], [ 29.629879669662539, 60.246502376745191 ], [ 29.6298802, 60.2465026 ], [ 29.629880701697584, 60.246502839053086 ], [ 29.630027437017603, 60.246572756501187 ], [ 29.630334902345997, 60.246719258174217 ], [ 29.6303352, 60.246719399999989 ], [ 29.630335487034976, 60.24671954713493 ], [ 29.630506532585908, 60.246807225228601 ], [ 29.630783204714888, 60.246949046120704 ], [ 29.6307837, 60.2469493 ], [ 29.630784162131395, 60.246949568882869 ], [ 29.6309389, 60.2470396 ], [ 29.6310811, 60.2471157 ], [ 29.6312503, 60.2471935 ], [ 29.6318121, 60.2474358 ], [ 29.632779025674676, 60.2477990339939 ], [ 29.63278, 60.2477994 ], [ 29.632780793545741, 60.24779986143988 ], [ 29.6330058, 60.247930699999984 ], [ 29.6332256, 60.2480289 ], [ 29.633402001884139, 60.248105157585194 ], [ 29.6334021, 60.2481052 ], [ 29.633402197126198, 60.248105242973708 ], [ 29.6335359, 60.2481644 ], [ 29.6337957, 60.2482764 ], [ 29.636970475438993, 60.249581661017722 ], [ 29.6369713, 60.249582 ], [ 29.636971227205681, 60.249582530634243 ], [ 29.6369523, 60.249720500000016 ], [ 29.636953299380327, 60.250103162744232 ], [ 29.6369533, 60.2501034 ], [ 29.636953280439748, 60.250103637056661 ], [ 29.63694244384126, 60.250234968677837 ], [ 29.6369424, 60.2502355 ], [ 29.636941873217253, 60.250235962842403 ], [ 29.636909463540341, 60.250264438636052 ], [ 29.636835904948956, 60.250329068482621 ], [ 29.6368353, 60.2503296 ], [ 29.63683458248914, 60.25033009571775 ], [ 29.6366357, 60.2504675 ], [ 29.637004, 60.250733799999985 ], [ 29.638066075596257, 60.251376664174153 ], [ 29.6380663, 60.25137680000001 ], [ 29.638066515734383, 60.251376939252417 ], [ 29.639134621046022, 60.2520663617724 ], [ 29.6391353, 60.252066800000016 ], [ 29.639134256258796, 60.252066991868489 ], [ 29.638892705139725, 60.252111395359734 ], [ 29.638882347823369, 60.252113299296227 ], [ 29.6388818, 60.2521134 ], [ 29.638881242430887, 60.252113486487723 ], [ 29.638535311502803, 60.252167145274264 ], [ 29.638000703077019, 60.252250068501169 ], [ 29.6380005, 60.2522501 ], [ 29.638000295764435, 60.252250129591303 ], [ 29.6365186, 60.2524648 ], [ 29.636627849854197, 60.253024643036142 ], [ 29.6366279, 60.2530249 ], [ 29.636627926309927, 60.253025157838238 ], [ 29.636639343952677, 60.253137050738388 ], [ 29.6366394, 60.2531376 ], [ 29.636638294982429, 60.253137629324655 ], [ 29.6352675, 60.253174 ], [ 29.635956558360149, 60.255769766470351 ], [ 29.6359567, 60.2557703 ], [ 29.635955619869446, 60.255770338508732 ], [ 29.6332099, 60.2558682 ], [ 29.6330414, 60.255911500000011 ], [ 29.6329919, 60.255985399999986 ], [ 29.633333069575244, 60.256620043405029 ], [ 29.6333331, 60.2566201 ], [ 29.633333129234014, 60.25662015674974 ], [ 29.6337224, 60.2573758 ], [ 29.634005051663181, 60.257861601313259 ], [ 29.6340054, 60.2578622 ], [ 29.634005612669743, 60.257862814182126 ], [ 29.6341767, 60.258356899999974 ], [ 29.634714290402989, 60.258340589326117 ], [ 29.6362791, 60.258293099999932 ], [ 29.63807326343251, 60.258198444141129 ], [ 29.6380741, 60.2581984 ], [ 29.638074940858797, 60.258198386924057 ], [ 29.6386592, 60.2581893 ], [ 29.639364891751693, 60.258166100271175 ], [ 29.6393649, 60.2581661 ], [ 29.6406493, 60.258124100000025 ], [ 29.6425352, 60.25805 ], [ 29.6444631, 60.2579726 ], [ 29.6458264, 60.2578983 ], [ 29.64582, 60.257769 ], [ 29.6457885, 60.2574935 ], [ 29.64559750612883, 60.256496154209451 ], [ 29.6455974, 60.2564956 ], [ 29.645598516845713, 60.256495556441465 ], [ 29.6462922, 60.2564685 ], [ 29.646394825279664, 60.256401177021964 ], [ 29.6463954, 60.2564008 ], [ 29.646396036555945, 60.256400448362612 ], [ 29.646536021900477, 60.256323119347826 ], [ 29.6465366, 60.2563228 ], [ 29.646537225554312, 60.256322503558934 ], [ 29.646775128639746, 60.25620976414875 ], [ 29.647217741941393, 60.256000011853828 ], [ 29.6472184, 60.2559997 ], [ 29.647219150179687, 60.255999444627335 ], [ 29.647471544297666, 60.255913525339217 ], [ 29.6474725, 60.2559132 ], [ 29.64747365398371, 60.255913149601803 ], [ 29.648110148046477, 60.255885350315125 ], [ 29.6481113, 60.2558853 ], [ 29.648112160481759, 60.255885683914286 ], [ 29.648197210466961, 60.255923629917014 ], [ 29.648649060045425, 60.256125225253093 ], [ 29.6486499, 60.2561256 ], [ 29.64865027578297, 60.256126128956737 ], [ 29.64865459417236, 60.256132207573373 ], [ 29.648704731669834, 60.256202781536544 ], [ 29.6487051, 60.256203299999946 ], [ 29.648704934081344, 60.256203843607871 ], [ 29.648591139629158, 60.256576670163753 ], [ 29.6485911, 60.256576799999984 ], [ 29.648591054266738, 60.256576929339687 ], [ 29.6485591, 60.2566673 ], [ 29.648458524298036, 60.257080200248815 ], [ 29.6484585, 60.2570803 ], [ 29.648458472110995, 60.257080399518934 ], [ 29.6482609, 60.2577854 ], [ 29.6482556, 60.2578623 ], [ 29.64912898451405, 60.25791745481903 ], [ 29.6491297, 60.2579175 ], [ 29.649130408222909, 60.257917567783871 ], [ 29.6491903, 60.257923300000016 ], [ 29.649283080312138, 60.257927040271547 ], [ 29.649284576787746, 60.257892732163015 ], [ 29.6492846, 60.2578922 ], [ 29.649285353745807, 60.257891821791134 ], [ 29.649341, 60.2578639 ], [ 29.6493611, 60.257829 ], [ 29.649311198988713, 60.257824596969826 ], [ 29.6493101, 60.2578245 ], [ 29.649310518261437, 60.257823985761533 ], [ 29.6498465, 60.257165 ], [ 29.649862583094215, 60.256585409243982 ], [ 29.6498626, 60.2565848 ], [ 29.649863008334865, 60.256584225480076 ], [ 29.649992299125323, 60.256402314567751 ], [ 29.650125160996311, 60.256215376983398 ], [ 29.6501255, 60.256214899999989 ], [ 29.650126284835022, 60.256214577853378 ], [ 29.6509945, 60.2558582 ], [ 29.651826, 60.2552967 ], [ 29.651574340017316, 60.255004910187751 ], [ 29.6515739, 60.2550044 ], [ 29.6515750169306, 60.255004401462294 ], [ 29.651676432469536, 60.255004534195542 ], [ 29.651112765545825, 60.254510756646731 ], [ 29.64874547997811, 60.254304194245989 ], [ 29.6487444, 60.2543041 ], [ 29.64874360256934, 60.254303725972619 ], [ 29.638783334548098, 60.24963090534586 ], [ 29.638360101257042, 60.249432300589881 ], [ 29.6383601, 60.2494323 ], [ 29.635679085214523, 60.248174332993017 ], [ 29.635617817796458, 60.248145583745021 ], [ 29.635617, 60.248145200000017 ], [ 29.635618039075922, 60.248144986132168 ], [ 29.647874459281311, 60.245621550872194 ], [ 29.6538195, 60.244397 ], [ 29.6538278, 60.2426765 ], [ 29.6534796, 60.241008500000014 ], [ 29.6480164, 60.2414812 ], [ 29.643965638036253, 60.242192117841988 ], [ 29.6439646, 60.2421923 ], [ 29.643964029579312, 60.242191831934207 ], [ 29.6434329, 60.241756 ], [ 29.6421253, 60.2407 ], [ 29.641529894254536, 60.240228474264583 ], [ 29.641526966006971, 60.240229032605058 ], [ 29.6418496, 60.2411535 ], [ 29.642536, 60.241537499999943 ], [ 29.643271132767868, 60.24192129944894 ], [ 29.6432719, 60.2419217 ], [ 29.64327154655966, 60.241922224462151 ], [ 29.6431789, 60.2420597 ], [ 29.643963672539073, 60.242399241994541 ], [ 29.6439645, 60.2423996 ], [ 29.64396379310362, 60.242400017001657 ], [ 29.643759952485702, 60.242520262994908 ], [ 29.643721576090531, 60.242542901175547 ], [ 29.6437209, 60.2425433 ], [ 29.643720087284709, 60.24254362982785 ], [ 29.643430025185452, 60.242661346281359 ], [ 29.6434294, 60.2426616 ], [ 29.643428739950444, 60.242661830864066 ], [ 29.64319592373559, 60.242743262072707 ], [ 29.643089939422989, 60.242780331519768 ], [ 29.6430886, 60.2427808 ], [ 29.643087138430893, 60.242781167305786 ], [ 29.6426294, 60.2428962 ], [ 29.642458396383898, 60.242955385922052 ], [ 29.6424572, 60.2429558 ], [ 29.642455906321494, 60.242956134039325 ], [ 29.642276429128593, 60.243002476465023 ], [ 29.642232338122565, 60.243013861053335 ], [ 29.6422318, 60.243014 ], [ 29.642231247644489, 60.243014124379229 ], [ 29.642190942096146, 60.243023200359104 ], [ 29.642135244898821, 60.243035742193243 ], [ 29.6421341, 60.243036 ], [ 29.642132868843365, 60.243036125734811 ], [ 29.641197, 60.2431317 ], [ 29.639784074033738, 60.24335997188426 ], [ 29.6397839, 60.24336 ], [ 29.639783725071727, 60.243360026709212 ], [ 29.639637381818005, 60.243382371285428 ], [ 29.638753380960154, 60.243517341835926 ], [ 29.638753, 60.2435174 ], [ 29.638752615146593, 60.243517451441384 ], [ 29.638390692166734, 60.243565827286666 ], [ 29.6383894, 60.243566 ], [ 29.63838806238256, 60.243566017019845 ], [ 29.6368719, 60.243585299999964 ], [ 29.6368959, 60.243908700000034 ], [ 29.6371806, 60.2441161 ], [ 29.63746664135445, 60.244223577373951 ], [ 29.6374675, 60.2442239 ], [ 29.637468140629011, 60.244224329963096 ], [ 29.637505720230688, 60.244249551776633 ], [ 29.637608024904178, 60.244318214022861 ], [ 29.6376086, 60.2443186 ], [ 29.6376089590342, 60.24431904593424 ], [ 29.6378813, 60.244657300000014 ], [ 29.638204813590086, 60.244842564187515 ], [ 29.6382054, 60.2448429 ], [ 29.638205872434071, 60.244843277616113 ], [ 29.6383474, 60.2449564 ], [ 29.638509079696256, 60.244980197011571 ], [ 29.6385091, 60.2449802 ], [ 29.6387041, 60.245009 ], [ 29.639077221864078, 60.245005210949984 ], [ 29.6390783, 60.2450052 ], [ 29.639079093546702, 60.245005562978328 ], [ 29.639642842168474, 60.245263425493157 ], [ 29.640630150791083, 60.245715011588054 ], [ 29.640631, 60.2457154 ], [ 29.640630661746219, 60.245715948450155 ], [ 29.640554703643442, 60.245839107671372 ], [ 29.6405544, 60.245839599999925 ], [ 29.640553563531054, 60.245839903762565 ], [ 29.640437752091369, 60.245881960431888 ], [ 29.640276405464334, 60.245940552757894 ], [ 29.640276, 60.2459407 ], [ 29.640275581763589, 60.245940838132221 ], [ 29.639767089140868, 60.246108777731095 ], [ 29.63907121014153, 60.246338599420241 ], [ 29.6390703, 60.2463389 ], [ 29.639069764996417, 60.246338426385748 ], [ 29.6386101, 60.245931499999983 ], [ 29.638090548725316, 60.245739912975054 ], [ 29.6380897, 60.2457396 ], [ 29.638089059032943, 60.245739182347116 ], [ 29.637973128436268, 60.245663641968711 ], [ 29.637700329027037, 60.245485884075478 ], [ 29.6377002, 60.245485800000012 ], [ 29.63770007418405, 60.245485714730933 ], [ 29.6372726, 60.245196 ], [ 29.635759437689927, 60.245869593567043 ], [ 29.6357583, 60.2458701 ], [ 29.635757035320879, 60.245870525543076 ], [ 29.634699860975211, 60.246226238766027 ], [ 29.634261938651733, 60.246373584179729 ], [ 29.634261, 60.2463739 ], [ 29.634260219030708, 60.246373491655262 ], [ 29.634135058008564, 60.246308048628798 ], [ 29.6341342, 60.24630759999998 ], [ 29.634133446555726, 60.246307107146016 ], [ 29.6332714, 60.2457432 ], [ 29.6320338, 60.2450183 ], [ 29.6314325, 60.244681699999987 ], [ 29.6304531, 60.2444578 ], [ 29.6301386, 60.2445858 ], [ 29.6298915, 60.244702 ], [ 29.6296946, 60.244815 ], [ 29.6294878, 60.2449558 ], [ 29.6293254, 60.245079100000012 ], [ 29.6291488, 60.2452325 ], [ 29.62901320986159, 60.245403209882092 ], [ 29.6290129, 60.24540360000001 ], [ 29.629012476707128, 60.245403962823666 ], [ 29.628903, 60.2454978 ], [ 29.628784000864123, 60.245599799259317 ], [ 29.628784, 60.2455998 ], [ 29.6286064, 60.245752 ], [ 29.628517700209976, 60.245830099815137 ], [ 29.6285177, 60.2458301 ], [ 29.628434, 60.2459038 ] ] ] } },
{ "type": "Feature", "properties": { "block_id": 49, "area": 18441.045779830194, "dominant_landuse": "residential", "poi_count": 12, "amenity_count": 0, "building_count": 12, "leisure_count": 0 }, "geometry": { "type": "Polygon", "coordinates": [ [ [ 29.6334903, 60.2435556 ], [ 29.6332787, 60.2436547 ], [ 29.633277554663771, 60.2436551151619 ], [ 29.633095559550334, 60.243721084560349 ], [ 29.6329413, 60.243777 ], [ 29.632940461736158, 60.243777251646065 ], [ 29.632940461736013, 60.243777251646137 ], [ 29.63289099999183, 60.24379210000248 ], [ 29.632693749442865, 60.243851492023083 ], [ 29.632618, 60.2438743 ], [ 29.632435830153682, 60.243925032525389 ], [ 29.632321834956816, 60.243956778869837 ], [ 29.6323214, 60.2439569 ], [ 29.632320954707271, 60.243957011463145 ], [ 29.632320954707236, 60.243957011463166 ], [ 29.632001624560409, 60.244036943790086 ], [ 29.632001624560129, 60.244036943790171 ], [ 29.6320014, 60.244037 ], [ 29.6312025, 60.244226 ], [ 29.6308074, 60.2443379 ], [ 29.6304531, 60.2444578 ], [ 29.631431439527429, 60.244681457571588 ], [ 29.631431439527518, 60.244681457571637 ], [ 29.6314325, 60.244681699999987 ], [ 29.6320338, 60.2450183 ], [ 29.6350086, 60.2441448 ], [ 29.634604076301951, 60.243972859946005 ], [ 29.634604076301798, 60.243972859945934 ], [ 29.6346037, 60.2439727 ], [ 29.634603338169764, 60.243972532004037 ], [ 29.634603338169612, 60.243972532003966 ], [ 29.633941912013878, 60.243665430594312 ], [ 29.633941912013789, 60.243665430594262 ], [ 29.6339412, 60.243665100000015 ], [ 29.633940547965796, 60.243664740121297 ], [ 29.633940547965722, 60.243664740121261 ], [ 29.6337448, 60.2435567 ], [ 29.6334903, 60.2435556 ] ] ] } },
{ "type": "Feature", "properties": { "block_id": 50, "area": 133639.6414986832, "dominant_landuse": "residential", "poi_count": 49, "amenity_count": 0, "building_count": 49, "leisure_count": 0 }, "geometry": { "type": "Polygon", "coordinates": [ [ [ 29.6337448, 60.2435567 ], [ 29.634612295712518, 60.243558999459175 ], [ 29.634612295713065, 60.243558999459189 ], [ 29.6346125, 60.243559 ], [ 29.634612704233742, 60.243559002379072 ], [ 29.634612704234499, 60.243559002379087 ], [ 29.6368719, 60.243585299999964 ], [ 29.6383894, 60.243566 ], [ 29.638441343022969, 60.243559057190311 ], [ 29.638753, 60.2435174 ], [ 29.6397839, 60.24336 ], [ 29.641195801641857, 60.243131893614056 ], [ 29.641195801641981, 60.243131893614056 ], [ 29.641197, 60.2431317 ], [ 29.641995893506881, 60.243050114590936 ], [ 29.6421341, 60.243036 ], [ 29.642158525012434, 60.243030500006633 ], [ 29.6422318, 60.243014 ], [ 29.642367040073879, 60.24297908005132 ], [ 29.6424572, 60.2429558 ], [ 29.6426294, 60.2428962 ], [ 29.643178846565615, 60.242059781344899 ], [ 29.6431789, 60.2420597 ], [ 29.643263262631404, 60.241934516791211 ], [ 29.643271899895147, 60.241921699945301 ], [ 29.642536267808453, 60.241537639820315 ], [ 29.642536267808325, 60.241537639820244 ], [ 29.642536, 60.241537499999943 ], [ 29.642535742026347, 60.24153735568143 ], [ 29.642535742026308, 60.241537355681409 ], [ 29.6418496, 60.2411535 ], [ 29.6400644, 60.2404586 ], [ 29.639752754309431, 60.240336278130677 ], [ 29.639741599977338, 60.240331899999326 ], [ 29.639386593811285, 60.240321623874898 ], [ 29.639254754995665, 60.240317807381807 ], [ 29.639254754995335, 60.240317807381771 ], [ 29.6392545, 60.2403178 ], [ 29.6383057, 60.240279599999987 ], [ 29.6372971, 60.240304599999988 ], [ 29.6369642, 60.2407801 ], [ 29.636963417719556, 60.240780522353141 ], [ 29.636963417719489, 60.240780522353191 ], [ 29.636712300000013, 60.2409161 ], [ 29.636275252069453, 60.241196681381084 ], [ 29.636275252069396, 60.241196681381112 ], [ 29.6362746, 60.2411971 ], [ 29.6358309, 60.2413918 ], [ 29.6344846, 60.2421882 ], [ 29.634267878762607, 60.24247199686117 ], [ 29.634267878762529, 60.242471996861248 ], [ 29.6342678, 60.2424721 ], [ 29.6339691, 60.2428412 ], [ 29.6337653, 60.2431198 ], [ 29.6335054, 60.2434823 ], [ 29.6334903, 60.2435556 ], [ 29.6337448, 60.2435567 ] ] ] } },
{ "type": "Feature", "properties": { "block_id": 51, "area": 32047.932426837779, "dominant_landuse": "residential", "poi_count": 18, "amenity_count": 0, "building_count": 18, "leisure_count": 0 }, "geometry": { "type": "Polygon", "coordinates": [ [ [ 29.6346037, 60.2439727 ], [ 29.6350086, 60.2441448 ], [ 29.6355153, 60.244308599999989 ], [ 29.6357964, 60.244383899999988 ], [ 29.635853856301313, 60.244392099967129 ], [ 29.636198600000011, 60.244441300000013 ], [ 29.636680928738617, 60.244497874349435 ], [ 29.636680928738649, 60.244497874349456 ], [ 29.636682, 60.244498 ], [ 29.6369289, 60.2446942 ], [ 29.636929550533647, 60.244694930737346 ], [ 29.637124701675607, 60.244914140246031 ], [ 29.6371252, 60.24491470000001 ], [ 29.637125572783969, 60.244915283395272 ], [ 29.637125572783976, 60.244915283395272 ], [ 29.637226377834093, 60.2450730393304 ], [ 29.6372263778341, 60.245073039330407 ], [ 29.6372268, 60.245073699999935 ], [ 29.637227055210388, 60.245074381492401 ], [ 29.6372726, 60.245196 ], [ 29.6377002, 60.245485800000012 ], [ 29.6380897, 60.2457396 ], [ 29.6386101, 60.245931499999983 ], [ 29.638610681615535, 60.245932014892695 ], [ 29.6390703, 60.2463389 ], [ 29.640276, 60.245940699999977 ], [ 29.6405544, 60.245839599999925 ], [ 29.640631, 60.2457154 ], [ 29.6390783, 60.2450052 ], [ 29.6387041, 60.245009 ], [ 29.638701277072684, 60.245008583077791 ], [ 29.638509120312879, 60.244980203000061 ], [ 29.638348523422735, 60.244956565353085 ], [ 29.638348523422689, 60.244956565353057 ], [ 29.6383474, 60.2449564 ], [ 29.638346781223529, 60.244955905416639 ], [ 29.638346781223504, 60.244955905416624 ], [ 29.6382054, 60.2448429 ], [ 29.637882124304369, 60.244657772052157 ], [ 29.6378813, 60.244657300000014 ], [ 29.637880832740272, 60.244656719658693 ], [ 29.637880832740258, 60.244656719658693 ], [ 29.6376086, 60.2443186 ], [ 29.6374675, 60.2442239 ], [ 29.637181574825895, 60.244116466284019 ], [ 29.63718157482586, 60.244116466284005 ], [ 29.6371806, 60.2441161 ], [ 29.6368959, 60.243908700000034 ], [ 29.6368719, 60.243585299999964 ], [ 29.6346125, 60.243559 ], [ 29.6337448, 60.2435567 ], [ 29.6339412, 60.243665100000015 ], [ 29.6346037, 60.2439727 ] ] ] } },
{ "type": "Feature", "properties": { "block_id": 52, "area": 17609.0514449976, "dominant_landuse": "residential", "poi_count": 10, "amenity_count": 0, "building_count": 10, "leisure_count": 0 }, "geometry": { "type": "Polygon", "coordinates": [ [ [ 29.6009456, 60.2463421 ], [ 29.6005009, 60.2461229 ], [ 29.600123800000016, 60.24589610000001 ], [ 29.5998395, 60.245733799999989 ], [ 29.5995954, 60.245620799999983 ], [ 29.5992464, 60.245498799999986 ], [ 29.5987129, 60.245661 ], [ 29.598711698333638, 60.245661072044051 ], [ 29.598711698333485, 60.245661072044065 ], [ 29.5976103, 60.2457271 ], [ 29.5976274, 60.2466285 ], [ 29.599338120743582, 60.246607405912563 ], [ 29.59933812074388, 60.246607405912563 ], [ 29.5993386, 60.2466074 ], [ 29.599339079329049, 60.246607404208589 ], [ 29.599339079329152, 60.246607404208603 ], [ 29.600261351759958, 60.246615498699427 ], [ 29.600261351760217, 60.246615498699441 ], [ 29.6002615, 60.2466155 ], [ 29.600594900720317, 60.246620602954508 ], [ 29.600914696519833, 60.246625496886324 ], [ 29.600914696520036, 60.246625496886345 ], [ 29.6009149, 60.2466255 ], [ 29.600915103333207, 60.246625504937462 ], [ 29.600915103333456, 60.246625504937477 ], [ 29.600972038229934, 60.24662688745331 ], [ 29.601405, 60.2466374 ], [ 29.6011982, 60.246503400000037 ], [ 29.6009456, 60.2463421 ] ] ] } },
{ "type": "Feature", "properties": { "block_id": 53, "area": 116994.17455610102, "dominant_landuse": "residential", "poi_count": 89, "amenity_count": 0, "building_count": 89, "leisure_count": 0 }, "geometry": { "type": "Polygon", "coordinates": [ [ [ 29.601198248663597, 60.246503431532695 ], [ 29.601198248664023, 60.246503431532958 ], [ 29.601285357043224, 60.246559875241601 ], [ 29.601405, 60.2466374 ], [ 29.601441912501635, 60.246653323853472 ], [ 29.601495421008718, 60.246676407087783 ], [ 29.6014961, 60.246676700000016 ], [ 29.6016676, 60.2467635 ], [ 29.6017607, 60.2467798 ], [ 29.601862979572051, 60.24678349926117 ], [ 29.601961, 60.246787 ], [ 29.6021319, 60.246667099999989 ], [ 29.602779299153312, 60.24627850050819 ], [ 29.60313836450193, 60.246062941378725 ], [ 29.603138364502058, 60.246062941378675 ], [ 29.6031386, 60.2460628 ], [ 29.6033059, 60.245968799999986 ], [ 29.603365544091002, 60.245931357256069 ], [ 29.6034773, 60.245861199999986 ], [ 29.6035602, 60.245792100000017 ], [ 29.6036076, 60.245731 ], [ 29.6036671, 60.2456303 ], [ 29.6037721, 60.2454724 ], [ 29.6038214, 60.2453111 ], [ 29.603895, 60.2451927 ], [ 29.6039974, 60.2450721 ], [ 29.60399809287129, 60.245071681847243 ], [ 29.603998092871304, 60.245071681847243 ], [ 29.60402378237335, 60.24505617804035 ], [ 29.6041114, 60.2450033 ], [ 29.604353, 60.2448949 ], [ 29.604601135158585, 60.244775966597366 ], [ 29.6046019, 60.2447756 ], [ 29.604602730763975, 60.244775270759739 ], [ 29.604969895374655, 60.244629758517931 ], [ 29.6049708, 60.2446294 ], [ 29.604971880465321, 60.244629194397348 ], [ 29.60497188046536, 60.244629194397348 ], [ 29.6054653, 60.2445353 ], [ 29.605589450030955, 60.244501250270424 ], [ 29.6059619, 60.244399100000045 ], [ 29.6062472, 60.2443133 ], [ 29.606465063345933, 60.244247812203113 ], [ 29.606467100000273, 60.24424719999989 ], [ 29.606850342457786, 60.244123982803686 ], [ 29.606850342458213, 60.244123982803529 ], [ 29.6068506, 60.2441239 ], [ 29.606850861973566, 60.244123820705852 ], [ 29.606850861973577, 60.244123820705852 ], [ 29.6071638, 60.2440291 ], [ 29.6070265, 60.2437406 ], [ 29.607026470662419, 60.243740534909605 ], [ 29.607026470662355, 60.243740534909477 ], [ 29.6064848, 60.2425387 ], [ 29.605392520763989, 60.242664474580302 ], [ 29.605392520763452, 60.242664474580351 ], [ 29.6053923, 60.242664499999982 ], [ 29.605392078254635, 60.242664523210777 ], [ 29.605392078254056, 60.242664523210841 ], [ 29.604154516084961, 60.242794056451281 ], [ 29.604154516084701, 60.242794056451309 ], [ 29.6041541, 60.2427941 ], [ 29.6029094, 60.2429002 ], [ 29.6016699, 60.24302740000001 ], [ 29.6004244, 60.243185199999985 ], [ 29.5995133, 60.243268199999982 ], [ 29.5997995, 60.2439559 ], [ 29.5997827, 60.2444804 ], [ 29.599829035073761, 60.244878042817255 ], [ 29.599829035073761, 60.24487804281727 ], [ 29.5998291, 60.2448786 ], [ 29.599818500809992, 60.244915706646111 ], [ 29.5997123, 60.245287500000011 ], [ 29.5995954, 60.245620799999983 ], [ 29.5998395, 60.245733799999989 ], [ 29.599840275128049, 60.245734242504895 ], [ 29.599840275128109, 60.245734242504952 ], [ 29.600071040451464, 60.245865981017936 ], [ 29.6001238, 60.24589610000001 ], [ 29.60012398498958, 60.245896211259691 ], [ 29.6005009, 60.2461229 ], [ 29.6009456, 60.2463421 ], [ 29.6011982, 60.246503400000037 ], [ 29.601198248663597, 60.246503431532695 ] ] ] } },
{ "type": "Feature", "properties": { "block_id": 54, "area": 27588.84763835475, "dominant_landuse": "residential", "poi_count": 21, "amenity_count": 0, "building_count": 21, "leisure_count": 0 }, "geometry": { "type": "Polygon", "coordinates": [ [ [ 29.601427774979573, 60.246647225006001 ], [ 29.601405, 60.2466374 ], [ 29.601241633299008, 60.246633433534718 ], [ 29.6009149, 60.2466255 ], [ 29.60062450015489, 60.246621055956034 ], [ 29.6002615, 60.2466155 ], [ 29.5993386, 60.2466074 ], [ 29.5992597, 60.2487549 ], [ 29.6014942, 60.248721 ], [ 29.6012633, 60.247486 ], [ 29.601263534337249, 60.24748544908681 ], [ 29.601263534337257, 60.247485449086788 ], [ 29.601433077758408, 60.247086857589458 ], [ 29.601433077758408, 60.247086857589458 ], [ 29.6014334, 60.247086099999983 ], [ 29.601433928778953, 60.247085371638128 ], [ 29.6016676, 60.2467635 ], [ 29.6014961, 60.246676700000016 ], [ 29.601427774979573, 60.246647225006001 ] ] ] } },
{ "type": "Feature", "properties": { "block_id": 55, "area": 24625.01009617421, "dominant_landuse": "residential", "poi_count": 20, "amenity_count": 0, "building_count": 20, "leisure_count": 0 }, "geometry": { "type": "Polygon", "coordinates": [ [ [ 29.6001833, 60.2507946 ], [ 29.600103479851089, 60.250666111458628 ], [ 29.6001031, 60.2506655 ], [ 29.600103154856722, 60.250664860638842 ], [ 29.600120457729364, 60.25046319267409 ], [ 29.6001205, 60.2504627 ], [ 29.600120799121495, 60.250462229824031 ], [ 29.600235313099354, 60.250282229298335 ], [ 29.600344823137771, 60.250110092386343 ], [ 29.6003452, 60.2501095 ], [ 29.600345706235405, 60.250108931935991 ], [ 29.600770688463204, 60.249632037380096 ], [ 29.6007709, 60.249631799999989 ], [ 29.600771133401743, 60.249631567737644 ], [ 29.6010994, 60.2493049 ], [ 29.6014126, 60.24897170000002 ], [ 29.6014669, 60.2488835 ], [ 29.6014942, 60.248721 ], [ 29.599259818705161, 60.248754898200097 ], [ 29.5992597, 60.2487549 ], [ 29.59925958126329, 60.248754901178948 ], [ 29.5986956, 60.248760499999989 ], [ 29.5986712, 60.249833099999982 ], [ 29.5989747, 60.250442199999966 ], [ 29.5991545, 60.250714299999984 ], [ 29.5994589, 60.2509465 ], [ 29.6001833, 60.2507946 ] ] ] } },
{ "type": "Feature", "properties": { "block_id": 56, "area": 43707.265466721023, "dominant_landuse": "residential", "poi_count": 30, "amenity_count": 0, "building_count": 30, "leisure_count": 0 }, "geometry": { "type": "Polygon", "coordinates": [ [ [ 29.6005503, 60.2511297 ], [ 29.600894343469818, 60.251301488181809 ], [ 29.6009915, 60.25135 ], [ 29.6009915, 60.25135 ], [ 29.600991500000031, 60.25135 ], [ 29.601113971805439, 60.251407171014463 ], [ 29.601273858869611, 60.251481807356186 ], [ 29.6012747, 60.2514822 ], [ 29.601275456139938, 60.25148263324779 ], [ 29.601396258033855, 60.251551849269426 ], [ 29.601618, 60.2516789 ], [ 29.601618761509492, 60.251679460355398 ], [ 29.601618761509517, 60.251679460355419 ], [ 29.601901797023398, 60.251887729891436 ], [ 29.601901797023416, 60.251887729891436 ], [ 29.6019023, 60.2518881 ], [ 29.601948491766425, 60.251937523255179 ], [ 29.602239338692485, 60.252248713425033 ], [ 29.602239338692517, 60.252248713425068 ], [ 29.6022397, 60.2522491 ], [ 29.6023736, 60.252478 ], [ 29.6031077, 60.252259 ], [ 29.6039861, 60.2519014 ], [ 29.604366, 60.2517052 ], [ 29.603705921614416, 60.251434866826962 ], [ 29.6026102, 60.2509861 ], [ 29.6021215, 60.2507228 ], [ 29.602053913794876, 60.250683836314089 ], [ 29.601919691424097, 60.25060645626251 ], [ 29.6019189, 60.250606 ], [ 29.601918689271706, 60.250605406755483 ], [ 29.601918689271692, 60.250605406755454 ], [ 29.601891513331896, 60.250528900577144 ], [ 29.6018913, 60.2505283 ], [ 29.601891484912194, 60.250527697099592 ], [ 29.601891484912194, 60.250527697099578 ], [ 29.601924548266304, 60.250419894726079 ], [ 29.6019247, 60.2504194 ], [ 29.602074, 60.2502025 ], [ 29.60207465851482, 60.250201840692874 ], [ 29.602074658514827, 60.250201840692853 ], [ 29.6030448, 60.2492305 ], [ 29.6031821, 60.2487197 ], [ 29.6022982, 60.2486979 ], [ 29.6014942, 60.248721 ], [ 29.6014669, 60.2488835 ], [ 29.601466547092713, 60.248884073232176 ], [ 29.601466547092706, 60.248884073232205 ], [ 29.60141306296752, 60.248970947999567 ], [ 29.601413062967502, 60.248970947999567 ], [ 29.6014126, 60.24897170000002 ], [ 29.601411930281262, 60.248972412492869 ], [ 29.601411930281252, 60.248972412492869 ], [ 29.601130802891248, 60.24927149214993 ], [ 29.6010994, 60.2493049 ], [ 29.6007709, 60.249631799999989 ], [ 29.6003452, 60.2501095 ], [ 29.6001205, 60.2504627 ], [ 29.6001031, 60.2506655 ], [ 29.6001833, 60.2507946 ], [ 29.6005503, 60.2511297 ] ] ] } },
{ "type": "Feature", "properties": { "block_id": 57, "area": 23381.82798192765, "dominant_landuse": "residential", "poi_count": 20, "amenity_count": 0, "building_count": 20, "leisure_count": 0 }, "geometry": { "type": "Polygon", "coordinates": [ [ [ 29.5970281, 60.2513588 ], [ 29.596379395044735, 60.251453513123145 ], [ 29.596379395044725, 60.251453513123145 ], [ 29.5963788, 60.2514536 ], [ 29.59637819625522, 60.251453670506116 ], [ 29.596378196255021, 60.251453670506116 ], [ 29.5958299, 60.251517699999923 ], [ 29.5955867, 60.2519836 ], [ 29.595261200102676, 60.252738099762006 ], [ 29.5952458, 60.2527738 ], [ 29.5950314, 60.253381699999984 ], [ 29.595607406527737, 60.253298442420018 ], [ 29.595607406528174, 60.253298442419961 ], [ 29.5956077, 60.2532984 ], [ 29.595607995674577, 60.253298361543862 ], [ 29.595607995674978, 60.253298361543806 ], [ 29.5966833, 60.2531585 ], [ 29.598103, 60.2529399 ], [ 29.5970281, 60.2513588 ] ] ] } },
{ "type": "Feature", "properties": { "block_id": 58, "area": 59179.409533732025, "dominant_landuse": "residential", "poi_count": 39, "amenity_count": 0, "building_count": 39, "leisure_count": 0 }, "geometry": { "type": "Polygon", "coordinates": [ [ [ 29.597902, 60.2512015 ], [ 29.59758536491125, 60.250695523330009 ], [ 29.59758536491125, 60.250695523330009 ], [ 29.5975851, 60.2506951 ], [ 29.597578548211555, 60.250680709082161 ], [ 29.597355372958138, 60.250190499568255 ], [ 29.59735537295813, 60.250190499568227 ], [ 29.5973551, 60.2501899 ], [ 29.597354960552167, 60.250189289193543 ], [ 29.597354960552167, 60.250189289193543 ], [ 29.5972762, 60.2498443 ], [ 29.59688, 60.2487774 ], [ 29.596686060757822, 60.248737696687613 ], [ 29.596686060757715, 60.248737696687598 ], [ 29.5966851, 60.2487375 ], [ 29.596684569510099, 60.248737055912521 ], [ 29.596684569510078, 60.248737055912493 ], [ 29.596300012385644, 60.248415128941971 ], [ 29.596300012385637, 60.248415128941964 ], [ 29.5962995, 60.2484147 ], [ 29.596299320115488, 60.248414209222517 ], [ 29.596222121596455, 60.248203587698299 ], [ 29.596079, 60.2478131 ], [ 29.596073677157804, 60.247680507024519 ], [ 29.596060027563741, 60.247340486640333 ], [ 29.59606, 60.2473398 ], [ 29.596060141260409, 60.247339116821983 ], [ 29.596060141260409, 60.247339116821983 ], [ 29.5962067, 60.2466303 ], [ 29.5949802, 60.246682 ], [ 29.5943843, 60.2466898 ], [ 29.594534895208692, 60.247494174408828 ], [ 29.594534895208696, 60.247494174408907 ], [ 29.5945349, 60.247494199999963 ], [ 29.594691003960435, 60.24834917401062 ], [ 29.594691100000212, 60.248349700000716 ], [ 29.5948414, 60.2488827 ], [ 29.594841453685902, 60.24888303717475 ], [ 29.594841453685902, 60.24888303717475 ], [ 29.59494805723687, 60.249552546775199 ], [ 29.5949716, 60.2497004 ], [ 29.594971617572224, 60.249700630050761 ], [ 29.594971617572231, 60.249700630050775 ], [ 29.5950406, 60.250603699999985 ], [ 29.5952231, 60.2513511 ], [ 29.5956629, 60.251451599999989 ], [ 29.595663966919734, 60.251452022297286 ], [ 29.5958299, 60.251517699999923 ], [ 29.5963788, 60.2514536 ], [ 29.5970281, 60.2513588 ], [ 29.597902, 60.2512015 ] ] ] } },
{ "type": "Feature", "properties": { "block_id": 59, "area": 20794.753839637749, "dominant_landuse": "residential", "poi_count": 14, "amenity_count": 0, "building_count": 14, "leisure_count": 0 }, "geometry": { "type": "Polygon", "coordinates": [ [ [ 29.6174539, 60.2513294 ], [ 29.6160066, 60.2506909 ], [ 29.614708, 60.2515273 ], [ 29.616009934855892, 60.25202528384122 ], [ 29.616009934856038, 60.252025283841284 ], [ 29.6160105, 60.2520255 ], [ 29.6172445, 60.2525624 ], [ 29.6177502, 60.2522775 ], [ 29.617750392821581, 60.252277396715392 ], [ 29.617750392821847, 60.252277396715257 ], [ 29.618037518345055, 60.252123597304482 ], [ 29.618037518345378, 60.252123597304291 ], [ 29.6180377, 60.252123499999932 ], [ 29.618037886235431, 60.252123404858622 ], [ 29.618037886235534, 60.252123404858573 ], [ 29.618551562760214, 60.251860981965741 ], [ 29.6174539, 60.2513294 ] ] ] } },
{ "type": "Feature", "properties": { "block_id": 60, "area": 24907.424715497622, "dominant_landuse": "residential", "poi_count": 18, "amenity_count": 0, "building_count": 18, "leisure_count": 0 }, "geometry": { "type": "Polygon", "coordinates": [ [ [ 29.6185516, 60.251861 ], [ 29.6186637, 60.2518076 ], [ 29.618689006064063, 60.251796056907068 ], [ 29.618783336599616, 60.251753028919538 ], [ 29.61878333660027, 60.251753028919261 ], [ 29.6187834, 60.251753 ], [ 29.61922349048448, 60.251553785376096 ], [ 29.619223900008919, 60.251553599995738 ], [ 29.6196288, 60.251361 ], [ 29.6200695, 60.251113 ], [ 29.6203127, 60.250965799999989 ], [ 29.6174373, 60.249919700000014 ], [ 29.6163904, 60.2504841 ], [ 29.616256047426841, 60.250556518373536 ], [ 29.616252004232077, 60.250558697718816 ], [ 29.616252004222286, 60.250558697724095 ], [ 29.616252, 60.2505587 ], [ 29.616039167783573, 60.250673355421014 ], [ 29.616006600000194, 60.25069090000008 ], [ 29.6174539, 60.2513294 ], [ 29.6185516, 60.251861 ] ] ] } },
{ "type": "Feature", "properties": { "block_id": 61, "area": 21234.424038994846, "dominant_landuse": "residential", "poi_count": 29, "amenity_count": 0, "building_count": 29, "leisure_count": 0 }, "geometry": { "type": "Polygon", "coordinates": [ [ [ 29.618539, 60.2518674 ], [ 29.61834732882463, 60.251965320076607 ], [ 29.6180377, 60.252123499999932 ], [ 29.618126546998393, 60.252129782117976 ], [ 29.618145535526413, 60.252131124734611 ], [ 29.618145535526494, 60.252131124734618 ], [ 29.6181466, 60.252131199999965 ], [ 29.6199806, 60.253545699999989 ], [ 29.6208742, 60.2532419 ], [ 29.6218117, 60.252879399999983 ], [ 29.6192911, 60.251580299999951 ], [ 29.6192239, 60.2515536 ], [ 29.618783400000272, 60.251752999999887 ], [ 29.618663699999942, 60.251807600000028 ], [ 29.618610237296465, 60.251833067547722 ], [ 29.618551600000053, 60.251861 ], [ 29.618544877061154, 60.251864414826535 ], [ 29.618539, 60.2518674 ] ] ] } },
{ "type": "Feature", "properties": { "block_id": 62, "area": 50401.147813521384, "dominant_landuse": "residential", "poi_count": 41, "amenity_count": 1, "building_count": 40, "leisure_count": 0 }, "geometry": { "type": "Polygon", "coordinates": [ [ [ 29.6046019, 60.2447756 ], [ 29.606016513994774, 60.24534906513572 ], [ 29.6060166, 60.2453491 ], [ 29.6083007, 60.246284299999985 ], [ 29.6094088, 60.245633 ], [ 29.6108772, 60.2447427 ], [ 29.610369860882578, 60.244532866541171 ], [ 29.6103697, 60.2445328 ], [ 29.610369541627271, 60.244532731987356 ], [ 29.610051196814908, 60.244396018883698 ], [ 29.609866651394999, 60.244316765017508 ], [ 29.6098665, 60.2443167 ], [ 29.609866350947158, 60.244316633658549 ], [ 29.6095223, 60.2441635 ], [ 29.6089139, 60.2439108 ], [ 29.6084601, 60.2437279 ], [ 29.6083415, 60.243692099999983 ], [ 29.6073999, 60.2439577 ], [ 29.607163807681939, 60.244029097676879 ], [ 29.6071638, 60.2440291 ], [ 29.6068506, 60.2441239 ], [ 29.606467386558339, 60.244247107868681 ], [ 29.6064671, 60.2442472 ], [ 29.606466807969561, 60.244247287782166 ], [ 29.606462754115089, 60.244248506340753 ], [ 29.606247204166539, 60.244313298747578 ], [ 29.6062472, 60.2443133 ], [ 29.605963245717263, 60.244398695296773 ], [ 29.605962285250516, 60.244398984142016 ], [ 29.6059619, 60.244399100000045 ], [ 29.605961505760952, 60.24439920812717 ], [ 29.605818391762718, 60.244438459592665 ], [ 29.605466669750349, 60.2445349243295 ], [ 29.6054653, 60.2445353 ], [ 29.60546383900375, 60.244535578021171 ], [ 29.6049708, 60.2446294 ], [ 29.6046019, 60.2447756 ] ] ] } },
{ "type": "Feature", "properties": { "block_id": 63, "area": 2489.4300889483911, "dominant_landuse": null, "poi_count": 0, "amenity_count": 0, "building_count": 0, "leisure_count": 0 }, "geometry": { "type": "Polygon", "coordinates": [ [ [ 29.583455, 60.255794100000038 ], [ 29.583468190281927, 60.255785055589982 ], [ 29.5835689, 60.255716 ], [ 29.583201006212395, 60.255640580986203 ], [ 29.5826538, 60.255528399999982 ], [ 29.58239652812162, 60.255447148706175 ], [ 29.581999596396816, 60.255321788427054 ], [ 29.581974086340825, 60.255339759033532 ], [ 29.5819733, 60.2553404 ], [ 29.5818237, 60.255432099999929 ], [ 29.5830325, 60.2559557 ], [ 29.583053822288232, 60.255962180715073 ], [ 29.5831924, 60.256004299999987 ], [ 29.583346816941607, 60.255880696268584 ], [ 29.583455, 60.255794100000038 ] ] ] } },
{ "type": "Feature", "properties": { "block_id": 64, "area": 52170.421515627277, "dominant_landuse": "residential", "poi_count": 36, "amenity_count": 0, "building_count": 36, "leisure_count": 0 }, "geometry": { "type": "Polygon", "coordinates": [ [ [ 29.5812366, 60.2550095 ], [ 29.5812999, 60.2549625 ], [ 29.581300678024029, 60.254962038287218 ], [ 29.581300678024061, 60.254962038287196 ], [ 29.5814433, 60.254877399999984 ], [ 29.581799464532359, 60.254612372865189 ], [ 29.581799464532402, 60.254612372865161 ], [ 29.5818001, 60.254611899999986 ], [ 29.5819335, 60.254531599999986 ], [ 29.5823939, 60.254243 ], [ 29.5795732, 60.2527963 ], [ 29.579572946757377, 60.25279616111002 ], [ 29.579572946757231, 60.252796161109949 ], [ 29.5787436, 60.252341299999983 ], [ 29.5771924, 60.2515431 ], [ 29.5765177, 60.2519801 ], [ 29.57578443568228, 60.252520481777339 ], [ 29.575759109101412, 60.252539145905267 ], [ 29.5757589, 60.2525393 ], [ 29.5757107, 60.2525724 ], [ 29.5756798, 60.2525913 ], [ 29.5773956, 60.253365199999983 ], [ 29.5782864, 60.2537597 ], [ 29.579175371525483, 60.254156198098066 ], [ 29.579175600004561, 60.254156300001981 ], [ 29.580517798565687, 60.254741599374547 ], [ 29.580749, 60.2548424 ], [ 29.580999, 60.254950799999953 ], [ 29.581212043313926, 60.255030357284134 ], [ 29.581235995677467, 60.255010088063152 ], [ 29.5812366, 60.2550095 ] ] ] } },
{ "type": "Feature", "properties": { "block_id": 65, "area": 34243.543474802071, "dominant_landuse": "residential", "poi_count": 36, "amenity_count": 1, "building_count": 36, "leisure_count": 0 }, "geometry": { "type": "Polygon", "coordinates": [ [ [ 29.5823939, 60.254243 ], [ 29.58321, 60.2537178 ], [ 29.582529707340136, 60.25337011262593 ], [ 29.582529707340125, 60.25337011262593 ], [ 29.5825289, 60.2533697 ], [ 29.5823002, 60.25294 ], [ 29.5821905, 60.2528763 ], [ 29.583559, 60.2521071 ], [ 29.5838581, 60.251933599999987 ], [ 29.5826547, 60.251483 ], [ 29.5822584, 60.251363399999939 ], [ 29.5820111, 60.251480199999989 ], [ 29.5795732, 60.2527963 ], [ 29.5823939, 60.254243 ] ] ] } },
{ "type": "Feature", "properties": { "block_id": 66, "area": 27140.932112974966, "dominant_landuse": "residential", "poi_count": 9, "amenity_count": 0, "building_count": 9, "leisure_count": 0 }, "geometry": { "type": "Polygon", "coordinates": [ [ [ 29.5839239, 60.2532849 ], [ 29.583924016236516, 60.253284831761995 ], [ 29.5839240162374, 60.253284831761462 ], [ 29.584372400000891, 60.253021599999471 ], [ 29.584857752138689, 60.25273190763059 ], [ 29.584857752138809, 60.252731907630526 ], [ 29.5848581, 60.2527317 ], [ 29.5865143, 60.251834699999989 ], [ 29.5851886, 60.251227 ], [ 29.58484768438942, 60.251408057108193 ], [ 29.583858100000029, 60.251933599999965 ], [ 29.583675402882523, 60.252039578062302 ], [ 29.583559, 60.2521071 ], [ 29.583558883435153, 60.252107165520329 ], [ 29.583558883434943, 60.252107165520442 ], [ 29.5821905, 60.2528763 ], [ 29.582299540256948, 60.252939616905003 ], [ 29.582299540257019, 60.252939616905053 ], [ 29.5823002, 60.25294 ], [ 29.5825289, 60.2533697 ], [ 29.58321, 60.253717799999968 ], [ 29.583923785965812, 60.253284969150116 ], [ 29.583923785966029, 60.253284969149973 ], [ 29.5839239, 60.2532849 ] ] ] } },
{ "type": "Feature", "properties": { "block_id": 67, "area": 14027.538555474248, "dominant_landuse": "residential", "poi_count": 11, "amenity_count": 0, "building_count": 11, "leisure_count": 0 }, "geometry": { "type": "Polygon", "coordinates": [ [ [ 29.5795732, 60.2527963 ], [ 29.5820111, 60.251480199999989 ], [ 29.5808927, 60.2510565 ], [ 29.5787436, 60.252341299999983 ], [ 29.5795732, 60.2527963 ] ] ] } },
{ "type": "Feature", "properties": { "block_id": 68, "area": 23694.654122372558, "dominant_landuse": "residential", "poi_count": 18, "amenity_count": 0, "building_count": 18, "leisure_count": 0 }, "geometry": { "type": "Polygon", "coordinates": [ [ [ 29.5827219, 60.2500584 ], [ 29.5826143, 60.250134699999983 ], [ 29.582613566855834, 60.250135123203997 ], [ 29.582613566855787, 60.250135123204018 ], [ 29.582219462965281, 60.250362615657615 ], [ 29.581785, 60.2506134 ], [ 29.581784401417409, 60.250613697251261 ], [ 29.58178440141732, 60.25061369725131 ], [ 29.5808927, 60.2510565 ], [ 29.5820111, 60.251480199999989 ], [ 29.582257578019057, 60.251363788224388 ], [ 29.582257578019114, 60.25136378822436 ], [ 29.5822584, 60.251363399999939 ], [ 29.58225936923397, 60.251363692509145 ], [ 29.582259369234084, 60.25136369250918 ], [ 29.58251313129853, 60.251440275996742 ], [ 29.5826547, 60.251483 ], [ 29.5838581, 60.251933599999987 ], [ 29.5851886, 60.251227 ], [ 29.5827219, 60.2500584 ] ] ] } },
{ "type": "Feature", "properties": { "block_id": 69, "area": 20331.632939056162, "dominant_landuse": "residential", "poi_count": 17, "amenity_count": 0, "building_count": 17, "leisure_count": 0 }, "geometry": { "type": "Polygon", "coordinates": [ [ [ 29.59121636819448, 60.256894696051667 ], [ 29.5912161, 60.256895299999982 ], [ 29.591215699760379, 60.25689588562566 ], [ 29.591175561020325, 60.256954616023627 ], [ 29.590956919852495, 60.257274524637545 ], [ 29.5909568, 60.2572747 ], [ 29.5909566685662, 60.257274873301284 ], [ 29.5902689, 60.2581817 ], [ 29.5901346, 60.2585453 ], [ 29.5911758, 60.2587564 ], [ 29.5921816, 60.258820299999989 ], [ 29.5923961, 60.2582958 ], [ 29.592445, 60.2580577 ], [ 29.592424501734239, 60.257553742637775 ], [ 29.5924245, 60.25755370000001 ], [ 29.592421722761639, 60.257469589274642 ], [ 29.5924217, 60.2574689 ], [ 29.59242184737494, 60.257468214512059 ], [ 29.592491343460111, 60.257144962990012 ], [ 29.5924914, 60.2571447 ], [ 29.59249148141566, 60.257144438626085 ], [ 29.5925261, 60.257033299999982 ], [ 29.591418707909313, 60.256863401213515 ], [ 29.5914187, 60.2568634 ], [ 29.5912423, 60.2568363 ], [ 29.59121636819448, 60.256894696051667 ] ] ] } },
{ "type": "Feature", "properties": { "block_id": 70, "area": 34010.872012061445, "dominant_landuse": "retail", "poi_count": 18, "amenity_count": 6, "building_count": 13, "leisure_count": 0 }, "geometry": { "type": "Polygon", "coordinates": [ [ [ 29.5743372, 60.249892199999984 ], [ 29.574207782918844, 60.249977074031968 ], [ 29.5740853, 60.2500574 ], [ 29.573912546387859, 60.25016956093139 ], [ 29.573911099978083, 60.25017050001783 ], [ 29.5737872, 60.250271399999939 ], [ 29.5736088, 60.250450199999989 ], [ 29.5734664, 60.2506262 ], [ 29.5733429, 60.250831 ], [ 29.573309, 60.2509557 ], [ 29.5733339, 60.2510855 ], [ 29.5733866, 60.251229399999986 ], [ 29.5734553, 60.251343699999985 ], [ 29.573500495370254, 60.251397794458647 ], [ 29.573582, 60.2514952 ], [ 29.5738242, 60.2516914 ], [ 29.5741474, 60.2518939 ], [ 29.5743428, 60.2519931 ], [ 29.5746507, 60.252132899999957 ], [ 29.5753301, 60.2524295 ], [ 29.57533033892156, 60.252429610545654 ], [ 29.575330338921567, 60.252429610545654 ], [ 29.575338321400615, 60.25243330392572 ], [ 29.5756798, 60.2525913 ], [ 29.5757107, 60.2525724 ], [ 29.575738949085999, 60.252553000741528 ], [ 29.575758899999968, 60.252539300000016 ], [ 29.57578443568228, 60.252520481777339 ], [ 29.576517313783334, 60.251980384629462 ], [ 29.57651731378337, 60.251980384629434 ], [ 29.5765177, 60.2519801 ], [ 29.5771924, 60.2515431 ], [ 29.576104189318905, 60.250936616981392 ], [ 29.5761038, 60.2509364 ], [ 29.57610343381462, 60.250936173287727 ], [ 29.5755653, 60.250603 ], [ 29.5747569, 60.2501097 ], [ 29.574490306381147, 60.249971503307883 ], [ 29.574337263990063, 60.249892233144514 ], [ 29.5743372, 60.249892199999984 ] ] ] } },
{ "type": "Feature", "properties": { "block_id": 71, "area": 16601.52862382929, "dominant_landuse": "residential", "poi_count": 16, "amenity_count": 1, "building_count": 15, "leisure_count": 0 }, "geometry": { "type": "Polygon", "coordinates": [ [ [ 29.6078163, 60.2529026 ], [ 29.6076782, 60.2521964 ], [ 29.6058504, 60.2522643 ], [ 29.6060522, 60.253715200000023 ], [ 29.606571098005027, 60.253691200092277 ], [ 29.606571098014587, 60.253691200091843 ], [ 29.6079123, 60.2536291 ], [ 29.6078163, 60.2529026 ] ] ] } },
{ "type": "Feature", "properties": { "block_id": 72, "area": 20646.201941491188, "dominant_landuse": "residential", "poi_count": 13, "amenity_count": 0, "building_count": 13, "leisure_count": 0 }, "geometry": { "type": "Polygon", "coordinates": [ [ [ 29.6244118, 60.2460545 ], [ 29.624411012752429, 60.246054865851612 ], [ 29.624411012752397, 60.24605486585164 ], [ 29.6237387, 60.24636730000001 ], [ 29.624051054890003, 60.246478921913287 ], [ 29.6250601, 60.2468395 ], [ 29.625531633469386, 60.247019152920714 ], [ 29.625720271339638, 60.247091022387558 ], [ 29.62572027133967, 60.247091022387586 ], [ 29.625721, 60.2470913 ], [ 29.625721680880282, 60.247091606120584 ], [ 29.625721680880286, 60.247091606120584 ], [ 29.62618446195015, 60.247299668183075 ], [ 29.626184461950228, 60.247299668183125 ], [ 29.6261852, 60.2473 ], [ 29.6264516, 60.24747090000001 ], [ 29.626925, 60.2473449 ], [ 29.6271386, 60.2472731 ], [ 29.6273311, 60.2471976 ], [ 29.6274575222638, 60.247127775600248 ], [ 29.6274955, 60.247106799999983 ], [ 29.627543253033018, 60.247077487859897 ], [ 29.627554671693513, 60.247070478758204 ], [ 29.6275548, 60.2470704 ], [ 29.627607447535219, 60.247039251047966 ], [ 29.627665, 60.2470052 ], [ 29.6277296, 60.246938299999975 ], [ 29.6278085, 60.2468395 ], [ 29.6278612, 60.2467507 ], [ 29.625793899999771, 60.246018599999893 ], [ 29.625399732426175, 60.245880346448637 ], [ 29.625399732425684, 60.245880346448459 ], [ 29.6253996, 60.2458803 ], [ 29.6248528, 60.2456826 ], [ 29.62441234726154, 60.246054038494599 ], [ 29.624412347261522, 60.246054038494599 ], [ 29.6244118, 60.2460545 ] ] ] } },
{ "type": "Feature", "properties": { "block_id": 73, "area": 27971.260888901088, "dominant_landuse": "residential", "poi_count": 5, "amenity_count": 0, "building_count": 5, "leisure_count": 0 }, "geometry": { "type": "Polygon", "coordinates": [ [ [ 29.6276111, 60.257164599999989 ], [ 29.6271881, 60.2578986 ], [ 29.6270693, 60.2581694 ], [ 29.626999, 60.258559599999984 ], [ 29.6309504, 60.25843110000001 ], [ 29.6307419, 60.2573364 ], [ 29.6277625, 60.2571479 ], [ 29.6276111, 60.257164599999989 ] ] ] } },
{ "type": "Feature", "properties": { "block_id": 74, "area": 31799.469137167285, "dominant_landuse": "residential", "poi_count": 23, "amenity_count": 0, "building_count": 23, "leisure_count": 0 }, "geometry": { "type": "Polygon", "coordinates": [ [ [ 29.626999, 60.258559599999984 ], [ 29.6270397, 60.258678299999985 ], [ 29.627178698160549, 60.259060494942183 ], [ 29.6271787, 60.259060499999983 ], [ 29.6271985, 60.2591148 ], [ 29.6273026, 60.259234099999986 ], [ 29.6275027, 60.2594178 ], [ 29.6277507, 60.259568799999961 ], [ 29.629854104908279, 60.259249850899707 ], [ 29.6298551, 60.2592497 ], [ 29.62985614019512, 60.259249689757723 ], [ 29.631055166144112, 60.259237878146713 ], [ 29.631285327820937, 60.259235609583016 ], [ 29.6312863, 60.2592356 ], [ 29.631287261102951, 60.259235673341102 ], [ 29.6320595, 60.2592946 ], [ 29.632428738643206, 60.259303978124017 ], [ 29.6324296, 60.259304 ], [ 29.632430444626952, 60.259304086748628 ], [ 29.632513730650885, 60.259312640729782 ], [ 29.632609549141428, 60.259322481801128 ], [ 29.6326107, 60.2593226 ], [ 29.632611722173873, 60.259322888123698 ], [ 29.632880910753567, 60.259398764786987 ], [ 29.6328821, 60.2593991 ], [ 29.632883092814993, 60.259399567116752 ], [ 29.6330719, 60.2594884 ], [ 29.633152729351298, 60.259519919172327 ], [ 29.633163854300374, 60.259383958508032 ], [ 29.6331639, 60.2593834 ], [ 29.633164806534477, 60.259383069034975 ], [ 29.6334515, 60.2592784 ], [ 29.6334961, 60.2591767 ], [ 29.633189295979548, 60.258987030265807 ], [ 29.6331886, 60.2589866 ], [ 29.633187992429445, 60.258986137848247 ], [ 29.6330549, 60.258884899999984 ], [ 29.632877614791777, 60.258785158408095 ], [ 29.6328768, 60.2587847 ], [ 29.632876324656742, 60.258784135845019 ], [ 29.632705, 60.258580799999983 ], [ 29.632647708432856, 60.258543205533606 ], [ 29.6326477, 60.2585432 ], [ 29.632534054811583, 60.258468530240492 ], [ 29.6325334, 60.258468099999966 ], [ 29.63253332328232, 60.25846756192167 ], [ 29.632523252601413, 60.258396928560785 ], [ 29.631856440256101, 60.258413796452359 ], [ 29.6318563, 60.258413799999985 ], [ 29.631856159665862, 60.25841380268043 ], [ 29.6309504, 60.25843110000001 ], [ 29.626999, 60.258559599999984 ] ] ] } },
{ "type": "Feature", "properties": { "block_id": 75, "area": 84066.563129401518, "dominant_landuse": "residential", "poi_count": 74, "amenity_count": 1, "building_count": 73, "leisure_count": 0 }, "geometry": { "type": "Polygon", "coordinates": [ [ [ 29.6257707, 60.257410799999988 ], [ 29.6245155, 60.256784 ], [ 29.6241256, 60.256564899999987 ], [ 29.623475, 60.2560841 ], [ 29.622981867271879, 60.255810736205028 ], [ 29.622981867271864, 60.255810736205007 ], [ 29.6229809, 60.255810200000013 ], [ 29.6217407, 60.2549142 ], [ 29.6208678, 60.2554323 ], [ 29.6206553, 60.2555889 ], [ 29.6198662, 60.2563819 ], [ 29.620903402116806, 60.256477091017025 ], [ 29.620903402117978, 60.256477091017125 ], [ 29.6209035, 60.256477100000019 ], [ 29.6218425, 60.2565654 ], [ 29.622256, 60.2566352 ], [ 29.622256767096651, 60.256635618200704 ], [ 29.622256767096683, 60.256635618200733 ], [ 29.622415760959264, 60.256722297097681 ], [ 29.622415760959314, 60.25672229709771 ], [ 29.6224165, 60.2567227 ], [ 29.622546024764986, 60.256808790320264 ], [ 29.622565500916313, 60.256821735346982 ], [ 29.6225662, 60.2568222 ], [ 29.6225721, 60.2569574 ], [ 29.6225263, 60.2570136 ], [ 29.622235290740466, 60.257192894816654 ], [ 29.621802444109175, 60.257459572824509 ], [ 29.621802444108067, 60.257459572825198 ], [ 29.6218024, 60.2574596 ], [ 29.6213246, 60.2577521 ], [ 29.62132417980883, 60.257752329959466 ], [ 29.62132417980871, 60.257752329959544 ], [ 29.6212696, 60.2577822 ], [ 29.6211649, 60.2578494 ], [ 29.622890726495626, 60.258480200036217 ], [ 29.62289072649591, 60.258480200036331 ], [ 29.622891, 60.2584803 ], [ 29.622891267332136, 60.258480404004757 ], [ 29.622891267332378, 60.258480404004828 ], [ 29.623786109507844, 60.25882853281751 ], [ 29.6240531, 60.2589324 ], [ 29.6249223, 60.259219399999985 ], [ 29.6251594, 60.2592906 ], [ 29.625459716222966, 60.259386324734535 ], [ 29.62610059999998, 60.2595906 ], [ 29.626127993289916, 60.259577126672767 ], [ 29.6261374, 60.2595725 ], [ 29.626243, 60.2594791 ], [ 29.626244074191472, 60.259479044989725 ], [ 29.626666535998371, 60.259457409675605 ], [ 29.627313, 60.2594243 ], [ 29.627313492285598, 60.259424285541044 ], [ 29.627313492285928, 60.25942428554103 ], [ 29.627459400000181, 60.25942 ], [ 29.6275027, 60.2594178 ], [ 29.627468475300407, 60.25938638049324 ], [ 29.6273026, 60.259234099999986 ], [ 29.62730220926024, 60.259233652208763 ], [ 29.627199016388793, 60.259115391790885 ], [ 29.6271985, 60.2591148 ], [ 29.627181599747484, 60.259068452349631 ], [ 29.627178701844262, 60.259060505057711 ], [ 29.627178701844205, 60.259060505057555 ], [ 29.6271787, 60.259060499999983 ], [ 29.6270397, 60.258678299999985 ], [ 29.626999, 60.258559599999984 ], [ 29.6257707, 60.257410799999988 ] ] ] } },
{ "type": "Feature", "properties": { "block_id": 76, "area": 27583.32343548779, "dominant_landuse": "residential", "poi_count": 26, "amenity_count": 0, "building_count": 26, "leisure_count": 0 }, "geometry": { "type": "Polygon", "coordinates": [ [ [ 29.625771220285259, 60.257411286630258 ], [ 29.626999, 60.258559599999984 ], [ 29.627069173759406, 60.258170100705897 ], [ 29.6270693, 60.2581694 ], [ 29.627069601549561, 60.258168712635069 ], [ 29.627187945420769, 60.257898952360271 ], [ 29.6271881, 60.2578986 ], [ 29.627188299805148, 60.257898253301093 ], [ 29.627611015406785, 60.257164746791581 ], [ 29.6276111, 60.257164599999989 ], [ 29.627611192600323, 60.257164454406663 ], [ 29.6278096, 60.256852499999987 ], [ 29.6282463, 60.256152699999966 ], [ 29.6276755, 60.2560014 ], [ 29.6267142, 60.256078 ], [ 29.6260104, 60.2561717 ], [ 29.6253581, 60.2563761 ], [ 29.624826, 60.256589 ], [ 29.6245155, 60.256784 ], [ 29.625769917789341, 60.257410409404478 ], [ 29.6257707, 60.257410799999988 ], [ 29.625771220285259, 60.257411286630258 ] ] ] } },
{ "type": "Feature", "properties": { "block_id": 77, "area": 45268.363311609573, "dominant_landuse": "residential", "poi_count": 21, "amenity_count": 0, "building_count": 21, "leisure_count": 0 }, "geometry": { "type": "Polygon", "coordinates": [ [ [ 29.6281326, 60.2600346 ], [ 29.6284184, 60.2603425 ], [ 29.629018773510339, 60.260705040539889 ], [ 29.6290197, 60.2607056 ], [ 29.629020473830519, 60.260706214068286 ], [ 29.629148369441296, 60.260807704434569 ], [ 29.629338227713937, 60.260958363286036 ], [ 29.6293384, 60.2609585 ], [ 29.629338564305218, 60.260958639118215 ], [ 29.629910968062092, 60.261443288291289 ], [ 29.6299111, 60.2614434 ], [ 29.629911226713009, 60.261443513192397 ], [ 29.629938345964, 60.261467738727212 ], [ 29.6301527, 60.2614293 ], [ 29.630481502353938, 60.26127856567107 ], [ 29.6304823, 60.2612782 ], [ 29.63048337752981, 60.261278264389261 ], [ 29.6308739, 60.26130160000001 ], [ 29.631696443844934, 60.260881288594526 ], [ 29.6316974, 60.26088080000001 ], [ 29.631698564573174, 60.260880439996747 ], [ 29.631781131033563, 60.260854916270617 ], [ 29.631926371632296, 60.260810017901306 ], [ 29.6319274, 60.26080970000001 ], [ 29.631928610899447, 60.260809687750815 ], [ 29.6322437, 60.260806500000037 ], [ 29.6323181, 60.2606137 ], [ 29.632232916075488, 60.260394256638662 ], [ 29.6322327, 60.2603937 ], [ 29.632232713128968, 60.26039313313926 ], [ 29.632234143682421, 60.260331367019347 ], [ 29.632237787446293, 60.26017404202647 ], [ 29.6322378, 60.2601735 ], [ 29.632238884291979, 60.260173440332558 ], [ 29.6324068, 60.2601642 ], [ 29.6324964, 60.2600936 ], [ 29.632459072416083, 60.259966387596421 ], [ 29.6324589, 60.2599658 ], [ 29.632459462552145, 60.259965276096707 ], [ 29.632625867256742, 60.259810303016941 ], [ 29.6326263, 60.2598099 ], [ 29.632626858494216, 60.259809537168294 ], [ 29.632955087766575, 60.259596297750598 ], [ 29.6329557, 60.2595959 ], [ 29.63295650217583, 60.259595596893675 ], [ 29.6331526, 60.2595215 ], [ 29.633152729351298, 60.259519919172327 ], [ 29.633105656050809, 60.259501563088087 ], [ 29.633072723787244, 60.259488721234007 ], [ 29.6330719, 60.2594884 ], [ 29.633071139613453, 60.259488042243241 ], [ 29.6328821, 60.2593991 ], [ 29.6326107, 60.2593226 ], [ 29.6324296, 60.259304 ], [ 29.632060642464126, 60.259294629018491 ], [ 29.6320595, 60.2592946 ], [ 29.632058369297795, 60.259294513723788 ], [ 29.6312863, 60.2592356 ], [ 29.6298551, 60.2592497 ], [ 29.6277507, 60.259568799999961 ], [ 29.6281326, 60.2600346 ] ] ] } },
{ "type": "Feature", "properties": { "block_id": 78, "area": 11130.705062697614, "dominant_landuse": "residential", "poi_count": 4, "amenity_count": 0, "building_count": 3, "leisure_count": 1 }, "geometry": { "type": "Polygon", "coordinates": [ [ [ 29.625756, 60.247674399999987 ], [ 29.6254546, 60.2477708 ], [ 29.625256400408194, 60.247834899867968 ], [ 29.625042969995953, 60.247903928215251 ], [ 29.62498060000005, 60.247924099999963 ], [ 29.625099541136482, 60.247937282643122 ], [ 29.625099541136532, 60.247937282643115 ], [ 29.6251006, 60.247937399999984 ], [ 29.625100014052851, 60.247937853834372 ], [ 29.6250527, 60.247974499999984 ], [ 29.6255166, 60.248178199999984 ], [ 29.6264989, 60.2485641 ], [ 29.627831194240489, 60.249097397694605 ], [ 29.6281892, 60.2492406 ], [ 29.6287136, 60.2489027 ], [ 29.6281535, 60.24866260000001 ], [ 29.627076, 60.2482314 ], [ 29.626969519392627, 60.248182923285071 ], [ 29.6259279, 60.2477087 ], [ 29.625765123685632, 60.247676220498491 ], [ 29.625756, 60.247674399999987 ] ] ] } },
{ "type": "Feature", "properties": { "block_id": 79, "area": 16690.908255891663, "dominant_landuse": "residential", "poi_count": 15, "amenity_count": 0, "building_count": 15, "leisure_count": 0 }, "geometry": { "type": "Polygon", "coordinates": [ [ [ 29.625756109840076, 60.247674365748885 ], [ 29.625756109840488, 60.247674365748743 ], [ 29.625855919884049, 60.247643242231845 ], [ 29.6259234, 60.247622200000016 ], [ 29.6261016, 60.2475667 ], [ 29.6264516, 60.24747090000001 ], [ 29.6261852, 60.2473 ], [ 29.625721, 60.2470913 ], [ 29.6250601, 60.2468395 ], [ 29.6237387, 60.24636730000001 ], [ 29.6226679, 60.2470014 ], [ 29.6231815, 60.2472083 ], [ 29.62376099325785, 60.247393474166905 ], [ 29.6237617, 60.247393699999989 ], [ 29.6238979643622, 60.24744473933594 ], [ 29.624130099727797, 60.247531687531144 ], [ 29.624130099728006, 60.247531687531243 ], [ 29.6241304, 60.247531799999983 ], [ 29.6247361, 60.2477748 ], [ 29.624911, 60.247854399999987 ], [ 29.6249508, 60.247881400000018 ], [ 29.624969124301852, 60.24790765664811 ], [ 29.6249806, 60.247924099999985 ], [ 29.6252564, 60.247834899999987 ], [ 29.6254546, 60.2477708 ], [ 29.625756, 60.247674399999987 ], [ 29.625756109840076, 60.247674365748885 ] ] ] } },
{ "type": "Feature", "properties": { "block_id": 80, "area": 22171.141316831086, "dominant_landuse": "residential", "poi_count": 15, "amenity_count": 0, "building_count": 15, "leisure_count": 0 }, "geometry": { "type": "Polygon", "coordinates": [ [ [ 29.6293987, 60.250373699999962 ], [ 29.629096284026698, 60.250352469084106 ], [ 29.6290953, 60.2503524 ], [ 29.629094332002932, 60.250352288184779 ], [ 29.628856323951766, 60.25032479517791 ], [ 29.6288555, 60.2503247 ], [ 29.628854713873785, 60.250324544743791 ], [ 29.62839844268396, 60.250234432292721 ], [ 29.628033184586688, 60.250162293211055 ], [ 29.6280317, 60.250162 ], [ 29.628030313420304, 60.25016160567769 ], [ 29.627781940611282, 60.250090971817073 ], [ 29.627331306724656, 60.249962815669925 ], [ 29.6273309, 60.2499627 ], [ 29.627330503283737, 60.249962576039948 ], [ 29.627144, 60.249904300000011 ], [ 29.6260598, 60.250544 ], [ 29.6275511, 60.2511727 ], [ 29.628678341188955, 60.251546014290305 ], [ 29.6286786, 60.2515461 ], [ 29.628678853962459, 60.251546189220711 ], [ 29.6291477, 60.2517109 ], [ 29.62946, 60.2518016 ], [ 29.6298156, 60.2518919 ], [ 29.629573513483379, 60.251225312484259 ], [ 29.6295734, 60.251225 ], [ 29.629573322260715, 60.251224684825594 ], [ 29.629536955474872, 60.251077244134585 ], [ 29.629503445340227, 60.250941383823928 ], [ 29.6295034, 60.2509412 ], [ 29.629503366890781, 60.250941015532476 ], [ 29.6294098, 60.2504197 ], [ 29.6293987, 60.250373699999962 ] ] ] } },
{ "type": "Feature", "properties": { "block_id": 81, "area": 76735.665257119326, "dominant_landuse": "residential", "poi_count": 11, "amenity_count": 0, "building_count": 11, "leisure_count": 0 }, "geometry": { "type": "Polygon", "coordinates": [ [ [ 29.6295034, 60.2509412 ], [ 29.6295734, 60.251225 ], [ 29.629815534222455, 60.251891718884771 ], [ 29.6298156, 60.2518919 ], [ 29.62981565379053, 60.251892082089981 ], [ 29.629873348285784, 60.25208738642835 ], [ 29.6298735, 60.2520879 ], [ 29.629873555614331, 60.252088418341074 ], [ 29.6298913, 60.252253799999956 ], [ 29.630651898430802, 60.252661099159752 ], [ 29.6306519, 60.25266110000004 ], [ 29.631360183499517, 60.253040292112246 ], [ 29.631372206726521, 60.253046728850215 ], [ 29.6313729, 60.2530471 ], [ 29.631373447943965, 60.253047526975287 ], [ 29.6316338, 60.253250399999985 ], [ 29.633130398255553, 60.253199417095203 ], [ 29.6331309, 60.2531994 ], [ 29.633131402778353, 60.253199394026979 ], [ 29.6352675, 60.253174 ], [ 29.6366394, 60.2531376 ], [ 29.6366279, 60.2530249 ], [ 29.6365186, 60.2524648 ], [ 29.636442729911622, 60.252414319118508 ], [ 29.6364421, 60.2524139 ], [ 29.636441916303294, 60.252413384891597 ], [ 29.6363793, 60.2522378 ], [ 29.6359802, 60.2516193 ], [ 29.6353056, 60.250884100000015 ], [ 29.635056899777666, 60.251006357683899 ], [ 29.635056, 60.2510068 ], [ 29.635054924907717, 60.251007131835195 ], [ 29.634880990898591, 60.251060817654221 ], [ 29.634785400609058, 60.251090322023558 ], [ 29.6347845, 60.2510906 ], [ 29.634783445326924, 60.251090546566303 ], [ 29.6343562, 60.251068899999986 ], [ 29.633924328988552, 60.251111287340223 ], [ 29.6339242, 60.2511113 ], [ 29.6334407, 60.25115730000001 ], [ 29.6330389, 60.2512721 ], [ 29.632646014005985, 60.251402729356101 ], [ 29.6326452, 60.251403 ], [ 29.632644341877661, 60.251403234574703 ], [ 29.632546117714782, 60.251430084890146 ], [ 29.632357402597737, 60.251481671264266 ], [ 29.6323562, 60.251482 ], [ 29.63235487355173, 60.251482175193082 ], [ 29.632290619282195, 60.251490661676648 ], [ 29.632033844650664, 60.251524575236111 ], [ 29.6320329, 60.251524699999983 ], [ 29.632031922565091, 60.2515247000008 ], [ 29.631813551020343, 60.25152470000095 ], [ 29.6318124, 60.251524700000012 ], [ 29.631811272822219, 60.251524584164123 ], [ 29.631741725329714, 60.251517437006584 ], [ 29.631686930869314, 60.251511805939671 ], [ 29.6316859, 60.2515117 ], [ 29.631685210459153, 60.251511304673542 ], [ 29.6314595, 60.2513819 ], [ 29.631256193661578, 60.251316587093328 ], [ 29.6312553, 60.2513163 ], [ 29.631254530407713, 60.251315934761692 ], [ 29.631022134223464, 60.251205642030854 ], [ 29.630395376828091, 60.250908183923535 ], [ 29.6303952, 60.2509081 ], [ 29.630395026870261, 60.250908014192532 ], [ 29.6294098, 60.2504197 ], [ 29.6295034, 60.2509412 ] ] ] } },
{ "type": "Feature", "properties": { "block_id": 82, "area": 17197.888120223364, "dominant_landuse": "residential", "poi_count": 13, "amenity_count": 0, "building_count": 13, "leisure_count": 0 }, "geometry": { "type": "Polygon", "coordinates": [ [ [ 29.6164637, 60.2530048 ], [ 29.616839101901451, 60.252792099945673 ], [ 29.6172445, 60.2525624 ], [ 29.616010499999959, 60.252025499999938 ], [ 29.614708, 60.2515273 ], [ 29.6139794, 60.2519092 ], [ 29.6136085, 60.252148 ], [ 29.6161459, 60.2531949 ], [ 29.616463506730291, 60.253004915609978 ], [ 29.616463506730373, 60.253004915609914 ], [ 29.6164637, 60.2530048 ] ] ] } },
{ "type": "Feature", "properties": { "block_id": 83, "area": 9725.79811833858, "dominant_landuse": "residential", "poi_count": 4, "amenity_count": 0, "building_count": 4, "leisure_count": 0 }, "geometry": { "type": "Polygon", "coordinates": [ [ [ 29.6293592, 60.25020940000001 ], [ 29.629326548568148, 60.250076703787173 ], [ 29.6293264, 60.2500761 ], [ 29.629326383721214, 60.250075491767767 ], [ 29.629324214559858, 60.249994444011143 ], [ 29.6293242, 60.2499939 ], [ 29.629324291459639, 60.249993357843216 ], [ 29.629333806447857, 60.249936954562529 ], [ 29.6293339, 60.249936399999989 ], [ 29.629334103560765, 60.2499358527662 ], [ 29.629356724967881, 60.249875039373457 ], [ 29.629357, 60.2498743 ], [ 29.629357471259418, 60.24987358551116 ], [ 29.629369886105874, 60.249854763023478 ], [ 29.629393935105455, 60.249818301615029 ], [ 29.6293942, 60.2498179 ], [ 29.629394524948488, 60.249817509431878 ], [ 29.6295893, 60.2495834 ], [ 29.629100693267265, 60.249518232478302 ], [ 29.6290997, 60.249518100000017 ], [ 29.629098866930001, 60.249517800279058 ], [ 29.6288073, 60.249412899999989 ], [ 29.62842490089405, 60.2493149308076 ], [ 29.628424, 60.2493147 ], [ 29.628423144367094, 60.249314429974113 ], [ 29.6281892, 60.2492406 ], [ 29.627144, 60.249904300000011 ], [ 29.6273309, 60.2499627 ], [ 29.6280317, 60.250162 ], [ 29.6288555, 60.2503247 ], [ 29.6290953, 60.2503524 ], [ 29.6293987, 60.250373699999962 ], [ 29.6293592, 60.25020940000001 ] ] ] } },
{ "type": "Feature", "properties": { "block_id": 84, "area": 14515.03964866748, "dominant_landuse": "residential", "poi_count": 10, "amenity_count": 0, "building_count": 10, "leisure_count": 0 }, "geometry": { "type": "Polygon", "coordinates": [ [ [ 29.623501063931556, 60.248363538006885 ], [ 29.623539857731071, 60.248350844710103 ], [ 29.623539857731085, 60.248350844710103 ], [ 29.6235403, 60.2483507 ], [ 29.623540755433819, 60.248350565757676 ], [ 29.623540755434028, 60.248350565757583 ], [ 29.6248929, 60.247952 ], [ 29.6249806, 60.247924099999985 ], [ 29.6249508, 60.247881400000018 ], [ 29.624911, 60.247854399999987 ], [ 29.624736099999978, 60.2477748 ], [ 29.624386415592294, 60.247634511348132 ], [ 29.6241304, 60.247531799999983 ], [ 29.6237617, 60.247393699999989 ], [ 29.623182541968312, 60.247208632959918 ], [ 29.623182541968255, 60.247208632959897 ], [ 29.6231815, 60.2472083 ], [ 29.6226679, 60.2470014 ], [ 29.6215515, 60.2476145 ], [ 29.6233936, 60.2483987 ], [ 29.623501063931556, 60.248363538006885 ] ] ] } },
{ "type": "Feature", "properties": { "block_id": 85, "area": 14255.150961233048, "dominant_landuse": "residential", "poi_count": 9, "amenity_count": 0, "building_count": 9, "leisure_count": 0 }, "geometry": { "type": "Polygon", "coordinates": [ [ [ 29.6215515, 60.2476145 ], [ 29.620293869472377, 60.248408243289973 ], [ 29.6202529, 60.248434099999983 ], [ 29.620618885678429, 60.248555479954163 ], [ 29.6223003, 60.24911310000001 ], [ 29.622300903119505, 60.249113330637918 ], [ 29.622300903119552, 60.249113330637933 ], [ 29.622313672244587, 60.24911821365589 ], [ 29.6224083, 60.249154399999988 ], [ 29.622447566773772, 60.249077445110899 ], [ 29.622467910940088, 60.249037574540147 ], [ 29.622467910940113, 60.249037574540097 ], [ 29.622468, 60.2490374 ], [ 29.6225423, 60.2489092 ], [ 29.62254290021167, 60.248908519065267 ], [ 29.622542900211673, 60.248908519065253 ], [ 29.622605210354752, 60.248837828601474 ], [ 29.622605210354799, 60.248837828601424 ], [ 29.6226055, 60.248837500000015 ], [ 29.622642079738494, 60.248802307454525 ], [ 29.622676124254138, 60.248769553914052 ], [ 29.6226767, 60.248769 ], [ 29.62267739574985, 60.24876848123008 ], [ 29.62267960007647, 60.24876683762443 ], [ 29.6227911, 60.2486837 ], [ 29.6229434, 60.2485919 ], [ 29.6231316, 60.2484888 ], [ 29.6233936, 60.2483987 ], [ 29.6215515, 60.2476145 ] ] ] } },
{ "type": "Feature", "properties": { "block_id": 86, "area": 23019.83073202414, "dominant_landuse": "residential", "poi_count": 19, "amenity_count": 0, "building_count": 19, "leisure_count": 0 }, "geometry": { "type": "Polygon", "coordinates": [ [ [ 29.623523413212467, 60.248406336071859 ], [ 29.6235245, 60.2484064 ], [ 29.62352533742353, 60.248406750199187 ], [ 29.6269969, 60.249858400000043 ], [ 29.627144, 60.249904300000011 ], [ 29.6281892, 60.2492406 ], [ 29.627831205815124, 60.249097402326043 ], [ 29.6278312, 60.2490974 ], [ 29.6264989, 60.2485641 ], [ 29.625517084590317, 60.24817839037707 ], [ 29.6255166, 60.248178199999984 ], [ 29.625516137082695, 60.248177996733588 ], [ 29.625053556836466, 60.247974876243525 ], [ 29.6250527, 60.247974499999984 ], [ 29.625053317500374, 60.24797402172787 ], [ 29.6251006, 60.247937399999984 ], [ 29.6249806, 60.247924099999985 ], [ 29.62489322366579, 60.247951897032415 ], [ 29.6248929, 60.247952 ], [ 29.624892569470688, 60.247952097431536 ], [ 29.6235403, 60.2483507 ], [ 29.6233936, 60.2483987 ], [ 29.623523413212467, 60.248406336071859 ] ] ] } },
{ "type": "Feature", "properties": { "block_id": 87, "area": 25682.118644471255, "dominant_landuse": "residential", "poi_count": 18, "amenity_count": 0, "building_count": 18, "leisure_count": 0 }, "geometry": { "type": "Polygon", "coordinates": [ [ [ 29.6233936, 60.2483987 ], [ 29.6231316, 60.2484888 ], [ 29.6229434, 60.2485919 ], [ 29.6227911, 60.2486837 ], [ 29.6226767, 60.248769 ], [ 29.6226055, 60.248837500000015 ], [ 29.6225423, 60.2489092 ], [ 29.622468, 60.2490374 ], [ 29.6224083, 60.249154399999988 ], [ 29.622419520881579, 60.249154819913926 ], [ 29.622551481765932, 60.249159758154001 ], [ 29.622551481765992, 60.249159758154022 ], [ 29.6225526, 60.2491598 ], [ 29.622553478191907, 60.249160146625805 ], [ 29.622553478191957, 60.249160146625826 ], [ 29.6260598, 60.250544 ], [ 29.627144, 60.249904300000011 ], [ 29.6269969, 60.249858400000043 ], [ 29.626995700785649, 60.249857898581261 ], [ 29.626995700785624, 60.249857898581247 ], [ 29.6235245, 60.2484064 ], [ 29.6233936, 60.2483987 ] ] ] } },
{ "type": "Feature", "properties": { "block_id": 88, "area": 23054.786798886547, "dominant_landuse": "residential", "poi_count": 18, "amenity_count": 0, "building_count": 18, "leisure_count": 0 }, "geometry": { "type": "Polygon", "coordinates": [ [ [ 29.6286411, 60.254288299999985 ], [ 29.6283477, 60.2543265 ], [ 29.6277195, 60.254345 ], [ 29.627256850241892, 60.254360650804976 ], [ 29.6267942, 60.2543763 ], [ 29.626782717162257, 60.25437675492023 ], [ 29.6264711, 60.2543891 ], [ 29.626470609600339, 60.254389108796488 ], [ 29.626470609600315, 60.254389108796488 ], [ 29.626426504529288, 60.254389899918728 ], [ 29.6258055, 60.254401099999988 ], [ 29.6250725, 60.2544438 ], [ 29.624981100396095, 60.25445764415948 ], [ 29.6249431, 60.2544634 ], [ 29.6249431, 60.2544634 ], [ 29.624906050501973, 60.254469011797575 ], [ 29.625119788830805, 60.255050317422423 ], [ 29.625305063844884, 60.255554193560727 ], [ 29.625341579420247, 60.255549202823133 ], [ 29.6253416, 60.255549200000011 ], [ 29.6259796, 60.255462 ], [ 29.6270551, 60.255360599999989 ], [ 29.6287522, 60.2551961 ], [ 29.628769099606462, 60.255121901727847 ], [ 29.6287691, 60.25512190000002 ], [ 29.62881746060172, 60.254909864983681 ], [ 29.628818, 60.2549075 ], [ 29.6288361, 60.2546425 ], [ 29.628847069912045, 60.254459103018121 ], [ 29.628847069912045, 60.254459103018121 ], [ 29.6288471, 60.2544586 ], [ 29.6289225, 60.254282 ], [ 29.62864128206364, 60.254288295924141 ], [ 29.6286411, 60.254288299999985 ] ] ] } },
{ "type": "Feature", "properties": { "block_id": 89, "area": 28721.942513919108, "dominant_landuse": "residential", "poi_count": 20, "amenity_count": 0, "building_count": 20, "leisure_count": 0 }, "geometry": { "type": "Polygon", "coordinates": [ [ [ 29.628642291239903, 60.254288273331696 ], [ 29.6289225, 60.254282 ], [ 29.62905171669863, 60.254055496601232 ], [ 29.629052, 60.254055 ], [ 29.629052373891714, 60.254054518431381 ], [ 29.6295485, 60.2534155 ], [ 29.6298411, 60.2529257 ], [ 29.6280971, 60.2523943 ], [ 29.627511618008803, 60.252950992715064 ], [ 29.6275114, 60.2529512 ], [ 29.627511164798456, 60.252951402589304 ], [ 29.6270578, 60.253341900000017 ], [ 29.62687219048135, 60.253509856170972 ], [ 29.6268717, 60.253510299999988 ], [ 29.626870925729712, 60.253510629138034 ], [ 29.6260681, 60.2538519 ], [ 29.6259222, 60.253992400000016 ], [ 29.625793780159473, 60.254247343821397 ], [ 29.6257935, 60.254247899999989 ], [ 29.625792708442312, 60.254248317095751 ], [ 29.625656898142537, 60.254319879437119 ], [ 29.6256561, 60.2543203 ], [ 29.625655029734666, 60.254320526490105 ], [ 29.625157286486033, 60.254425857908068 ], [ 29.625164026350006, 60.254438468473666 ], [ 29.625804598179865, 60.254401152536936 ], [ 29.6258055, 60.254401099999988 ], [ 29.625806407397921, 60.2544010836368 ], [ 29.626426495413966, 60.254389900082735 ], [ 29.6264265, 60.2543899 ], [ 29.6264711, 60.2543891 ], [ 29.626794069512794, 60.254376305169558 ], [ 29.6267942, 60.2543763 ], [ 29.626794330597658, 60.25437629558273 ], [ 29.627719302175787, 60.254345006692468 ], [ 29.6277195, 60.254345 ], [ 29.6283477, 60.2543265 ], [ 29.628639946481314, 60.254288450186884 ], [ 29.6286411, 60.254288299999985 ], [ 29.628642291239903, 60.254288273331696 ] ] ] } },
{ "type": "Feature", "properties": { "block_id": 90, "area": 36695.942809714623, "dominant_landuse": "residential", "poi_count": 25, "amenity_count": 2, "building_count": 24, "leisure_count": 0 }, "geometry": { "type": "Polygon", "coordinates": [ [ [ 29.6288471, 60.2544586 ], [ 29.6288361, 60.2546425 ], [ 29.628818, 60.254907500000023 ], [ 29.628817899626355, 60.254907940086781 ], [ 29.628817899626355, 60.254907940086781 ], [ 29.628778338572804, 60.25508139406913 ], [ 29.628769100396397, 60.255121898262047 ], [ 29.628769100396333, 60.255121898262331 ], [ 29.6287522, 60.2551961 ], [ 29.629836, 60.255057700000037 ], [ 29.631046, 60.254885499999986 ], [ 29.631438944703891, 60.254819759824059 ], [ 29.631438944703994, 60.254819759824045 ], [ 29.6314399, 60.25481960000004 ], [ 29.631440906344139, 60.254819571504513 ], [ 29.631946034461208, 60.254805267388441 ], [ 29.632358, 60.254793599999985 ], [ 29.632358537621517, 60.254793597513192 ], [ 29.632358537621627, 60.254793597513192 ], [ 29.6324877, 60.254793 ], [ 29.6323804, 60.254572700000018 ], [ 29.6322593, 60.254583400000016 ], [ 29.6321839, 60.2544902 ], [ 29.632015073717586, 60.254198243784558 ], [ 29.631994267837321, 60.254162263184369 ], [ 29.631994, 60.2541618 ], [ 29.6316338, 60.253250399999985 ], [ 29.6313729, 60.2530471 ], [ 29.6306519, 60.25266110000004 ], [ 29.630002655806848, 60.252313431758701 ], [ 29.629891300000011, 60.2522538 ], [ 29.629904055313933, 60.252372731028096 ], [ 29.6299092, 60.2524207 ], [ 29.6298794, 60.2527554 ], [ 29.6298411, 60.2529257 ], [ 29.629744168062793, 60.253087961612742 ], [ 29.629548755908822, 60.253415071626016 ], [ 29.629548755908793, 60.253415071626065 ], [ 29.6295485, 60.2534155 ], [ 29.629548176331856, 60.253415916898376 ], [ 29.629548176331838, 60.25341591689839 ], [ 29.629052, 60.254055 ], [ 29.6289225, 60.254282 ], [ 29.6288471, 60.2544586 ] ] ] } },
{ "type": "Feature", "properties": { "block_id": 91, "area": 33051.824695635201, "dominant_landuse": "residential", "poi_count": 20, "amenity_count": 1, "building_count": 19, "leisure_count": 0 }, "geometry": { "type": "Polygon", "coordinates": [ [ [ 29.6186273, 60.2567738 ], [ 29.6189448, 60.2566026 ], [ 29.618945925457883, 60.256602424588813 ], [ 29.618945925457908, 60.256602424588813 ], [ 29.6194414, 60.2565252 ], [ 29.6198662, 60.2563819 ], [ 29.6206553, 60.2555889 ], [ 29.620357167620412, 60.255575009875635 ], [ 29.620332215424245, 60.255573847310394 ], [ 29.6203312, 60.255573799999965 ], [ 29.620330283783112, 60.255573577368843 ], [ 29.620330283782959, 60.255573577368793 ], [ 29.620199996934186, 60.255541918926326 ], [ 29.6201386, 60.255527 ], [ 29.620137782469921, 60.255526619803121 ], [ 29.620137782469843, 60.255526619803071 ], [ 29.62004209532029, 60.255482119867402 ], [ 29.6199812, 60.255453799999984 ], [ 29.619980470306121, 60.255453387053535 ], [ 29.619980470306114, 60.255453387053535 ], [ 29.6196725, 60.255279099999989 ], [ 29.6194413, 60.2552557 ], [ 29.6185889, 60.2554286 ], [ 29.6172977, 60.25571080000001 ], [ 29.617297079480128, 60.255710914556822 ], [ 29.617297079479957, 60.255710914556843 ], [ 29.616951775498894, 60.255774662012634 ], [ 29.6166076, 60.255838200000021 ], [ 29.6162367, 60.255888400000011 ], [ 29.616235676594162, 60.255888489334296 ], [ 29.6154233, 60.255959399999988 ], [ 29.615111200000012, 60.2560823 ], [ 29.615027, 60.2561283 ], [ 29.61539612435871, 60.256243564119025 ], [ 29.615396124358806, 60.256243564119053 ], [ 29.6153972, 60.2562439 ], [ 29.615398097743011, 60.256244346667728 ], [ 29.615398097743018, 60.256244346667728 ], [ 29.6157226, 60.256405799999968 ], [ 29.6162582, 60.2566566 ], [ 29.6165291, 60.256765200000032 ], [ 29.6166985, 60.2568144 ], [ 29.617049600000076, 60.25689710000001 ], [ 29.617151932570028, 60.256920515153375 ], [ 29.6172856, 60.2569511 ], [ 29.6181398, 60.2571086 ], [ 29.6182388, 60.2570424 ], [ 29.618626499688201, 60.256774353322896 ], [ 29.618626499688247, 60.256774353322854 ], [ 29.6186273, 60.2567738 ] ] ] } },
{ "type": "Feature", "properties": { "block_id": 92, "area": 23163.464634809603, "dominant_landuse": "retail", "poi_count": 19, "amenity_count": 3, "building_count": 17, "leisure_count": 0 }, "geometry": { "type": "Polygon", "coordinates": [ [ [ 29.618238692991806, 60.25704247155516 ], [ 29.6181398, 60.2571086 ], [ 29.619558176636531, 60.257389955694165 ], [ 29.6195584, 60.25739 ], [ 29.619558621413336, 60.2573900466599 ], [ 29.619631512012109, 60.257405407354348 ], [ 29.6198863, 60.2574591 ], [ 29.6203913, 60.2575666 ], [ 29.620392344042138, 60.257566981670159 ], [ 29.620392344042152, 60.257566981670159 ], [ 29.6211649, 60.2578494 ], [ 29.621269058093645, 60.257782547814742 ], [ 29.621269058093702, 60.25778254781472 ], [ 29.6212696, 60.2577822 ], [ 29.621270195056699, 60.257781874342122 ], [ 29.621270195056724, 60.257781874342086 ], [ 29.621318296271134, 60.257755549862829 ], [ 29.6213246, 60.2577521 ], [ 29.6218024, 60.2574596 ], [ 29.6225263, 60.2570136 ], [ 29.6225721, 60.2569574 ], [ 29.6225662, 60.2568222 ], [ 29.6224165, 60.2567227 ], [ 29.622256, 60.2566352 ], [ 29.6218425, 60.2565654 ], [ 29.6209035, 60.256477100000019 ], [ 29.6198662, 60.2563819 ], [ 29.619442310745558, 60.256524892776191 ], [ 29.619442310745526, 60.256524892776227 ], [ 29.6194414, 60.2565252 ], [ 29.6189448, 60.2566026 ], [ 29.618881300349518, 60.25663684001384 ], [ 29.6186273, 60.2567738 ], [ 29.618398799902828, 60.25693178039738 ], [ 29.6182388, 60.2570424 ], [ 29.618238692991806, 60.25704247155516 ] ] ] } },
{ "type": "Feature", "properties": { "block_id": 93, "area": 95326.735374369775, "dominant_landuse": "residential", "poi_count": 74, "amenity_count": 0, "building_count": 74, "leisure_count": 0 }, "geometry": { "type": "Polygon", "coordinates": [ [ [ 29.6256561, 60.2543203 ], [ 29.6257935, 60.254247899999989 ], [ 29.6259222, 60.253992400000016 ], [ 29.625922798489146, 60.253991823664705 ], [ 29.625922798489153, 60.253991823664691 ], [ 29.626067599280187, 60.253852382189656 ], [ 29.626067599280198, 60.253852382189642 ], [ 29.6260681, 60.2538519 ], [ 29.626068929720216, 60.253851547302766 ], [ 29.6268717, 60.253510299999988 ], [ 29.627057685354504, 60.253342003742155 ], [ 29.6270576853547, 60.253342003741977 ], [ 29.6270578, 60.253341900000017 ], [ 29.6275114, 60.2529512 ], [ 29.6280971, 60.2523943 ], [ 29.626589, 60.251880599999986 ], [ 29.6247839, 60.2512931 ], [ 29.62359003935077, 60.252106596222312 ], [ 29.623590039350752, 60.252106596222312 ], [ 29.6235893, 60.25210709999994 ], [ 29.623253190901984, 60.252253131281712 ], [ 29.621812185741916, 60.252879188971626 ], [ 29.6218117, 60.252879399999983 ], [ 29.62181119079883, 60.252879596895028 ], [ 29.621811190798809, 60.252879596895042 ], [ 29.620874745526486, 60.253241689067323 ], [ 29.620874745526365, 60.253241689067373 ], [ 29.6208742, 60.2532419 ], [ 29.6199806, 60.253545699999989 ], [ 29.6209606, 60.2543878 ], [ 29.6217407, 60.2549142 ], [ 29.6238657, 60.2545928 ], [ 29.624905641382458, 60.254467899091495 ], [ 29.62494310000022, 60.254463399999956 ], [ 29.6250725, 60.2544438 ], [ 29.6256561, 60.2543203 ] ] ] } },
{ "type": "Feature", "properties": { "block_id": 94, "area": 18822.391788906381, "dominant_landuse": "residential", "poi_count": 16, "amenity_count": 0, "building_count": 16, "leisure_count": 0 }, "geometry": { "type": "Polygon", "coordinates": [ [ [ 29.6238657, 60.2545928 ], [ 29.6217407, 60.2549142 ], [ 29.6229809, 60.255810200000013 ], [ 29.625007, 60.2555951 ], [ 29.625305070310066, 60.25555421114327 ], [ 29.624905641382458, 60.254467899091495 ], [ 29.6238657, 60.2545928 ] ] ] } },
{ "type": "Feature", "properties": { "block_id": 95, "area": 20939.691528384748, "dominant_landuse": "residential", "poi_count": 12, "amenity_count": 0, "building_count": 12, "leisure_count": 0 }, "geometry": { "type": "Polygon", "coordinates": [ [ [ 29.613365738392755, 60.252287018815018 ], [ 29.613608499999984, 60.252148 ], [ 29.613978700180521, 60.251909650575513 ], [ 29.613978700180596, 60.251909650575456 ], [ 29.6139794, 60.2519092 ], [ 29.614708, 60.2515273 ], [ 29.6134222, 60.2508798 ], [ 29.611591322051769, 60.251970348619224 ], [ 29.611591322051691, 60.25197034861926 ], [ 29.6115909, 60.2519706 ], [ 29.611590449169388, 60.251970838719593 ], [ 29.6111503, 60.252203899999984 ], [ 29.6119805, 60.2531146 ], [ 29.6120259, 60.2530851 ], [ 29.612309480129344, 60.252893916748569 ], [ 29.612393593555293, 60.252837208855958 ], [ 29.612393593555311, 60.252837208855937 ], [ 29.6123942, 60.2528368 ], [ 29.612394878327276, 60.25283642006373 ], [ 29.612394878327329, 60.252836420063694 ], [ 29.6129182, 60.252543299999978 ], [ 29.613365738392755, 60.252287018815018 ] ] ] } },
{ "type": "Feature", "properties": { "block_id": 96, "area": 40469.880024979931, "dominant_landuse": "residential", "poi_count": 33, "amenity_count": 0, "building_count": 33, "leisure_count": 0 }, "geometry": { "type": "Polygon", "coordinates": [ [ [ 29.616463700000015, 60.253004799999985 ], [ 29.616538022678892, 60.253027913070412 ], [ 29.6165502, 60.2530317 ], [ 29.616550843845978, 60.253032150104531 ], [ 29.616550843846053, 60.253032150104595 ], [ 29.6175275, 60.2537149 ], [ 29.6178597, 60.2538202 ], [ 29.6184032, 60.25387649999994 ], [ 29.618473997310307, 60.253918266872034 ], [ 29.618539941987045, 60.253957170801897 ], [ 29.6185405, 60.2539575 ], [ 29.618540950227853, 60.253957867712415 ], [ 29.618767478300153, 60.254142877636035 ], [ 29.6188324, 60.2541959 ], [ 29.618834049794515, 60.254198775083012 ], [ 29.6188495, 60.2542257 ], [ 29.6190898, 60.2544003 ], [ 29.619372533756305, 60.254604291460247 ], [ 29.6193731, 60.254604699999987 ], [ 29.619431999670148, 60.254687990303587 ], [ 29.619496407249603, 60.254779068842403 ], [ 29.6194965, 60.2547792 ], [ 29.619496586182983, 60.254779332259403 ], [ 29.619496586183004, 60.254779332259425 ], [ 29.619604351755477, 60.254944712115964 ], [ 29.619604351755477, 60.254944712115964 ], [ 29.6196048, 60.254945399999933 ], [ 29.6196735, 60.2551285 ], [ 29.61967349650412, 60.255129026477171 ], [ 29.6196725, 60.255279099999989 ], [ 29.6199812, 60.255453799999984 ], [ 29.6201386, 60.255527 ], [ 29.620202799997497, 60.25554260004558 ], [ 29.6203312, 60.255573799999965 ], [ 29.6206553, 60.2555889 ], [ 29.620867144854611, 60.255432782806373 ], [ 29.62086714485465, 60.255432782806345 ], [ 29.6208678, 60.2554323 ], [ 29.6217407, 60.2549142 ], [ 29.6209606, 60.2543878 ], [ 29.6199806, 60.253545699999989 ], [ 29.6181466, 60.252131199999965 ], [ 29.6180377, 60.252123499999932 ], [ 29.6177502, 60.2522775 ], [ 29.6172445, 60.2525624 ], [ 29.616463700000015, 60.253004799999985 ] ] ] } },
{ "type": "Feature", "properties": { "block_id": 97, "area": 16105.332037571461, "dominant_landuse": "residential", "poi_count": 12, "amenity_count": 0, "building_count": 12, "leisure_count": 0 }, "geometry": { "type": "Polygon", "coordinates": [ [ [ 29.6122495, 60.2503261 ], [ 29.6114348, 60.2508015 ], [ 29.611434389531517, 60.250801715340266 ], [ 29.611434389531425, 60.250801715340316 ], [ 29.610783377910849, 60.251143244364592 ], [ 29.610783377910799, 60.25114324436462 ], [ 29.6107827, 60.2511436 ], [ 29.6103422, 60.251337599999985 ], [ 29.610762107558784, 60.251770198724628 ], [ 29.6107624, 60.2517705 ], [ 29.610762655804454, 60.251770809400249 ], [ 29.610762655804468, 60.251770809400249 ], [ 29.6110254, 60.252088600000015 ], [ 29.6111503, 60.252203899999984 ], [ 29.6115909, 60.2519706 ], [ 29.6134222, 60.2508798 ], [ 29.6122495, 60.2503261 ] ] ] } },
{ "type": "Feature", "properties": { "block_id": 98, "area": 29380.1966900234, "dominant_landuse": "residential", "poi_count": 28, "amenity_count": 0, "building_count": 28, "leisure_count": 0 }, "geometry": { "type": "Polygon", "coordinates": [ [ [ 29.6298794, 60.2527554 ], [ 29.6299092, 60.2524207 ], [ 29.629891300030618, 60.252253800285466 ], [ 29.6298735, 60.2520879 ], [ 29.6298156, 60.2518919 ], [ 29.62946, 60.2518016 ], [ 29.629436096879612, 60.251794657959415 ], [ 29.629148542882401, 60.251711144796538 ], [ 29.6291477, 60.2517109 ], [ 29.6286786, 60.2515461 ], [ 29.627552186804202, 60.251173059931332 ], [ 29.627552186804159, 60.251173059931304 ], [ 29.6275511, 60.2511727 ], [ 29.6260598, 60.250544 ], [ 29.6247839, 60.2512931 ], [ 29.626588800884814, 60.251880535197174 ], [ 29.62658880088502, 60.251880535197223 ], [ 29.626589, 60.251880599999986 ], [ 29.626589196321621, 60.251880666874655 ], [ 29.626589196322119, 60.251880666874833 ], [ 29.6280971, 60.2523943 ], [ 29.6298411, 60.2529257 ], [ 29.6298794, 60.2527554 ] ] ] } },
{ "type": "Feature", "properties": { "block_id": 99, "area": 24799.062573599815, "dominant_landuse": "residential", "poi_count": 19, "amenity_count": 0, "building_count": 19, "leisure_count": 0 }, "geometry": { "type": "Polygon", "coordinates": [ [ [ 29.6229809, 60.255810200000013 ], [ 29.623473953001017, 60.256083519612126 ], [ 29.623473953001056, 60.256083519612154 ], [ 29.623475, 60.2560841 ], [ 29.623475875244058, 60.256084746826012 ], [ 29.62347587524409, 60.256084746826026 ], [ 29.6241256, 60.256564899999987 ], [ 29.6245155, 60.256784 ], [ 29.624826, 60.256589 ], [ 29.624930127928312, 60.256547337470266 ], [ 29.625357085844939, 60.256376505780992 ], [ 29.625357085844996, 60.256376505780977 ], [ 29.6253581, 60.2563761 ], [ 29.6260104, 60.2561717 ], [ 29.62643622487197, 60.256115008563974 ], [ 29.626713078954378, 60.256078149253106 ], [ 29.6267142, 60.256078 ], [ 29.626884955528791, 60.256064394090792 ], [ 29.627674466298867, 60.256001482373108 ], [ 29.6276755, 60.2560014 ], [ 29.627676423717563, 60.256001644849768 ], [ 29.62767642371761, 60.256001644849768 ], [ 29.6282463, 60.256152699999966 ], [ 29.6283291, 60.2559975 ], [ 29.6287522, 60.2551961 ], [ 29.627055213393419, 60.255360589009534 ], [ 29.62705521339247, 60.255360589009619 ], [ 29.6270551, 60.255360599999989 ], [ 29.625981376914268, 60.255461832477103 ], [ 29.625979599988334, 60.255462000001565 ], [ 29.625341620595492, 60.255549197185118 ], [ 29.625305070310073, 60.25555421114327 ], [ 29.625007640442139, 60.255595012145903 ], [ 29.625007640442035, 60.255595012145918 ], [ 29.625007, 60.2555951 ], [ 29.6229809, 60.255810200000013 ] ] ] } },
{ "type": "Feature", "properties": { "block_id": 100, "area": 67423.477180722533, "dominant_landuse": "allotments", "poi_count": 54, "amenity_count": 0, "building_count": 54, "leisure_count": 0 }, "geometry": { "type": "Polygon", "coordinates": [ [ [ 29.608458791775163, 60.243727505106854 ], [ 29.6084601, 60.2437279 ], [ 29.608461288867346, 60.243728379167003 ], [ 29.608913770485941, 60.243910747801046 ], [ 29.6089139, 60.2439108 ], [ 29.608914027948199, 60.2439108531442 ], [ 29.609136074620903, 60.244003081397587 ], [ 29.609522003641189, 60.244163376908496 ], [ 29.6095223, 60.2441635 ], [ 29.609522587714416, 60.244163628059823 ], [ 29.6098665, 60.2443167 ], [ 29.6103697, 60.2445328 ], [ 29.610877099719573, 60.244742658524871 ], [ 29.6108772, 60.2447427 ], [ 29.610877299309568, 60.244742742048636 ], [ 29.6135653, 60.2458808 ], [ 29.613627311477959, 60.245812537766248 ], [ 29.6136278, 60.245812 ], [ 29.613628600033113, 60.245811564107953 ], [ 29.6146444, 60.2452581 ], [ 29.6155381, 60.2447616 ], [ 29.614621226259672, 60.244355955861053 ], [ 29.6146211, 60.2443559 ], [ 29.614620975437575, 60.244355843205334 ], [ 29.613691400271481, 60.243931991318277 ], [ 29.6136912, 60.2439319 ], [ 29.613691004209347, 60.243931806310997 ], [ 29.6127575, 60.2434851 ], [ 29.612271311057064, 60.243279028541679 ], [ 29.6122703, 60.2432786 ], [ 29.61226951787199, 60.24327806604655 ], [ 29.611894, 60.2430217 ], [ 29.6111532, 60.2425415 ], [ 29.6111085, 60.2425143 ], [ 29.6109945, 60.242448799999984 ], [ 29.610797, 60.2423631 ], [ 29.6104862, 60.24232640000001 ], [ 29.610123114766683, 60.242355012154803 ], [ 29.610122, 60.2423551 ], [ 29.610120904418714, 60.242354965099359 ], [ 29.6096599, 60.2422982 ], [ 29.6094811, 60.242690399999987 ], [ 29.6095437, 60.242890099999983 ], [ 29.6096199, 60.24297320000003 ], [ 29.609920243382181, 60.243232519415237 ], [ 29.6099208, 60.243233 ], [ 29.609919827571105, 60.243233271706494 ], [ 29.609381065142941, 60.243383805611131 ], [ 29.60919398307821, 60.24343607678783 ], [ 29.6091939, 60.2434361 ], [ 29.60869, 60.2435755 ], [ 29.6083415, 60.243692099999983 ], [ 29.608458791775163, 60.243727505106854 ] ] ] } },
{ "type": "Feature", "properties": { "block_id": 101, "area": 11642.805319679137, "dominant_landuse": "allotments", "poi_count": 12, "amenity_count": 0, "building_count": 12, "leisure_count": 0 }, "geometry": { "type": "Polygon", "coordinates": [ [ [ 29.6083415, 60.243692099999983 ], [ 29.608298301283089, 60.243591602984971 ], [ 29.608298301282829, 60.24359160298436 ], [ 29.6082983, 60.2435916 ], [ 29.608017064350239, 60.242936448788413 ], [ 29.608016883727203, 60.242936028009936 ], [ 29.608016883727196, 60.242936028009908 ], [ 29.6080167, 60.242935600000024 ], [ 29.6078748, 60.2424053 ], [ 29.6064848, 60.2425387 ], [ 29.6070265, 60.2437406 ], [ 29.6071638, 60.2440291 ], [ 29.607399606696738, 60.243957788699525 ], [ 29.607399606697101, 60.243957788699426 ], [ 29.6073999, 60.2439577 ], [ 29.6083415, 60.243692099999983 ] ] ] } },
{ "type": "Feature", "properties": { "block_id": 102, "area": 11600.904287915753, "dominant_landuse": "allotments", "poi_count": 9, "amenity_count": 0, "building_count": 9, "leisure_count": 0 }, "geometry": { "type": "Polygon", "coordinates": [ [ [ 29.60869, 60.2435755 ], [ 29.6091939, 60.2434361 ], [ 29.6099208, 60.243233 ], [ 29.6096199, 60.24297320000003 ], [ 29.609619456599606, 60.242972716450581 ], [ 29.609619456599596, 60.242972716450566 ], [ 29.609598044738117, 60.242949365766741 ], [ 29.6095437, 60.242890099999983 ], [ 29.609543541767614, 60.242889595226757 ], [ 29.609543541767607, 60.242889595226742 ], [ 29.609494785204703, 60.242734057334211 ], [ 29.6094811, 60.242690399999987 ], [ 29.60948133544882, 60.242689883546262 ], [ 29.6096599, 60.2422982 ], [ 29.6096014, 60.2422442 ], [ 29.609587733366908, 60.242245400005274 ], [ 29.609437400000026, 60.2422586 ], [ 29.6078748, 60.2424053 ], [ 29.6080167, 60.242935600000024 ], [ 29.60829829872128, 60.243591597021229 ], [ 29.6083415, 60.243692099999983 ], [ 29.608689207908448, 60.243575765017376 ], [ 29.608689207908512, 60.243575765017376 ], [ 29.60869, 60.2435755 ] ] ] } },
{ "type": "Feature", "properties": { "block_id": 103, "area": 74099.854663548191, "dominant_landuse": "allotments", "poi_count": 43, "amenity_count": 0, "building_count": 43, "leisure_count": 0 }, "geometry": { "type": "Polygon", "coordinates": [ [ [ 29.599789392879533, 60.244537838265572 ], [ 29.599782748160003, 60.244480813309799 ], [ 29.5997827, 60.2444804 ], [ 29.59978271325916, 60.244479986049853 ], [ 29.5997995, 60.2439559 ], [ 29.5995133, 60.243268199999982 ], [ 29.5993237, 60.242887399999987 ], [ 29.5989743, 60.24228380000001 ], [ 29.598155679517618, 60.24243030680514 ], [ 29.5981546, 60.242430499999983 ], [ 29.598153863881624, 60.242430062475606 ], [ 29.5972471, 60.2418911 ], [ 29.595553220301003, 60.241136309046468 ], [ 29.5955532, 60.241136300000036 ], [ 29.5944892, 60.240661 ], [ 29.5943765, 60.2407192 ], [ 29.594050003381383, 60.240908698037451 ], [ 29.59405, 60.2409087 ], [ 29.5930506, 60.241489 ], [ 29.5930883, 60.2415133 ], [ 29.593762995124653, 60.241755039963316 ], [ 29.593764, 60.241755399999988 ], [ 29.593764919524052, 60.241755812582895 ], [ 29.59514368468259, 60.242374434196236 ], [ 29.5951445, 60.2423748 ], [ 29.595143949007785, 60.242375272308884 ], [ 29.594835298126227, 60.242639844451844 ], [ 29.594835, 60.2426401 ], [ 29.594834675234814, 60.24264034739376 ], [ 29.594543455248079, 60.242862185906894 ], [ 29.594486458561661, 60.242905603041351 ], [ 29.5944862, 60.242905799999988 ], [ 29.59448592506282, 60.242905991398679 ], [ 29.5944602, 60.2429239 ], [ 29.594426545445039, 60.24295410157999 ], [ 29.5944468, 60.242962 ], [ 29.594462249211105, 60.242968024534413 ], [ 29.595860190637616, 60.243513145409032 ], [ 29.5958611, 60.243513499999928 ], [ 29.59586131709473, 60.243514064324579 ], [ 29.5958963, 60.243605 ], [ 29.5986509, 60.2445318 ], [ 29.599728094844171, 60.244885998304703 ], [ 29.5997281, 60.244886 ], [ 29.599818500809992, 60.244915706646111 ], [ 29.5998291, 60.2448786 ], [ 29.599789392879533, 60.244537838265572 ] ] ] } },
{ "type": "Feature", "properties": { "block_id": 104, "area": 25909.22877595235, "dominant_landuse": "residential", "poi_count": 14, "amenity_count": 0, "building_count": 14, "leisure_count": 0 }, "geometry": { "type": "Polygon", "coordinates": [ [ [ 29.599818500809992, 60.244915706646111 ], [ 29.599728105206466, 60.244886001710881 ], [ 29.5997281, 60.244886 ], [ 29.598653718238335, 60.24453272670182 ], [ 29.598650999562693, 60.244531832738495 ], [ 29.598650999562011, 60.244531832738268 ], [ 29.5986509, 60.2445318 ], [ 29.598650801139463, 60.244531766739811 ], [ 29.59697205603349, 60.243966957049309 ], [ 29.5958963, 60.243605 ], [ 29.5958611, 60.243513499999928 ], [ 29.594446799999979, 60.242962 ], [ 29.594426109965521, 60.242954492378672 ], [ 29.5937615, 60.243550899999988 ], [ 29.5949468, 60.244000699999944 ], [ 29.594946974496999, 60.244000768970615 ], [ 29.594946974497208, 60.244000768970679 ], [ 29.5953258, 60.244150499999989 ], [ 29.5968873, 60.2446428 ], [ 29.597576767126501, 60.244837234329118 ], [ 29.597576767127027, 60.244837234329282 ], [ 29.597577, 60.2448373 ], [ 29.597577229674371, 60.244837368398365 ], [ 29.59757722967467, 60.244837368398471 ], [ 29.598181183618237, 60.245017227103268 ], [ 29.598181183618262, 60.245017227103283 ], [ 29.5981821, 60.245017499999989 ], [ 29.59818289673613, 60.245017853730069 ], [ 29.598182896736194, 60.245017853730097 ], [ 29.598562124359177, 60.245186219485817 ], [ 29.5988344, 60.245307099999984 ], [ 29.598834592580783, 60.245307189606969 ], [ 29.598834592581131, 60.245307189607139 ], [ 29.5992464, 60.245498799999986 ], [ 29.5995954, 60.245620799999983 ], [ 29.5997123, 60.245287500000011 ], [ 29.599818500809992, 60.244915706646111 ] ] ] } },
{ "type": "Feature", "properties": { "block_id": 105, "area": 15877.677626741563, "dominant_landuse": "allotments", "poi_count": 15, "amenity_count": 0, "building_count": 15, "leisure_count": 0 }, "geometry": { "type": "Polygon", "coordinates": [ [ [ 29.6004244, 60.243185199999985 ], [ 29.599758, 60.2416737 ], [ 29.5993954, 60.2409204 ], [ 29.5979334, 60.240932 ], [ 29.5979586, 60.241120899999984 ], [ 29.598067226593447, 60.241166491454393 ], [ 29.598067226593479, 60.241166491454422 ], [ 29.5980682, 60.241166899999989 ], [ 29.598069074672637, 60.241167360447974 ], [ 29.598069074672669, 60.241167360447989 ], [ 29.59821695393887, 60.241245207258828 ], [ 29.59821695393893, 60.241245207258856 ], [ 29.5982177, 60.2412456 ], [ 29.598322807307387, 60.241312853140187 ], [ 29.598404850255967, 60.241365348247513 ], [ 29.5984054, 60.2413657 ], [ 29.59848564366591, 60.241438416830867 ], [ 29.598527366168057, 60.241476225624325 ], [ 29.598528, 60.241476799999944 ], [ 29.5989743, 60.24228380000001 ], [ 29.599323582759368, 60.242887197466906 ], [ 29.5993237, 60.242887399999987 ], [ 29.599323801858482, 60.242887604579018 ], [ 29.599323801858514, 60.242887604579082 ], [ 29.5995133, 60.243268199999982 ], [ 29.6004244, 60.243185199999985 ] ] ] } },
{ "type": "Feature", "properties": { "block_id": 106, "area": 7702.5326997445263, "dominant_landuse": "allotments", "poi_count": 7, "amenity_count": 0, "building_count": 7, "leisure_count": 0 }, "geometry": { "type": "Polygon", "coordinates": [ [ [ 29.598528, 60.241476799999944 ], [ 29.5984054, 60.2413657 ], [ 29.5982177, 60.2412456 ], [ 29.5980682, 60.241166899999989 ], [ 29.597985999971254, 60.241132400008695 ], [ 29.5979586, 60.241120899999984 ], [ 29.59788366605704, 60.241211948850257 ], [ 29.5977526, 60.2413712 ], [ 29.5975711, 60.2415548 ], [ 29.5972471, 60.2418911 ], [ 29.5981546, 60.242430499999983 ], [ 29.5989743, 60.24228380000001 ], [ 29.598528, 60.241476799999944 ] ] ] } },
{ "type": "Feature", "properties": { "block_id": 107, "area": 29721.539433235914, "dominant_landuse": "residential", "poi_count": 15, "amenity_count": 0, "building_count": 15, "leisure_count": 0 }, "geometry": { "type": "Polygon", "coordinates": [ [ [ 29.5979334, 60.240932 ], [ 29.5978681, 60.2408575 ], [ 29.5978623, 60.2407007 ], [ 29.597862510596926, 60.240700139728524 ], [ 29.597862510596933, 60.240700139728496 ], [ 29.597915171690733, 60.240560039712996 ], [ 29.5979209, 60.2405448 ], [ 29.5980342, 60.2403702 ], [ 29.598034858879725, 60.240369652746828 ], [ 29.598034858879757, 60.240369652746807 ], [ 29.5982101, 60.2402241 ], [ 29.5973852, 60.2397859 ], [ 29.596538, 60.2394543 ], [ 29.595446597476634, 60.240131253467759 ], [ 29.595446597476553, 60.240131253467794 ], [ 29.5954462, 60.2401315 ], [ 29.595445775245295, 60.24013173501843 ], [ 29.595445775245153, 60.240131735018508 ], [ 29.5944892, 60.240661 ], [ 29.5955532, 60.241136300000036 ], [ 29.5972471, 60.2418911 ], [ 29.5975711, 60.2415548 ], [ 29.5977526, 60.2413712 ], [ 29.5979586, 60.241120899999984 ], [ 29.5979334, 60.240932 ] ] ] } },
{ "type": "Feature", "properties": { "block_id": 108, "area": 14194.593158483847, "dominant_landuse": "residential", "poi_count": 0, "amenity_count": 0, "building_count": 0, "leisure_count": 0 }, "geometry": { "type": "Polygon", "coordinates": [ [ [ 29.5984095, 60.2401068 ], [ 29.598410229232933, 60.240106442494778 ], [ 29.598410229233004, 60.240106442494742 ], [ 29.5986249, 60.2400012 ], [ 29.598885967101648, 60.239835447868693 ], [ 29.598885967101754, 60.239835447868629 ], [ 29.5988862, 60.23983530000001 ], [ 29.598886442721653, 60.239835156089704 ], [ 29.598886442721813, 60.239835156089619 ], [ 29.599066367509632, 60.239728477762895 ], [ 29.5991343, 60.2396882 ], [ 29.5994141, 60.2393793 ], [ 29.5978792, 60.238649399999986 ], [ 29.596538, 60.2394543 ], [ 29.597384527932782, 60.239785636953044 ], [ 29.597384527932821, 60.239785636953044 ], [ 29.5973852, 60.2397859 ], [ 29.59738578447298, 60.239786210487367 ], [ 29.597385784472987, 60.239786210487367 ], [ 29.5982101, 60.2402241 ], [ 29.5984095, 60.2401068 ] ] ] } },
{ "type": "Feature", "properties": { "block_id": 109, "area": 409319.54027042631, "dominant_landuse": "allotments", "poi_count": 200, "amenity_count": 0, "building_count": 200, "leisure_count": 0 }, "geometry": { "type": "Polygon", "coordinates": [ [ [ 29.5982101, 60.2402241 ], [ 29.5980342, 60.2403702 ], [ 29.5979209, 60.2405448 ], [ 29.5978623, 60.2407007 ], [ 29.5978681, 60.2408575 ], [ 29.5979334, 60.240932 ], [ 29.599394310269837, 60.240920408652279 ], [ 29.5993954, 60.2409204 ], [ 29.599395653654668, 60.240920926979349 ], [ 29.599758, 60.2416737 ], [ 29.6010353, 60.2415645 ], [ 29.602292366353254, 60.241423448660349 ], [ 29.6022928, 60.2414234 ], [ 29.602293237165089, 60.241423359868222 ], [ 29.6035106, 60.2413116 ], [ 29.6047315, 60.2411835 ], [ 29.605875326148201, 60.241044845320125 ], [ 29.6058757, 60.2410448 ], [ 29.605876076742184, 60.241044761043035 ], [ 29.606752133359848, 60.240954169410848 ], [ 29.607241020717417, 60.240903611615082 ], [ 29.6072421, 60.2409035 ], [ 29.607242333191962, 60.240904035678618 ], [ 29.607582865196338, 60.24168627146797 ], [ 29.607643958512934, 60.241826604703377 ], [ 29.607644, 60.2418267 ], [ 29.607644038149768, 60.241826795640705 ], [ 29.6078748, 60.2424053 ], [ 29.609437268681919, 60.242258612329209 ], [ 29.6094374, 60.2422586 ], [ 29.609437531601849, 60.24225858844477 ], [ 29.609600329899052, 60.242244293960781 ], [ 29.6096014, 60.2422442 ], [ 29.609601915279509, 60.242244675643541 ], [ 29.6096599, 60.2422982 ], [ 29.610122, 60.2423551 ], [ 29.610485111956365, 60.242326485742495 ], [ 29.6104862, 60.24232640000001 ], [ 29.610487271809472, 60.242326526563197 ], [ 29.610795936095514, 60.242362974373009 ], [ 29.610797, 60.2423631 ], [ 29.610797823834613, 60.242363457483201 ], [ 29.610993309973818, 60.242448283621236 ], [ 29.6109945, 60.242448799999984 ], [ 29.610995533548905, 60.242449393838925 ], [ 29.611096693587605, 60.242507516507963 ], [ 29.611108291261203, 60.242514180067047 ], [ 29.6111085, 60.2425143 ], [ 29.611108701837018, 60.24251442281814 ], [ 29.611150363422926, 60.242539773941452 ], [ 29.611152980259881, 60.242541366288023 ], [ 29.6111532, 60.2425415 ], [ 29.611153411360089, 60.242541637010071 ], [ 29.611266440420518, 60.242614905687603 ], [ 29.611893829232788, 60.24302158930773 ], [ 29.611894, 60.2430217 ], [ 29.611894165178978, 60.243021812768809 ], [ 29.6122703, 60.2432786 ], [ 29.612756981686537, 60.243484880314881 ], [ 29.6127575, 60.2434851 ], [ 29.612757990717633, 60.243485334826225 ], [ 29.6136912, 60.2439319 ], [ 29.6146831, 60.2433864 ], [ 29.617190698126148, 60.24200158763022 ], [ 29.6171914, 60.2420012 ], [ 29.617192376874986, 60.242001009870613 ], [ 29.6173255, 60.2419751 ], [ 29.616995942221287, 60.241482111939803 ], [ 29.6169956, 60.2414816 ], [ 29.616995564794234, 60.241481060811402 ], [ 29.6169769, 60.2411952 ], [ 29.6166455, 60.2405363 ], [ 29.615725, 60.24069380000001 ], [ 29.616019286130236, 60.241429065665017 ], [ 29.6160195, 60.2414296 ], [ 29.61601866133806, 60.241429950664966 ], [ 29.615999965015227, 60.241437768049813 ], [ 29.615865805284034, 60.241493863293321 ], [ 29.615865, 60.24149419999997 ], [ 29.615864003325278, 60.241494367705918 ], [ 29.614783061312696, 60.241676247576848 ], [ 29.613307475507423, 60.241924513009785 ], [ 29.613306433391493, 60.241924688337342 ], [ 29.613306171789489, 60.241924157062058 ], [ 29.6131794, 60.2416667 ], [ 29.612891801222876, 60.241145583414593 ], [ 29.6128917, 60.2411454 ], [ 29.612891611338828, 60.241145214985067 ], [ 29.6127396, 60.240828 ], [ 29.612439068665601, 60.240235935277937 ], [ 29.612439, 60.2402358 ], [ 29.612438938121066, 60.240235663914994 ], [ 29.6122814, 60.2398892 ], [ 29.6121705, 60.2396568 ], [ 29.6119085, 60.2395553 ], [ 29.6113981, 60.2393638 ], [ 29.610930957685888, 60.239203788266863 ], [ 29.6109307, 60.239203700000033 ], [ 29.610930447335683, 60.239203608214659 ], [ 29.6100969, 60.2389008 ], [ 29.609409977833611, 60.238658033532914 ], [ 29.6094096, 60.238657900000021 ], [ 29.609409233514736, 60.238657758864449 ], [ 29.608559674583592, 60.238330582771681 ], [ 29.6085592, 60.2383304 ], [ 29.608558745633218, 60.238330204939771 ], [ 29.607976512649635, 60.238080248361868 ], [ 29.6079764, 60.2380802 ], [ 29.607976288643385, 60.238080150903691 ], [ 29.607609769418488, 60.23791855404113 ], [ 29.607535584167774, 60.237885845740394 ], [ 29.6075348, 60.2378855 ], [ 29.607534157727418, 60.23788508820229 ], [ 29.6072525, 60.2377045 ], [ 29.606761566352557, 60.237419047549935 ], [ 29.6022198, 60.2349437 ], [ 29.5994384, 60.2365634 ], [ 29.600277120856603, 60.236917628705925 ], [ 29.600278, 60.236918 ], [ 29.600278709262998, 60.236918452300877 ], [ 29.60057175577036, 60.237105328238009 ], [ 29.600576441650549, 60.237108316403841 ], [ 29.6005772, 60.2371088 ], [ 29.600577729442985, 60.237109353849085 ], [ 29.600770301530197, 60.237310801663455 ], [ 29.600813141318856, 60.237355615574891 ], [ 29.6008137, 60.2373562 ], [ 29.60081411974706, 60.237356812504522 ], [ 29.601018077222744, 60.237654429005296 ], [ 29.6010184, 60.2376549 ], [ 29.601018462392897, 60.237655396620447 ], [ 29.601043025143575, 60.237850904183212 ], [ 29.6010431, 60.237851500000012 ], [ 29.601042795113489, 60.237852077409137 ], [ 29.600756028905788, 60.238395160308066 ], [ 29.600718580880844, 60.238466078696398 ], [ 29.6007182, 60.2384668 ], [ 29.600717630285136, 60.238467489855879 ], [ 29.600421950761596, 60.238825517862637 ], [ 29.600390897863086, 60.238863118248304 ], [ 29.6003905, 60.2388636 ], [ 29.600389650161254, 60.238863904419226 ], [ 29.5999938, 60.2390057 ], [ 29.5996277, 60.2391825 ], [ 29.5994141, 60.2393793 ], [ 29.599134724313036, 60.239687731561993 ], [ 29.5991343, 60.2396882 ], [ 29.59913363605488, 60.239688593659466 ], [ 29.5988862, 60.23983530000001 ], [ 29.598625791331902, 60.240000634094926 ], [ 29.5986249, 60.2400012 ], [ 29.598623870595198, 60.240001704668849 ], [ 29.5984095, 60.2401068 ], [ 29.5982101, 60.2402241 ] ] ] } },
{ "type": "Feature", "properties": { "block_id": 110, "area": 21290.199362243915, "dominant_landuse": "residential", "poi_count": 13, "amenity_count": 0, "building_count": 13, "leisure_count": 0 }, "geometry": { "type": "Polygon", "coordinates": [ [ [ 29.599527110453696, 60.239275178342126 ], [ 29.599627154876575, 60.239183002251941 ], [ 29.599627154876618, 60.239183002251906 ], [ 29.5996277, 60.2391825 ], [ 29.599814804701523, 60.239092142232259 ], [ 29.599992613423559, 60.239006273035841 ], [ 29.5999938, 60.2390057 ], [ 29.6003905, 60.2388636 ], [ 29.6007182, 60.2384668 ], [ 29.6010431, 60.237851500000012 ], [ 29.6010184, 60.2376549 ], [ 29.6008137, 60.2373562 ], [ 29.6005772, 60.2371088 ], [ 29.598388429793957, 60.238385449326252 ], [ 29.598388, 60.2383857 ], [ 29.598172967712664, 60.238497147318604 ], [ 29.5978792, 60.238649399999986 ], [ 29.5994141, 60.2393793 ], [ 29.599527110453696, 60.239275178342126 ] ] ] } },
{ "type": "Feature", "properties": { "block_id": 111, "area": 36314.070660584788, "dominant_landuse": "residential", "poi_count": 7, "amenity_count": 0, "building_count": 7, "leisure_count": 0 }, "geometry": { "type": "Polygon", "coordinates": [ [ [ 29.5992002, 60.236455199999966 ], [ 29.5969665, 60.2377623 ], [ 29.5951121, 60.2388927 ], [ 29.596538, 60.2394543 ], [ 29.597878675887575, 60.238649714548053 ], [ 29.597878675887578, 60.238649714548053 ], [ 29.5978792, 60.238649399999986 ], [ 29.597879768737325, 60.238649105239205 ], [ 29.597879768737382, 60.238649105239183 ], [ 29.598322801810848, 60.238419491150083 ], [ 29.598388, 60.2383857 ], [ 29.598388, 60.2383857 ], [ 29.598388, 60.2383857 ], [ 29.598658035764934, 60.238228202853662 ], [ 29.6005772, 60.237108800000016 ], [ 29.600278, 60.236918 ], [ 29.600278, 60.236918 ], [ 29.599751761301427, 60.236695747789007 ], [ 29.599438710388586, 60.236563531093161 ], [ 29.599438710388576, 60.236563531093161 ], [ 29.5994384, 60.2365634 ], [ 29.5992002, 60.236455199999966 ] ] ] } },
{ "type": "Feature", "properties": { "block_id": 112, "area": 23024.508566970006, "dominant_landuse": "residential", "poi_count": 14, "amenity_count": 0, "building_count": 14, "leisure_count": 0 }, "geometry": { "type": "Polygon", "coordinates": [ [ [ 29.6189266, 60.2491424 ], [ 29.6174373, 60.249919700000014 ], [ 29.6203127, 60.250965799999989 ], [ 29.6210479, 60.2504894 ], [ 29.6216751, 60.25009969999995 ], [ 29.6189266, 60.2491424 ] ] ] } },
{ "type": "Feature", "properties": { "block_id": 113, "area": 18446.019761175186, "dominant_landuse": "residential", "poi_count": 10, "amenity_count": 0, "building_count": 10, "leisure_count": 0 }, "geometry": { "type": "Polygon", "coordinates": [ [ [ 29.6216751, 60.25009969999995 ], [ 29.6220255, 60.249827 ], [ 29.6221389, 60.2497066 ], [ 29.6222413, 60.24958 ], [ 29.6223005, 60.249450299999985 ], [ 29.6224083, 60.249154399999988 ], [ 29.622300299999967, 60.249113099999981 ], [ 29.6202529, 60.248434099999983 ], [ 29.6189266, 60.2491424 ], [ 29.6216751, 60.25009969999995 ] ] ] } },
{ "type": "Feature", "properties": { "block_id": 114, "area": 25586.959522151748, "dominant_landuse": "residential", "poi_count": 28, "amenity_count": 0, "building_count": 28, "leisure_count": 0 }, "geometry": { "type": "Polygon", "coordinates": [ [ [ 29.621753364462279, 60.250123682679366 ], [ 29.6217544, 60.250124 ], [ 29.621755360876151, 60.250124370831543 ], [ 29.6247839, 60.2512931 ], [ 29.6260598, 60.250544 ], [ 29.6225526, 60.2491598 ], [ 29.6224083, 60.249154399999988 ], [ 29.622300588403959, 60.249450057342315 ], [ 29.6223005, 60.249450299999985 ], [ 29.622300390230492, 60.249450540492582 ], [ 29.622241498766961, 60.249579564527473 ], [ 29.6222413, 60.24958 ], [ 29.622240964888078, 60.249580414310003 ], [ 29.622139134035322, 60.249706310656713 ], [ 29.6221389, 60.2497066 ], [ 29.622138633987404, 60.249706882434261 ], [ 29.622026124851253, 60.249826336580362 ], [ 29.6220255, 60.249827 ], [ 29.622024706749837, 60.249827617355777 ], [ 29.6216751, 60.25009969999995 ], [ 29.621753364462279, 60.250123682679366 ] ] ] } },
{ "type": "Feature", "properties": { "block_id": 115, "area": 25473.524343278197, "dominant_landuse": "residential", "poi_count": 20, "amenity_count": 0, "building_count": 20, "leisure_count": 0 }, "geometry": { "type": "Polygon", "coordinates": [ [ [ 29.621706820007013, 60.250109420012201 ], [ 29.6216751, 60.25009969999995 ], [ 29.621433189837113, 60.250250008181581 ], [ 29.62104790000005, 60.250489399999971 ], [ 29.620662532790444, 60.250739115135048 ], [ 29.620312700000014, 60.250965799999975 ], [ 29.620412255693783, 60.250973207431343 ], [ 29.6204471, 60.2509758 ], [ 29.6235893, 60.25210709999994 ], [ 29.6247839, 60.2512931 ], [ 29.6217544, 60.250124 ], [ 29.621706820007013, 60.250109420012201 ] ] ] } },
{ "type": "Feature", "properties": { "block_id": 116, "area": 3145.9353143054614, "dominant_landuse": null, "poi_count": 0, "amenity_count": 0, "building_count": 0, "leisure_count": 0 }, "geometry": { "type": "Polygon", "coordinates": [ [ [ 29.6281892, 60.2492406 ], [ 29.628222742675785, 60.249251185703336 ], [ 29.628424, 60.2493147 ], [ 29.62880654426532, 60.249412706385328 ], [ 29.628806544265348, 60.24941270638535 ], [ 29.6288073, 60.249412899999989 ], [ 29.6290997, 60.249518100000017 ], [ 29.6295893, 60.2495834 ], [ 29.6296138, 60.2495497 ], [ 29.6296454, 60.249488499999977 ], [ 29.6296588, 60.24944390000001 ], [ 29.6296632, 60.249403599999937 ], [ 29.6296555, 60.2493688 ], [ 29.6296397, 60.2493404 ], [ 29.6296063, 60.2493106 ], [ 29.6295585, 60.2492802 ], [ 29.6292236, 60.2491078 ], [ 29.6287136, 60.2489027 ], [ 29.6281892, 60.2492406 ] ] ] } },
{ "type": "Feature", "properties": { "block_id": 117, "area": 23412.687859735317, "dominant_landuse": "residential", "poi_count": 20, "amenity_count": 0, "building_count": 20, "leisure_count": 0 }, "geometry": { "type": "Polygon", "coordinates": [ [ [ 29.6235893, 60.25210709999994 ], [ 29.6204471, 60.2509758 ], [ 29.6203127, 60.250965799999989 ], [ 29.620233613446583, 60.251013668369396 ], [ 29.620069757476706, 60.251112844159749 ], [ 29.620069757476593, 60.25111284415982 ], [ 29.6200695, 60.251113 ], [ 29.619886505218926, 60.251215979311525 ], [ 29.61962942680487, 60.251360647274822 ], [ 29.619629426804771, 60.251360647274865 ], [ 29.6196288, 60.251361 ], [ 29.619628115948089, 60.251361325387947 ], [ 29.619628115948032, 60.251361325387975 ], [ 29.6192239, 60.2515536 ], [ 29.6192911, 60.251580299999951 ], [ 29.6218117, 60.252879399999983 ], [ 29.6235893, 60.25210709999994 ] ] ] } },
{ "type": "Feature", "properties": { "block_id": 118, "area": 43593.380429866324, "dominant_landuse": "residential", "poi_count": 32, "amenity_count": 0, "building_count": 32, "leisure_count": 0 }, "geometry": { "type": "Polygon", "coordinates": [ [ [ 29.6108772, 60.2447427 ], [ 29.6094088, 60.245633 ], [ 29.6083007, 60.246284299999985 ], [ 29.6096631, 60.24684460000001 ], [ 29.609663298691633, 60.246844685665273 ], [ 29.609663298691995, 60.246844685665451 ], [ 29.6110346, 60.2474359 ], [ 29.6120695, 60.2467703 ], [ 29.6129879, 60.2462464 ], [ 29.6135653, 60.2458808 ], [ 29.6108772, 60.2447427 ] ] ] } },
{ "type": "Feature", "properties": { "block_id": 119, "area": 10264.798082060937, "dominant_landuse": "residential", "poi_count": 9, "amenity_count": 0, "building_count": 9, "leisure_count": 0 }, "geometry": { "type": "Polygon", "coordinates": [ [ [ 29.6359802, 60.2516193 ], [ 29.637833241054363, 60.251359362581745 ], [ 29.6378344, 60.2513592 ], [ 29.637835590426196, 60.251359290348219 ], [ 29.6380663, 60.25137680000001 ], [ 29.637004610823794, 60.250734169735573 ], [ 29.637004, 60.250733799999985 ], [ 29.637003454742089, 60.250733405754239 ], [ 29.6366357, 60.2504675 ], [ 29.635996657949523, 60.250694224657003 ], [ 29.6359956, 60.2506946 ], [ 29.635994462308489, 60.250694912457696 ], [ 29.6353056, 60.250884100000015 ], [ 29.6359802, 60.2516193 ] ] ] } },
{ "type": "Feature", "properties": { "block_id": 120, "area": 90628.492541910775, "dominant_landuse": "residential", "poi_count": 58, "amenity_count": 0, "building_count": 58, "leisure_count": 0 }, "geometry": { "type": "Polygon", "coordinates": [ [ [ 29.628246161091234, 60.256152922602411 ], [ 29.627809636189415, 60.256852442008679 ], [ 29.6278096, 60.256852499999987 ], [ 29.6276111, 60.257164599999989 ], [ 29.627761548981322, 60.257148004901602 ], [ 29.6277625, 60.2571479 ], [ 29.627763466362072, 60.257147961150785 ], [ 29.630740819961929, 60.257336331680932 ], [ 29.6307419, 60.2573364 ], [ 29.630742002584565, 60.257336938625201 ], [ 29.6309504, 60.25843110000001 ], [ 29.6318563, 60.258413799999985 ], [ 29.632523252601413, 60.258396928560785 ], [ 29.6338797617375, 60.258362603499286 ], [ 29.6338799, 60.2583626 ], [ 29.633880038338987, 60.258362597343364 ], [ 29.6341767, 60.258356899999974 ], [ 29.6340054, 60.2578622 ], [ 29.633722496674757, 60.257375966160218 ], [ 29.6337224, 60.2573758 ], [ 29.633722313678, 60.257375632437864 ], [ 29.6333331, 60.2566201 ], [ 29.63299218287435, 60.255985926213469 ], [ 29.6329919, 60.255985399999986 ], [ 29.632992246157873, 60.255984883211944 ], [ 29.6330414, 60.255911500000011 ], [ 29.6330543, 60.255841699999984 ], [ 29.632785826587916, 60.255385914910462 ], [ 29.6327857, 60.2553857 ], [ 29.632785590768385, 60.255385482750548 ], [ 29.6324877, 60.254793 ], [ 29.632358, 60.254793599999985 ], [ 29.6314399, 60.25481960000004 ], [ 29.631046490191665, 60.254885417991154 ], [ 29.631046, 60.254885499999986 ], [ 29.631045502765403, 60.254885570766078 ], [ 29.629836297031687, 60.255057657729807 ], [ 29.629836, 60.255057700000037 ], [ 29.629835700751617, 60.255057738215051 ], [ 29.6287522, 60.2551961 ], [ 29.628329114742904, 60.255997472075954 ], [ 29.6283291, 60.2559975 ], [ 29.628246420184187, 60.256152474727855 ], [ 29.6282463, 60.256152699999966 ], [ 29.628246161091234, 60.256152922602411 ] ] ] } },
{ "type": "Feature", "properties": { "block_id": 121, "area": 6911.296399986164, "dominant_landuse": "residential", "poi_count": 4, "amenity_count": 0, "building_count": 4, "leisure_count": 0 }, "geometry": { "type": "Polygon", "coordinates": [ [ [ 29.634710305481271, 60.258340710238059 ], [ 29.634176951836622, 60.258356892359672 ], [ 29.634176951836096, 60.258356892359686 ], [ 29.6341767, 60.258356899999974 ], [ 29.6338799, 60.2583626 ], [ 29.632523252601413, 60.258396928560785 ], [ 29.6325334, 60.258468099999966 ], [ 29.632647691574114, 60.258543194463869 ], [ 29.632704428215067, 60.258580424797849 ], [ 29.632704428215092, 60.25858042479787 ], [ 29.632705, 60.258580799999983 ], [ 29.632705365780669, 60.258581234127988 ], [ 29.632705365780676, 60.258581234127988 ], [ 29.6328768, 60.2587847 ], [ 29.633053817178631, 60.258884290801568 ], [ 29.633053817178666, 60.258884290801596 ], [ 29.6330549, 60.258884899999984 ], [ 29.6331886, 60.2589866 ], [ 29.6334961, 60.2591767 ], [ 29.6337724, 60.2590286 ], [ 29.633892243539432, 60.258925180203157 ], [ 29.633892243539453, 60.258925180203136 ], [ 29.6338928, 60.258924699999987 ], [ 29.633893844792937, 60.258924506292871 ], [ 29.633893844793008, 60.258924506292857 ], [ 29.634156313908633, 60.258875843557497 ], [ 29.6342984, 60.258849499999982 ], [ 29.634432080187249, 60.258811040020703 ], [ 29.6345212, 60.2587854 ], [ 29.634663399918256, 60.258722866799687 ], [ 29.6347345, 60.2586916 ], [ 29.6347242, 60.258429100000015 ], [ 29.634714290402989, 60.258340589326117 ], [ 29.634710305481271, 60.258340710238059 ] ] ] } },
{ "type": "Feature", "properties": { "block_id": 122, "area": 195211.39059318646, "dominant_landuse": "residential", "poi_count": 103, "amenity_count": 0, "building_count": 103, "leisure_count": 0 }, "geometry": { "type": "Polygon", "coordinates": [ [ [ 29.636278595662624, 60.258293115308753 ], [ 29.634714290402989, 60.258340589326117 ], [ 29.634724177370316, 60.258428897876527 ], [ 29.6347242, 60.258429100000015 ], [ 29.634724207941609, 60.258429302397573 ], [ 29.634734478821503, 60.258691060262457 ], [ 29.6347345, 60.2586916 ], [ 29.634733686441862, 60.25869195776891 ], [ 29.634522044115243, 60.258785028796815 ], [ 29.6345212, 60.2587854 ], [ 29.634520224508154, 60.258785680652309 ], [ 29.634299219423131, 60.258849264251474 ], [ 29.6342984, 60.258849499999982 ], [ 29.634297512882057, 60.258849664477218 ], [ 29.6338928, 60.258924699999987 ], [ 29.633773034289749, 60.259028052637319 ], [ 29.6337724, 60.2590286 ], [ 29.63377153583939, 60.259029063203052 ], [ 29.6334961, 60.2591767 ], [ 29.633451748205662, 60.259277834026008 ], [ 29.6334515, 60.2592784 ], [ 29.633450560570985, 60.259278742978616 ], [ 29.6331639, 60.2593834 ], [ 29.633152729351298, 60.259519919172327 ], [ 29.633152644859095, 60.259520951768202 ], [ 29.6331526, 60.2595215 ], [ 29.633151721042228, 60.259521832121557 ], [ 29.6329557, 60.2595959 ], [ 29.633053133746447, 60.259737168972258 ], [ 29.6330535, 60.2597377 ], [ 29.633052508839235, 60.259737969359186 ], [ 29.6327904, 60.2598092 ], [ 29.6326309, 60.259938799999986 ], [ 29.6325773, 60.2600889 ], [ 29.6327841, 60.2603252 ], [ 29.6330461, 60.2604233 ], [ 29.633787882209806, 60.260450263007286 ], [ 29.6337889, 60.2604503 ], [ 29.633789733398732, 60.260450592648063 ], [ 29.63401441712513, 60.260529489981394 ], [ 29.6340153, 60.2605298 ], [ 29.634015885821718, 60.260530251469632 ], [ 29.6343615, 60.260796599999921 ], [ 29.6346859, 60.2608156 ], [ 29.6349339, 60.2607988 ], [ 29.635091087849808, 60.260708110874781 ], [ 29.6350918, 60.2607077 ], [ 29.635092814798636, 60.260707500548982 ], [ 29.635346012743618, 60.260657736085754 ], [ 29.635461071046898, 60.260635121891333 ], [ 29.6354622, 60.2606349 ], [ 29.635463412286043, 60.260634867330666 ], [ 29.635775138193299, 60.260626466406244 ], [ 29.635847017867935, 60.260624529165042 ], [ 29.6358481, 60.2606245 ], [ 29.635849125368491, 60.260624674314464 ], [ 29.636226953440907, 60.260688905086965 ], [ 29.6362281, 60.2606891 ], [ 29.636228979331307, 60.260689514305938 ], [ 29.6365072, 60.2608206 ], [ 29.63693260535657, 60.260723051013336 ], [ 29.6369337, 60.260722799999989 ], [ 29.636934899405112, 60.260722860611338 ], [ 29.637351378010742, 60.260743906486354 ], [ 29.637609491918383, 60.260756949062291 ], [ 29.6376105, 60.260757 ], [ 29.637611407841874, 60.260757223628204 ], [ 29.6382637, 60.2609179 ], [ 29.638812442837818, 60.260921792503204 ], [ 29.6388135, 60.260921799999963 ], [ 29.638814328972398, 60.260922126058283 ], [ 29.6390113, 60.2609996 ], [ 29.6392008, 60.2610132 ], [ 29.6393965, 60.2609327 ], [ 29.639551884362739, 60.260849582805363 ], [ 29.6395526, 60.26084919999996 ], [ 29.639553615200668, 60.260849063870083 ], [ 29.64008623334071, 60.260777643034928 ], [ 29.6400873, 60.2607775 ], [ 29.640088395823508, 60.2607775699191 ], [ 29.640255, 60.2607882 ], [ 29.6403314, 60.2607356 ], [ 29.640287564682037, 60.260673714846284 ], [ 29.6402872, 60.2606732 ], [ 29.640288296412532, 60.260673166639798 ], [ 29.640769035439874, 60.260658538480975 ], [ 29.6407703, 60.2606585 ], [ 29.640771550097927, 60.260658602270688 ], [ 29.641758, 60.2607393 ], [ 29.642059080225561, 60.260656590029882 ], [ 29.6420605, 60.2606562 ], [ 29.642062017505008, 60.260655914953787 ], [ 29.642481704721437, 60.260577080596029 ], [ 29.642844133667982, 60.26050900030647 ], [ 29.6428452, 60.2605088 ], [ 29.642845555541797, 60.260509338184647 ], [ 29.6429036, 60.2605972 ], [ 29.6431853, 60.26076139999995 ], [ 29.6435219, 60.2608254 ], [ 29.643835, 60.2608389 ], [ 29.6442434, 60.260735 ], [ 29.6444017, 60.2606086 ], [ 29.644340161917274, 60.260404137978263 ], [ 29.64434, 60.2604036 ], [ 29.644341091968148, 60.260403561247301 ], [ 29.644425880862162, 60.260400552161386 ], [ 29.644561512165506, 60.260395738607798 ], [ 29.6445626, 60.260395700000011 ], [ 29.644563106759794, 60.260396179848541 ], [ 29.6446511, 60.2604795 ], [ 29.64480222163067, 60.260469596879588 ], [ 29.6448037, 60.2604695 ], [ 29.644805191170502, 60.260469500658608 ], [ 29.6464106, 60.2604702 ], [ 29.646517252298828, 60.260451303350216 ], [ 29.6465184, 60.2604511 ], [ 29.646519594937502, 60.260451218452424 ], [ 29.6468049, 60.2604795 ], [ 29.6469041, 60.260455 ], [ 29.646958650190612, 60.260407379961443 ], [ 29.6469592, 60.260406899999985 ], [ 29.646959928098887, 60.260406482732776 ], [ 29.6472677, 60.2602301 ], [ 29.647190665351641, 60.260117533868545 ], [ 29.6471903, 60.260117 ], [ 29.647191430275964, 60.26011694943535 ], [ 29.647265175356594, 60.260113650313279 ], [ 29.6472663, 60.2601136 ], [ 29.647266698582321, 60.260114124963636 ], [ 29.647336, 60.260205399999926 ], [ 29.647503920205992, 60.260181652705349 ], [ 29.647505, 60.260181499999987 ], [ 29.647506095674046, 60.260181621611814 ], [ 29.6476915, 60.2602022 ], [ 29.6480341, 60.2601076 ], [ 29.6481866, 60.2600457 ], [ 29.6483902, 60.2598748 ], [ 29.648507474021589, 60.259591645622336 ], [ 29.6485077, 60.259591100000016 ], [ 29.648508333050433, 60.25959064025573 ], [ 29.6486308, 60.2595017 ], [ 29.6487877, 60.259294699999955 ], [ 29.648709506152215, 60.259089640627209 ], [ 29.6487093, 60.2590891 ], [ 29.648709525390203, 60.259088561271888 ], [ 29.6488054, 60.2588594 ], [ 29.648779148853173, 60.258759665531066 ], [ 29.648779, 60.258759099999978 ], [ 29.648779529801317, 60.258758594045737 ], [ 29.648817606370713, 60.258722231308766 ], [ 29.648829572162082, 60.258710804080856 ], [ 29.6488301, 60.2587103 ], [ 29.648831053569907, 60.258709986357843 ], [ 29.6490338, 60.2586433 ], [ 29.649103, 60.2585226 ], [ 29.649160821575226, 60.258152202384267 ], [ 29.6491609, 60.2581517 ], [ 29.649161328813584, 60.25815124337786 ], [ 29.6492565, 60.258049899999982 ], [ 29.6492806, 60.257992 ], [ 29.649281898234189, 60.257954151480298 ], [ 29.6492819, 60.257954100000028 ], [ 29.649282158052898, 60.257948183905441 ], [ 29.649283078615522, 60.257927040203164 ], [ 29.649191530577887, 60.257923349608959 ], [ 29.6491903, 60.257923300000016 ], [ 29.649189087661359, 60.257923183967876 ], [ 29.6491297, 60.2579175 ], [ 29.6482556, 60.2578623 ], [ 29.6475397, 60.2578634 ], [ 29.647557961980215, 60.257945030054088 ], [ 29.647558, 60.2579452 ], [ 29.647558027580448, 60.257945370442748 ], [ 29.647611505664944, 60.258275852802946 ], [ 29.647640864473466, 60.258457280459169 ], [ 29.6476409, 60.2584575 ], [ 29.647640918159663, 60.258457720064527 ], [ 29.647747854442922, 60.259753547975812 ], [ 29.6477479, 60.2597541 ], [ 29.647746788850306, 60.259754120145175 ], [ 29.646546751585191, 60.259775871407562 ], [ 29.646231687560324, 60.25978158029497 ], [ 29.6462306, 60.2597816 ], [ 29.646230528911978, 60.259781060396882 ], [ 29.646163536019262, 60.259272533137541 ], [ 29.646141419995264, 60.259104651783574 ], [ 29.6461414, 60.2591045 ], [ 29.646141388292634, 60.259104348002779 ], [ 29.6460873, 60.2584021 ], [ 29.646036801131054, 60.25795331005196 ], [ 29.6460368, 60.2579533 ], [ 29.6460297, 60.25789120000001 ], [ 29.6458264, 60.2578983 ], [ 29.644463420949272, 60.2579725825099 ], [ 29.6444631, 60.2579726 ], [ 29.644462778175569, 60.257972612922735 ], [ 29.642535237864561, 60.258049998480118 ], [ 29.6425352, 60.25805 ], [ 29.6406493, 60.258124100000025 ], [ 29.6406549, 60.2582006 ], [ 29.641082288067562, 60.260274856791426 ], [ 29.6410824, 60.2602754 ], [ 29.641081301242878, 60.260275410136572 ], [ 29.640638518320376, 60.260279494280859 ], [ 29.640443332784365, 60.260281294165303 ], [ 29.6404427, 60.260281299999988 ], [ 29.640442067551426, 60.260281288211864 ], [ 29.640153386472406, 60.260275907204253 ], [ 29.640153, 60.2602759 ], [ 29.640152614250951, 60.26027588622388 ], [ 29.639709214617813, 60.260260050524451 ], [ 29.6397078, 60.26026 ], [ 29.639706409254551, 60.260259861843018 ], [ 29.639252976649587, 60.260214816893011 ], [ 29.6392518, 60.2602147 ], [ 29.639250654933637, 60.260214521763999 ], [ 29.639237825933009, 60.260212524857209 ], [ 29.639142362847302, 60.260197665439208 ], [ 29.6391413, 60.2601975 ], [ 29.639141206836854, 60.260196948520189 ], [ 29.639048, 60.25964519999998 ], [ 29.638911200363566, 60.259067801534592 ], [ 29.6389112, 60.2590678 ], [ 29.6387187, 60.2582543 ], [ 29.6386592, 60.2581893 ], [ 29.6380741, 60.2581984 ], [ 29.636279602454294, 60.258293073495139 ], [ 29.6362791, 60.258293099999932 ], [ 29.636278595662624, 60.258293115308753 ] ] ] } },
{ "type": "Feature", "properties": { "block_id": 123, "area": 17382.831212683755, "dominant_landuse": "residential", "poi_count": 8, "amenity_count": 0, "building_count": 8, "leisure_count": 0 }, "geometry": { "type": "Polygon", "coordinates": [ [ [ 29.647540083392617, 60.257863399411924 ], [ 29.647540083392801, 60.25786339941191 ], [ 29.648238420428548, 60.25786232644208 ], [ 29.6482556, 60.2578623 ], [ 29.648259662550192, 60.257803354722512 ], [ 29.6482609, 60.2577854 ], [ 29.648261062206611, 60.257784821206926 ], [ 29.648261062206618, 60.257784821206926 ], [ 29.6484585, 60.2570803 ], [ 29.6474018, 60.25702959999996 ], [ 29.647401010935024, 60.257029200997621 ], [ 29.6462922, 60.2564685 ], [ 29.6455974, 60.2564956 ], [ 29.6457885, 60.2574935 ], [ 29.645801453996345, 60.257606796690951 ], [ 29.645819979399516, 60.257768819829174 ], [ 29.645819979399519, 60.257768819829195 ], [ 29.64582, 60.257769 ], [ 29.6458264, 60.2578983 ], [ 29.646029326689838, 60.257891213037674 ], [ 29.646029326690201, 60.257891213037674 ], [ 29.6460297, 60.25789120000001 ], [ 29.646856249917438, 60.257875984856291 ], [ 29.647539316868595, 60.257863407055822 ], [ 29.6475397, 60.2578634 ], [ 29.647540083392617, 60.257863399411924 ] ] ] } },
{ "type": "Feature", "properties": { "block_id": 124, "area": 17959.187130483169, "dominant_landuse": "residential", "poi_count": 13, "amenity_count": 0, "building_count": 13, "leisure_count": 0 }, "geometry": { "type": "Polygon", "coordinates": [ [ [ 29.6460297, 60.25789120000001 ], [ 29.6460368, 60.2579533 ], [ 29.6460873, 60.2584021 ], [ 29.646087307600883, 60.258402198687378 ], [ 29.646087307600883, 60.258402198687399 ], [ 29.6461414, 60.2591045 ], [ 29.6462306, 60.2597816 ], [ 29.6477479, 60.2597541 ], [ 29.6476409, 60.2584575 ], [ 29.647558, 60.2579452 ], [ 29.6475397, 60.2578634 ], [ 29.6460297, 60.25789120000001 ] ] ] } },
{ "type": "Feature", "properties": { "block_id": 125, "area": 20897.69390470926, "dominant_landuse": "residential", "poi_count": 14, "amenity_count": 0, "building_count": 14, "leisure_count": 0 }, "geometry": { "type": "Polygon", "coordinates": [ [ [ 29.6031077, 60.252259 ], [ 29.604087996733337, 60.252940810880588 ], [ 29.6040887, 60.2529413 ], [ 29.604088802472468, 60.252941899006188 ], [ 29.6042355, 60.2537994 ], [ 29.605154391540893, 60.253756900391259 ], [ 29.6051544, 60.2537569 ], [ 29.6060522, 60.253715200000023 ], [ 29.6058504, 60.2522643 ], [ 29.604812358261519, 60.252244020678475 ], [ 29.6048113, 60.252244 ], [ 29.604810487192374, 60.252243662551031 ], [ 29.6039861, 60.2519014 ], [ 29.6031077, 60.252259 ] ] ] } },
{ "type": "Feature", "properties": { "block_id": 126, "area": 28686.244632733986, "dominant_landuse": "residential", "poi_count": 24, "amenity_count": 0, "building_count": 24, "leisure_count": 0 }, "geometry": { "type": "Polygon", "coordinates": [ [ [ 29.5878964, 60.247001899999987 ], [ 29.5893206, 60.2469633 ], [ 29.5908798, 60.2468843 ], [ 29.5907389, 60.245950499999935 ], [ 29.5878277, 60.246090799999983 ], [ 29.587826055830345, 60.246090759783868 ], [ 29.587826055830295, 60.246090759783868 ], [ 29.58711311440122, 60.246073319421505 ], [ 29.5869897, 60.2460703 ], [ 29.586988888409589, 60.246070250692263 ], [ 29.586988888409469, 60.246070250692277 ], [ 29.585859, 60.2460016 ], [ 29.5854918, 60.246001600000021 ], [ 29.5862154, 60.246994199999982 ], [ 29.5878964, 60.247001899999987 ] ] ] } },
{ "type": "Feature", "properties": { "block_id": 127, "area": 78246.958256621001, "dominant_landuse": "residential", "poi_count": 67, "amenity_count": 0, "building_count": 67, "leisure_count": 0 }, "geometry": { "type": "Polygon", "coordinates": [ [ [ 29.587895681454008, 60.247001896713151 ], [ 29.5862154, 60.246994199999982 ], [ 29.586094, 60.2470574 ], [ 29.586070958066347, 60.247141423604262 ], [ 29.5860708, 60.247142 ], [ 29.586070188174691, 60.247142495894764 ], [ 29.585980149360463, 60.247215473685145 ], [ 29.5859795, 60.247216 ], [ 29.585978635192333, 60.247216443170998 ], [ 29.585787422675359, 60.247314429667988 ], [ 29.5857867, 60.2473148 ], [ 29.585785853280264, 60.247315098401998 ], [ 29.585539862316811, 60.247401790379236 ], [ 29.5855387, 60.24740220000001 ], [ 29.58553744321064, 60.24740253364638 ], [ 29.585397200425749, 60.247439764510638 ], [ 29.585047604135941, 60.247532572355084 ], [ 29.5850475, 60.2475326 ], [ 29.585047395289124, 60.247532627101691 ], [ 29.5849285, 60.2475634 ], [ 29.5848192, 60.2476164 ], [ 29.583998384748632, 60.248026157693566 ], [ 29.5839983, 60.2480262 ], [ 29.583998214350665, 60.248026241855648 ], [ 29.583199, 60.2484168 ], [ 29.584518777503849, 60.248970306689152 ], [ 29.584519, 60.248970399999934 ], [ 29.584519217580834, 60.248970496131612 ], [ 29.5858001, 60.249536400000018 ], [ 29.5858772, 60.2494981 ], [ 29.5862364, 60.2493154 ], [ 29.587286294063123, 60.248755429863891 ], [ 29.5872871, 60.248755 ], [ 29.587288187989774, 60.248754770212372 ], [ 29.587511060440612, 60.248707698440718 ], [ 29.587512, 60.2487075 ], [ 29.587513020040788, 60.24870747966726 ], [ 29.5909312, 60.2486393 ], [ 29.5913443, 60.248612099999988 ], [ 29.591070808229922, 60.247788226043369 ], [ 29.5910707, 60.2477879 ], [ 29.591070630566485, 60.247787571355296 ], [ 29.5908798, 60.2468843 ], [ 29.589321128713262, 60.246963273214817 ], [ 29.5893206, 60.2469633 ], [ 29.589320069336519, 60.246963314385404 ], [ 29.588628092469023, 60.246982070905851 ], [ 29.587897117511169, 60.247001880557193 ], [ 29.5878964, 60.247001899999987 ], [ 29.587895681454008, 60.247001896713151 ] ] ] } },
{ "type": "Feature", "properties": { "block_id": 128, "area": 19796.536377882658, "dominant_landuse": "residential", "poi_count": 22, "amenity_count": 0, "building_count": 22, "leisure_count": 0 }, "geometry": { "type": "Polygon", "coordinates": [ [ [ 29.5844864, 60.246895299999984 ], [ 29.584484994709229, 60.246895126970941 ], [ 29.584484994709172, 60.246895126970927 ], [ 29.5839528428953, 60.246829603578846 ], [ 29.5838716, 60.2468196 ], [ 29.5832132, 60.247113199999987 ], [ 29.5829107, 60.2472888 ], [ 29.582910572471452, 60.247288871526202 ], [ 29.5825336, 60.247500299999984 ], [ 29.5819226, 60.2478538 ], [ 29.5825311, 60.2481322 ], [ 29.583199, 60.2484168 ], [ 29.5839983, 60.2480262 ], [ 29.5848192, 60.2476164 ], [ 29.584819317517464, 60.247616343015466 ], [ 29.584819317517816, 60.247616343015281 ], [ 29.584927710922877, 60.247563782627537 ], [ 29.584927710922877, 60.247563782627537 ], [ 29.5849285, 60.2475634 ], [ 29.584929477743163, 60.247563146937757 ], [ 29.584929477743184, 60.247563146937736 ], [ 29.585047499999924, 60.247532600000021 ], [ 29.585398177263102, 60.247439505186172 ], [ 29.5855387, 60.24740220000001 ], [ 29.585704033846881, 60.247343933255017 ], [ 29.5857867, 60.2473148 ], [ 29.5859795, 60.247216 ], [ 29.5860708, 60.247142 ], [ 29.586094, 60.2470574 ], [ 29.586094814473459, 60.247056975991939 ], [ 29.586094814473508, 60.247056975991896 ], [ 29.5862154, 60.246994199999982 ], [ 29.5844864, 60.246895299999984 ] ] ] } },
{ "type": "Feature", "properties": { "block_id": 129, "area": 25717.844432412559, "dominant_landuse": "residential", "poi_count": 11, "amenity_count": 0, "building_count": 11, "leisure_count": 0 }, "geometry": { "type": "Polygon", "coordinates": [ [ [ 29.5854918, 60.246001600000021 ], [ 29.585857626774484, 60.246001600001904 ], [ 29.585857626774594, 60.246001600001918 ], [ 29.585859, 60.2460016 ], [ 29.585860363079941, 60.246001682825124 ], [ 29.585860363080069, 60.246001682825124 ], [ 29.5869897, 60.2460703 ], [ 29.5878277, 60.246090799999983 ], [ 29.5907389, 60.245950499999935 ], [ 29.5906092, 60.2450998 ], [ 29.5896367, 60.2451282 ], [ 29.5878688, 60.245245 ], [ 29.5866649, 60.2452766 ], [ 29.585865292020163, 60.245458629991951 ], [ 29.585684760783636, 60.245499726813023 ], [ 29.585684760783629, 60.245499726813023 ], [ 29.585684, 60.2454999 ], [ 29.5852647, 60.2455601 ], [ 29.5853633, 60.245764599999987 ], [ 29.5854918, 60.246001600000021 ] ] ] } },
{ "type": "Feature", "properties": { "block_id": 130, "area": 18480.24888171862, "dominant_landuse": "residential", "poi_count": 12, "amenity_count": 0, "building_count": 12, "leisure_count": 0 }, "geometry": { "type": "Polygon", "coordinates": [ [ [ 29.5943843, 60.2466898 ], [ 29.5949802, 60.246682 ], [ 29.5962067, 60.2466303 ], [ 29.5976274, 60.2466285 ], [ 29.5976103, 60.2457271 ], [ 29.594088, 60.2458089 ], [ 29.5943843, 60.2466898 ] ] ] } },
{ "type": "Feature", "properties": { "block_id": 131, "area": 19407.767480440951, "dominant_landuse": "residential", "poi_count": 15, "amenity_count": 0, "building_count": 15, "leisure_count": 0 }, "geometry": { "type": "Polygon", "coordinates": [ [ [ 29.594088, 60.2458089 ], [ 29.5907389, 60.245950499999935 ], [ 29.5908798, 60.2468843 ], [ 29.5943843, 60.2466898 ], [ 29.594088, 60.2458089 ] ] ] } },
{ "type": "Feature", "properties": { "block_id": 132, "area": 17468.348481836645, "dominant_landuse": "residential", "poi_count": 12, "amenity_count": 0, "building_count": 12, "leisure_count": 0 }, "geometry": { "type": "Polygon", "coordinates": [ [ [ 29.5940702, 60.244991 ], [ 29.5928324, 60.2450406 ], [ 29.5906092, 60.2450998 ], [ 29.5907389, 60.245950499999935 ], [ 29.594088, 60.2458089 ], [ 29.5940702, 60.244991 ] ] ] } },
{ "type": "Feature", "properties": { "block_id": 133, "area": 23377.704253581116, "dominant_landuse": "residential", "poi_count": 9, "amenity_count": 0, "building_count": 9, "leisure_count": 0 }, "geometry": { "type": "Polygon", "coordinates": [ [ [ 29.594088, 60.2458089 ], [ 29.5976103, 60.2457271 ], [ 29.5987129, 60.245661 ], [ 29.5992464, 60.245498799999986 ], [ 29.5988344, 60.245307099999984 ], [ 29.5981821, 60.245017499999989 ], [ 29.597577, 60.2448373 ], [ 29.597338, 60.2448894 ], [ 29.597336998808604, 60.244889428835826 ], [ 29.597336998808466, 60.24488942883584 ], [ 29.5966852, 60.244908199999983 ], [ 29.5940702, 60.244991 ], [ 29.594088, 60.2458089 ] ] ] } },
{ "type": "Feature", "properties": { "block_id": 134, "area": 358.42095304186188, "dominant_landuse": null, "poi_count": 0, "amenity_count": 0, "building_count": 0, "leisure_count": 0 }, "geometry": { "type": "Polygon", "coordinates": [ [ [ 29.597479947866468, 60.254181333330223 ], [ 29.597496499350196, 60.254185299844259 ], [ 29.597496499643068, 60.254185299914454 ], [ 29.5974965, 60.2541853 ], [ 29.597642389382148, 60.254220263264905 ], [ 29.5979822, 60.254301699999985 ], [ 29.5979202, 60.254208799999986 ], [ 29.59786645198766, 60.254128227475412 ], [ 29.597865904284536, 60.254127406422853 ], [ 29.597853203412509, 60.25410840510532 ], [ 29.5978532, 60.2541084 ], [ 29.597843131720374, 60.254093317648071 ], [ 29.597828099995279, 60.254070800000939 ], [ 29.597383, 60.2541581 ], [ 29.597479947866468, 60.254181333330223 ] ] ] } },
{ "type": "Feature", "properties": { "block_id": 135, "area": 11707.315639071579, "dominant_landuse": "residential", "poi_count": 10, "amenity_count": 1, "building_count": 10, "leisure_count": 0 }, "geometry": { "type": "Polygon", "coordinates": [ [ [ 29.597902, 60.2512015 ], [ 29.5984153, 60.251112 ], [ 29.5994589, 60.2509465 ], [ 29.5991545, 60.250714299999984 ], [ 29.599116690476681, 60.250657081431498 ], [ 29.598974962611724, 60.250442597426485 ], [ 29.59897496261171, 60.250442597426456 ], [ 29.5989747, 60.250442199999966 ], [ 29.598974497673698, 60.250441793955382 ], [ 29.598974497673691, 60.250441793955382 ], [ 29.5986712, 60.249833099999982 ], [ 29.5972762, 60.2498443 ], [ 29.5973551, 60.2501899 ], [ 29.5975851, 60.2506951 ], [ 29.597902, 60.2512015 ] ] ] } },
{ "type": "Feature", "properties": { "block_id": 136, "area": 17871.840623933262, "dominant_landuse": "residential", "poi_count": 14, "amenity_count": 0, "building_count": 14, "leisure_count": 0 }, "geometry": { "type": "Polygon", "coordinates": [ [ [ 29.5962067, 60.2466303 ], [ 29.59606, 60.2473398 ], [ 29.596079, 60.2478131 ], [ 29.5962995, 60.2484147 ], [ 29.596685099999984, 60.248737499999976 ], [ 29.59688, 60.2487774 ], [ 29.5974779, 60.2487609 ], [ 29.5976274, 60.2466285 ], [ 29.5962067, 60.2466303 ] ] ] } },
{ "type": "Feature", "properties": { "block_id": 137, "area": 10670.169158070606, "dominant_landuse": "residential", "poi_count": 10, "amenity_count": 0, "building_count": 10, "leisure_count": 0 }, "geometry": { "type": "Polygon", "coordinates": [ [ [ 29.5972762, 60.2498443 ], [ 29.5986712, 60.249833099999982 ], [ 29.5986956, 60.248760499999989 ], [ 29.5974779, 60.2487609 ], [ 29.59688, 60.2487774 ], [ 29.5972762, 60.2498443 ] ] ] } },
{ "type": "Feature", "properties": { "block_id": 138, "area": 23065.80663283894, "dominant_landuse": "residential", "poi_count": 23, "amenity_count": 0, "building_count": 23, "leisure_count": 0 }, "geometry": { "type": "Polygon", "coordinates": [ [ [ 29.5974779, 60.2487609 ], [ 29.5986956, 60.248760499999989 ], [ 29.5992597, 60.2487549 ], [ 29.5993386, 60.2466074 ], [ 29.5976274, 60.2466285 ], [ 29.5974779, 60.2487609 ] ] ] } },
{ "type": "Feature", "properties": { "block_id": 139, "area": 776.92925892031531, "dominant_landuse": "residential", "poi_count": 0, "amenity_count": 0, "building_count": 0, "leisure_count": 0 }, "geometry": { "type": "Polygon", "coordinates": [ [ [ 29.5968873, 60.2446428 ], [ 29.5966852, 60.244908199999983 ], [ 29.597338, 60.2448894 ], [ 29.597347799163995, 60.244887263875945 ], [ 29.597577, 60.2448373 ], [ 29.5968873, 60.2446428 ] ] ] } },
{ "type": "Feature", "properties": { "block_id": 140, "area": 15026.248770590822, "dominant_landuse": "residential", "poi_count": 3, "amenity_count": 0, "building_count": 3, "leisure_count": 0 }, "geometry": { "type": "Polygon", "coordinates": [ [ [ 29.5968873, 60.2446428 ], [ 29.595326815491632, 60.244150820168713 ], [ 29.595326815491582, 60.244150820168713 ], [ 29.5953258, 60.244150499999989 ], [ 29.595324858741865, 60.244150127970144 ], [ 29.595324858741762, 60.244150127970116 ], [ 29.594946799999953, 60.244000699999958 ], [ 29.5937615, 60.243550899999988 ], [ 29.5937215, 60.243589299999989 ], [ 29.5936929, 60.2437029 ], [ 29.5939101, 60.244549199999987 ], [ 29.5940702, 60.244991 ], [ 29.5966852, 60.244908199999983 ], [ 29.5968873, 60.2446428 ] ] ] } },
{ "type": "Feature", "properties": { "block_id": 141, "area": 18704.877464108275, "dominant_landuse": "residential", "poi_count": 11, "amenity_count": 0, "building_count": 11, "leisure_count": 0 }, "geometry": { "type": "Polygon", "coordinates": [ [ [ 29.5943843, 60.2466898 ], [ 29.5908798, 60.2468843 ], [ 29.5910707, 60.2477879 ], [ 29.593261, 60.2476108 ], [ 29.5945349, 60.247494199999963 ], [ 29.5943843, 60.2466898 ] ] ] } },
{ "type": "Feature", "properties": { "block_id": 142, "area": 13322.87101450419, "dominant_landuse": "allotments", "poi_count": 14, "amenity_count": 1, "building_count": 13, "leisure_count": 0 }, "geometry": { "type": "Polygon", "coordinates": [ [ [ 29.6078748, 60.2424053 ], [ 29.607644, 60.2418267 ], [ 29.6072421, 60.2409035 ], [ 29.6058757, 60.2410448 ], [ 29.6064848, 60.2425387 ], [ 29.6078748, 60.2424053 ] ] ] } },
{ "type": "Feature", "properties": { "block_id": 143, "area": 10781.512208649394, "dominant_landuse": "allotments", "poi_count": 12, "amenity_count": 0, "building_count": 12, "leisure_count": 0 }, "geometry": { "type": "Polygon", "coordinates": [ [ [ 29.6047315, 60.2411835 ], [ 29.6053923, 60.242664499999982 ], [ 29.6064848, 60.2425387 ], [ 29.6058757, 60.2410448 ], [ 29.6047315, 60.2411835 ] ] ] } },
{ "type": "Feature", "properties": { "block_id": 144, "area": 25003.365436192853, "dominant_landuse": "residential", "poi_count": 18, "amenity_count": 0, "building_count": 18, "leisure_count": 0 }, "geometry": { "type": "Polygon", "coordinates": [ [ [ 29.6387187, 60.2582543 ], [ 29.638911199638233, 60.25906779847125 ], [ 29.639047728410837, 60.259644053708698 ], [ 29.639048, 60.25964519999998 ], [ 29.6391413, 60.2601975 ], [ 29.639251800000011, 60.2602147 ], [ 29.639650799358368, 60.260254337529027 ], [ 29.6397078, 60.26026 ], [ 29.639781999972637, 60.260262650103897 ], [ 29.640153, 60.2602759 ], [ 29.640359928454377, 60.260279757205403 ], [ 29.6404427, 60.260281299999988 ], [ 29.6410824, 60.2602754 ], [ 29.6406549, 60.2582006 ], [ 29.640654873047474, 60.258200231810214 ], [ 29.640654873047474, 60.2582002318102 ], [ 29.6406493, 60.258124100000025 ], [ 29.639364908248812, 60.258166099730317 ], [ 29.6386592, 60.2581893 ], [ 29.638701302943282, 60.258235294841946 ], [ 29.6387187, 60.2582543 ] ] ] } },
{ "type": "Feature", "properties": { "block_id": 145, "area": 86366.165900340944, "dominant_landuse": "allotments", "poi_count": 59, "amenity_count": 0, "building_count": 59, "leisure_count": 0 }, "geometry": { "type": "Polygon", "coordinates": [ [ [ 29.62509497168115, 60.239086144478925 ], [ 29.6236023, 60.2391507 ], [ 29.623895873278514, 60.239256430229233 ], [ 29.6238969, 60.2392568 ], [ 29.623897623091253, 60.239257317757549 ], [ 29.624091939846767, 60.239396454319419 ], [ 29.624183297104331, 60.239461868313299 ], [ 29.6241839, 60.2394623 ], [ 29.624184330663663, 60.239462779957734 ], [ 29.6243175570552, 60.239611254781863 ], [ 29.624389642134737, 60.239691589735131 ], [ 29.6243901, 60.2396921 ], [ 29.624390123998939, 60.239692658616079 ], [ 29.6243948, 60.2398015 ], [ 29.624831965977652, 60.240142183841172 ], [ 29.6248325, 60.2401426 ], [ 29.624832958416597, 60.240143037877225 ], [ 29.625718, 60.2409884 ], [ 29.6257617, 60.240977 ], [ 29.627854617273531, 60.240126358789794 ], [ 29.6278555, 60.240126 ], [ 29.627856180728777, 60.240126454751419 ], [ 29.628791042669938, 60.240750960901416 ], [ 29.6287917, 60.2407514 ], [ 29.628790823497081, 60.240751731223526 ], [ 29.6264949, 60.2416193 ], [ 29.626455679729073, 60.241634119563876 ], [ 29.6267222, 60.241747599999989 ], [ 29.6280627, 60.2417109 ], [ 29.6285045, 60.241660899999985 ], [ 29.6287387, 60.2416318 ], [ 29.6297303, 60.241362599999981 ], [ 29.632546087428739, 60.240175816049124 ], [ 29.6325466, 60.2401756 ], [ 29.632547137522664, 60.240175399499869 ], [ 29.6328104, 60.2400772 ], [ 29.6327436, 60.240037099999988 ], [ 29.6319273, 60.2395651 ], [ 29.631371202254044, 60.239315745851265 ], [ 29.6313711, 60.2393157 ], [ 29.631370998879461, 60.239315653532039 ], [ 29.630841, 60.2390721 ], [ 29.630498903347632, 60.239132024247617 ], [ 29.6304979, 60.2391322 ], [ 29.63049683787187, 60.239132229576647 ], [ 29.630292537704374, 60.23913791848215 ], [ 29.630084906591939, 60.239143699816452 ], [ 29.6300849, 60.2391437 ], [ 29.629778, 60.2391522 ], [ 29.629456104926952, 60.239208823228999 ], [ 29.6294551, 60.239209 ], [ 29.629454035748193, 60.239209030031098 ], [ 29.629276192009687, 60.23921404831286 ], [ 29.629101940753735, 60.239218964991679 ], [ 29.6291007, 60.239219 ], [ 29.629099547635381, 60.239218768662163 ], [ 29.6285961, 60.239117699999987 ], [ 29.6270263, 60.2389641 ], [ 29.6260986, 60.2388978 ], [ 29.625096965613661, 60.239085918651135 ], [ 29.625096, 60.2390861 ], [ 29.62509497168115, 60.239086144478925 ] ] ] } },
{ "type": "Feature", "properties": { "block_id": 146, "area": 2950.6040102088527, "dominant_landuse": null, "poi_count": 1, "amenity_count": 0, "building_count": 1, "leisure_count": 0 }, "geometry": { "type": "Polygon", "coordinates": [ [ [ 29.6431789, 60.2420597 ], [ 29.6426294, 60.2428962 ], [ 29.6430886, 60.2427808 ], [ 29.6434294, 60.2426616 ], [ 29.6437209, 60.2425433 ], [ 29.6439645, 60.2423996 ], [ 29.6431789, 60.2420597 ] ] ] } },
{ "type": "Feature", "properties": { "block_id": 147, "area": 42105.210491505386, "dominant_landuse": "residential", "poi_count": 17, "amenity_count": 1, "building_count": 16, "leisure_count": 0 }, "geometry": { "type": "Polygon", "coordinates": [ [ [ 29.633505261794319, 60.243482970893901 ], [ 29.6335054, 60.2434823 ], [ 29.6337653, 60.2431198 ], [ 29.6339691, 60.2428412 ], [ 29.6342678, 60.2424721 ], [ 29.6344846, 60.2421882 ], [ 29.634485413628834, 60.242187718715819 ], [ 29.634763365863435, 60.242023301094818 ], [ 29.6358309, 60.2413918 ], [ 29.635831529378486, 60.241391523825115 ], [ 29.6362746, 60.2411971 ], [ 29.636711710656762, 60.240916478357946 ], [ 29.636711710656819, 60.240916478357882 ], [ 29.6367123, 60.2409161 ], [ 29.6369642, 60.2407801 ], [ 29.6372971, 60.240304599999988 ], [ 29.636707, 60.2403169 ], [ 29.6362928, 60.2403907 ], [ 29.631768, 60.2429995 ], [ 29.6309628, 60.24347310000001 ], [ 29.629583, 60.244082199999987 ], [ 29.630037, 60.2443357 ], [ 29.6304531, 60.2444578 ], [ 29.6308074, 60.2443379 ], [ 29.6312025, 60.244226 ], [ 29.631265267792131, 60.244211150943123 ], [ 29.632001399999961, 60.244037 ], [ 29.632314492833796, 60.243958628962254 ], [ 29.6323214, 60.2439569 ], [ 29.632368751620433, 60.243943713140624 ], [ 29.632618, 60.2438743 ], [ 29.632865122855083, 60.243799891621464 ], [ 29.632891, 60.2437921 ], [ 29.632939603719247, 60.243777509221999 ], [ 29.632941300012853, 60.243776999995326 ], [ 29.6332787, 60.2436547 ], [ 29.6334903, 60.2435556 ], [ 29.633505261794319, 60.243482970893901 ] ] ] } },
{ "type": "Feature", "properties": { "block_id": 148, "area": 13245.707103340779, "dominant_landuse": "allotments", "poi_count": 14, "amenity_count": 0, "building_count": 14, "leisure_count": 0 }, "geometry": { "type": "Polygon", "coordinates": [ [ [ 29.6264453, 60.2416297 ], [ 29.626469454570717, 60.241624635335064 ], [ 29.626494900000033, 60.241619299999975 ], [ 29.6287917, 60.2407514 ], [ 29.6278555, 60.240126 ], [ 29.6257617, 60.240977 ], [ 29.625760690144595, 60.24097726344079 ], [ 29.625760690144386, 60.24097726344084 ], [ 29.625718, 60.240988400000049 ], [ 29.625911577343718, 60.241159090562526 ], [ 29.6264453, 60.2416297 ] ] ] } },
{ "type": "Feature", "properties": { "block_id": 149, "area": 91131.595682696105, "dominant_landuse": "residential", "poi_count": 33, "amenity_count": 0, "building_count": 33, "leisure_count": 0 }, "geometry": { "type": "Polygon", "coordinates": [ [ [ 29.6359933, 60.238962100000023 ], [ 29.6351922, 60.2392651 ], [ 29.634874502481146, 60.239519198015572 ], [ 29.634874502470893, 60.239519198023778 ], [ 29.6348745, 60.2395192 ], [ 29.6347344, 60.2396312 ], [ 29.634733316170571, 60.239631371910981 ], [ 29.6334665, 60.23983230000001 ], [ 29.6328104, 60.2400772 ], [ 29.632548323504412, 60.240174957119457 ], [ 29.632546599999834, 60.240175600000065 ], [ 29.629731175356014, 60.241362231081787 ], [ 29.629731175355989, 60.241362231081801 ], [ 29.6297303, 60.241362599999981 ], [ 29.629729292831264, 60.24136287343255 ], [ 29.629729292831215, 60.241362873432564 ], [ 29.6287387, 60.2416318 ], [ 29.6296178, 60.2423123 ], [ 29.6309628, 60.24347310000001 ], [ 29.631768, 60.2429995 ], [ 29.6362928, 60.2403907 ], [ 29.636293894661907, 60.240390504960949 ], [ 29.63629389466201, 60.240390504960949 ], [ 29.636533261398633, 60.240347856036777 ], [ 29.636707, 60.2403169 ], [ 29.637288504764481, 60.240304779177336 ], [ 29.6372971, 60.240304599999988 ], [ 29.63729066633196, 60.240287558156162 ], [ 29.637284, 60.2402699 ], [ 29.637226070955268, 60.240115985613315 ], [ 29.637225699999867, 60.240114999999761 ], [ 29.6367368, 60.23925460000001 ], [ 29.6365323, 60.2389342 ], [ 29.6359933, 60.238962100000023 ] ] ] } },
{ "type": "Feature", "properties": { "block_id": 150, "area": 22304.795708531467, "dominant_landuse": "residential", "poi_count": 26, "amenity_count": 0, "building_count": 26, "leisure_count": 0 }, "geometry": { "type": "Polygon", "coordinates": [ [ [ 29.6365323, 60.2389342 ], [ 29.636324847409924, 60.238769132186818 ], [ 29.636282246297625, 60.238735234686949 ], [ 29.6362817, 60.23873480000001 ], [ 29.636281595256886, 60.238734290077666 ], [ 29.636281595256886, 60.23873429007763 ], [ 29.636271852923251, 60.23868686126481 ], [ 29.6362498, 60.2385795 ], [ 29.636250663133026, 60.238579107916998 ], [ 29.6373245, 60.2380913 ], [ 29.6374074, 60.2378931 ], [ 29.6371778, 60.2377514 ], [ 29.637177377059761, 60.237751040979454 ], [ 29.637177377059761, 60.237751040979454 ], [ 29.637175734335937, 60.237749646523319 ], [ 29.637107002738507, 60.23769130232462 ], [ 29.6367666, 60.2374025 ], [ 29.6361496, 60.237426400000011 ], [ 29.6353535, 60.237477399999982 ], [ 29.6351973, 60.237514599999983 ], [ 29.635327675585675, 60.238086554207833 ], [ 29.635327675585675, 60.238086554207847 ], [ 29.6353278, 60.238087099999987 ], [ 29.6350839, 60.2382401 ], [ 29.6337571, 60.2388508 ], [ 29.6345341, 60.2393405 ], [ 29.634535073400542, 60.239341017119067 ], [ 29.634537300000517, 60.239342200000266 ], [ 29.634580030484599, 60.239364593304686 ], [ 29.6346329, 60.2393923 ], [ 29.634834284433591, 60.239498076940016 ], [ 29.634874500003175, 60.239519199997453 ], [ 29.6351922, 60.2392651 ], [ 29.6359933, 60.238962100000023 ], [ 29.6365323, 60.2389342 ] ] ] } },
{ "type": "Feature", "properties": { "block_id": 151, "area": 25132.473785965969, "dominant_landuse": "residential", "poi_count": 13, "amenity_count": 0, "building_count": 13, "leisure_count": 0 }, "geometry": { "type": "Polygon", "coordinates": [ [ [ 29.6365323, 60.2389342 ], [ 29.636736690917221, 60.239254429096526 ], [ 29.6367368, 60.23925460000001 ], [ 29.636736898043871, 60.239254772549209 ], [ 29.637225422736194, 60.240114512065652 ], [ 29.6372257, 60.240115 ], [ 29.637225887576424, 60.240115498383112 ], [ 29.637277155928377, 60.240251715745636 ], [ 29.637283997712697, 60.240269893922779 ], [ 29.637284, 60.2402699 ], [ 29.6372971, 60.240304599999988 ], [ 29.638304227255656, 60.240279636510266 ], [ 29.6383057, 60.240279599999987 ], [ 29.638307169762054, 60.240279659179961 ], [ 29.6392545, 60.2403178 ], [ 29.6397416, 60.2403319 ], [ 29.640170600855047, 60.240326314312881 ], [ 29.6401717, 60.240326299999928 ], [ 29.640172502126013, 60.240326673897577 ], [ 29.641676002432661, 60.241027481642355 ], [ 29.6416769, 60.2410279 ], [ 29.641677594331078, 60.241028404970471 ], [ 29.6418496, 60.2411535 ], [ 29.641525578319992, 60.240225056242515 ], [ 29.641354394522661, 60.240089485834268 ], [ 29.6402188, 60.2397906 ], [ 29.6379263, 60.239202400000011 ], [ 29.6367938, 60.238925500000022 ], [ 29.6366396, 60.2389296 ], [ 29.6365323, 60.2389342 ] ] ] } },
{ "type": "Feature", "properties": { "block_id": 152, "area": 10900.043835480605, "dominant_landuse": "residential", "poi_count": 9, "amenity_count": 0, "building_count": 9, "leisure_count": 0 }, "geometry": { "type": "Polygon", "coordinates": [ [ [ 29.6334665, 60.23983230000001 ], [ 29.633467701456205, 60.239832109445445 ], [ 29.633467701456244, 60.239832109445437 ], [ 29.6347344, 60.2396312 ], [ 29.634874499999988, 60.2395192 ], [ 29.634632899995218, 60.23939229999749 ], [ 29.634594775639037, 60.239372320628512 ], [ 29.6345373, 60.23934220000001 ], [ 29.6345341, 60.2393405 ], [ 29.6337571, 60.2388508 ], [ 29.6326528, 60.2392726 ], [ 29.6320175, 60.239529199999986 ], [ 29.631963797116541, 60.2395505740025 ], [ 29.631927300513684, 60.239565100297028 ], [ 29.632743464030494, 60.240037021381447 ], [ 29.632743464031186, 60.240037021381823 ], [ 29.6327436, 60.240037099999988 ], [ 29.6328104, 60.2400772 ], [ 29.6334654914819, 60.239832676451044 ], [ 29.633465491481903, 60.239832676451044 ], [ 29.6334665, 60.23983230000001 ] ] ] } },
{ "type": "Feature", "properties": { "block_id": 153, "area": 29607.990608608707, "dominant_landuse": "residential", "poi_count": 10, "amenity_count": 0, "building_count": 10, "leisure_count": 0 }, "geometry": { "type": "Polygon", "coordinates": [ [ [ 29.628061748888051, 60.24171092604422 ], [ 29.6267222, 60.241747599999989 ], [ 29.6269512, 60.242145 ], [ 29.627339224981576, 60.242271215379496 ], [ 29.627339224981682, 60.242271215379546 ], [ 29.6273401, 60.2422715 ], [ 29.6280191, 60.24285 ], [ 29.6283946, 60.243395799999988 ], [ 29.629583, 60.244082199999987 ], [ 29.6309628, 60.24347310000001 ], [ 29.6296178, 60.2423123 ], [ 29.6287387, 60.2416318 ], [ 29.6285045, 60.241660899999985 ], [ 29.628441870255365, 60.241667988118486 ], [ 29.628063628794028, 60.241710794886934 ], [ 29.628063628793889, 60.241710794886963 ], [ 29.6280627, 60.2417109 ], [ 29.628061748888051, 60.24171092604422 ] ] ] } },
{ "type": "Feature", "properties": { "block_id": 154, "area": 271.64252858852348, "dominant_landuse": "residential", "poi_count": 0, "amenity_count": 0, "building_count": 0, "leisure_count": 0 }, "geometry": { "type": "Polygon", "coordinates": [ [ [ 29.6166057, 60.2568809 ], [ 29.6165937, 60.256982 ], [ 29.6168564, 60.256959399999985 ], [ 29.6170496, 60.256897100000025 ], [ 29.6166985, 60.2568144 ], [ 29.6166057, 60.2568809 ] ] ] } },
{ "type": "Feature", "properties": { "block_id": 155, "area": 927.65688352299242, "dominant_landuse": null, "poi_count": 0, "amenity_count": 0, "building_count": 0, "leisure_count": 0 }, "geometry": { "type": "Polygon", "coordinates": [ [ [ 29.6288709, 60.2607607 ], [ 29.629452831154371, 60.261239361120296 ], [ 29.629452831154524, 60.261239361120438 ], [ 29.629453, 60.2612395 ], [ 29.629453160692865, 60.261239641247499 ], [ 29.629453160692933, 60.261239641247563 ], [ 29.629591168281571, 60.261360948067335 ], [ 29.629654214162429, 60.261352249810159 ], [ 29.629654214162592, 60.261352249810152 ], [ 29.6296553, 60.2613521 ], [ 29.6298867, 60.261477 ], [ 29.629938345964, 60.261467738727212 ], [ 29.6299111, 60.2614434 ], [ 29.6293384, 60.2609585 ], [ 29.629019963214787, 60.260705808872416 ], [ 29.628987400000746, 60.260717799999703 ], [ 29.6289874, 60.2607178 ], [ 29.6288709, 60.2607607 ] ] ] } },
{ "type": "Feature", "properties": { "block_id": 156, "area": 733.54008339398376, "dominant_landuse": null, "poi_count": 0, "amenity_count": 0, "building_count": 0, "leisure_count": 0 }, "geometry": { "type": "Polygon", "coordinates": [ [ [ 29.6301107, 60.261817599999986 ], [ 29.630355, 60.2619803 ], [ 29.6308168, 60.2621566 ], [ 29.631400158439849, 60.262230055218019 ], [ 29.631417884326087, 60.262204017755678 ], [ 29.631025367540271, 60.262120609287479 ], [ 29.630967504099537, 60.262108313370341 ], [ 29.6309665, 60.2621081 ], [ 29.630965542051737, 60.262107839460583 ], [ 29.630883376066031, 60.262085492203397 ], [ 29.630712732374672, 60.262039080784817 ], [ 29.6307117, 60.2620388 ], [ 29.630710806892509, 60.262038419160149 ], [ 29.630559556733022, 60.261973922689023 ], [ 29.6305588, 60.261973599999955 ], [ 29.630558239699692, 60.261973190128018 ], [ 29.63026026489036, 60.261755213236484 ], [ 29.6302597, 60.2617548 ], [ 29.630259211289928, 60.261754363446279 ], [ 29.630200298212024, 60.261701737619511 ], [ 29.6301492, 60.261715 ], [ 29.630039455731094, 60.261754979429547 ], [ 29.6301107, 60.261817599999986 ] ] ] } },
{ "type": "Feature", "properties": { "block_id": 157, "area": 2937207.6028342489, "dominant_landuse": "residential", "poi_count": 270, "amenity_count": 7, "building_count": 256, "leisure_count": 7 }, "geometry": { "type": "Polygon", "coordinates": [ [ [ 29.63010999704882, 60.261816982138285 ], [ 29.630039455731094, 60.261754979429547 ], [ 29.6299285, 60.2617954 ], [ 29.6298078, 60.2618912 ], [ 29.629788652217318, 60.261961143974169 ], [ 29.6297885, 60.2619617 ], [ 29.629787433623676, 60.261961884816039 ], [ 29.6296656, 60.261983 ], [ 29.6296549, 60.262052099999977 ], [ 29.629763925696121, 60.262098329276917 ], [ 29.6297648, 60.2620987 ], [ 29.629764509912235, 60.26209925260067 ], [ 29.629716920760902, 60.2621899069701 ], [ 29.629682063964882, 60.262256306674317 ], [ 29.6296817, 60.262257 ], [ 29.629681161325145, 60.262257664657859 ], [ 29.6295825, 60.262379399999986 ], [ 29.6295756, 60.262442 ], [ 29.629765834381594, 60.262525022227777 ], [ 29.6297667, 60.2625254 ], [ 29.629766279016494, 60.26252593285281 ], [ 29.6296602, 60.2626602 ], [ 29.629713001785035, 60.262717567353718 ], [ 29.6297134, 60.262718 ], [ 29.629713645553188, 60.262718459829891 ], [ 29.6297817, 60.2628459 ], [ 29.6298907, 60.26293840000001 ], [ 29.6302879, 60.263203 ], [ 29.630673371860688, 60.263447338460004 ], [ 29.6306741, 60.2634478 ], [ 29.630674267382371, 60.263448380497508 ], [ 29.630682655978344, 60.26347747289514 ], [ 29.630692672043924, 60.263512209430559 ], [ 29.6306929, 60.263513 ], [ 29.630692899999982, 60.263513798640759 ], [ 29.630692899999644, 60.263540093771219 ], [ 29.630692899999989, 60.263572268970549 ], [ 29.6306929, 60.263572800000027 ], [ 29.630692325203629, 60.263573247702446 ], [ 29.6305726, 60.263666499999985 ], [ 29.6306754, 60.2637712 ], [ 29.631042221810006, 60.264043145494689 ], [ 29.6310427, 60.264043499999985 ], [ 29.631043064548901, 60.264043886411059 ], [ 29.6315064, 60.264535 ], [ 29.632043184012883, 60.264833646021948 ], [ 29.632044, 60.2648341 ], [ 29.632044600202338, 60.264834630588012 ], [ 29.632231152440418, 60.264999544631465 ], [ 29.632446016905586, 60.265189484548763 ], [ 29.6324466, 60.26519 ], [ 29.632446457309864, 60.265190587011688 ], [ 29.632386, 60.265439300000018 ], [ 29.632712777481292, 60.265948197742894 ], [ 29.6327131, 60.265948699999946 ], [ 29.632712832424115, 60.265949210160777 ], [ 29.6325932, 60.26617730000001 ], [ 29.6330548, 60.2668775 ], [ 29.6333053, 60.2672005 ], [ 29.6336877, 60.2673054 ], [ 29.634439972429998, 60.267364403720464 ], [ 29.6344412, 60.2673645 ], [ 29.634442228052375, 60.267364846889677 ], [ 29.634682049252749, 60.267445767931036 ], [ 29.635003082557283, 60.267554090440207 ], [ 29.635004, 60.2675544 ], [ 29.63500291397629, 60.267554288298427 ], [ 29.634164, 60.267468 ], [ 29.6339399, 60.267505699999987 ], [ 29.633816, 60.2676491 ], [ 29.6340958, 60.2679493 ], [ 29.6356232, 60.269322699999982 ], [ 29.63602075615853, 60.269616923510895 ], [ 29.6360214, 60.2696174 ], [ 29.636021942552208, 60.269617906649593 ], [ 29.636380474536907, 60.269952709320329 ], [ 29.636381, 60.2699532 ], [ 29.636380772860228, 60.269953744211229 ], [ 29.6363075, 60.2701293 ], [ 29.6363752, 60.270248700000018 ], [ 29.637008937371164, 60.270405337359719 ], [ 29.63701, 60.2704056 ], [ 29.637010654199173, 60.270406091929551 ], [ 29.637318858302688, 60.270637846095994 ], [ 29.641850250485088, 60.270927332970494 ], [ 29.6418513, 60.270927399999984 ], [ 29.641852049606339, 60.270927770975213 ], [ 29.644517485268238, 60.272246796843937 ], [ 29.6445183, 60.272247199999988 ], [ 29.644518385849924, 60.272247769632258 ], [ 29.6471291, 60.289560399999985 ], [ 29.659752178129317, 60.288921733378608 ], [ 29.6598802, 60.2885646 ], [ 29.659160268743339, 60.288019803371476 ], [ 29.65916, 60.288019600000034 ], [ 29.659159749262582, 60.288019391037281 ], [ 29.658877816108678, 60.287784427997757 ], [ 29.658692253636811, 60.287629778068357 ], [ 29.6586918, 60.2876294 ], [ 29.658691470892986, 60.287628991391109 ], [ 29.658603153655189, 60.287519339090373 ], [ 29.6586028, 60.287518900000016 ], [ 29.658602678825932, 60.287518430948722 ], [ 29.6585292, 60.287234 ], [ 29.6584484, 60.2870673 ], [ 29.65828925623541, 60.286964225035305 ], [ 29.6582886, 60.2869638 ], [ 29.658288819526373, 60.286963275666487 ], [ 29.6584016, 60.2866939 ], [ 29.658167616103942, 60.286110938424478 ], [ 29.6581674, 60.2861104 ], [ 29.658168424862776, 60.286110606156754 ], [ 29.658270275977586, 60.286131094013328 ], [ 29.6582713, 60.2861313 ], [ 29.658271421863954, 60.28613184521285 ], [ 29.6582924, 60.28622570000001 ], [ 29.6584533, 60.286471200000015 ], [ 29.6585829, 60.2865487 ], [ 29.658798787350701, 60.286375250408831 ], [ 29.655919429454595, 60.282221175372356 ], [ 29.6559191, 60.2822207 ], [ 29.655919217716335, 60.282220200676363 ], [ 29.65673078176528, 60.278777401622918 ], [ 29.6567309, 60.2787769 ], [ 29.656731197176001, 60.278776416995058 ], [ 29.657162484622788, 60.278075423144941 ], [ 29.656908833339976, 60.277721205156119 ], [ 29.6569084, 60.2777206 ], [ 29.656908402176153, 60.277719957718389 ], [ 29.6569099, 60.277277900000016 ], [ 29.6568729, 60.277139199999986 ], [ 29.656649483026641, 60.276752689640965 ], [ 29.6566492, 60.2767522 ], [ 29.656649192617255, 60.276751690596363 ], [ 29.6566462071873, 60.276545695929237 ], [ 29.6566462, 60.2765452 ], [ 29.656646454746582, 60.276544720466667 ], [ 29.656757340547781, 60.276335988397506 ], [ 29.6567576, 60.2763355 ], [ 29.656758189305329, 60.276335088322249 ], [ 29.6571544, 60.27605830000001 ], [ 29.6572197, 60.2759436 ], [ 29.6571931, 60.27579 ], [ 29.65709932069247, 60.275667549314051 ], [ 29.6570989, 60.275667 ], [ 29.657098718485447, 60.275666419247429 ], [ 29.657070669102847, 60.275576675493241 ], [ 29.657059470863835, 60.275540846680236 ], [ 29.6570593, 60.27554030000001 ], [ 29.657059565167373, 60.27553976267636 ], [ 29.657103722418132, 60.275450284098262 ], [ 29.657195542795908, 60.275264221195954 ], [ 29.6571958, 60.275263699999961 ], [ 29.657196585650208, 60.275263331612493 ], [ 29.657239067151973, 60.275243412228001 ], [ 29.657386303826819, 60.275174373324838 ], [ 29.6573871, 60.275174 ], [ 29.657388154662318, 60.275173853848138 ], [ 29.657663164173961, 60.27513574354407 ], [ 29.6576642, 60.2751356 ], [ 29.657665271801395, 60.275135556391227 ], [ 29.657921121358495, 60.275125146297071 ], [ 29.65798279008791, 60.275122637024111 ], [ 29.6579837, 60.275122599999989 ], [ 29.657984610049898, 60.275122636178772 ], [ 29.658195, 60.275131 ], [ 29.658381487592216, 60.275090121920741 ], [ 29.6583825, 60.2750899 ], [ 29.658383373030635, 60.275090237742724 ], [ 29.6588695, 60.2752783 ], [ 29.658892764652585, 60.275262799875954 ], [ 29.658926134212024, 60.275208551764123 ], [ 29.658468622620159, 60.274902183900863 ], [ 29.6584679, 60.2749017 ], [ 29.658467522945152, 60.27490112737641 ], [ 29.6583769, 60.274763499999985 ], [ 29.65824425730084, 60.274627670692084 ], [ 29.6582437, 60.27462709999994 ], [ 29.658243414412762, 60.274626481789404 ], [ 29.658215002656757, 60.274564978752245 ], [ 29.658201450279744, 60.274535641783629 ], [ 29.6582012, 60.2745351 ], [ 29.658201603476648, 60.274534581517678 ], [ 29.65827543916653, 60.274439699655126 ], [ 29.658307065807826, 60.274399057957794 ], [ 29.6583075, 60.2743985 ], [ 29.658308162053352, 60.274398000301623 ], [ 29.658620646954681, 60.274162143864643 ], [ 29.6586215, 60.274161499999984 ], [ 29.658622522481846, 60.274160920198284 ], [ 29.6593283, 60.273760699999983 ], [ 29.6596152, 60.2735826 ], [ 29.6596963, 60.2734127 ], [ 29.65962767905441, 60.273276254871135 ], [ 29.6596274, 60.273275699999978 ], [ 29.659627920098369, 60.273275189744453 ], [ 29.659812276842228, 60.273094320828491 ], [ 29.6598124, 60.27309420000001 ], [ 29.659812528993537, 60.273094080683265 ], [ 29.6600377, 60.2728858 ], [ 29.660114634121847, 60.272618476382668 ], [ 29.6601148, 60.2726179 ], [ 29.660115768306625, 60.272617571839923 ], [ 29.6605217, 60.27248 ], [ 29.660498551353292, 60.272246717521433 ], [ 29.6604985, 60.2722462 ], [ 29.66049916360063, 60.272245800205674 ], [ 29.661104774193763, 60.271880937283797 ], [ 29.6611055, 60.2718805 ], [ 29.661106387668124, 60.271880143932158 ], [ 29.661423313637268, 60.271753015435756 ], [ 29.6614241, 60.271752699999929 ], [ 29.661425026625299, 60.271752499448375 ], [ 29.661638614190725, 60.271706271979276 ], [ 29.661831900704644, 60.271664437927555 ], [ 29.661833, 60.2716642 ], [ 29.661834199012542, 60.271664208115801 ], [ 29.662216171671275, 60.271666793042456 ], [ 29.6622172, 60.2716668 ], [ 29.662218208794673, 60.271666899328402 ], [ 29.662335659750251, 60.271678463780546 ], [ 29.662625479029298, 60.271706999476123 ], [ 29.6626265, 60.2717071 ], [ 29.662627466604487, 60.271707291741173 ], [ 29.662790302113009, 60.271739592589689 ], [ 29.662967693518485, 60.27177478051577 ], [ 29.6629688, 60.271775 ], [ 29.662969430947467, 60.271775502010485 ], [ 29.663132804033403, 60.271905488438598 ], [ 29.663188397982434, 60.271949721013641 ], [ 29.663189, 60.2719502 ], [ 29.663189397101757, 60.271950729092978 ], [ 29.663271190958245, 60.272059709722143 ], [ 29.663328250914471, 60.272135734888913 ], [ 29.6633286, 60.2721362 ], [ 29.6633286029879, 60.272136696377714 ], [ 29.6633302, 60.272402 ], [ 29.663455036193518, 60.27244827976714 ], [ 29.6634559, 60.2724486 ], [ 29.66345627684251, 60.272449101596131 ], [ 29.6635142, 60.2725262 ], [ 29.6636939, 60.2727024 ], [ 29.6640571, 60.2728382 ], [ 29.6644034, 60.272954100000014 ], [ 29.6648052, 60.2730293 ], [ 29.664967421081283, 60.272987651328691 ], [ 29.6649684, 60.272987399999977 ], [ 29.664969247501109, 60.272987749828701 ], [ 29.6652189, 60.2730908 ], [ 29.6655282, 60.27309180000001 ], [ 29.665935, 60.27303389999998 ], [ 29.6661611, 60.272952 ], [ 29.666463713657066, 60.272784435420412 ], [ 29.6664645, 60.272784 ], [ 29.666465650717274, 60.272783875647328 ], [ 29.666857523461321, 60.272741527146877 ], [ 29.6668587, 60.2727414 ], [ 29.666859904063994, 60.272741399347979 ], [ 29.6672259543239, 60.27274120062355 ], [ 29.6672271, 60.2727412 ], [ 29.667228153204142, 60.272741423973223 ], [ 29.667521, 60.2728037 ], [ 29.667571854854419, 60.272718016033217 ], [ 29.6662414, 60.2721826 ], [ 29.658417691300194, 60.269384418831102 ], [ 29.6584168, 60.269384100000025 ], [ 29.658417820639499, 60.269383898422767 ], [ 29.6645166, 60.2681792 ], [ 29.6647116, 60.2656817 ], [ 29.664249125236879, 60.265539587371592 ], [ 29.663784306451941, 60.265549777936577 ], [ 29.6637833, 60.2655498 ], [ 29.663782372832181, 60.265549604232909 ], [ 29.6632415, 60.265435399999987 ], [ 29.662577363975387, 60.265453970252302 ], [ 29.6625763, 60.265454 ], [ 29.662575288833718, 60.265453832869781 ], [ 29.662347, 60.2654161 ], [ 29.6621002, 60.265422 ], [ 29.661989523555967, 60.265493497182852 ], [ 29.6619889, 60.2654939 ], [ 29.661987947044647, 60.265494084636202 ], [ 29.661750044494909, 60.265540178255463 ], [ 29.6617489, 60.2655404 ], [ 29.661747686151696, 60.265540493819422 ], [ 29.661456373421164, 60.265563009307897 ], [ 29.6614552, 60.2655631 ], [ 29.661454207715028, 60.265562775890679 ], [ 29.661252215200129, 60.265496798933754 ], [ 29.6612513, 60.2654965 ], [ 29.661252393430214, 60.265496531660354 ], [ 29.6615276, 60.2655045 ], [ 29.6618006, 60.2654887 ], [ 29.6620533, 60.265399399999986 ], [ 29.6621311, 60.265360899999983 ], [ 29.661997606172708, 60.265270809088918 ], [ 29.661997, 60.2652704 ], [ 29.661996814997543, 60.265269900402025 ], [ 29.6619379, 60.265110799999988 ], [ 29.661665016353286, 60.264924919844411 ], [ 29.6616644, 60.264924499999985 ], [ 29.66166451555873, 60.264923983531972 ], [ 29.6617019, 60.2647569 ], [ 29.660288716232067, 60.264322486599049 ], [ 29.660275, 60.264323199999986 ], [ 29.6599853, 60.264343099999984 ], [ 29.659947880176531, 60.264453070493552 ], [ 29.6599477, 60.2644536 ], [ 29.659947134764376, 60.264454057744572 ], [ 29.6598378, 60.264542599999984 ], [ 29.6597761, 60.2647063 ], [ 29.6598083, 60.2648128 ], [ 29.65995264679918, 60.264985158853818 ], [ 29.6599531, 60.264985699999983 ], [ 29.659952710072243, 60.264986253178428 ], [ 29.659915965917456, 60.265038380885969 ], [ 29.6599156, 60.2650389 ], [ 29.659914560687369, 60.26503908952219 ], [ 29.659882755613697, 60.265044889281256 ], [ 29.659814584390038, 60.265057320494051 ], [ 29.6598136, 60.265057500000019 ], [ 29.659812671731572, 60.265057257685157 ], [ 29.659775031843296, 60.265047432173667 ], [ 29.65971269687212, 60.265031160224325 ], [ 29.6597117, 60.2650309 ], [ 29.659712247946388, 60.265030411236694 ], [ 29.6597654, 60.264983 ], [ 29.659642383690969, 60.264829179771631 ], [ 29.659642, 60.2648287 ], [ 29.659641989416617, 60.264828183772956 ], [ 29.6596366, 60.2645653 ], [ 29.659380050763353, 60.264469853722836 ], [ 29.6593791, 60.264469499999983 ], [ 29.659378522849661, 60.264468984226568 ], [ 29.659353681485353, 60.264446784594114 ], [ 29.659325920056929, 60.264421975387336 ], [ 29.6593255, 60.2644216 ], [ 29.659325200077127, 60.26442119717872 ], [ 29.659305304786692, 60.264394476130853 ], [ 29.659288225890229, 60.264371537699041 ], [ 29.6592879, 60.2643711 ], [ 29.659287648425678, 60.264370650363261 ], [ 29.659193699509697, 60.264202735317085 ], [ 29.6591934, 60.2642022 ], [ 29.659194404195958, 60.26420195546504 ], [ 29.65935629899586, 60.264162531795392 ], [ 29.659361976740627, 60.264161149179081 ], [ 29.659363, 60.2641609 ], [ 29.65936413821083, 60.264160927580583 ], [ 29.659383189592148, 60.264161389223247 ], [ 29.659469140250071, 60.264163471898428 ], [ 29.6594703, 60.2641635 ], [ 29.659471134924608, 60.264163900897373 ], [ 29.6598029, 60.2643232 ], [ 29.6600228, 60.264288599999986 ], [ 29.660057052460747, 60.26425128589306 ], [ 29.65866698301609, 60.263824039873583 ], [ 29.658609707631499, 60.26388764730401 ], [ 29.6586093, 60.26388810000001 ], [ 29.65860860212107, 60.263888454584503 ], [ 29.658595598451399, 60.26389506160158 ], [ 29.658387495258548, 60.26400079594211 ], [ 29.6583867, 60.26400120000001 ], [ 29.658385611017454, 60.264001363253563 ], [ 29.6580445, 60.2640525 ], [ 29.657650643151371, 60.264203077652702 ], [ 29.6576498, 60.264203399999985 ], [ 29.657648736113973, 60.264203398151359 ], [ 29.65621668242132, 60.264200902067323 ], [ 29.6562155, 60.2642009 ], [ 29.656214623888108, 60.264200505481611 ], [ 29.656168979327855, 60.264179951443737 ], [ 29.656134979348113, 60.264164641007852 ], [ 29.656134, 60.2641642 ], [ 29.656133130981555, 60.264163705202257 ], [ 29.6559459, 60.2640571 ], [ 29.655697226956807, 60.264033279216342 ], [ 29.6556964, 60.2640332 ], [ 29.65569560591587, 60.264033060613826 ], [ 29.655452, 60.2639903 ], [ 29.6547042, 60.263958299999985 ], [ 29.6542084, 60.263949399999987 ], [ 29.65380530818587, 60.263958479544719 ], [ 29.6538044, 60.2639585 ], [ 29.653803491444226, 60.263958484107107 ], [ 29.653736933751933, 60.263957319832677 ], [ 29.6537358, 60.2639573 ], [ 29.653735041718296, 60.263956880777776 ], [ 29.6536204, 60.2638935 ], [ 29.6535239, 60.2638615 ], [ 29.652833642821456, 60.263779535707172 ], [ 29.6528325, 60.2637794 ], [ 29.652831496255036, 60.263779096508387 ], [ 29.6526334, 60.2637192 ], [ 29.652227585319594, 60.263686886421901 ], [ 29.6522265, 60.2636868 ], [ 29.652225510675883, 60.263686562032291 ], [ 29.651404704838264, 60.263489125218307 ], [ 29.6514046, 60.263489100000022 ], [ 29.651126937021445, 60.263421428369888 ], [ 29.651126, 60.2634212 ], [ 29.651125224535406, 60.263420852914074 ], [ 29.651080498918201, 60.263400834402439 ], [ 29.65068508170906, 60.263223849887694 ], [ 29.6506843, 60.263223499999988 ], [ 29.650683662271874, 60.263223084223149 ], [ 29.649999589350823, 60.262777084250153 ], [ 29.649999, 60.262776699999989 ], [ 29.649998706361114, 60.26277623945176 ], [ 29.649717, 60.262334399999986 ], [ 29.64909642906759, 60.262015272076361 ], [ 29.6490959, 60.262015 ], [ 29.649095409029005, 60.262014710830847 ], [ 29.6488818, 60.26188890000001 ], [ 29.648510715524239, 60.261801715100852 ], [ 29.6485098, 60.2618015 ], [ 29.648508976387394, 60.261801207203519 ], [ 29.648343969506779, 60.261742546606662 ], [ 29.648061180485453, 60.26164201302101 ], [ 29.6480603, 60.2616417 ], [ 29.648060807827431, 60.261641224915216 ], [ 29.6481363, 60.2615706 ], [ 29.6479176, 60.261513 ], [ 29.647845431262844, 60.261580503084041 ], [ 29.6478449, 60.261581 ], [ 29.64784391827655, 60.261580719516246 ], [ 29.6464407, 60.2611798 ], [ 29.6453031, 60.2611468 ], [ 29.644505492988046, 60.261338984836854 ], [ 29.6445046, 60.2613392 ], [ 29.64450364504992, 60.261339334265429 ], [ 29.644214805018876, 60.261379944637767 ], [ 29.6442137, 60.2613801 ], [ 29.644212615186145, 60.261379912755146 ], [ 29.6438041, 60.2613094 ], [ 29.6424235, 60.2614235 ], [ 29.6423458, 60.2614341 ], [ 29.642361574250579, 60.261472155380183 ], [ 29.6423618, 60.261472699999985 ], [ 29.642360700695683, 60.26147280416815 ], [ 29.642313256785751, 60.261477299861212 ], [ 29.6423122, 60.2614774 ], [ 29.642311851035828, 60.261476894358367 ], [ 29.6422975, 60.2614561 ], [ 29.6422277, 60.261426200000017 ], [ 29.6419448, 60.2614681 ], [ 29.641583616417133, 60.261582509714891 ], [ 29.6415827, 60.261582799999985 ], [ 29.641581617245755, 60.261582846595303 ], [ 29.6412411, 60.2615975 ], [ 29.6409202, 60.261657 ], [ 29.640764303674057, 60.261752485259962 ], [ 29.6407633, 60.2617531 ], [ 29.640762132375386, 60.261753638537627 ], [ 29.640759683603925, 60.261754767972093 ], [ 29.640715111141414, 60.261775325882098 ], [ 29.6407143, 60.261775699999987 ], [ 29.640713627495956, 60.26177526325904 ], [ 29.6406969, 60.261764399999947 ], [ 29.6405809, 60.2617678 ], [ 29.640565858201711, 60.261783909281 ], [ 29.6405654, 60.2617844 ], [ 29.640564399768223, 60.261784186340172 ], [ 29.6405125, 60.2617731 ], [ 29.640177707025824, 60.26178499975029 ], [ 29.6401777, 60.261785 ], [ 29.640037253163221, 60.261789969810643 ], [ 29.6400364, 60.26179 ], [ 29.640035547437542, 60.261789965876332 ], [ 29.639879653714395, 60.261783726165589 ], [ 29.639879, 60.2617837 ], [ 29.639878350444572, 60.261783655025305 ], [ 29.6394905, 60.2617568 ], [ 29.639065891244748, 60.261784721667425 ], [ 29.6390647, 60.2617848 ], [ 29.639063519451234, 60.261784688650948 ], [ 29.6381275, 60.261696400000012 ], [ 29.637698276980796, 60.261768302836145 ], [ 29.6376971, 60.261768499999988 ], [ 29.637695866087942, 60.261768429364956 ], [ 29.637284148985788, 60.261744860052296 ], [ 29.6372831, 60.2617448 ], [ 29.637282276091824, 60.261744471862961 ], [ 29.6370865, 60.2616665 ], [ 29.63638165701536, 60.261805092164401 ], [ 29.6363806, 60.2618053 ], [ 29.63637961863925, 60.261805014927745 ], [ 29.636288928332743, 60.261778670546867 ], [ 29.636109315410298, 60.26172649496668 ], [ 29.6361083, 60.26172619999997 ], [ 29.636107516222886, 60.26172576423707 ], [ 29.6358993, 60.26161 ], [ 29.635323620443614, 60.261555601931825 ], [ 29.6353236, 60.2615556 ], [ 29.634678405384456, 60.261494323979562 ], [ 29.6346771, 60.2614942 ], [ 29.634675832934196, 60.261494000734871 ], [ 29.6337939, 60.261355300000012 ], [ 29.633168787507671, 60.261444815633403 ], [ 29.6331675, 60.261445 ], [ 29.63316616134723, 60.261445028841152 ], [ 29.6327126, 60.2614548 ], [ 29.632059264796418, 60.261649750826557 ], [ 29.6320591, 60.2616498 ], [ 29.632058933543068, 60.261649847772297 ], [ 29.631163941997528, 60.261906700963458 ], [ 29.6311629, 60.261907 ], [ 29.631161702405006, 60.261907058269252 ], [ 29.630797188020779, 60.261924793289808 ], [ 29.630722084384569, 60.261928447242695 ], [ 29.630721, 60.26192850000001 ], [ 29.63072037833853, 60.261928055401604 ], [ 29.6303871, 60.2616897 ], [ 29.6302906, 60.261678300000021 ], [ 29.630200298212024, 60.261701737619511 ], [ 29.6302597, 60.2617548 ], [ 29.6305588, 60.261973599999955 ], [ 29.6307117, 60.2620388 ], [ 29.6309665, 60.2621081 ], [ 29.631743366535922, 60.262273180398047 ], [ 29.6317444, 60.2622734 ], [ 29.631743310431951, 60.262273262809877 ], [ 29.631066392649977, 60.26218802851551 ], [ 29.630817913798843, 60.262156740249885 ], [ 29.6308168, 60.2621566 ], [ 29.630815888882598, 60.262156252168921 ], [ 29.630571245442063, 60.262062855813291 ], [ 29.630355819921292, 60.261980613022004 ], [ 29.630355, 60.2619803 ], [ 29.630354381689045, 60.261979888217162 ], [ 29.630111554181301, 60.261818168875081 ], [ 29.6301107, 60.261817599999986 ], [ 29.63010999704882, 60.261816982138285 ] ] ] } },
{ "type": "Feature", "properties": { "block_id": 158, "area": 20650.410684909788, "dominant_landuse": "residential", "poi_count": 12, "amenity_count": 0, "building_count": 12, "leisure_count": 0 }, "geometry": { "type": "Polygon", "coordinates": [ [ [ 29.635797564614851, 60.244384066210088 ], [ 29.6357964, 60.244383899999988 ], [ 29.635795333342795, 60.24438361426968 ], [ 29.635767948396129, 60.24437627853554 ], [ 29.635516117945901, 60.244308819109612 ], [ 29.6355153, 60.244308599999989 ], [ 29.63551452106465, 60.24430834819772 ], [ 29.6350086, 60.2441448 ], [ 29.6320338, 60.2450183 ], [ 29.6332714, 60.2457432 ], [ 29.6360531, 60.2448397 ], [ 29.6363398, 60.2447124 ], [ 29.6363765, 60.2446211 ], [ 29.6363389, 60.2445638 ], [ 29.6361986, 60.244441300000013 ], [ 29.635797564614851, 60.244384066210088 ] ] ] } },
{ "type": "Feature", "properties": { "block_id": 159, "area": 19194.645054210701, "dominant_landuse": "residential", "poi_count": 13, "amenity_count": 0, "building_count": 13, "leisure_count": 0 }, "geometry": { "type": "Polygon", "coordinates": [ [ [ 29.6361986, 60.244441300000013 ], [ 29.636338335172169, 60.244563306834607 ], [ 29.6363389, 60.2445638 ], [ 29.636339254028755, 60.24456433951822 ], [ 29.63633936942923, 60.244564515381519 ], [ 29.636376141133375, 60.244620553111183 ], [ 29.6363765, 60.2446211 ], [ 29.636376273248906, 60.244621664098936 ], [ 29.636363931259233, 60.244652367795858 ], [ 29.636340003659917, 60.244711893348772 ], [ 29.6363398, 60.2447124 ], [ 29.636339024857602, 60.244712744179431 ], [ 29.636053732482257, 60.244839419168166 ], [ 29.6360531, 60.2448397 ], [ 29.636052390075484, 60.244839930598182 ], [ 29.6332714, 60.2457432 ], [ 29.6341342, 60.24630759999998 ], [ 29.634261, 60.2463739 ], [ 29.6357583, 60.2458701 ], [ 29.6372726, 60.245196 ], [ 29.6372268, 60.245073699999935 ], [ 29.6371252, 60.24491470000001 ], [ 29.6369289, 60.2446942 ], [ 29.636682, 60.244498 ], [ 29.6361986, 60.244441300000013 ] ] ] } },
{ "type": "Feature", "properties": { "block_id": 160, "area": 51266.261742340525, "dominant_landuse": "residential", "poi_count": 13, "amenity_count": 0, "building_count": 12, "leisure_count": 1 }, "geometry": { "type": "Polygon", "coordinates": [ [ [ 29.5939101, 60.244549199999987 ], [ 29.593752177774615, 60.243933875045727 ], [ 29.593693019712436, 60.243703366461339 ], [ 29.593693019712436, 60.243703366461311 ], [ 29.5936929, 60.2437029 ], [ 29.593693017472397, 60.2437024333979 ], [ 29.593721376183314, 60.243589791804936 ], [ 29.5937215, 60.243589299999989 ], [ 29.5937615, 60.243550899999988 ], [ 29.5944261099655, 60.242954492378686 ], [ 29.594393190395671, 60.242942547113351 ], [ 29.5943881, 60.2429407 ], [ 29.5921549, 60.2420379 ], [ 29.5916098, 60.24237140000001 ], [ 29.590845064662272, 60.242794822956547 ], [ 29.5906399, 60.242920299999945 ], [ 29.5897944, 60.243428 ], [ 29.5894277, 60.2436327 ], [ 29.5928324, 60.2450406 ], [ 29.5940702, 60.244991 ], [ 29.5939101, 60.244549199999987 ] ] ] } },
{ "type": "Feature", "properties": { "block_id": 161, "area": 12478.487233366959, "dominant_landuse": "residential", "poi_count": 3, "amenity_count": 0, "building_count": 3, "leisure_count": 0 }, "geometry": { "type": "Polygon", "coordinates": [ [ [ 29.5944602, 60.2429239 ], [ 29.59446931874443, 60.242917551953802 ], [ 29.594486200000016, 60.24290579999996 ], [ 29.594579172412502, 60.242834978343787 ], [ 29.594835, 60.2426401 ], [ 29.5951445, 60.2423748 ], [ 29.593764, 60.241755399999988 ], [ 29.593089183054285, 60.241513616398642 ], [ 29.5930883, 60.2415133 ], [ 29.593087635205933, 60.241512871499175 ], [ 29.593087635205894, 60.241512871499147 ], [ 29.5930506, 60.241489 ], [ 29.5925889, 60.241745 ], [ 29.5921579, 60.2419899 ], [ 29.592129269930062, 60.242007554240281 ], [ 29.592096590421864, 60.242027705466498 ], [ 29.592154863568936, 60.242037922289356 ], [ 29.5921549, 60.2420379 ], [ 29.59215575993165, 60.242038247655451 ], [ 29.592155759931707, 60.242038247655465 ], [ 29.594388100000049, 60.242940700000013 ], [ 29.594426109965521, 60.242954492378672 ], [ 29.5944602, 60.2429239 ] ] ] } },
{ "type": "Feature", "properties": { "block_id": 162, "area": 18173.291348630395, "dominant_landuse": "residential", "poi_count": 10, "amenity_count": 0, "building_count": 10, "leisure_count": 0 }, "geometry": { "type": "Polygon", "coordinates": [ [ [ 29.590609258463122, 60.245099798443718 ], [ 29.590609258463878, 60.24509979844369 ], [ 29.5928324, 60.2450406 ], [ 29.5894277, 60.2436327 ], [ 29.5889059, 60.243919 ], [ 29.5884665, 60.244200299999989 ], [ 29.5895242, 60.2446522 ], [ 29.58952525806972, 60.244652801542735 ], [ 29.58952525806977, 60.244652801542756 ], [ 29.589551109644397, 60.244667498888752 ], [ 29.5895636, 60.2446746 ], [ 29.5895869, 60.2447031 ], [ 29.589586971723673, 60.244703712252488 ], [ 29.5896367, 60.2451282 ], [ 29.590609141555188, 60.245099801706964 ], [ 29.5906092, 60.2450998 ], [ 29.590609258463122, 60.245099798443718 ] ] ] } },
{ "type": "Feature", "properties": { "block_id": 163, "area": 79344.490797393679, "dominant_landuse": "allotments", "poi_count": 82, "amenity_count": 0, "building_count": 82, "leisure_count": 0 }, "geometry": { "type": "Polygon", "coordinates": [ [ [ 29.6165169, 60.23969970000001 ], [ 29.615505, 60.2391689 ], [ 29.614305, 60.238604699999954 ], [ 29.614299597576981, 60.238602411478361 ], [ 29.6142042, 60.238562 ], [ 29.6138346, 60.2386421 ], [ 29.6133518, 60.2388605 ], [ 29.6130836, 60.239212 ], [ 29.6127617, 60.239361100000011 ], [ 29.612760863286088, 60.239360764329582 ], [ 29.612760863285985, 60.239360764329547 ], [ 29.6116996, 60.238935 ], [ 29.610867100140716, 60.238606800055443 ], [ 29.610187472652044, 60.238338865188794 ], [ 29.610187472652019, 60.238338865188794 ], [ 29.6101868, 60.2383386 ], [ 29.6089637, 60.2376835 ], [ 29.608556, 60.237694099999985 ], [ 29.6078778, 60.237994 ], [ 29.607877755791982, 60.237993979231604 ], [ 29.607810976814225, 60.238007265903875 ], [ 29.6079764, 60.2380802 ], [ 29.6085592, 60.2383304 ], [ 29.6094096, 60.238657900000021 ], [ 29.6100969, 60.2389008 ], [ 29.6109307, 60.239203700000033 ], [ 29.6113981, 60.2393638 ], [ 29.611398489176857, 60.239363946019203 ], [ 29.611398489177017, 60.239363946019232 ], [ 29.611908360658557, 60.239555247720226 ], [ 29.611908360658632, 60.239555247720276 ], [ 29.6119085, 60.2395553 ], [ 29.612024490878397, 60.239600235540074 ], [ 29.612169640328332, 60.239656466961122 ], [ 29.612169640328432, 60.239656466961172 ], [ 29.6121705, 60.2396568 ], [ 29.6122814, 60.2398892 ], [ 29.612439, 60.2402358 ], [ 29.6127396, 60.240828 ], [ 29.6128917, 60.2411454 ], [ 29.6131794, 60.2416667 ], [ 29.61317947436584, 60.241666851028626 ], [ 29.613179474365854, 60.241666851028675 ], [ 29.613306433391493, 60.241924688337342 ], [ 29.615865, 60.24149419999997 ], [ 29.6160195, 60.2414296 ], [ 29.615725, 60.24069380000001 ], [ 29.6166455, 60.2405363 ], [ 29.6177628, 60.2403346 ], [ 29.617324499999977, 60.240094599999985 ], [ 29.616517182255919, 60.239699838019973 ], [ 29.616517182255716, 60.23969983801986 ], [ 29.6165169, 60.23969970000001 ] ] ] } },
{ "type": "Feature", "properties": { "block_id": 164, "area": 32783.148872681442, "dominant_landuse": "residential", "poi_count": 29, "amenity_count": 0, "building_count": 29, "leisure_count": 0 }, "geometry": { "type": "Polygon", "coordinates": [ [ [ 29.6142042, 60.238562 ], [ 29.614305, 60.238604699999939 ], [ 29.6178274, 60.237593 ], [ 29.617274380158811, 60.236537353018569 ], [ 29.6172743, 60.236537199999987 ], [ 29.617274228544915, 60.236537045918929 ], [ 29.6170006, 60.235947 ], [ 29.616896, 60.2358063 ], [ 29.616633160824509, 60.235626909765038 ], [ 29.616633, 60.235626800000034 ], [ 29.616632844565519, 60.235626688331628 ], [ 29.6164469, 60.2354931 ], [ 29.6163399, 60.2354683 ], [ 29.6161911, 60.23551530000001 ], [ 29.6160848, 60.2355745 ], [ 29.615951705071193, 60.235722194372535 ], [ 29.6159517, 60.2357222 ], [ 29.615857444301785, 60.235826640106822 ], [ 29.6158573, 60.2358268 ], [ 29.615857145725492, 60.235826957574538 ], [ 29.6156796, 60.2360083 ], [ 29.6156015, 60.2361849 ], [ 29.615790909423222, 60.236449693778091 ], [ 29.6157912, 60.236450099999985 ], [ 29.615791427007597, 60.236450516114637 ], [ 29.615953249916473, 60.236747141594989 ], [ 29.6159535, 60.2367476 ], [ 29.615953671245887, 60.23674806727719 ], [ 29.615985730674545, 60.236835547316936 ], [ 29.615991976838501, 60.236852591065286 ], [ 29.6159922, 60.2368532 ], [ 29.61599201319363, 60.236853811953125 ], [ 29.615984538770142, 60.236878297163003 ], [ 29.615972098872312, 60.236919048522971 ], [ 29.6159719, 60.236919699999987 ], [ 29.615971401731922, 60.236920310587131 ], [ 29.615857, 60.237060499999984 ], [ 29.61589877142697, 60.23711276377685 ], [ 29.6158992, 60.2371133 ], [ 29.615899280932247, 60.237113875611264 ], [ 29.615908925062165, 60.237182467025001 ], [ 29.615909, 60.237183 ], [ 29.615908575386069, 60.237183490788787 ], [ 29.615875897266029, 60.237221261654156 ], [ 29.615840165439018, 60.237262562026437 ], [ 29.6158397, 60.2372631 ], [ 29.615838688803588, 60.237263400278998 ], [ 29.6134062, 60.2379857 ], [ 29.6142042, 60.238562 ] ] ] } },
{ "type": "Feature", "properties": { "block_id": 165, "area": 28444.646435669565, "dominant_landuse": "allotments", "poi_count": 33, "amenity_count": 0, "building_count": 33, "leisure_count": 0 }, "geometry": { "type": "Polygon", "coordinates": [ [ [ 29.6165169, 60.23969970000001 ], [ 29.618854278382667, 60.23911725458769 ], [ 29.6188553, 60.239117 ], [ 29.618856440723555, 60.239116966155208 ], [ 29.619481775892794, 60.239098411240811 ], [ 29.619600079621801, 60.239094900604705 ], [ 29.6196001, 60.2390949 ], [ 29.620120031545245, 60.239079235206198 ], [ 29.620120175680452, 60.239079230863297 ], [ 29.6201212, 60.2390792 ], [ 29.62012222572449, 60.239079215510138 ], [ 29.6206371, 60.239087 ], [ 29.6211884, 60.2390256 ], [ 29.6207348, 60.2380729 ], [ 29.620059310155092, 60.238136570766038 ], [ 29.620059, 60.2381366 ], [ 29.620058688321539, 60.238136624908641 ], [ 29.6181844, 60.238286399999978 ], [ 29.615505, 60.2391689 ], [ 29.6165169, 60.23969970000001 ] ] ] } },
{ "type": "Feature", "properties": { "block_id": 166, "area": 16580.962957221345, "dominant_landuse": "residential", "poi_count": 19, "amenity_count": 0, "building_count": 19, "leisure_count": 0 }, "geometry": { "type": "Polygon", "coordinates": [ [ [ 29.6181844, 60.238286399999978 ], [ 29.6178274, 60.237593 ], [ 29.614305, 60.238604699999939 ], [ 29.615505, 60.2391689 ], [ 29.6181844, 60.238286399999978 ] ] ] } },
{ "type": "Feature", "properties": { "block_id": 167, "area": 11831.108099455938, "dominant_landuse": "allotments", "poi_count": 13, "amenity_count": 0, "building_count": 13, "leisure_count": 0 }, "geometry": { "type": "Polygon", "coordinates": [ [ [ 29.6181844, 60.238286399999978 ], [ 29.620059, 60.2381366 ], [ 29.6207348, 60.2380729 ], [ 29.6203108, 60.2373247 ], [ 29.6178274, 60.237593 ], [ 29.6181844, 60.238286399999978 ] ] ] } },
{ "type": "Feature", "properties": { "block_id": 168, "area": 15569.977113690251, "dominant_landuse": "allotments", "poi_count": 16, "amenity_count": 0, "building_count": 16, "leisure_count": 0 }, "geometry": { "type": "Polygon", "coordinates": [ [ [ 29.6199526, 60.236619 ], [ 29.6198192, 60.2364831 ], [ 29.6193844, 60.236467099999963 ], [ 29.6178792, 60.2365181 ], [ 29.617328890937184, 60.236535476379707 ], [ 29.617274300012181, 60.236537200023243 ], [ 29.6178274, 60.237593 ], [ 29.6203108, 60.2373247 ], [ 29.6199526, 60.236619 ] ] ] } },
{ "type": "Feature", "properties": { "block_id": 169, "area": 54039.059721409532, "dominant_landuse": "residential", "poi_count": 24, "amenity_count": 0, "building_count": 24, "leisure_count": 0 }, "geometry": { "type": "Polygon", "coordinates": [ [ [ 29.6352675, 60.253174 ], [ 29.6331309, 60.2531994 ], [ 29.6316338, 60.253250399999985 ], [ 29.631994, 60.2541618 ], [ 29.6321839, 60.2544902 ], [ 29.6322593, 60.254583400000016 ], [ 29.6323804, 60.254572700000018 ], [ 29.632380667284881, 60.254573248772409 ], [ 29.632380667284892, 60.254573248772424 ], [ 29.6324877, 60.254793 ], [ 29.6327857, 60.2553857 ], [ 29.633054001526983, 60.255841193292333 ], [ 29.633054001526993, 60.255841193292355 ], [ 29.6330543, 60.255841699999984 ], [ 29.633054202832842, 60.255842225758201 ], [ 29.633054202832842, 60.255842225758229 ], [ 29.633048839510536, 60.255871245938145 ], [ 29.6330414, 60.2559115 ], [ 29.633185892621285, 60.255874369275148 ], [ 29.6332099, 60.2558682 ], [ 29.6359567, 60.2557703 ], [ 29.6352675, 60.253174 ] ] ] } },
{ "type": "Feature", "properties": { "block_id": 170, "area": 5446.9162236965649, "dominant_landuse": "allotments", "poi_count": 10, "amenity_count": 0, "building_count": 10, "leisure_count": 0 }, "geometry": { "type": "Polygon", "coordinates": [ [ [ 29.6178792, 60.2365181 ], [ 29.6176496, 60.2354585 ], [ 29.6166402, 60.235436099999987 ], [ 29.6165151, 60.235447099999988 ], [ 29.6164469, 60.2354931 ], [ 29.616633, 60.235626800000034 ], [ 29.616895389631857, 60.235805883420866 ], [ 29.616896, 60.2358063 ], [ 29.616896359402215, 60.235806783442904 ], [ 29.617000101181304, 60.235946329029979 ], [ 29.6170006, 60.235947 ], [ 29.617000923247772, 60.235947697056865 ], [ 29.6172743, 60.236537199999987 ], [ 29.6178792, 60.2365181 ] ] ] } },
{ "type": "Feature", "properties": { "block_id": 171, "area": 12255.682428424258, "dominant_landuse": "allotments", "poi_count": 15, "amenity_count": 0, "building_count": 15, "leisure_count": 0 }, "geometry": { "type": "Polygon", "coordinates": [ [ [ 29.6208241, 60.2365002 ], [ 29.6207769, 60.2364106 ], [ 29.6203971, 60.2356896 ], [ 29.6199389, 60.2350236 ], [ 29.6197593, 60.2349854 ], [ 29.6190254, 60.2349923 ], [ 29.619025336663892, 60.234992301121899 ], [ 29.6189012, 60.2349945 ], [ 29.6188575, 60.2350605 ], [ 29.619080199859312, 60.235655099624374 ], [ 29.6193844, 60.236467099999963 ], [ 29.6198192, 60.2364831 ], [ 29.619819669284134, 60.236483578081049 ], [ 29.6199526, 60.236619 ], [ 29.6208241, 60.2365002 ] ] ] } },
{ "type": "Feature", "properties": { "block_id": 172, "area": 22624.249056023407, "dominant_landuse": "allotments", "poi_count": 22, "amenity_count": 0, "building_count": 22, "leisure_count": 0 }, "geometry": { "type": "Polygon", "coordinates": [ [ [ 29.6146211, 60.2443559 ], [ 29.615309984813088, 60.243974296180106 ], [ 29.6153107, 60.2439739 ], [ 29.615658844239572, 60.24386663729139 ], [ 29.6159329, 60.2437822 ], [ 29.6175821, 60.243064399999952 ], [ 29.6177885, 60.2427596 ], [ 29.617579514456782, 60.242328990142028 ], [ 29.6174232, 60.2420069 ], [ 29.6173255, 60.2419751 ], [ 29.617210557084153, 60.241997471450787 ], [ 29.6171914, 60.2420012 ], [ 29.6146831, 60.2433864 ], [ 29.613721304857968, 60.243915344067126 ], [ 29.613691200002137, 60.243931900000952 ], [ 29.6146211, 60.2443559 ] ] ] } },
{ "type": "Feature", "properties": { "block_id": 173, "area": 8992.9472549965103, "dominant_landuse": "allotments", "poi_count": 20, "amenity_count": 0, "building_count": 20, "leisure_count": 0 }, "geometry": { "type": "Polygon", "coordinates": [ [ [ 29.6364749, 60.236967 ], [ 29.6358115, 60.2370078 ], [ 29.6333181, 60.2372154 ], [ 29.6337054, 60.2376718 ], [ 29.634031, 60.237666499999968 ], [ 29.6350411, 60.2375517 ], [ 29.635093920012437, 60.237539154431474 ], [ 29.6351973, 60.237514599999983 ], [ 29.635283151154194, 60.237494154047539 ], [ 29.635352419190632, 60.237477657402366 ], [ 29.635352419190728, 60.237477657402337 ], [ 29.6353535, 60.237477399999982 ], [ 29.6361496, 60.237426400000011 ], [ 29.636150166953115, 60.237426378039963 ], [ 29.6367666, 60.2374025 ], [ 29.6364749, 60.236967 ] ] ] } },
{ "type": "Feature", "properties": { "block_id": 174, "area": 8241.9444757590209, "dominant_landuse": "allotments", "poi_count": 24, "amenity_count": 0, "building_count": 24, "leisure_count": 0 }, "geometry": { "type": "Polygon", "coordinates": [ [ [ 29.6360389, 60.2365799 ], [ 29.633359, 60.2367826 ], [ 29.6329353, 60.23684 ], [ 29.6332092, 60.2372245 ], [ 29.63331808636223, 60.237215401139593 ], [ 29.633318086373553, 60.237215401138677 ], [ 29.6333181, 60.2372154 ], [ 29.635806050189917, 60.237008253803985 ], [ 29.635811022930383, 60.237007839725422 ], [ 29.635811022931165, 60.237007839725379 ], [ 29.6358115, 60.2370078 ], [ 29.635811980054296, 60.237007770477248 ], [ 29.635811980054569, 60.237007770477213 ], [ 29.6364749, 60.236967 ], [ 29.6360389, 60.2365799 ] ] ] } },
{ "type": "Feature", "properties": { "block_id": 175, "area": 11827.987353816839, "dominant_landuse": "allotments", "poi_count": 13, "amenity_count": 0, "building_count": 13, "leisure_count": 0 }, "geometry": { "type": "Polygon", "coordinates": [ [ [ 29.6010353, 60.2415645 ], [ 29.6016699, 60.24302740000001 ], [ 29.6029094, 60.2429002 ], [ 29.602614815678663, 60.242200937217703 ], [ 29.602614815678599, 60.24220093721754 ], [ 29.6026148, 60.2422009 ], [ 29.602302074725209, 60.24144579526147 ], [ 29.602292799992505, 60.241423400000826 ], [ 29.6010353, 60.2415645 ] ] ] } },
{ "type": "Feature", "properties": { "block_id": 176, "area": 11580.929249731606, "dominant_landuse": "allotments", "poi_count": 13, "amenity_count": 1, "building_count": 12, "leisure_count": 0 }, "geometry": { "type": "Polygon", "coordinates": [ [ [ 29.6022928, 60.2414234 ], [ 29.6026148, 60.2422009 ], [ 29.6029094, 60.2429002 ], [ 29.6041541, 60.2427941 ], [ 29.603778867424364, 60.24197734676369 ], [ 29.603778867424349, 60.241977346763647 ], [ 29.6037788, 60.2419772 ], [ 29.6035106, 60.2413116 ], [ 29.6022928, 60.2414234 ] ] ] } },
{ "type": "Feature", "properties": { "block_id": 177, "area": 12109.874708853888, "dominant_landuse": "allotments", "poi_count": 14, "amenity_count": 0, "building_count": 14, "leisure_count": 0 }, "geometry": { "type": "Polygon", "coordinates": [ [ [ 29.6016699, 60.24302740000001 ], [ 29.6010353, 60.2415645 ], [ 29.599758, 60.2416737 ], [ 29.6004244, 60.243185199999985 ], [ 29.6016699, 60.24302740000001 ] ] ] } },
{ "type": "Feature", "properties": { "block_id": 178, "area": 11853.77530557902, "dominant_landuse": "allotments", "poi_count": 12, "amenity_count": 0, "building_count": 12, "leisure_count": 0 }, "geometry": { "type": "Polygon", "coordinates": [ [ [ 29.6047315, 60.2411835 ], [ 29.6035106, 60.2413116 ], [ 29.6037788, 60.2419772 ], [ 29.6041541, 60.2427941 ], [ 29.6053923, 60.242664499999954 ], [ 29.6047315, 60.2411835 ] ] ] } },
{ "type": "Feature", "properties": { "block_id": 179, "area": 8304.4986731401041, "dominant_landuse": "residential", "poi_count": 10, "amenity_count": 0, "building_count": 10, "leisure_count": 0 }, "geometry": { "type": "Polygon", "coordinates": [ [ [ 29.589763128140859, 60.243414768916061 ], [ 29.59012070631789, 60.243198356698464 ], [ 29.590120706317968, 60.243198356698421 ], [ 29.5901208, 60.243198299999989 ], [ 29.590129568195032, 60.243193132584267 ], [ 29.590189974985663, 60.243157532609501 ], [ 29.590189974985833, 60.243157532609388 ], [ 29.5901902, 60.243157399999959 ], [ 29.590500201563955, 60.242985763712781 ], [ 29.590626505284103, 60.242915833343204 ], [ 29.590144526524622, 60.242755109010581 ], [ 29.590144526524544, 60.24275510901056 ], [ 29.5901433, 60.2427547 ], [ 29.5890784, 60.2422888 ], [ 29.5889343, 60.2422715 ], [ 29.588204, 60.2426775 ], [ 29.5882057, 60.2427389 ], [ 29.5882818, 60.242788 ], [ 29.589763128140859, 60.243414768916061 ] ] ] } },
{ "type": "Feature", "properties": { "block_id": 180, "area": 8620.7376350093273, "dominant_landuse": "residential", "poi_count": 8, "amenity_count": 0, "building_count": 8, "leisure_count": 0 }, "geometry": { "type": "Polygon", "coordinates": [ [ [ 29.5889059, 60.243919 ], [ 29.588071040813386, 60.243557502693896 ], [ 29.5872362, 60.243196 ], [ 29.5865115, 60.243628 ], [ 29.586524, 60.2436663 ], [ 29.5865625, 60.2437065 ], [ 29.5880575, 60.2444213 ], [ 29.5884665, 60.244200299999989 ], [ 29.5889059, 60.243919 ] ] ] } },
{ "type": "Feature", "properties": { "block_id": 181, "area": 15784.46757499032, "dominant_landuse": "allotments", "poi_count": 20, "amenity_count": 0, "building_count": 20, "leisure_count": 0 }, "geometry": { "type": "Polygon", "coordinates": [ [ [ 29.6332092, 60.2372245 ], [ 29.6324246, 60.2373405 ], [ 29.63290120450911, 60.23804141251037 ], [ 29.6329014, 60.238041699999989 ], [ 29.632901563946515, 60.238041992324192 ], [ 29.6331664, 60.2385142 ], [ 29.6337571, 60.2388508 ], [ 29.6350839, 60.2382401 ], [ 29.6353278, 60.238087099999987 ], [ 29.6351973, 60.237514599999983 ], [ 29.635042224874098, 60.237551432825327 ], [ 29.6350411, 60.2375517 ], [ 29.635039884723856, 60.237551838123785 ], [ 29.634032056035156, 60.237666379983757 ], [ 29.634031, 60.237666499999968 ], [ 29.634029917311999, 60.237666517624866 ], [ 29.633706531941606, 60.237671781576019 ], [ 29.6337054, 60.2376718 ], [ 29.633704959709185, 60.237671281162847 ], [ 29.6333181, 60.2372154 ], [ 29.6332092, 60.2372245 ] ] ] } },
{ "type": "Feature", "properties": { "block_id": 182, "area": 12326.617859610849, "dominant_landuse": "residential", "poi_count": 22, "amenity_count": 0, "building_count": 22, "leisure_count": 0 }, "geometry": { "type": "Polygon", "coordinates": [ [ [ 29.588610528451358, 60.250743847531631 ], [ 29.588610528451575, 60.250743847531723 ], [ 29.5886948, 60.2507817 ], [ 29.5918916, 60.2505711 ], [ 29.5917572, 60.250044199999969 ], [ 29.5899931, 60.2501534 ], [ 29.5875665, 60.2503106 ], [ 29.588166382184806, 60.250559533125376 ], [ 29.5886102, 60.2507437 ], [ 29.588610528451358, 60.250743847531631 ] ] ] } },
{ "type": "Feature", "properties": { "block_id": 183, "area": 1339.5086806178915, "dominant_landuse": null, "poi_count": 0, "amenity_count": 0, "building_count": 0, "leisure_count": 0 }, "geometry": { "type": "Polygon", "coordinates": [ [ [ 29.641794142891058, 60.241131913793382 ], [ 29.64180985196009, 60.241124592441139 ], [ 29.6416769, 60.2410279 ], [ 29.6401717, 60.240326299999928 ], [ 29.6397416, 60.2403319 ], [ 29.640064400000263, 60.240458600000096 ], [ 29.640288502030977, 60.240545836043971 ], [ 29.641794142891058, 60.241131913793382 ] ] ] } },
{ "type": "Feature", "properties": { "block_id": 184, "area": 17342.636784387814, "dominant_landuse": "residential", "poi_count": 17, "amenity_count": 1, "building_count": 16, "leisure_count": 0 }, "geometry": { "type": "Polygon", "coordinates": [ [ [ 29.58649, 60.24989870000001 ], [ 29.5865401, 60.2498684 ], [ 29.5916144, 60.249518399999985 ], [ 29.5914635, 60.249019099999977 ], [ 29.5880671, 60.249249399999989 ], [ 29.5863574, 60.2493622 ], [ 29.5862364, 60.2493154 ], [ 29.5858772, 60.2494981 ], [ 29.585877105761096, 60.249498146813949 ], [ 29.585877105760492, 60.249498146814268 ], [ 29.5858001, 60.249536400000018 ], [ 29.58649, 60.24989870000001 ] ] ] } },
{ "type": "Feature", "properties": { "block_id": 185, "area": 15068.584969787342, "dominant_landuse": "residential", "poi_count": 23, "amenity_count": 1, "building_count": 22, "leisure_count": 0 }, "geometry": { "type": "Polygon", "coordinates": [ [ [ 29.5916144, 60.249518399999985 ], [ 29.586540100000011, 60.2498684 ], [ 29.58653667270228, 60.249870472799188 ], [ 29.58649, 60.24989870000001 ], [ 29.586699181234962, 60.24997971680321 ], [ 29.5869452, 60.250075 ], [ 29.587002797055419, 60.250094418441037 ], [ 29.587014616373875, 60.250098403234908 ], [ 29.587014616373917, 60.250098403234922 ], [ 29.5870152, 60.2500986 ], [ 29.587015757772498, 60.25009881449153 ], [ 29.587015757772573, 60.250098814491558 ], [ 29.587391758727776, 60.250243404558503 ], [ 29.5875665, 60.2503106 ], [ 29.587620600634331, 60.250307095751971 ], [ 29.5899931, 60.2501534 ], [ 29.591711949607944, 60.250047001357615 ], [ 29.591757199997385, 60.250044199990342 ], [ 29.5916144, 60.249518399999985 ] ] ] } },
{ "type": "Feature", "properties": { "block_id": 186, "area": 15455.486374389502, "dominant_landuse": "residential", "poi_count": 28, "amenity_count": 0, "building_count": 28, "leisure_count": 0 }, "geometry": { "type": "Polygon", "coordinates": [ [ [ 29.5886948, 60.2507817 ], [ 29.589208695171436, 60.251012159692827 ], [ 29.5892099, 60.251012699999983 ], [ 29.58921093673565, 60.251013320493115 ], [ 29.589210936735682, 60.251013320493115 ], [ 29.589663200000011, 60.251284 ], [ 29.589984607576525, 60.251428210474124 ], [ 29.590712123553477, 60.251754627704685 ], [ 29.590733238400514, 60.251722286325908 ], [ 29.5907333, 60.2517221 ], [ 29.590773772753387, 60.251708246928764 ], [ 29.590836756448905, 60.251686688732889 ], [ 29.590836756448979, 60.251686688732875 ], [ 29.5908376, 60.2516864 ], [ 29.590838612814927, 60.25168632418405 ], [ 29.59083861281503, 60.25168632418405 ], [ 29.5921587, 60.251587499999985 ], [ 29.5920334, 60.2510892 ], [ 29.5918916, 60.2505711 ], [ 29.5886948, 60.2507817 ] ] ] } },
{ "type": "Feature", "properties": { "block_id": 187, "area": 13133.320908772974, "dominant_landuse": "residential", "poi_count": 11, "amenity_count": 0, "building_count": 11, "leisure_count": 0 }, "geometry": { "type": "Polygon", "coordinates": [ [ [ 29.6380663, 60.25137680000001 ], [ 29.6378344, 60.2513592 ], [ 29.6359802, 60.2516193 ], [ 29.636378834677746, 60.252237078887561 ], [ 29.636378834677753, 60.252237078887575 ], [ 29.6363793, 60.2522378 ], [ 29.636379565915441, 60.252238545668376 ], [ 29.6364421, 60.2524139 ], [ 29.6365186, 60.2524648 ], [ 29.6380005, 60.2522501 ], [ 29.638881799999986, 60.2521134 ], [ 29.6391353, 60.252066800000016 ], [ 29.6380663, 60.25137680000001 ] ] ] } },
{ "type": "Feature", "properties": { "block_id": 188, "area": 14412.936558819756, "dominant_landuse": "residential", "poi_count": 8, "amenity_count": 0, "building_count": 8, "leisure_count": 0 }, "geometry": { "type": "Polygon", "coordinates": [ [ [ 29.5863574, 60.2493622 ], [ 29.588067099999943, 60.249249399999989 ], [ 29.5914635, 60.249019099999977 ], [ 29.5913443, 60.248612099999988 ], [ 29.590932224721119, 60.248639232530309 ], [ 29.590932224720977, 60.248639232530309 ], [ 29.5909312, 60.2486393 ], [ 29.587512, 60.2487075 ], [ 29.587362066660539, 60.248739166725372 ], [ 29.5872871, 60.248755 ], [ 29.5862364, 60.2493154 ], [ 29.5863574, 60.2493622 ] ] ] } },
{ "type": "Feature", "properties": { "block_id": 189, "area": 12061.263515664126, "dominant_landuse": "residential", "poi_count": 5, "amenity_count": 0, "building_count": 5, "leisure_count": 0 }, "geometry": { "type": "Polygon", "coordinates": [ [ [ 29.6485591, 60.2566673 ], [ 29.648559204496291, 60.256667004472213 ], [ 29.6485911, 60.256576799999984 ], [ 29.6487051, 60.256203299999946 ], [ 29.6486499, 60.2561256 ], [ 29.6481113, 60.2558853 ], [ 29.6474725, 60.2559132 ], [ 29.6472184, 60.2559997 ], [ 29.6465366, 60.2563228 ], [ 29.6463954, 60.256400800000016 ], [ 29.646389999016275, 60.256404343096023 ], [ 29.6462922, 60.256468500000011 ], [ 29.6474018, 60.25702959999996 ], [ 29.6484585, 60.2570803 ], [ 29.648559027441955, 60.25666759788102 ], [ 29.648559027441955, 60.256667597881005 ], [ 29.6485591, 60.2566673 ] ] ] } },
{ "type": "Feature", "properties": { "block_id": 190, "area": 17477.049428729792, "dominant_landuse": "residential", "poi_count": 13, "amenity_count": 0, "building_count": 13, "leisure_count": 0 }, "geometry": { "type": "Polygon", "coordinates": [ [ [ 29.5930506, 60.241489 ], [ 29.59405, 60.2409087 ], [ 29.594349108840024, 60.24073509789303 ], [ 29.59437649999991, 60.24071919999998 ], [ 29.5927744, 60.24004069999998 ], [ 29.5911062, 60.24102 ], [ 29.591087, 60.241070699999987 ], [ 29.5911276, 60.2411172 ], [ 29.591206428060456, 60.241151064631254 ], [ 29.5912803, 60.241182799999933 ], [ 29.5925889, 60.241745 ], [ 29.5930506, 60.241489 ] ] ] } },
{ "type": "Feature", "properties": { "block_id": 191, "area": 104957.85036707336, "dominant_landuse": null, "poi_count": 19, "amenity_count": 2, "building_count": 14, "leisure_count": 3 }, "geometry": { "type": "Polygon", "coordinates": [ [ [ 29.667965, 60.274418899999986 ], [ 29.667966059265058, 60.274419063722718 ], [ 29.668189719902987, 60.274453633059615 ], [ 29.6681908, 60.2744538 ], [ 29.668191501012291, 60.274454240935775 ], [ 29.66836066311615, 60.274560643209576 ], [ 29.669785406930803, 60.275038100725531 ], [ 29.6697863, 60.2750384 ], [ 29.669785738315252, 60.275038856596595 ], [ 29.6679764, 60.2765096 ], [ 29.6672459, 60.277371199999976 ], [ 29.6679799, 60.2790222 ], [ 29.6730057, 60.2783853 ], [ 29.672194, 60.277093 ], [ 29.6716588, 60.2764743 ], [ 29.670082216192416, 60.275036961798371 ], [ 29.6700816, 60.275036399999983 ], [ 29.670081398851245, 60.275035768101411 ], [ 29.6696296, 60.273616400000016 ], [ 29.6679883, 60.272885599999988 ], [ 29.667571854854419, 60.272718016033217 ], [ 29.667521, 60.2728037 ], [ 29.667706864584197, 60.272867578514685 ], [ 29.6677078, 60.272867899999987 ], [ 29.667708406888373, 60.272868377864398 ], [ 29.6678776, 60.273001600000036 ], [ 29.668218790292219, 60.273240273493919 ], [ 29.6682194, 60.273240700000017 ], [ 29.668219265225424, 60.273241218781664 ], [ 29.668205467156767, 60.273294330980363 ], [ 29.668199647479526, 60.273316732316239 ], [ 29.6681995, 60.2733173 ], [ 29.668199015054451, 60.273317819244198 ], [ 29.6680581, 60.2734687 ], [ 29.668028005183025, 60.273612497422249 ], [ 29.6680279, 60.273613 ], [ 29.668027364947815, 60.273613429756537 ], [ 29.667859790914868, 60.273748025378922 ], [ 29.6678592, 60.2737485 ], [ 29.667858079786729, 60.273748457113328 ], [ 29.6675092, 60.2737351 ], [ 29.667244, 60.2737404 ], [ 29.6668968, 60.2738599 ], [ 29.666630384872473, 60.27398075597349 ], [ 29.667944999783451, 60.274421341333891 ], [ 29.667964924606444, 60.274418936924825 ], [ 29.667965, 60.274418899999986 ] ] ] } },
{ "type": "Feature", "properties": { "block_id": 192, "area": 17205.675982382891, "dominant_landuse": "meadow", "poi_count": 0, "amenity_count": 0, "building_count": 0, "leisure_count": 0 }, "geometry": { "type": "Polygon", "coordinates": [ [ [ 29.5989633, 60.259828 ], [ 29.5984833, 60.259968 ], [ 29.5976195, 60.2602335 ], [ 29.596174047395547, 60.260669729890687 ], [ 29.596068612871925, 60.260701548466216 ], [ 29.59618920337752, 60.260710975829873 ], [ 29.5962087, 60.2607125 ], [ 29.596209186235836, 60.260712967435474 ], [ 29.596209186235853, 60.260712967435495 ], [ 29.5963018, 60.260802 ], [ 29.5972035, 60.2609607 ], [ 29.5980878, 60.2610848 ], [ 29.5983205, 60.2610646 ], [ 29.5985997, 60.2608727 ], [ 29.598600254722655, 60.260872374092735 ], [ 29.598687771920229, 60.260820956419323 ], [ 29.5988208, 60.26074280000001 ], [ 29.599266669576963, 60.26063519145476 ], [ 29.599692348014475, 60.260532453899337 ], [ 29.599692348014607, 60.26053245389928 ], [ 29.5996934, 60.2605322 ], [ 29.599694568679819, 60.260532177950019 ], [ 29.599694568679897, 60.260532177950019 ], [ 29.6007638, 60.260512 ], [ 29.601299, 60.260372 ], [ 29.6014648, 60.26024790000001 ], [ 29.6014182, 60.2602003 ], [ 29.6012553, 60.2601368 ], [ 29.6010459, 60.260131 ], [ 29.6007463, 60.2601815 ], [ 29.6004642, 60.260314299999983 ], [ 29.600304547421619, 60.26032713435729 ], [ 29.600093516890798, 60.2603440986422 ], [ 29.6000935, 60.2603441 ], [ 29.599961, 60.2603547 ], [ 29.599777941093397, 60.260331660480325 ], [ 29.599583807721366, 60.260307226832765 ], [ 29.599583807721228, 60.260307226832758 ], [ 29.5995828, 60.2603071 ], [ 29.5993879, 60.2601613 ], [ 29.599388292406719, 60.260160799255317 ], [ 29.599388292406733, 60.260160799255317 ], [ 29.5994636, 60.2600647 ], [ 29.5994229, 60.259800599999927 ], [ 29.599428974429337, 60.259766743609212 ], [ 29.5989633, 60.259828 ] ] ] } },
{ "type": "Feature", "properties": { "block_id": 193, "area": 1547.5460016224999, "dominant_landuse": null, "poi_count": 0, "amenity_count": 0, "building_count": 0, "leisure_count": 0 }, "geometry": { "type": "Polygon", "coordinates": [ [ [ 29.5902525, 60.2656868 ], [ 29.5896011, 60.2656254 ], [ 29.589520814319879, 60.26564436902423 ], [ 29.589570913523001, 60.26569847462077 ], [ 29.5895714, 60.265699 ], [ 29.589570743313239, 60.265699477492788 ], [ 29.589243483155748, 60.265937434155489 ], [ 29.590761711427479, 60.265846242672957 ], [ 29.5902525, 60.2656868 ] ] ] } },
{ "type": "Feature", "properties": { "block_id": 194, "area": 1678009.3542700682, "dominant_landuse": "residential", "poi_count": 438, "amenity_count": 24, "building_count": 406, "leisure_count": 15 }, "geometry": { "type": "Polygon", "coordinates": [ [ [ 29.589600026486323, 60.265625653638551 ], [ 29.5896011, 60.2656254 ], [ 29.589602267896449, 60.265625510087268 ], [ 29.590251459960303, 60.265686701970118 ], [ 29.5902525, 60.2656868 ], [ 29.590253395556179, 60.265687080416797 ], [ 29.590761711427479, 60.265846242672957 ], [ 29.5922522, 60.2657567 ], [ 29.594255877549131, 60.264663794079311 ], [ 29.5942566, 60.264663400000011 ], [ 29.59425758702104, 60.264663608961122 ], [ 29.600078244903862, 60.265895719019902 ], [ 29.6000791, 60.2658959 ], [ 29.60007992225794, 60.265896115286566 ], [ 29.60124802229069, 60.266201943451719 ], [ 29.602122734873205, 60.266430947330207 ], [ 29.6021237, 60.266431199999971 ], [ 29.602123830573568, 60.266431738071432 ], [ 29.6021684, 60.2666154 ], [ 29.6176567, 60.2703007 ], [ 29.630695706890187, 60.26683931929535 ], [ 29.6305884, 60.2667412 ], [ 29.630155246013786, 60.266353268137742 ], [ 29.6301545, 60.2663526 ], [ 29.630153943407883, 60.266351887747021 ], [ 29.629477400603527, 60.265486112669144 ], [ 29.629477, 60.2654856 ], [ 29.629477239111747, 60.265485063038419 ], [ 29.6296447, 60.265109 ], [ 29.629420613550209, 60.264795378792101 ], [ 29.6294202, 60.2647948 ], [ 29.629420319328776, 60.264794188691091 ], [ 29.6294934, 60.2644198 ], [ 29.6291743, 60.2642289 ], [ 29.628950007182556, 60.264140856107119 ], [ 29.6289491, 60.2641405 ], [ 29.628949003892604, 60.264139927573176 ], [ 29.6288989, 60.2638415 ], [ 29.628679629402384, 60.263398765114317 ], [ 29.6286793, 60.263398100000018 ], [ 29.628679303902217, 60.263397415049219 ], [ 29.6286812, 60.2630646 ], [ 29.6286636, 60.262925 ], [ 29.628448600795696, 60.262750169867182 ], [ 29.6284479, 60.2627496 ], [ 29.628447340325732, 60.262748992826893 ], [ 29.6283937, 60.2626908 ], [ 29.6282333, 60.2625883 ], [ 29.628073303765188, 60.262573782007827 ], [ 29.6280724, 60.2625737 ], [ 29.628071534906152, 60.262573546339794 ], [ 29.6275781, 60.262485900000037 ], [ 29.6272711, 60.262465499999983 ], [ 29.6268505, 60.2624595 ], [ 29.626405968966235, 60.262499494829207 ], [ 29.6264048, 60.2624996 ], [ 29.626403791678161, 60.262499287902919 ], [ 29.626031, 60.2623839 ], [ 29.6254242, 60.2623076 ], [ 29.625025839473871, 60.26239609130841 ], [ 29.6250249, 60.26239630000002 ], [ 29.625023882015245, 60.262396374926773 ], [ 29.624470386640638, 60.262437112664784 ], [ 29.6244692, 60.2624372 ], [ 29.624468141675326, 60.262436919394808 ], [ 29.6242199, 60.2623711 ], [ 29.623957031965727, 60.262400086207222 ], [ 29.623956, 60.262400199999988 ], [ 29.623955042167072, 60.262399977821985 ], [ 29.623544011163496, 60.262304634553004 ], [ 29.623543, 60.262304399999984 ], [ 29.62354242514321, 60.262303924771736 ], [ 29.6231108, 60.2619471 ], [ 29.6226785, 60.2616204 ], [ 29.622164, 60.2614264 ], [ 29.6211273, 60.2612788 ], [ 29.620076391710281, 60.261195394585144 ], [ 29.6200752, 60.2611953 ], [ 29.620074128980033, 60.261195023655375 ], [ 29.61973453167175, 60.261107400064091 ], [ 29.618972973620256, 60.260910896406322 ], [ 29.6189726, 60.260910800000033 ], [ 29.618972233871638, 60.260910696740808 ], [ 29.6185613, 60.260794799999985 ], [ 29.6178843, 60.2606218 ], [ 29.6165922, 60.2603443 ], [ 29.6163484, 60.260310499999989 ], [ 29.6161634, 60.26033910000001 ], [ 29.615899720203874, 60.260397695511521 ], [ 29.6158988, 60.2603979 ], [ 29.615897792295215, 60.260397887098335 ], [ 29.61531419923848, 60.26039041407838 ], [ 29.6153131, 60.260390399999984 ], [ 29.615312418261677, 60.260389971308456 ], [ 29.6150876, 60.260248599999983 ], [ 29.6148491, 60.2601961 ], [ 29.614702529298178, 60.260237040427384 ], [ 29.6147016, 60.2602373 ], [ 29.614700795065531, 60.260236952686093 ], [ 29.6146476, 60.260214 ], [ 29.614291792990045, 60.260244605984191 ], [ 29.6142907, 60.2602447 ], [ 29.614289646955754, 60.260244526783445 ], [ 29.613856920082306, 60.260173346146679 ], [ 29.613138714239753, 60.260055202342443 ], [ 29.6131387, 60.260055199999961 ], [ 29.612513248415343, 60.259952539260155 ], [ 29.612513233361327, 60.259952536789179 ], [ 29.6125124, 60.25995240000001 ], [ 29.612511619305472, 60.25995220075275 ], [ 29.6117656, 60.259761800000035 ], [ 29.611281957502595, 60.259926773393417 ], [ 29.611281, 60.2599271 ], [ 29.611279866871918, 60.259926973435292 ], [ 29.6109014, 60.2598847 ], [ 29.6106891, 60.259879 ], [ 29.610296, 60.259900699999989 ], [ 29.610086610571742, 60.259914626138674 ], [ 29.6100855, 60.259914700000017 ], [ 29.610084418287517, 60.259914554823332 ], [ 29.6099715, 60.259899399999981 ], [ 29.609696412525466, 60.259905799708619 ], [ 29.6096964, 60.2599058 ], [ 29.6095732, 60.259908699999983 ], [ 29.609403150423184, 60.259930266779364 ], [ 29.6094021, 60.2599304 ], [ 29.609401025630387, 60.259930327990766 ], [ 29.609198624164282, 60.259916761943252 ], [ 29.6091977, 60.2599167 ], [ 29.609196789267834, 60.259916600390042 ], [ 29.6088329, 60.2598768 ], [ 29.608672970223491, 60.259874812060538 ], [ 29.608672, 60.2598748 ], [ 29.60867109472402, 60.259874626160524 ], [ 29.608608886134569, 60.259862680274459 ], [ 29.608312048914431, 60.259805678239047 ], [ 29.6083106, 60.2598054 ], [ 29.608309241528342, 60.259805025691414 ], [ 29.608201956339609, 60.25977546463001 ], [ 29.607700713172399, 60.259637351619183 ], [ 29.6076998, 60.2596371 ], [ 29.607698995508333, 60.259636769238448 ], [ 29.607079264306346, 60.259381967306268 ], [ 29.607060215022695, 60.259374135100686 ], [ 29.6070594, 60.2593738 ], [ 29.607059165200056, 60.259373287465891 ], [ 29.6069134, 60.2590551 ], [ 29.6062095, 60.258984 ], [ 29.605961913879991, 60.259011974146595 ], [ 29.6059608, 60.259012100000014 ], [ 29.605959994311998, 60.259011697618121 ], [ 29.6056979, 60.258880800000014 ], [ 29.604910169804906, 60.258739392048099 ], [ 29.6049091, 60.2587392 ], [ 29.604908193681897, 60.258738858453846 ], [ 29.604837509604749, 60.258712221104581 ], [ 29.604660241519319, 60.258645417130133 ], [ 29.6046594, 60.2586451 ], [ 29.604658849908731, 60.258644651993187 ], [ 29.6044972, 60.258513 ], [ 29.6042957, 60.2584218 ], [ 29.6041965, 60.258426900000011 ], [ 29.604104988041865, 60.258441412984453 ], [ 29.604004696014968, 60.258457318322975 ], [ 29.603997864266088, 60.258467368143833 ], [ 29.6039979, 60.2584674 ], [ 29.603996932086876, 60.258467668350946 ], [ 29.603968381803433, 60.258475583825295 ], [ 29.603946568423918, 60.258481631507991 ], [ 29.6039456, 60.258481899999936 ], [ 29.603945419446021, 60.258481739039262 ], [ 29.603926747643861, 60.25846968011254 ], [ 29.6039241, 60.258470099999982 ], [ 29.6032241, 60.2585812 ], [ 29.602778997991269, 60.258797612014398 ], [ 29.6027782, 60.258798 ], [ 29.602777127099486, 60.25879815342072 ], [ 29.602467, 60.2588425 ], [ 29.602464612937556, 60.258940270100197 ], [ 29.6024646, 60.2589408 ], [ 29.602463591394212, 60.258940972202566 ], [ 29.6010278, 60.259186099999987 ], [ 29.600923, 60.2593102 ], [ 29.601207064906177, 60.259244041075711 ], [ 29.6012081, 60.2592438 ], [ 29.601208915578333, 60.259244198025655 ], [ 29.601293979345879, 60.259285711507694 ], [ 29.601562193290015, 60.25941660630869 ], [ 29.601563, 60.259417 ], [ 29.601561988258094, 60.259417250870591 ], [ 29.60125963167307, 60.25949222241524 ], [ 29.601086962661995, 60.259535036508986 ], [ 29.6010859, 60.2595353 ], [ 29.601084756445992, 60.259535140739985 ], [ 29.6005682, 60.2594632 ], [ 29.5998992, 60.2596709 ], [ 29.599974353592312, 60.259754105764358 ], [ 29.5999748, 60.2597546 ], [ 29.599973993163367, 60.2597549643382 ], [ 29.5998468, 60.2598124 ], [ 29.5996316, 60.2599538 ], [ 29.5996956, 60.2601356 ], [ 29.5998875, 60.260239499999983 ], [ 29.6002133, 60.260277 ], [ 29.599964017786242, 60.26016187766831 ], [ 29.5999632, 60.260161500000017 ], [ 29.599963055329944, 60.26016094992454 ], [ 29.599950966444538, 60.260114984576489 ], [ 29.599928443268912, 60.260029344752589 ], [ 29.5999283, 60.2600288 ], [ 29.599929256246046, 60.260028524211833 ], [ 29.600010909033696, 60.260004974927178 ], [ 29.600107664470887, 60.259977069815314 ], [ 29.6001086, 60.2599768 ], [ 29.60010958235851, 60.259977025001326 ], [ 29.6004867, 60.2600634 ], [ 29.600840593921028, 60.260005863570939 ], [ 29.6008416, 60.2600057 ], [ 29.600842514728598, 60.260005964721671 ], [ 29.6009812, 60.260046099999983 ], [ 29.601317600158197, 60.259988570988149 ], [ 29.6013186, 60.2599884 ], [ 29.601319522213533, 60.25998865705197 ], [ 29.601503808475467, 60.260040023630957 ], [ 29.6015048, 60.2600403 ], [ 29.60150508594533, 60.260040846737354 ], [ 29.601571680251777, 60.260168176819434 ], [ 29.60161930957042, 60.260259244696549 ], [ 29.6016196, 60.2602598 ], [ 29.601618983034022, 60.260260284982536 ], [ 29.601420639729199, 60.260416197129565 ], [ 29.60142, 60.260416700000022 ], [ 29.601419000516653, 60.260417027542026 ], [ 29.601091002613156, 60.260524515419753 ], [ 29.601011997920253, 60.260550405746493 ], [ 29.6010111, 60.2605507 ], [ 29.60101003050826, 60.260550756985111 ], [ 29.600910964131828, 60.260556035445276 ], [ 29.600036034017169, 60.260602650240287 ], [ 29.6000351, 60.2606027 ], [ 29.600034160891742, 60.260602711027786 ], [ 29.5997285, 60.260606299999978 ], [ 29.5993926, 60.2606896 ], [ 29.5988182, 60.2608502 ], [ 29.598480609587565, 60.261083908767525 ], [ 29.5984799, 60.26108439999993 ], [ 29.59847878368528, 60.261084640758583 ], [ 29.598305066781947, 60.261122106597043 ], [ 29.598218061208847, 60.261140871129101 ], [ 29.598217, 60.261141100000025 ], [ 29.598215867275538, 60.261141216817016 ], [ 29.598183395620534, 60.2611445655889 ], [ 29.59789518135554, 60.261174288483474 ], [ 29.5978941, 60.2611744 ], [ 29.597893014751627, 60.261174298246864 ], [ 29.59780491545505, 60.261166038007282 ], [ 29.597385381374465, 60.261126701394332 ], [ 29.5973843, 60.2611266 ], [ 29.597383243607869, 60.261126446814494 ], [ 29.597158598413547, 60.261093871199421 ], [ 29.596861248297841, 60.261050752016565 ], [ 29.5968602, 60.261050599999955 ], [ 29.596859283010744, 60.26105030534935 ], [ 29.5965465, 60.2609498 ], [ 29.5960973, 60.2608331 ], [ 29.5957836, 60.260912699999984 ], [ 29.595741021231891, 60.261016460878203 ], [ 29.5957408, 60.261017 ], [ 29.595739698299329, 60.261016944466391 ], [ 29.5954591, 60.2610028 ], [ 29.595149, 60.260994 ], [ 29.5947805, 60.261142199999988 ], [ 29.5945554, 60.261328399999982 ], [ 29.594487230591415, 60.261480531730342 ], [ 29.5944872, 60.2614806 ], [ 29.594487167698141, 60.261480668074853 ], [ 29.5944053, 60.2616532 ], [ 29.5943791, 60.26186160000001 ], [ 29.5943761, 60.26199960000001 ], [ 29.59471053602137, 60.26219954325763 ], [ 29.5947113, 60.2622 ], [ 29.594711369794844, 60.262200592871451 ], [ 29.594729236991089, 60.262352364777023 ], [ 29.5947293, 60.26235290000001 ], [ 29.594728344220648, 60.262353148861294 ], [ 29.59437616635045, 60.262444846534713 ], [ 29.594371248319106, 60.262446127047987 ], [ 29.5943702, 60.262446399999988 ], [ 29.594369018845107, 60.262446437338923 ], [ 29.59386776722155, 60.262462282070985 ], [ 29.5938672, 60.262462299999989 ], [ 29.59386663168112, 60.262462303727673 ], [ 29.592939531354308, 60.262468381454504 ], [ 29.592769810769632, 60.262469493378568 ], [ 29.5927688, 60.2624695 ], [ 29.59276780300949, 60.262469417095623 ], [ 29.5913234, 60.2623493 ], [ 29.5912007, 60.2623537 ], [ 29.591102428669082, 60.262435659086997 ], [ 29.5911019, 60.2624361 ], [ 29.591100945904973, 60.262436296680441 ], [ 29.5907046, 60.262518 ], [ 29.590699877751163, 60.262549776799958 ], [ 29.5906998, 60.2625503 ], [ 29.590699256069779, 60.26255074966096 ], [ 29.590683808726919, 60.262563519798576 ], [ 29.590635166185784, 60.262603731942413 ], [ 29.5906346, 60.2626042 ], [ 29.590633531225418, 60.262604072596666 ], [ 29.5905742, 60.262597 ], [ 29.5905211, 60.262633 ], [ 29.59050925139514, 60.26268256666458 ], [ 29.5905091, 60.2626832 ], [ 29.590508665249004, 60.262683800094884 ], [ 29.5904197, 60.2628066 ], [ 29.5904994, 60.262870100000015 ], [ 29.590556754195237, 60.262821462850766 ], [ 29.5905573, 60.262821 ], [ 29.590558357754265, 60.262821107599372 ], [ 29.590614219295617, 60.262826790066505 ], [ 29.5906153, 60.2628269 ], [ 29.590615409172489, 60.262827445389789 ], [ 29.590655783245712, 60.263029139621565 ], [ 29.590660991388333, 60.263055157419984 ], [ 29.5906611, 60.26305570000001 ], [ 29.590660194908843, 60.263056008361822 ], [ 29.590249916033713, 60.263195787915549 ], [ 29.590249, 60.263196100000016 ], [ 29.590247908376195, 60.263195998135998 ], [ 29.590139376530775, 60.263185870526982 ], [ 29.590106670849678, 60.263182818589783 ], [ 29.5901054, 60.263182700000016 ], [ 29.590104216488275, 60.263182441198943 ], [ 29.5899019, 60.2631382 ], [ 29.58982487907662, 60.263174928487238 ], [ 29.5898241, 60.2631753 ], [ 29.589823020141548, 60.263175300000213 ], [ 29.589768275702511, 60.263175300000235 ], [ 29.5897672, 60.2631753 ], [ 29.589766848740847, 60.263174794845412 ], [ 29.5897373, 60.263132299999981 ], [ 29.5895907, 60.2630952 ], [ 29.589471, 60.2630863 ], [ 29.5893602, 60.263162 ], [ 29.589258394792644, 60.263553999820516 ], [ 29.5892465, 60.2635998 ], [ 29.589365539164259, 60.26375282461256 ], [ 29.589420493308321, 60.263743441543795 ], [ 29.5894321, 60.263736399999985 ], [ 29.5893094, 60.2635345 ], [ 29.589452103059386, 60.263479942912149 ], [ 29.589453, 60.263479599999933 ], [ 29.589454064620927, 60.263479790782142 ], [ 29.589541475372041, 60.263495454926208 ], [ 29.589559606523874, 60.263498704047997 ], [ 29.5895607, 60.2634989 ], [ 29.589560925765745, 60.26349946653751 ], [ 29.589608368292641, 60.263618518557045 ], [ 29.5896086, 60.263619099999985 ], [ 29.589608093703447, 60.263619636706366 ], [ 29.589498823931283, 60.26373546912761 ], [ 29.58943252445323, 60.263805750058339 ], [ 29.5894321, 60.2638062 ], [ 29.589431522628807, 60.263806605749238 ], [ 29.58919624096033, 60.263971949568997 ], [ 29.5891956, 60.263972400000043 ], [ 29.589194505506921, 60.263972492769341 ], [ 29.5890729, 60.2639828 ], [ 29.588655032402485, 60.264087940238255 ], [ 29.588654, 60.2640882 ], [ 29.58865301693552, 60.264087896649897 ], [ 29.5883847, 60.264005099999963 ], [ 29.5883248, 60.2640095 ], [ 29.5881602, 60.264192099999988 ], [ 29.5881722, 60.264339 ], [ 29.5883877, 60.2645661 ], [ 29.588733832118191, 60.264675693548234 ], [ 29.5887348, 60.264676 ], [ 29.588735240304935, 60.264676526580224 ], [ 29.588864018981841, 60.264830537919131 ], [ 29.5888869975938, 60.264858018750466 ], [ 29.5888874, 60.2648585 ], [ 29.588886951238521, 60.26485897102274 ], [ 29.588738713596896, 60.265014561323468 ], [ 29.588603605655141, 60.265156369271949 ], [ 29.5886031, 60.2651569 ], [ 29.588602009679686, 60.265157126632843 ], [ 29.5874749, 60.2653914 ], [ 29.5870829, 60.265639299999989 ], [ 29.5871637, 60.2657372 ], [ 29.58774303264471, 60.265663149215193 ], [ 29.5877442, 60.265663 ], [ 29.587745404486366, 60.265662977005114 ], [ 29.5882889, 60.265652599999989 ], [ 29.5888395, 60.265582900000034 ], [ 29.589149857130103, 60.265510320499239 ], [ 29.5891508, 60.2655101 ], [ 29.58915182010184, 60.265510205839504 ], [ 29.589421567577315, 60.265538192884456 ], [ 29.5894226, 60.2655383 ], [ 29.589423040772989, 60.265538776025608 ], [ 29.589520814319879, 60.26564436902423 ], [ 29.589600026486323, 60.265625653638551 ] ] ] } },
{ "type": "Feature", "properties": { "block_id": 195, "area": 616568.29763950675, "dominant_landuse": "residential", "poi_count": 113, "amenity_count": 0, "building_count": 112, "leisure_count": 1 }, "geometry": { "type": "Polygon", "coordinates": [ [ [ 29.651676432469536, 60.255004534195542 ], [ 29.651878632713796, 60.25500479860515 ], [ 29.6518797, 60.255004799999938 ], [ 29.651880055292256, 60.255005300152725 ], [ 29.651944813517471, 60.255096461461811 ], [ 29.652037539158044, 60.255226992042289 ], [ 29.6520379, 60.2552275 ], [ 29.652037546076063, 60.255228009158401 ], [ 29.651911794853731, 60.255408915041116 ], [ 29.65174597700879, 60.255647457645971 ], [ 29.6517456, 60.255648 ], [ 29.651744663398492, 60.25564833557177 ], [ 29.6514076, 60.255769099999988 ], [ 29.650954492393719, 60.2560019011515 ], [ 29.6509543, 60.256002 ], [ 29.650954102788873, 60.256002096475456 ], [ 29.6505101, 60.2562193 ], [ 29.6503749, 60.2562987 ], [ 29.6502623, 60.2563892 ], [ 29.6502381, 60.2564411 ], [ 29.650090730651225, 60.257075237811463 ], [ 29.6500906, 60.2570758 ], [ 29.650090245353674, 60.257076337784646 ], [ 29.649803895550637, 60.257510551840149 ], [ 29.6498036, 60.257511 ], [ 29.649803157727, 60.257511417271125 ], [ 29.649626594643607, 60.257677998225262 ], [ 29.649476922504075, 60.257819207043738 ], [ 29.6494764, 60.2578197 ], [ 29.649475283646325, 60.257819751814203 ], [ 29.649461371350764, 60.257820397535482 ], [ 29.649407269567547, 60.257822908585972 ], [ 29.649411845783241, 60.257844395918681 ], [ 29.649412, 60.257844899999988 ], [ 29.649411693391009, 60.257845386576797 ], [ 29.649358328919881, 60.257930073735629 ], [ 29.649343, 60.2579544 ], [ 29.649345, 60.2580938 ], [ 29.649443635635485, 60.258177123249965 ], [ 29.6494442, 60.25817760000001 ], [ 29.649443615795288, 60.258178070811823 ], [ 29.6493798, 60.2582295 ], [ 29.6493074, 60.2583173 ], [ 29.649329961413745, 60.258409334667427 ], [ 29.6493301, 60.2584099 ], [ 29.649330006396628, 60.258410467608932 ], [ 29.649293659404471, 60.258630873635099 ], [ 29.649291123128592, 60.25864625336073 ], [ 29.649291, 60.258647 ], [ 29.649290677999865, 60.258647731855277 ], [ 29.6492001, 60.2588536 ], [ 29.649266317598688, 60.259051454997127 ], [ 29.6492665, 60.259052 ], [ 29.649266247567276, 60.259052538060537 ], [ 29.649234536249612, 60.259120130615038 ], [ 29.649048363590531, 60.259516951316549 ], [ 29.6490482, 60.2595173 ], [ 29.649047991994877, 60.259517642790229 ], [ 29.648836377617428, 60.259866377239128 ], [ 29.648829010520895, 60.259878517866852 ], [ 29.6488289, 60.2598787 ], [ 29.648828777116613, 60.259878880166823 ], [ 29.648649059895877, 60.260142372343509 ], [ 29.6486487, 60.2601429 ], [ 29.648647877767285, 60.260143278791226 ], [ 29.648379804724623, 60.260266775600932 ], [ 29.648191722577902, 60.260353421057303 ], [ 29.6481909, 60.260353799999962 ], [ 29.648189813424395, 60.260353938422924 ], [ 29.6480551, 60.2603711 ], [ 29.64803109385878, 60.260400517362022 ], [ 29.6480307, 60.260401 ], [ 29.648029753061198, 60.260401223276887 ], [ 29.64792433076714, 60.260426080537265 ], [ 29.6479234, 60.2604263 ], [ 29.647922369840931, 60.260426293307745 ], [ 29.647771080044109, 60.260425310392463 ], [ 29.647739947820291, 60.260425108107974 ], [ 29.6477387, 60.2604251 ], [ 29.647737525421174, 60.260424890550162 ], [ 29.6474684, 60.2603769 ], [ 29.6473575, 60.2604037 ], [ 29.6472378, 60.2605409 ], [ 29.647255397859521, 60.260634655829527 ], [ 29.6472555, 60.2606352 ], [ 29.647254889159552, 60.260635654507468 ], [ 29.6471965, 60.2606791 ], [ 29.6472975, 60.2608212 ], [ 29.6479794, 60.2610247 ], [ 29.648394375490724, 60.261018417027493 ], [ 29.6483955, 60.2610184 ], [ 29.648396384021318, 60.261018745746561 ], [ 29.6485484, 60.261078200000014 ], [ 29.648724306327701, 60.261079591350239 ], [ 29.6487254, 60.261079600000024 ], [ 29.648725616171571, 60.261080132763709 ], [ 29.6488156, 60.2613019 ], [ 29.6494965, 60.2615607 ], [ 29.650150840292799, 60.261689511078629 ], [ 29.6501518, 60.2616897 ], [ 29.650152620887706, 60.261690010987834 ], [ 29.650684924692008, 60.261891668403081 ], [ 29.6506858, 60.261892 ], [ 29.65068605858329, 60.261892531593269 ], [ 29.6508705, 60.262271699999985 ], [ 29.6511831, 60.262488299999987 ], [ 29.651825922767973, 60.262678777115404 ], [ 29.651826, 60.262678799999989 ], [ 29.652004519781382, 60.262732177019529 ], [ 29.6520056, 60.2627325 ], [ 29.652006509515349, 60.262732933804067 ], [ 29.6523094, 60.2628774 ], [ 29.6532759, 60.263309 ], [ 29.6536524, 60.263374399999989 ], [ 29.654126174362155, 60.263429058602526 ], [ 29.6541274, 60.2634292 ], [ 29.654128532460678, 60.263429472452458 ], [ 29.6547193, 60.2635716 ], [ 29.655242176296159, 60.263445347184756 ], [ 29.6552432, 60.2634451 ], [ 29.655244267697121, 60.263445295930424 ], [ 29.6556203, 60.2635143 ], [ 29.65604653579474, 60.263482494336969 ], [ 29.6560478, 60.2634824 ], [ 29.656049055268202, 60.26348252023984 ], [ 29.6568402, 60.2635583 ], [ 29.6570215, 60.26337190000001 ], [ 29.6570568, 60.2632374 ], [ 29.656968005345096, 60.263026487755575 ], [ 29.6569678, 60.263026 ], [ 29.656968036292859, 60.263025515715306 ], [ 29.657072540042201, 60.262811332793206 ], [ 29.6570728, 60.2628108 ], [ 29.657073448839423, 60.262810356574128 ], [ 29.6572519, 60.2626884 ], [ 29.657296768022668, 60.262613653052028 ], [ 29.6572971, 60.2626131 ], [ 29.657297754316573, 60.262612623150815 ], [ 29.657669980816515, 60.2623413512542 ], [ 29.6576706, 60.2623409 ], [ 29.657671517567589, 60.2623405992776 ], [ 29.657770018769178, 60.262308316561189 ], [ 29.657937843633757, 60.26225331344174 ], [ 29.6579388, 60.262253 ], [ 29.657939786923812, 60.262253289113119 ], [ 29.658089, 60.262297 ], [ 29.658332058456846, 60.262251893290433 ], [ 29.6583331, 60.2622517 ], [ 29.658334151241135, 60.262251879863797 ], [ 29.6583933, 60.262262 ], [ 29.6584936, 60.262268400000011 ], [ 29.659156984125101, 60.261800734180909 ], [ 29.6591576, 60.2618003 ], [ 29.659158647851079, 60.261800194690963 ], [ 29.659358573411549, 60.261780102005957 ], [ 29.660584998924925, 60.260621001016105 ], [ 29.660585, 60.260621 ], [ 29.660749833948788, 60.260465246734775 ], [ 29.660751422583143, 60.260463745609997 ], [ 29.660752, 60.2604632 ], [ 29.660752802846339, 60.260462730032152 ], [ 29.6652025, 60.257857699999988 ], [ 29.6640164, 60.2556359 ], [ 29.651112765545825, 60.254510756646731 ], [ 29.651676432469536, 60.255004534195542 ] ] ] } },
{ "type": "Feature", "properties": { "block_id": 196, "area": 118.11242405857013, "dominant_landuse": null, "poi_count": 0, "amenity_count": 0, "building_count": 0, "leisure_count": 0 }, "geometry": { "type": "Polygon", "coordinates": [ [ [ 29.58095904731341, 60.267577077591874 ], [ 29.580763456237378, 60.267567961507766 ], [ 29.5809777, 60.2676759 ], [ 29.581036679604658, 60.267645997821369 ], [ 29.581154638491078, 60.267586193387139 ], [ 29.58095904731341, 60.267577077591874 ] ] ] } },
{ "type": "Feature", "properties": { "block_id": 197, "area": 2277.4028563199786, "dominant_landuse": null, "poi_count": 0, "amenity_count": 0, "building_count": 0, "leisure_count": 0 }, "geometry": { "type": "Polygon", "coordinates": [ [ [ 29.58734913745036, 60.265792078216663 ], [ 29.5880801, 60.2660073 ], [ 29.588924582515798, 60.265956586465869 ], [ 29.588959021958765, 60.265890434071672 ], [ 29.588959021958768, 60.265890434071643 ], [ 29.5889593, 60.2658899 ], [ 29.588960257353815, 60.265889620525122 ], [ 29.5891364, 60.2658382 ], [ 29.5892457, 60.2657433 ], [ 29.5890466, 60.2656851 ], [ 29.589041100884032, 60.265684775405425 ], [ 29.5887586, 60.265668100000013 ], [ 29.588063678166371, 60.265761668296939 ], [ 29.58806367816636, 60.265761668296939 ], [ 29.5880627, 60.2657618 ], [ 29.58734913745036, 60.265792078216663 ] ] ] } },
{ "type": "Feature", "properties": { "block_id": 198, "area": 712615.7070060079, "dominant_landuse": "allotments", "poi_count": 299, "amenity_count": 4, "building_count": 294, "leisure_count": 1 }, "geometry": { "type": "Polygon", "coordinates": [ [ [ 29.567116776454313, 60.252740125262925 ], [ 29.567650823287323, 60.252434531818118 ], [ 29.567979530709973, 60.252163278739772 ], [ 29.567979657557686, 60.252163174062581 ], [ 29.567979788962106, 60.252163070783254 ], [ 29.567981932535591, 60.252161386008517 ], [ 29.567987935308214, 60.252156668035433 ], [ 29.567988066712722, 60.252156564756014 ], [ 29.567988202611787, 60.252156462923239 ], [ 29.568282406536305, 60.251936006395105 ], [ 29.569027230045716, 60.251272537436783 ], [ 29.569027357367073, 60.251272424019639 ], [ 29.569027489936289, 60.251272312097726 ], [ 29.569031829515936, 60.251268648394245 ], [ 29.569035708380142, 60.251265373650398 ], [ 29.569035840949155, 60.251265261728541 ], [ 29.569035978695045, 60.251265151361793 ], [ 29.569226548142588, 60.251112459690823 ], [ 29.569356118491111, 60.251008641917252 ], [ 29.569356342466349, 60.251008462457214 ], [ 29.569356579870362, 60.251008287313446 ], [ 29.569371057437476, 60.250997606548218 ], [ 29.569371532287409, 60.250997256229525 ], [ 29.569372058802116, 60.250996924653236 ], [ 29.569388111540782, 60.250986815325241 ], [ 29.56938837478576, 60.250986649544735 ], [ 29.569388650396572, 60.250986488805502 ], [ 29.569409545331613, 60.250974302642668 ], [ 29.569460090474365, 60.250944824092144 ], [ 29.569460104816141, 60.250944815727834 ], [ 29.571308611262413, 60.249868830796423 ], [ 29.572594082929459, 60.249086078911681 ], [ 29.574963539303884, 60.247630105067422 ], [ 29.5749638877605, 60.247629890936729 ], [ 29.574964256934873, 60.247629685562885 ], [ 29.574986765780473, 60.247617163754427 ], [ 29.574987504239992, 60.247616752944687 ], [ 29.574988320150077, 60.247616380092268 ], [ 29.57501244944223, 60.247605353547442 ], [ 29.575012781717252, 60.247605201705127 ], [ 29.575013597626779, 60.247604828852587 ], [ 29.575014483129216, 60.247604497548174 ], [ 29.575017845506324, 60.247603239538712 ], [ 29.575041031125838, 60.247594564799194 ], [ 29.575041916627686, 60.247594233494617 ], [ 29.575042863194621, 60.247593946928802 ], [ 29.575071241950361, 60.247585355474435 ], [ 29.575072188516728, 60.247585068908485 ], [ 29.575073187032231, 60.247584829840982 ], [ 29.575087845588385, 60.247581320245672 ], [ 29.575103123246429, 60.247577662420618 ], [ 29.575104121761559, 60.247577423352901 ], [ 29.575105162609574, 60.247577234086059 ], [ 29.575136367983283, 60.247571559724797 ], [ 29.575137408830997, 60.247571370457699 ], [ 29.575138481987864, 60.247571232814181 ], [ 29.575155714374915, 60.247569022580194 ], [ 29.575170656000168, 60.247567106158371 ], [ 29.575171729156594, 60.247566968514626 ], [ 29.575172824286913, 60.247566883820042 ], [ 29.575182810403977, 60.247566111518935 ], [ 29.575205657089743, 60.247564344610943 ], [ 29.5752067522197, 60.247564259916103 ], [ 29.575207858777048, 60.247564228986086 ], [ 29.575241034176788, 60.247563301677239 ], [ 29.575242140734368, 60.24756327074693 ], [ 29.575243248062655, 60.247563293879324 ], [ 29.57527644656718, 60.247563987401087 ], [ 29.575277553895397, 60.247564010533225 ], [ 29.575278651330109, 60.247564087505246 ], [ 29.575280780921279, 60.247564236870794 ], [ 29.575311553225465, 60.247566395178715 ], [ 29.575312650660255, 60.247566472150467 ], [ 29.575313727632832, 60.247566602220864 ], [ 29.575331804161927, 60.247568785395977 ], [ 29.575346016060472, 60.247570501822167 ], [ 29.575347093033294, 60.247570631892273 ], [ 29.575348139172021, 60.247570813808402 ], [ 29.575379503181438, 60.247576267782819 ], [ 29.575380549320627, 60.24757644969872 ], [ 29.575381554550972, 60.247576681708665 ], [ 29.575393988804109, 60.247579551567966 ], [ 29.575411692093688, 60.247583637532237 ], [ 29.575412697324335, 60.247583869541948 ], [ 29.575413651965146, 60.247584149411281 ], [ 29.575442272803723, 60.247592540096605 ], [ 29.575443227445213, 60.247592819965803 ], [ 29.57544412230326, 60.247593144999428 ], [ 29.575445064234263, 60.247593487131049 ], [ 29.575470950805798, 60.247602889740698 ], [ 29.575471845664271, 60.247603214774074 ], [ 29.5754726721214, 60.247603581841659 ], [ 29.575497449916391, 60.247614586792871 ], [ 29.575498276374194, 60.247614953860371 ], [ 29.575499026471324, 60.247615359426945 ], [ 29.575508930869724, 60.247620714589694 ], [ 29.575521514935726, 60.247627518605682 ], [ 29.575522265033481, 60.247627924172207 ], [ 29.575522931546729, 60.247628364332023 ], [ 29.575542914104116, 60.247641560640091 ], [ 29.575543580617829, 60.24764200079975 ], [ 29.575544157128135, 60.24764247131376 ], [ 29.575561441334173, 60.247656577664785 ], [ 29.575562017845044, 60.247657048178752 ], [ 29.575562498800355, 60.247657544515789 ], [ 29.575576918196315, 60.247672425059086 ], [ 29.575577399152039, 60.247672921396003 ], [ 29.575577779920316, 60.247673438776033 ], [ 29.575581221872206, 60.247678115627728 ], [ 29.575589195636351, 60.247688950204854 ], [ 29.575589576405012, 60.247689467584834 ], [ 29.575589853319169, 60.247690001025241 ], [ 29.575598155411662, 60.247705993956814 ], [ 29.575598432326114, 60.247706527397241 ], [ 29.575598602719179, 60.247707071760793 ], [ 29.575603711229924, 60.247723392175189 ], [ 29.575603881623167, 60.247723936538726 ], [ 29.575603943853981, 60.247724486582847 ], [ 29.575604379332997, 60.247728335682829 ], [ 29.575605809580239, 60.247740977305945 ], [ 29.575605871811131, 60.247741527350115 ], [ 29.575605825280213, 60.247742077777609 ], [ 29.575605718256469, 60.247743343791967 ], [ 29.575604430248848, 60.247758579994915 ], [ 29.575604383717895, 60.247759130422445 ], [ 29.575604228873182, 60.247759675932421 ], [ 29.575603344241863, 60.24776279244292 ], [ 29.575599586513881, 60.247776030718477 ], [ 29.575599431669023, 60.247776576228475 ], [ 29.575599170001588, 60.247777111567338 ], [ 29.575591325017761, 60.247793161416347 ], [ 29.575591063350078, 60.247793696755217 ], [ 29.575590697379777, 60.247794216767353 ], [ 29.575584843002297, 60.247802535329086 ], [ 29.57557972531821, 60.247809807109888 ], [ 29.575579359347557, 60.247810327121989 ], [ 29.575578892598735, 60.247810826799387 ], [ 29.575564432372982, 60.247826307168502 ], [ 29.575483394401999, 60.24791306192909 ], [ 29.575487870708571, 60.24791466329112 ], [ 29.576022234832596, 60.247663291676282 ], [ 29.576022637261847, 60.247663102366232 ], [ 29.576023057893728, 60.247662923099547 ], [ 29.576023442497938, 60.247662750869154 ], [ 29.576023916682644, 60.24766252001649 ], [ 29.576024285466577, 60.247662331870814 ], [ 29.576024671561033, 60.247662152510557 ], [ 29.576156010096152, 60.247601138991016 ], [ 29.577421601147108, 60.247013188536194 ], [ 29.577756236938399, 60.246817384758181 ], [ 29.57775644589638, 60.246817262490644 ], [ 29.577756661801409, 60.246817143242822 ], [ 29.577770045786501, 60.246809751050989 ], [ 29.577770261691381, 60.246809631803174 ], [ 29.577770484366777, 60.246809515672616 ], [ 29.577992256609502, 60.246693855521499 ], [ 29.578355934983197, 60.246486243559225 ], [ 29.5769165, 60.2462338 ], [ 29.5744702, 60.2468459 ], [ 29.573634692592552, 60.247415464207641 ], [ 29.5736342, 60.247415799999935 ], [ 29.573633613100853, 60.247416095976448 ], [ 29.571133220439151, 60.248676986294889 ], [ 29.5711324, 60.24867739999992 ], [ 29.571131234000969, 60.248677439441849 ], [ 29.569539797992146, 60.248731262871814 ], [ 29.5695387, 60.2487313 ], [ 29.569537866791009, 60.248730942625379 ], [ 29.5675216, 60.247866099999989 ], [ 29.565415824278091, 60.247399526958894 ], [ 29.5654148, 60.247399299999984 ], [ 29.565414208642036, 60.247398826360801 ], [ 29.565400503395065, 60.247387849346609 ], [ 29.565266090645753, 60.247280192978707 ], [ 29.5652656, 60.2472798 ], [ 29.565265317782512, 60.247279359278927 ], [ 29.5639278, 60.2451905 ], [ 29.5616293, 60.244474799999985 ], [ 29.5572316, 60.243538099999988 ], [ 29.5545186, 60.243793 ], [ 29.554088172993271, 60.245070586543683 ], [ 29.554088, 60.2450711 ], [ 29.55408730740665, 60.245071490501473 ], [ 29.5519821, 60.246258399999981 ], [ 29.549565, 60.2481985 ], [ 29.560290953363513, 60.251290084844733 ], [ 29.5602917, 60.251290299999987 ], [ 29.560292411394911, 60.251290542868276 ], [ 29.566140122295561, 60.253286683232794 ], [ 29.567116776454313, 60.252740125262925 ] ] ] } }
]
}
