{
"type": "FeatureCollection",
"name": "landuse",
"crs": { "type": "name", "properties": { "name": "urn:ogc:def:crs:OGC:1.3:CRS84" } },
"features": [
{ "type": "Feature", "properties": { "element_type": "way", "osmid": 87825426, "barrier": "wall", "height": null, "note": null, "description": null, "landuse": "military", "name": null, "source": null, "industrial": null, "layer": null, "addr:city": null, "official_name": null, "residential": null, "website": null, "old_name": null, "addr:housenumber": null, "addr:street": null, "name:ru": null, "leisure": null, "building:levels": null, "water": null, "place": null, "natural": null, "wood": null, "leaf_cycle": null, "man_made": null, "genus": null, "opening_hours": null, "ways": null, "type": null, "phone": null, "amenity": null, "religion": null, "email": null, "internet_access": null, "name:en": null, "operator": null, "addr:country": null, "tourism": null, "url": null, "addr:district": null, "addr:region": null, "check_date": null, "building": null, "construction": null, "area:highway": null, "brand": null, "contact:phone": null, "contact:website": null, "fuel:diesel": null, "fuel:discount": null, "fuel:octane_92": null, "fuel:octane_95": null, "ref": null, "shop": null, "surface": null, "toilets": null }, "geometry": { "type": "Polygon", "coordinates": [ [ [ 29.5903328, 60.2607787 ], [ 29.5909422, 60.2612367 ], [ 29.5909116, 60.2612916 ], [ 29.5876679, 60.2624894 ], [ 29.5857564, 60.2629258 ], [ 29.5852636, 60.2627864 ], [ 29.5844438, 60.2622427 ], [ 29.5844484, 60.2621559 ], [ 29.5890477, 60.2603057 ], [ 29.5894971, 60.2601223 ], [ 29.5901573, 60.2606292 ], [ 29.5901846, 60.2606502 ], [ 29.5903574, 60.26077 ], [ 29.5903328, 60.2607787 ] ] ] } },
{ "type": "Feature", "properties": { "element_type": "way", "osmid": 105437576, "barrier": null, "height": null, "note": null, "description": null, "landuse": "industrial", "name": "пилорама Альянского", "source": null, "industrial": null, "layer": null, "addr:city": null, "official_name": null, "residential": null, "website": null, "old_name": null, "addr:housenumber": null, "addr:street": null, "name:ru": null, "leisure": null, "building:levels": null, "water": null, "place": null, "natural": null, "wood": null, "leaf_cycle": null, "man_made": null, "genus": null, "opening_hours": null, "ways": null, "type": null, "phone": null, "amenity": null, "religion": null, "email": null, "internet_access": null, "name:en": null, "operator": null, "addr:country": null, "tourism": null, "url": null, "addr:district": null, "addr:region": null, "check_date": null, "building": null, "construction": null, "area:highway": null, "brand": null, "contact:phone": null, "contact:website": null, "fuel:diesel": null, "fuel:discount": null, "fuel:octane_92": null, "fuel:octane_95": null, "ref": null, "shop": null, "surface": null, "toilets": null }, "geometry": { "type": "Polygon", "coordinates": [ [ [ 29.5725911, 60.2524641 ], [ 29.5738866, 60.2530747 ], [ 29.5733418, 60.2533592 ], [ 29.5720464, 60.2527486 ], [ 29.5725911, 60.2524641 ] ] ] } },
{ "type": "Feature", "properties": { "element_type": "way", "osmid": 105439009, "barrier": null, "height": null, "note": null, "description": null, "landuse": "industrial", "name": null, "source": null, "industrial": null, "layer": null, "addr:city": null, "official_name": null, "residential": null, "website": null, "old_name": null, "addr:housenumber": null, "addr:street": null, "name:ru": null, "leisure": null, "building:levels": null, "water": null, "place": null, "natural": null, "wood": null, "leaf_cycle": null, "man_made": null, "genus": null, "opening_hours": null, "ways": null, "type": null, "phone": null, "amenity": null, "religion": null, "email": null, "internet_access": null, "name:en": null, "operator": null, "addr:country": null, "tourism": null, "url": null, "addr:district": null, "addr:region": null, "check_date": null, "building": null, "construction": null, "area:highway": null, "brand": null, "contact:phone": null, "contact:website": null, "fuel:diesel": null, "fuel:discount": null, "fuel:octane_92": null, "fuel:octane_95": null, "ref": null, "shop": null, "surface": null, "toilets": null }, "geometry": { "type": "Polygon", "coordinates": [ [ [ 29.5896899, 60.2585599 ], [ 29.5902481, 60.2587089 ], [ 29.5902159, 60.2587386 ], [ 29.5904262, 60.2587948 ], [ 29.5902971, 60.2589138 ], [ 29.590062, 60.2588511 ], [ 29.5901097, 60.2588071 ], [ 29.5895762, 60.2586647 ], [ 29.5896899, 60.2585599 ] ] ] } },
{ "type": "Feature", "properties": { "element_type": "way", "osmid": 105439017, "barrier": null, "height": null, "note": null, "description": null, "landuse": "industrial", "name": null, "source": null, "industrial": null, "layer": null, "addr:city": null, "official_name": null, "residential": null, "website": null, "old_name": null, "addr:housenumber": null, "addr:street": null, "name:ru": null, "leisure": null, "building:levels": null, "water": null, "place": null, "natural": null, "wood": null, "leaf_cycle": null, "man_made": null, "genus": null, "opening_hours": null, "ways": null, "type": null, "phone": null, "amenity": null, "religion": null, "email": null, "internet_access": null, "name:en": null, "operator": null, "addr:country": null, "tourism": null, "url": null, "addr:district": null, "addr:region": null, "check_date": null, "building": null, "construction": null, "area:highway": null, "brand": null, "contact:phone": null, "contact:website": null, "fuel:diesel": null, "fuel:discount": null, "fuel:octane_92": null, "fuel:octane_95": null, "ref": null, "shop": null, "surface": null, "toilets": null }, "geometry": { "type": "Polygon", "coordinates": [ [ [ 29.5895191, 60.258714 ], [ 29.5896441, 60.2587482 ], [ 29.5894383, 60.258933 ], [ 29.5893133, 60.2588987 ], [ 29.5895191, 60.258714 ] ] ] } },
{ "type": "Feature", "properties": { "element_type": "way", "osmid": 105570379, "barrier": null, "height": null, "note": null, "description": null, "landuse": "industrial", "name": "кооперативные погреба", "source": null, "industrial": null, "layer": "-1", "addr:city": null, "official_name": null, "residential": null, "website": null, "old_name": null, "addr:housenumber": null, "addr:street": null, "name:ru": null, "leisure": null, "building:levels": null, "water": null, "place": null, "natural": null, "wood": null, "leaf_cycle": null, "man_made": null, "genus": null, "opening_hours": null, "ways": null, "type": null, "phone": null, "amenity": null, "religion": null, "email": null, "internet_access": null, "name:en": null, "operator": null, "addr:country": null, "tourism": null, "url": null, "addr:district": null, "addr:region": null, "check_date": null, "building": null, "construction": null, "area:highway": null, "brand": null, "contact:phone": null, "contact:website": null, "fuel:diesel": null, "fuel:discount": null, "fuel:octane_92": null, "fuel:octane_95": null, "ref": null, "shop": null, "surface": null, "toilets": null }, "geometry": { "type": "Polygon", "coordinates": [ [ [ 29.5947664, 60.2585888 ], [ 29.5949596, 60.2587834 ], [ 29.5940324, 60.2589843 ], [ 29.5939169, 60.2588336 ], [ 29.5947664, 60.2585888 ] ] ] } },
{ "type": "Feature", "properties": { "element_type": "way", "osmid": 128308317, "barrier": null, "height": null, "note": null, "description": null, "landuse": "residential", "name": "КП \"На Заречной\"", "source": null, "industrial": null, "layer": null, "addr:city": "Рощино", "official_name": "Коттеджный посёлок \"На Заречной\"", "residential": "rural", "website": "http://www.nz.olimp2000.ru/", "old_name": null, "addr:housenumber": null, "addr:street": null, "name:ru": null, "leisure": null, "building:levels": null, "water": null, "place": null, "natural": null, "wood": null, "leaf_cycle": null, "man_made": null, "genus": null, "opening_hours": null, "ways": null, "type": null, "phone": null, "amenity": null, "religion": null, "email": null, "internet_access": null, "name:en": null, "operator": null, "addr:country": null, "tourism": null, "url": null, "addr:district": null, "addr:region": null, "check_date": null, "building": null, "construction": null, "area:highway": null, "brand": null, "contact:phone": null, "contact:website": null, "fuel:diesel": null, "fuel:discount": null, "fuel:octane_92": null, "fuel:octane_95": null, "ref": null, "shop": null, "surface": null, "toilets": null }, "geometry": { "type": "Polygon", "coordinates": [ [ [ 29.601582, 60.2613016 ], [ 29.5974815, 60.2622431 ], [ 29.5978684, 60.2626795 ], [ 29.59682, 60.2629772 ], [ 29.5963656, 60.2631159 ], [ 29.5962223, 60.2631766 ], [ 29.5957004, 60.2633956 ], [ 29.595016, 60.2629347 ], [ 29.5946997, 60.2630769 ], [ 29.5948006, 60.2631448 ], [ 29.594425, 60.2632692 ], [ 29.5947948, 60.2634134 ], [ 29.5940386, 60.2641097 ], [ 29.5947301, 60.2643058 ], [ 29.5981488, 60.263166 ], [ 29.5983122, 60.2630777 ], [ 29.6010625, 60.2620541 ], [ 29.6017271, 60.2614479 ], [ 29.601582, 60.2613016 ] ] ] } },
{ "type": "Feature", "properties": { "element_type": "way", "osmid": 128432000, "barrier": "fence", "height": null, "note": null, "description": "гараж ЖКХ", "landuse": "industrial", "name": null, "source": null, "industrial": null, "layer": null, "addr:city": null, "official_name": null, "residential": null, "website": null, "old_name": "АТП №120", "addr:housenumber": null, "addr:street": null, "name:ru": null, "leisure": null, "building:levels": null, "water": null, "place": null, "natural": null, "wood": null, "leaf_cycle": null, "man_made": null, "genus": null, "opening_hours": null, "ways": null, "type": null, "phone": null, "amenity": null, "religion": null, "email": null, "internet_access": null, "name:en": null, "operator": null, "addr:country": null, "tourism": null, "url": null, "addr:district": null, "addr:region": null, "check_date": null, "building": null, "construction": null, "area:highway": null, "brand": null, "contact:phone": null, "contact:website": null, "fuel:diesel": null, "fuel:discount": null, "fuel:octane_92": null, "fuel:octane_95": null, "ref": null, "shop": null, "surface": null, "toilets": null }, "geometry": { "type": "Polygon", "coordinates": [ [ [ 29.5726489, 60.2516972 ], [ 29.5752357, 60.2527734 ], [ 29.575108, 60.2528419 ], [ 29.5750379, 60.2528795 ], [ 29.5737422, 60.2535746 ], [ 29.5740394, 60.2537316 ], [ 29.5736135, 60.2539419 ], [ 29.5701234, 60.2527415 ], [ 29.5708959, 60.2523103 ], [ 29.571339, 60.2524513 ], [ 29.5719498, 60.252132 ], [ 29.5721859, 60.2520063 ], [ 29.5721356, 60.2519786 ], [ 29.5726489, 60.2516972 ] ] ] } },
{ "type": "Feature", "properties": { "element_type": "way", "osmid": 130002331, "barrier": "fence", "height": null, "note": null, "description": null, "landuse": "residential", "name": "КП «Новая Райвола»", "source": null, "industrial": null, "layer": null, "addr:city": null, "official_name": "Коттеджный посёлок \"Новая Райвола\"", "residential": "rural", "website": null, "old_name": null, "addr:housenumber": "8/1 - 8/12", "addr:street": "улица Кирова", "name:ru": null, "leisure": null, "building:levels": null, "water": null, "place": null, "natural": null, "wood": null, "leaf_cycle": null, "man_made": null, "genus": null, "opening_hours": null, "ways": null, "type": null, "phone": null, "amenity": null, "religion": null, "email": null, "internet_access": null, "name:en": null, "operator": null, "addr:country": null, "tourism": null, "url": null, "addr:district": null, "addr:region": null, "check_date": null, "building": null, "construction": null, "area:highway": null, "brand": null, "contact:phone": null, "contact:website": null, "fuel:diesel": null, "fuel:discount": null, "fuel:octane_92": null, "fuel:octane_95": null, "ref": null, "shop": null, "surface": null, "toilets": null }, "geometry": { "type": "Polygon", "coordinates": [ [ [ 29.6105003, 60.2607087 ], [ 29.6117029, 60.2609918 ], [ 29.6129087, 60.2614361 ], [ 29.6132204, 60.2617035 ], [ 29.6131039, 60.2619634 ], [ 29.6125787, 60.2625662 ], [ 29.6094443, 60.26181 ], [ 29.6099491, 60.2612715 ], [ 29.6105003, 60.2607087 ] ] ] } },
{ "type": "Feature", "properties": { "element_type": "way", "osmid": 130002726, "barrier": null, "height": null, "note": "примерные границы", "description": null, "landuse": "residential", "name": "Дача лэнд", "source": null, "industrial": null, "layer": null, "addr:city": null, "official_name": null, "residential": null, "website": null, "old_name": null, "addr:housenumber": null, "addr:street": null, "name:ru": "Дача лэнд", "leisure": null, "building:levels": null, "water": null, "place": null, "natural": null, "wood": null, "leaf_cycle": null, "man_made": null, "genus": null, "opening_hours": null, "ways": null, "type": null, "phone": null, "amenity": null, "religion": null, "email": null, "internet_access": null, "name:en": null, "operator": null, "addr:country": null, "tourism": null, "url": null, "addr:district": null, "addr:region": null, "check_date": null, "building": null, "construction": null, "area:highway": null, "brand": null, "contact:phone": null, "contact:website": null, "fuel:diesel": null, "fuel:discount": null, "fuel:octane_92": null, "fuel:octane_95": null, "ref": null, "shop": null, "surface": null, "toilets": null }, "geometry": { "type": "Polygon", "coordinates": [ [ [ 29.6309313, 60.2623569 ], [ 29.6330878, 60.2626549 ], [ 29.6375513, 60.2629795 ], [ 29.6387851, 60.2641343 ], [ 29.6384311, 60.2649112 ], [ 29.6326769, 60.2650309 ], [ 29.6311137, 60.2637352 ], [ 29.6309313, 60.2623569 ] ] ] } },
{ "type": "Feature", "properties": { "element_type": "way", "osmid": 132937596, "barrier": null, "height": null, "note": null, "description": null, "landuse": "garages", "name": null, "source": null, "industrial": null, "layer": null, "addr:city": null, "official_name": null, "residential": null, "website": null, "old_name": null, "addr:housenumber": null, "addr:street": null, "name:ru": null, "leisure": null, "building:levels": null, "water": null, "place": null, "natural": null, "wood": null, "leaf_cycle": null, "man_made": null, "genus": null, "opening_hours": null, "ways": null, "type": null, "phone": null, "amenity": null, "religion": null, "email": null, "internet_access": null, "name:en": null, "operator": null, "addr:country": null, "tourism": null, "url": null, "addr:district": null, "addr:region": null, "check_date": null, "building": null, "construction": null, "area:highway": null, "brand": null, "contact:phone": null, "contact:website": null, "fuel:diesel": null, "fuel:discount": null, "fuel:octane_92": null, "fuel:octane_95": null, "ref": null, "shop": null, "surface": null, "toilets": null }, "geometry": { "type": "Polygon", "coordinates": [ [ [ 29.5947084, 60.2478514 ], [ 29.5947032, 60.247758 ], [ 29.5949486, 60.2477546 ], [ 29.5949538, 60.247848 ], [ 29.5947084, 60.2478514 ] ] ] } },
{ "type": "Feature", "properties": { "element_type": "way", "osmid": 132937598, "barrier": null, "height": null, "note": null, "description": null, "landuse": "garages", "name": null, "source": null, "industrial": null, "layer": null, "addr:city": null, "official_name": null, "residential": null, "website": null, "old_name": null, "addr:housenumber": null, "addr:street": null, "name:ru": null, "leisure": null, "building:levels": null, "water": null, "place": null, "natural": null, "wood": null, "leaf_cycle": null, "man_made": null, "genus": null, "opening_hours": null, "ways": null, "type": null, "phone": null, "amenity": null, "religion": null, "email": null, "internet_access": null, "name:en": null, "operator": null, "addr:country": null, "tourism": null, "url": null, "addr:district": null, "addr:region": null, "check_date": null, "building": null, "construction": null, "area:highway": null, "brand": null, "contact:phone": null, "contact:website": null, "fuel:diesel": null, "fuel:discount": null, "fuel:octane_92": null, "fuel:octane_95": null, "ref": null, "shop": null, "surface": null, "toilets": null }, "geometry": { "type": "Polygon", "coordinates": [ [ [ 29.5943139, 60.2483357 ], [ 29.5943036, 60.2482802 ], [ 29.59451, 60.2482708 ], [ 29.5945202, 60.2483264 ], [ 29.5943139, 60.2483357 ] ] ] } },
{ "type": "Feature", "properties": { "element_type": "way", "osmid": 132937601, "barrier": null, "height": null, "note": null, "description": null, "landuse": "garages", "name": null, "source": null, "industrial": null, "layer": null, "addr:city": null, "official_name": null, "residential": null, "website": null, "old_name": null, "addr:housenumber": null, "addr:street": null, "name:ru": null, "leisure": null, "building:levels": "1", "water": null, "place": null, "natural": null, "wood": null, "leaf_cycle": null, "man_made": null, "genus": null, "opening_hours": null, "ways": null, "type": null, "phone": null, "amenity": null, "religion": null, "email": null, "internet_access": null, "name:en": null, "operator": null, "addr:country": null, "tourism": null, "url": null, "addr:district": null, "addr:region": null, "check_date": null, "building": null, "construction": null, "area:highway": null, "brand": null, "contact:phone": null, "contact:website": null, "fuel:diesel": null, "fuel:discount": null, "fuel:octane_92": null, "fuel:octane_95": null, "ref": null, "shop": null, "surface": null, "toilets": null }, "geometry": { "type": "Polygon", "coordinates": [ [ [ 29.6089524, 60.254977 ], [ 29.6090367, 60.2549612 ], [ 29.6090867, 60.2550273 ], [ 29.6090024, 60.255043 ], [ 29.6089524, 60.254977 ] ] ] } },
{ "type": "Feature", "properties": { "element_type": "way", "osmid": 133125559, "barrier": null, "height": null, "note": null, "description": null, "landuse": "garages", "name": null, "source": null, "industrial": null, "layer": null, "addr:city": null, "official_name": null, "residential": null, "website": null, "old_name": null, "addr:housenumber": null, "addr:street": null, "name:ru": null, "leisure": null, "building:levels": null, "water": null, "place": null, "natural": null, "wood": null, "leaf_cycle": null, "man_made": null, "genus": null, "opening_hours": null, "ways": null, "type": null, "phone": null, "amenity": null, "religion": null, "email": null, "internet_access": null, "name:en": null, "operator": null, "addr:country": null, "tourism": null, "url": null, "addr:district": null, "addr:region": null, "check_date": null, "building": null, "construction": null, "area:highway": null, "brand": null, "contact:phone": null, "contact:website": null, "fuel:diesel": null, "fuel:discount": null, "fuel:octane_92": null, "fuel:octane_95": null, "ref": null, "shop": null, "surface": null, "toilets": null }, "geometry": { "type": "Polygon", "coordinates": [ [ [ 29.6199968, 60.2449631 ], [ 29.6201266, 60.2450568 ], [ 29.6201908, 60.2450349 ], [ 29.6200611, 60.2449412 ], [ 29.6199968, 60.2449631 ] ] ] } },
{ "type": "Feature", "properties": { "element_type": "way", "osmid": 134369387, "barrier": null, "height": null, "note": null, "description": "пожарный водоём", "landuse": "reservoir", "name": null, "source": null, "industrial": null, "layer": null, "addr:city": null, "official_name": null, "residential": null, "website": null, "old_name": null, "addr:housenumber": null, "addr:street": null, "name:ru": null, "leisure": null, "building:levels": null, "water": "reservoir", "place": null, "natural": null, "wood": null, "leaf_cycle": null, "man_made": null, "genus": null, "opening_hours": null, "ways": null, "type": null, "phone": null, "amenity": null, "religion": null, "email": null, "internet_access": null, "name:en": null, "operator": null, "addr:country": null, "tourism": null, "url": null, "addr:district": null, "addr:region": null, "check_date": null, "building": null, "construction": null, "area:highway": null, "brand": null, "contact:phone": null, "contact:website": null, "fuel:diesel": null, "fuel:discount": null, "fuel:octane_92": null, "fuel:octane_95": null, "ref": null, "shop": null, "surface": null, "toilets": null }, "geometry": { "type": "Polygon", "coordinates": [ [ [ 29.6278949, 60.2528751 ], [ 29.627953, 60.2528742 ], [ 29.6279879, 60.2528799 ], [ 29.6279976, 60.2529136 ], [ 29.6279588, 60.2529299 ], [ 29.6278949, 60.252928 ], [ 29.6278794, 60.252903 ], [ 29.6278949, 60.2528751 ] ] ] } },
{ "type": "Feature", "properties": { "element_type": "way", "osmid": 136473637, "barrier": null, "height": null, "note": null, "description": null, "landuse": "residential", "name": "СНТ \"Горка\"", "source": null, "industrial": null, "layer": null, "addr:city": "Рощино", "official_name": null, "residential": "rural", "website": null, "old_name": null, "addr:housenumber": null, "addr:street": null, "name:ru": null, "leisure": null, "building:levels": null, "water": null, "place": "neighbourhood", "natural": null, "wood": null, "leaf_cycle": null, "man_made": null, "genus": null, "opening_hours": null, "ways": null, "type": null, "phone": null, "amenity": null, "religion": null, "email": null, "internet_access": null, "name:en": null, "operator": null, "addr:country": null, "tourism": null, "url": null, "addr:district": null, "addr:region": null, "check_date": null, "building": null, "construction": null, "area:highway": null, "brand": null, "contact:phone": null, "contact:website": null, "fuel:diesel": null, "fuel:discount": null, "fuel:octane_92": null, "fuel:octane_95": null, "ref": null, "shop": null, "surface": null, "toilets": null }, "geometry": { "type": "Polygon", "coordinates": [ [ [ 29.6373542, 60.2402179 ], [ 29.6401337, 60.2399828 ], [ 29.6402188, 60.2397906 ], [ 29.6402916, 60.239626 ], [ 29.6399357, 60.2392688 ], [ 29.6395084, 60.2390018 ], [ 29.6384265, 60.2385155 ], [ 29.6373426, 60.2381283 ], [ 29.6363119, 60.2385944 ], [ 29.6363462, 60.2387245 ], [ 29.6366396, 60.2389296 ], [ 29.6373542, 60.2402179 ] ] ] } },
{ "type": "Feature", "properties": { "element_type": "way", "osmid": 142234636, "barrier": null, "height": null, "note": null, "description": null, "landuse": "allotments", "name": "СНТ \"Красный Октябрь\"", "source": null, "industrial": null, "layer": null, "addr:city": "Рощино", "official_name": null, "residential": null, "website": null, "old_name": null, "addr:housenumber": null, "addr:street": null, "name:ru": null, "leisure": null, "building:levels": null, "water": null, "place": "allotments", "natural": null, "wood": null, "leaf_cycle": null, "man_made": null, "genus": null, "opening_hours": null, "ways": null, "type": null, "phone": null, "amenity": null, "religion": null, "email": null, "internet_access": null, "name:en": null, "operator": null, "addr:country": null, "tourism": null, "url": null, "addr:district": null, "addr:region": null, "check_date": null, "building": null, "construction": null, "area:highway": null, "brand": null, "contact:phone": null, "contact:website": null, "fuel:diesel": null, "fuel:discount": null, "fuel:octane_92": null, "fuel:octane_95": null, "ref": null, "shop": null, "surface": null, "toilets": null }, "geometry": { "type": "Polygon", "coordinates": [ [ [ 29.6374506, 60.2380003 ], [ 29.6386623, 60.2385302 ], [ 29.6395856, 60.2389339 ], [ 29.6409632, 60.2382704 ], [ 29.6415666, 60.2379798 ], [ 29.642558, 60.2377064 ], [ 29.6434725, 60.2374107 ], [ 29.6432417, 60.2372449 ], [ 29.6428611, 60.2371564 ], [ 29.6413991, 60.2371989 ], [ 29.6404268, 60.2367714 ], [ 29.6397319, 60.2372234 ], [ 29.6391136, 60.2369789 ], [ 29.6388837, 60.237055 ], [ 29.6384349, 60.2367568 ], [ 29.638212, 60.2368455 ], [ 29.6385443, 60.2373828 ], [ 29.6390377, 60.2375936 ], [ 29.6385673, 60.2379052 ], [ 29.6379933, 60.2377111 ], [ 29.6374506, 60.2380003 ] ] ] } },
{ "type": "Feature", "properties": { "element_type": "way", "osmid": 155305041, "barrier": null, "height": null, "note": null, "description": null, "landuse": "grass", "name": null, "source": null, "industrial": null, "layer": null, "addr:city": null, "official_name": null, "residential": null, "website": null, "old_name": null, "addr:housenumber": null, "addr:street": null, "name:ru": null, "leisure": null, "building:levels": null, "water": null, "place": null, "natural": null, "wood": null, "leaf_cycle": null, "man_made": null, "genus": null, "opening_hours": null, "ways": null, "type": null, "phone": null, "amenity": null, "religion": null, "email": null, "internet_access": null, "name:en": null, "operator": null, "addr:country": null, "tourism": null, "url": null, "addr:district": null, "addr:region": null, "check_date": null, "building": null, "construction": null, "area:highway": null, "brand": null, "contact:phone": null, "contact:website": null, "fuel:diesel": null, "fuel:discount": null, "fuel:octane_92": null, "fuel:octane_95": null, "ref": null, "shop": null, "surface": null, "toilets": null }, "geometry": { "type": "Polygon", "coordinates": [ [ [ 29.5735575, 60.2509884 ], [ 29.5736637, 60.2509835 ], [ 29.5737366, 60.2509716 ], [ 29.5739128, 60.2506163 ], [ 29.5738635, 60.2505593 ], [ 29.5738014, 60.2505432 ], [ 29.5736371, 60.2507352 ], [ 29.5735575, 60.2509884 ] ] ] } },
{ "type": "Feature", "properties": { "element_type": "way", "osmid": 155305091, "barrier": "fence", "height": null, "note": null, "description": null, "landuse": "industrial", "name": null, "source": "примерно", "industrial": null, "layer": null, "addr:city": null, "official_name": null, "residential": null, "website": null, "old_name": null, "addr:housenumber": null, "addr:street": null, "name:ru": null, "leisure": null, "building:levels": null, "water": null, "place": null, "natural": null, "wood": null, "leaf_cycle": null, "man_made": null, "genus": null, "opening_hours": null, "ways": null, "type": null, "phone": null, "amenity": null, "religion": null, "email": null, "internet_access": null, "name:en": null, "operator": null, "addr:country": null, "tourism": null, "url": null, "addr:district": null, "addr:region": null, "check_date": null, "building": null, "construction": null, "area:highway": null, "brand": null, "contact:phone": null, "contact:website": null, "fuel:diesel": null, "fuel:discount": null, "fuel:octane_92": null, "fuel:octane_95": null, "ref": null, "shop": null, "surface": null, "toilets": null }, "geometry": { "type": "Polygon", "coordinates": [ [ [ 29.5726158, 60.2515054 ], [ 29.5726517, 60.2514811 ], [ 29.5728709, 60.2513325 ], [ 29.5727272, 60.2506019 ], [ 29.5716229, 60.2512463 ], [ 29.5712739, 60.251601 ], [ 29.5715878, 60.2517354 ], [ 29.5719606, 60.2516542 ], [ 29.5721725, 60.2516489 ], [ 29.5722738, 60.2516906 ], [ 29.5724809, 60.2516063 ], [ 29.5726158, 60.2515054 ] ] ] } },
{ "type": "Feature", "properties": { "element_type": "way", "osmid": 155615799, "barrier": null, "height": null, "note": null, "description": null, "landuse": "grass", "name": null, "source": null, "industrial": null, "layer": null, "addr:city": null, "official_name": null, "residential": null, "website": null, "old_name": null, "addr:housenumber": null, "addr:street": null, "name:ru": null, "leisure": null, "building:levels": null, "water": null, "place": null, "natural": null, "wood": null, "leaf_cycle": null, "man_made": null, "genus": null, "opening_hours": null, "ways": null, "type": null, "phone": null, "amenity": null, "religion": null, "email": null, "internet_access": null, "name:en": null, "operator": null, "addr:country": null, "tourism": null, "url": null, "addr:district": null, "addr:region": null, "check_date": null, "building": null, "construction": null, "area:highway": null, "brand": null, "contact:phone": null, "contact:website": null, "fuel:diesel": null, "fuel:discount": null, "fuel:octane_92": null, "fuel:octane_95": null, "ref": null, "shop": null, "surface": null, "toilets": null }, "geometry": { "type": "Polygon", "coordinates": [ [ [ 29.5832243, 60.2562257 ], [ 29.5832904, 60.2562722 ], [ 29.5834471, 60.2563368 ], [ 29.5836893, 60.2564279 ], [ 29.5838516, 60.2564464 ], [ 29.5839127, 60.2564053 ], [ 29.5838819, 60.2563502 ], [ 29.5832638, 60.2560725 ], [ 29.5831937, 60.2560838 ], [ 29.5831534, 60.2561284 ], [ 29.5831689, 60.2561703 ], [ 29.5832243, 60.2562257 ] ] ] } },
{ "type": "Feature", "properties": { "element_type": "way", "osmid": 156331812, "barrier": "fence", "height": null, "note": null, "description": null, "landuse": "residential", "name": null, "source": null, "industrial": null, "layer": null, "addr:city": null, "official_name": null, "residential": "rural", "website": null, "old_name": null, "addr:housenumber": null, "addr:street": null, "name:ru": null, "leisure": null, "building:levels": null, "water": null, "place": null, "natural": null, "wood": null, "leaf_cycle": null, "man_made": null, "genus": null, "opening_hours": null, "ways": null, "type": null, "phone": null, "amenity": null, "religion": null, "email": null, "internet_access": null, "name:en": null, "operator": null, "addr:country": null, "tourism": null, "url": null, "addr:district": null, "addr:region": null, "check_date": null, "building": null, "construction": null, "area:highway": null, "brand": null, "contact:phone": null, "contact:website": null, "fuel:diesel": null, "fuel:discount": null, "fuel:octane_92": null, "fuel:octane_95": null, "ref": null, "shop": null, "surface": null, "toilets": null }, "geometry": { "type": "Polygon", "coordinates": [ [ [ 29.6024632, 60.2524946 ], [ 29.6028328, 60.2528653 ], [ 29.6030681, 60.2533027 ], [ 29.6030395, 60.2538022 ], [ 29.6041451, 60.2537449 ], [ 29.6040641, 60.2532337 ], [ 29.6040164, 60.2530006 ], [ 29.6038869, 60.2528493 ], [ 29.6035101, 60.2526191 ], [ 29.6030996, 60.2522969 ], [ 29.6024632, 60.2524946 ] ] ] } },
{ "type": "Feature", "properties": { "element_type": "way", "osmid": 156331852, "barrier": "fence", "height": null, "note": null, "description": null, "landuse": "residential", "name": null, "source": null, "industrial": null, "layer": null, "addr:city": null, "official_name": null, "residential": "rural", "website": null, "old_name": null, "addr:housenumber": null, "addr:street": null, "name:ru": null, "leisure": null, "building:levels": null, "water": null, "place": null, "natural": null, "wood": null, "leaf_cycle": null, "man_made": null, "genus": null, "opening_hours": null, "ways": null, "type": null, "phone": null, "amenity": null, "religion": null, "email": null, "internet_access": null, "name:en": null, "operator": null, "addr:country": null, "tourism": null, "url": null, "addr:district": null, "addr:region": null, "check_date": null, "building": null, "construction": null, "area:highway": null, "brand": null, "contact:phone": null, "contact:website": null, "fuel:diesel": null, "fuel:discount": null, "fuel:octane_92": null, "fuel:octane_95": null, "ref": null, "shop": null, "surface": null, "toilets": null }, "geometry": { "type": "Polygon", "coordinates": [ [ [ 29.6059162, 60.2533501 ], [ 29.6058755, 60.2531094 ], [ 29.6058004, 60.252665 ], [ 29.6057376, 60.2522932 ], [ 29.6053219, 60.2523157 ], [ 29.6047375, 60.2522887 ], [ 29.60442, 60.2522557 ], [ 29.6038616, 60.2519939 ], [ 29.6032136, 60.2522843 ], [ 29.6036778, 60.2526164 ], [ 29.6041777, 60.2529445 ], [ 29.604279, 60.2534032 ], [ 29.6043426, 60.2537548 ], [ 29.6049357, 60.2537223 ], [ 29.6054421, 60.2536931 ], [ 29.6059643, 60.2536699 ], [ 29.6059162, 60.2533501 ] ] ] } },
{ "type": "Feature", "properties": { "element_type": "way", "osmid": 158321471, "barrier": null, "height": null, "note": null, "description": null, "landuse": "allotments", "name": null, "source": null, "industrial": null, "layer": null, "addr:city": null, "official_name": null, "residential": null, "website": null, "old_name": null, "addr:housenumber": null, "addr:street": null, "name:ru": null, "leisure": null, "building:levels": null, "water": null, "place": null, "natural": null, "wood": null, "leaf_cycle": null, "man_made": null, "genus": null, "opening_hours": null, "ways": null, "type": null, "phone": null, "amenity": null, "religion": null, "email": null, "internet_access": null, "name:en": null, "operator": null, "addr:country": null, "tourism": null, "url": null, "addr:district": null, "addr:region": null, "check_date": null, "building": null, "construction": null, "area:highway": null, "brand": null, "contact:phone": null, "contact:website": null, "fuel:diesel": null, "fuel:discount": null, "fuel:octane_92": null, "fuel:octane_95": null, "ref": null, "shop": null, "surface": null, "toilets": null }, "geometry": { "type": "Polygon", "coordinates": [ [ [ 29.6303958, 60.2479902 ], [ 29.6317742, 60.2485632 ], [ 29.6319379, 60.2484652 ], [ 29.6319673, 60.2484132 ], [ 29.632513, 60.2481382 ], [ 29.6313031, 60.2476945 ], [ 29.6309052, 60.2479382 ], [ 29.630748, 60.2478766 ], [ 29.6305132, 60.2479169 ], [ 29.6303958, 60.2479902 ] ] ] } },
{ "type": "Feature", "properties": { "element_type": "way", "osmid": 158321476, "barrier": null, "height": null, "note": null, "description": null, "landuse": "allotments", "name": null, "source": null, "industrial": null, "layer": null, "addr:city": null, "official_name": null, "residential": null, "website": null, "old_name": null, "addr:housenumber": null, "addr:street": null, "name:ru": null, "leisure": null, "building:levels": null, "water": null, "place": null, "natural": null, "wood": null, "leaf_cycle": null, "man_made": null, "genus": null, "opening_hours": null, "ways": null, "type": null, "phone": null, "amenity": null, "religion": null, "email": null, "internet_access": null, "name:en": null, "operator": null, "addr:country": null, "tourism": null, "url": null, "addr:district": null, "addr:region": null, "check_date": null, "building": null, "construction": null, "area:highway": null, "brand": null, "contact:phone": null, "contact:website": null, "fuel:diesel": null, "fuel:discount": null, "fuel:octane_92": null, "fuel:octane_95": null, "ref": null, "shop": null, "surface": null, "toilets": null }, "geometry": { "type": "Polygon", "coordinates": [ [ [ 29.629909, 60.247987 ], [ 29.6302703, 60.2481374 ], [ 29.6303257, 60.2480967 ], [ 29.6316029, 60.2486281 ], [ 29.6310976, 60.2489306 ], [ 29.6301681, 60.2494869 ], [ 29.6297733, 60.2493067 ], [ 29.6296321, 60.2492173 ], [ 29.6308498, 60.248499 ], [ 29.6298048, 60.2480636 ], [ 29.629909, 60.247987 ] ] ] } },
{ "type": "Feature", "properties": { "element_type": "way", "osmid": 158323069, "barrier": null, "height": null, "note": null, "description": null, "landuse": "allotments", "name": null, "source": null, "industrial": null, "layer": null, "addr:city": null, "official_name": null, "residential": null, "website": null, "old_name": null, "addr:housenumber": null, "addr:street": null, "name:ru": null, "leisure": null, "building:levels": null, "water": null, "place": null, "natural": null, "wood": null, "leaf_cycle": null, "man_made": null, "genus": null, "opening_hours": null, "ways": null, "type": null, "phone": null, "amenity": null, "religion": null, "email": null, "internet_access": null, "name:en": null, "operator": null, "addr:country": null, "tourism": null, "url": null, "addr:district": null, "addr:region": null, "check_date": null, "building": null, "construction": null, "area:highway": null, "brand": null, "contact:phone": null, "contact:website": null, "fuel:diesel": null, "fuel:discount": null, "fuel:octane_92": null, "fuel:octane_95": null, "ref": null, "shop": null, "surface": null, "toilets": null }, "geometry": { "type": "Polygon", "coordinates": [ [ [ 29.6131496, 60.2546774 ], [ 29.613329, 60.2549945 ], [ 29.6134882, 60.2549711 ], [ 29.6135308, 60.2549088 ], [ 29.6133501, 60.2546408 ], [ 29.6131496, 60.2546774 ] ] ] } },
{ "type": "Feature", "properties": { "element_type": "way", "osmid": 158323077, "barrier": null, "height": null, "note": null, "description": null, "landuse": "forest", "name": null, "source": null, "industrial": null, "layer": null, "addr:city": null, "official_name": null, "residential": null, "website": null, "old_name": null, "addr:housenumber": null, "addr:street": null, "name:ru": null, "leisure": null, "building:levels": null, "water": null, "place": null, "natural": "scrub", "wood": "coniferous", "leaf_cycle": null, "man_made": null, "genus": null, "opening_hours": null, "ways": null, "type": null, "phone": null, "amenity": null, "religion": null, "email": null, "internet_access": null, "name:en": null, "operator": null, "addr:country": null, "tourism": null, "url": null, "addr:district": null, "addr:region": null, "check_date": null, "building": null, "construction": null, "area:highway": null, "brand": null, "contact:phone": null, "contact:website": null, "fuel:diesel": null, "fuel:discount": null, "fuel:octane_92": null, "fuel:octane_95": null, "ref": null, "shop": null, "surface": null, "toilets": null }, "geometry": { "type": "Polygon", "coordinates": [ [ [ 29.6017513, 60.2556956 ], [ 29.6019756, 60.255709 ], [ 29.6020541, 60.2558659 ], [ 29.6018276, 60.2558803 ], [ 29.6017513, 60.2556956 ] ] ] } },
{ "type": "Feature", "properties": { "element_type": "way", "osmid": 158323078, "barrier": null, "height": null, "note": null, "description": null, "landuse": "forest", "name": null, "source": null, "industrial": null, "layer": null, "addr:city": null, "official_name": null, "residential": null, "website": null, "old_name": null, "addr:housenumber": null, "addr:street": null, "name:ru": null, "leisure": null, "building:levels": null, "water": null, "place": null, "natural": "scrub", "wood": null, "leaf_cycle": "deciduous", "man_made": null, "genus": null, "opening_hours": null, "ways": null, "type": null, "phone": null, "amenity": null, "religion": null, "email": null, "internet_access": null, "name:en": null, "operator": null, "addr:country": null, "tourism": null, "url": null, "addr:district": null, "addr:region": null, "check_date": null, "building": null, "construction": null, "area:highway": null, "brand": null, "contact:phone": null, "contact:website": null, "fuel:diesel": null, "fuel:discount": null, "fuel:octane_92": null, "fuel:octane_95": null, "ref": null, "shop": null, "surface": null, "toilets": null }, "geometry": { "type": "Polygon", "coordinates": [ [ [ 29.6021886, 60.2561707 ], [ 29.6019576, 60.2561329 ], [ 29.601998, 60.2562164 ], [ 29.6022021, 60.2562086 ], [ 29.6021886, 60.2561707 ] ] ] } },
{ "type": "Feature", "properties": { "element_type": "way", "osmid": 158323080, "barrier": null, "height": null, "note": null, "description": null, "landuse": "forest", "name": null, "source": null, "industrial": null, "layer": null, "addr:city": null, "official_name": null, "residential": null, "website": null, "old_name": null, "addr:housenumber": null, "addr:street": null, "name:ru": null, "leisure": null, "building:levels": null, "water": null, "place": null, "natural": "scrub", "wood": null, "leaf_cycle": "deciduous", "man_made": null, "genus": null, "opening_hours": null, "ways": null, "type": null, "phone": null, "amenity": null, "religion": null, "email": null, "internet_access": null, "name:en": null, "operator": null, "addr:country": null, "tourism": null, "url": null, "addr:district": null, "addr:region": null, "check_date": null, "building": null, "construction": null, "area:highway": null, "brand": null, "contact:phone": null, "contact:website": null, "fuel:diesel": null, "fuel:discount": null, "fuel:octane_92": null, "fuel:octane_95": null, "ref": null, "shop": null, "surface": null, "toilets": null }, "geometry": { "type": "Polygon", "coordinates": [ [ [ 29.6018522, 60.2559193 ], [ 29.6020743, 60.2559037 ], [ 29.6021819, 60.2561363 ], [ 29.6019285, 60.2560929 ], [ 29.6018522, 60.2559193 ] ] ] } },
{ "type": "Feature", "properties": { "element_type": "way", "osmid": 158349385, "barrier": null, "height": null, "note": null, "description": null, "landuse": "garages", "name": null, "source": null, "industrial": null, "layer": null, "addr:city": null, "official_name": null, "residential": null, "website": null, "old_name": null, "addr:housenumber": null, "addr:street": null, "name:ru": null, "leisure": null, "building:levels": null, "water": null, "place": null, "natural": null, "wood": null, "leaf_cycle": null, "man_made": null, "genus": null, "opening_hours": null, "ways": null, "type": null, "phone": null, "amenity": null, "religion": null, "email": null, "internet_access": null, "name:en": null, "operator": null, "addr:country": null, "tourism": null, "url": null, "addr:district": null, "addr:region": null, "check_date": null, "building": null, "construction": null, "area:highway": null, "brand": null, "contact:phone": null, "contact:website": null, "fuel:diesel": null, "fuel:discount": null, "fuel:octane_92": null, "fuel:octane_95": null, "ref": null, "shop": null, "surface": null, "toilets": null }, "geometry": { "type": "Polygon", "coordinates": [ [ [ 29.5935903, 60.2523586 ], [ 29.5935027, 60.2524176 ], [ 29.5930085, 60.2526938 ], [ 29.5930528, 60.2527511 ], [ 29.5935132, 60.2528607 ], [ 29.5945498, 60.2530947 ], [ 29.5942795, 60.253095 ], [ 29.5938449, 60.2531855 ], [ 29.5941185, 60.2535156 ], [ 29.5941775, 60.2535102 ], [ 29.5944565, 60.2540985 ], [ 29.5951165, 60.2540152 ], [ 29.595086, 60.2539515 ], [ 29.5950892, 60.2539056 ], [ 29.5950388, 60.2537834 ], [ 29.5950839, 60.2537304 ], [ 29.5949912, 60.2532834 ], [ 29.594876, 60.2531335 ], [ 29.5950038, 60.2529205 ], [ 29.5947938, 60.252837 ], [ 29.5935903, 60.2523586 ] ] ] } },
{ "type": "Feature", "properties": { "element_type": "way", "osmid": 158359429, "barrier": "wall", "height": null, "note": null, "description": null, "landuse": "industrial", "name": "ОАО «Рощинский Дом»", "source": null, "industrial": null, "layer": null, "addr:city": null, "official_name": null, "residential": null, "website": null, "old_name": null, "addr:housenumber": null, "addr:street": null, "name:ru": null, "leisure": null, "building:levels": null, "water": null, "place": null, "natural": null, "wood": null, "leaf_cycle": null, "man_made": null, "genus": null, "opening_hours": null, "ways": null, "type": null, "phone": null, "amenity": null, "religion": null, "email": null, "internet_access": null, "name:en": null, "operator": null, "addr:country": null, "tourism": null, "url": null, "addr:district": null, "addr:region": null, "check_date": null, "building": null, "construction": null, "area:highway": null, "brand": null, "contact:phone": null, "contact:website": null, "fuel:diesel": null, "fuel:discount": null, "fuel:octane_92": null, "fuel:octane_95": null, "ref": null, "shop": null, "surface": null, "toilets": null }, "geometry": { "type": "Polygon", "coordinates": [ [ [ 29.5701234, 60.2527415 ], [ 29.5697997, 60.2526168 ], [ 29.5688186, 60.2531294 ], [ 29.56854, 60.253304 ], [ 29.5683655, 60.2534133 ], [ 29.5680351, 60.2536834 ], [ 29.5685335, 60.2538472 ], [ 29.5709173, 60.2546421 ], [ 29.571073, 60.254694 ], [ 29.573922, 60.2555965 ], [ 29.5747637, 60.2558511 ], [ 29.5755451, 60.2560876 ], [ 29.5758671, 60.2561837 ], [ 29.5763292, 60.2557685 ], [ 29.5762435, 60.2557411 ], [ 29.5775131, 60.255085 ], [ 29.5770071, 60.2547888 ], [ 29.5766978, 60.2546391 ], [ 29.5763385, 60.2544312 ], [ 29.5765408, 60.254283 ], [ 29.5765553, 60.2542137 ], [ 29.576324, 60.2540918 ], [ 29.5763096, 60.2540201 ], [ 29.5768018, 60.2537435 ], [ 29.5767144, 60.2537016 ], [ 29.5766625, 60.2536757 ], [ 29.5766856, 60.253662 ], [ 29.5765998, 60.2536265 ], [ 29.576583, 60.2536365 ], [ 29.5761159, 60.2534463 ], [ 29.5755628, 60.2532203 ], [ 29.5754435, 60.2532806 ], [ 29.5744486, 60.2537854 ], [ 29.5741658, 60.2536694 ], [ 29.5740394, 60.2537316 ], [ 29.5736135, 60.2539419 ], [ 29.5701234, 60.2527415 ] ] ] } },
{ "type": "Feature", "properties": { "element_type": "way", "osmid": 158359439, "barrier": null, "height": null, "note": null, "description": null, "landuse": "industrial", "name": "Рощинодорстрой", "source": null, "industrial": null, "layer": null, "addr:city": null, "official_name": null, "residential": null, "website": null, "old_name": null, "addr:housenumber": null, "addr:street": null, "name:ru": null, "leisure": null, "building:levels": null, "water": null, "place": null, "natural": null, "wood": null, "leaf_cycle": null, "man_made": null, "genus": null, "opening_hours": null, "ways": null, "type": null, "phone": null, "amenity": null, "religion": null, "email": null, "internet_access": null, "name:en": null, "operator": null, "addr:country": null, "tourism": null, "url": null, "addr:district": null, "addr:region": null, "check_date": null, "building": null, "construction": null, "area:highway": null, "brand": null, "contact:phone": null, "contact:website": null, "fuel:diesel": null, "fuel:discount": null, "fuel:octane_92": null, "fuel:octane_95": null, "ref": null, "shop": null, "surface": null, "toilets": null }, "geometry": { "type": "Polygon", "coordinates": [ [ [ 29.5763414, 60.2579817 ], [ 29.5763533, 60.2582466 ], [ 29.5765711, 60.2586483 ], [ 29.5769286, 60.259017 ], [ 29.5768222, 60.2592121 ], [ 29.577395, 60.259746 ], [ 29.5777373, 60.2598807 ], [ 29.5777319, 60.259934 ], [ 29.5777986, 60.2600022 ], [ 29.5778202, 60.2601154 ], [ 29.5775806, 60.2601267 ], [ 29.5754714, 60.2606517 ], [ 29.5750987, 60.2609093 ], [ 29.574876, 60.261291 ], [ 29.5746267, 60.2611328 ], [ 29.5738113, 60.2609731 ], [ 29.5734397, 60.260667 ], [ 29.5733607, 60.2602493 ], [ 29.5739615, 60.259781 ], [ 29.5738461, 60.2593824 ], [ 29.5748222, 60.2588268 ], [ 29.5749056, 60.2587885 ], [ 29.5749696, 60.2587336 ], [ 29.5750641, 60.2586527 ], [ 29.5759241, 60.2585846 ], [ 29.5757304, 60.2583872 ], [ 29.5759492, 60.2583343 ], [ 29.5761437, 60.2580681 ], [ 29.5762234, 60.2580332 ], [ 29.5763414, 60.2579817 ] ] ] } },
{ "type": "Feature", "properties": { "element_type": "way", "osmid": 158359451, "barrier": "wall", "height": null, "note": null, "description": null, "landuse": "industrial", "name": null, "source": null, "industrial": null, "layer": null, "addr:city": null, "official_name": null, "residential": null, "website": null, "old_name": null, "addr:housenumber": null, "addr:street": null, "name:ru": null, "leisure": null, "building:levels": null, "water": null, "place": null, "natural": null, "wood": null, "leaf_cycle": null, "man_made": null, "genus": null, "opening_hours": null, "ways": null, "type": null, "phone": null, "amenity": null, "religion": null, "email": null, "internet_access": null, "name:en": null, "operator": null, "addr:country": null, "tourism": null, "url": null, "addr:district": null, "addr:region": null, "check_date": null, "building": null, "construction": null, "area:highway": null, "brand": null, "contact:phone": null, "contact:website": null, "fuel:diesel": null, "fuel:discount": null, "fuel:octane_92": null, "fuel:octane_95": null, "ref": null, "shop": null, "surface": null, "toilets": null }, "geometry": { "type": "Polygon", "coordinates": [ [ [ 29.5696435, 60.2556165 ], [ 29.5705971, 60.2548913 ], [ 29.5706925, 60.2548057 ], [ 29.5709173, 60.2546421 ], [ 29.5685335, 60.2538472 ], [ 29.5683656, 60.2539837 ], [ 29.5682534, 60.2539415 ], [ 29.5671586, 60.2548748 ], [ 29.5675797, 60.2549987 ], [ 29.5677485, 60.2550484 ], [ 29.5678677, 60.2550905 ], [ 29.5680085, 60.2551205 ], [ 29.5690773, 60.2554454 ], [ 29.5693464, 60.2555436 ], [ 29.5696435, 60.2556165 ] ] ] } },
{ "type": "Feature", "properties": { "element_type": "way", "osmid": 158359456, "barrier": "wall", "height": null, "note": null, "description": null, "landuse": "industrial", "name": null, "source": null, "industrial": null, "layer": null, "addr:city": null, "official_name": null, "residential": null, "website": null, "old_name": null, "addr:housenumber": null, "addr:street": null, "name:ru": null, "leisure": null, "building:levels": null, "water": null, "place": null, "natural": null, "wood": null, "leaf_cycle": null, "man_made": null, "genus": null, "opening_hours": null, "ways": null, "type": null, "phone": null, "amenity": null, "religion": null, "email": null, "internet_access": null, "name:en": null, "operator": null, "addr:country": null, "tourism": null, "url": null, "addr:district": null, "addr:region": null, "check_date": null, "building": null, "construction": null, "area:highway": null, "brand": null, "contact:phone": null, "contact:website": null, "fuel:diesel": null, "fuel:discount": null, "fuel:octane_92": null, "fuel:octane_95": null, "ref": null, "shop": null, "surface": null, "toilets": null }, "geometry": { "type": "Polygon", "coordinates": [ [ [ 29.5696435, 60.2556165 ], [ 29.5696918, 60.2556257 ], [ 29.5697413, 60.2556375 ], [ 29.5711184, 60.256194 ], [ 29.5711764, 60.2561518 ], [ 29.5718302, 60.2564171 ], [ 29.5725574, 60.2567122 ], [ 29.5726541, 60.25667 ], [ 29.5729709, 60.2567492 ], [ 29.5734195, 60.2570261 ], [ 29.5743932, 60.2572866 ], [ 29.5756405, 60.2579 ], [ 29.5766799, 60.2568741 ], [ 29.5765267, 60.2567275 ], [ 29.5763805, 60.256603 ], [ 29.5741369, 60.255866 ], [ 29.5740866, 60.2558967 ], [ 29.5735967, 60.2557459 ], [ 29.5723339, 60.2553573 ], [ 29.5723115, 60.2552981 ], [ 29.5723034, 60.2552768 ], [ 29.5710849, 60.2549103 ], [ 29.5710307, 60.2549659 ], [ 29.5705971, 60.2548913 ], [ 29.5696435, 60.2556165 ] ] ] } },
{ "type": "Feature", "properties": { "element_type": "way", "osmid": 158359460, "barrier": "wall", "height": null, "note": null, "description": null, "landuse": "industrial", "name": "Центр обеспечения мероприятий гражданской защиты", "source": null, "industrial": null, "layer": null, "addr:city": null, "official_name": null, "residential": null, "website": null, "old_name": null, "addr:housenumber": null, "addr:street": null, "name:ru": null, "leisure": null, "building:levels": null, "water": null, "place": null, "natural": null, "wood": null, "leaf_cycle": null, "man_made": null, "genus": null, "opening_hours": null, "ways": null, "type": null, "phone": null, "amenity": null, "religion": null, "email": null, "internet_access": null, "name:en": null, "operator": null, "addr:country": null, "tourism": null, "url": null, "addr:district": null, "addr:region": null, "check_date": null, "building": null, "construction": null, "area:highway": null, "brand": null, "contact:phone": null, "contact:website": null, "fuel:diesel": null, "fuel:discount": null, "fuel:octane_92": null, "fuel:octane_95": null, "ref": null, "shop": null, "surface": null, "toilets": null }, "geometry": { "type": "Polygon", "coordinates": [ [ [ 29.5732853, 60.2578776 ], [ 29.5739322, 60.2585254 ], [ 29.5753409, 60.2582084 ], [ 29.5755126, 60.2581666 ], [ 29.57546, 60.2581135 ], [ 29.5753899, 60.2580562 ], [ 29.5747245, 60.2575125 ], [ 29.5732853, 60.2578776 ] ] ] } },
{ "type": "Feature", "properties": { "element_type": "way", "osmid": 158359462, "barrier": null, "height": null, "note": null, "description": null, "landuse": "industrial", "name": null, "source": null, "industrial": null, "layer": null, "addr:city": null, "official_name": null, "residential": null, "website": null, "old_name": null, "addr:housenumber": null, "addr:street": null, "name:ru": null, "leisure": null, "building:levels": null, "water": null, "place": null, "natural": null, "wood": null, "leaf_cycle": null, "man_made": null, "genus": null, "opening_hours": null, "ways": null, "type": null, "phone": null, "amenity": null, "religion": null, "email": null, "internet_access": null, "name:en": null, "operator": null, "addr:country": null, "tourism": null, "url": null, "addr:district": null, "addr:region": null, "check_date": null, "building": null, "construction": null, "area:highway": null, "brand": null, "contact:phone": null, "contact:website": null, "fuel:diesel": null, "fuel:discount": null, "fuel:octane_92": null, "fuel:octane_95": null, "ref": null, "shop": null, "surface": null, "toilets": null }, "geometry": { "type": "Polygon", "coordinates": [ [ [ 29.579996, 60.2574235 ], [ 29.5820119, 60.2564886 ], [ 29.5836385, 60.2571093 ], [ 29.5833059, 60.2575323 ], [ 29.5833211, 60.2576393 ], [ 29.5840892, 60.2580899 ], [ 29.5829124, 60.2583226 ], [ 29.5818857, 60.2579943 ], [ 29.579996, 60.2574235 ] ] ] } },
{ "type": "Feature", "properties": { "element_type": "way", "osmid": 158359465, "barrier": null, "height": null, "note": null, "description": null, "landuse": "industrial", "name": null, "source": null, "industrial": null, "layer": null, "addr:city": null, "official_name": null, "residential": null, "website": null, "old_name": null, "addr:housenumber": null, "addr:street": null, "name:ru": null, "leisure": null, "building:levels": null, "water": null, "place": null, "natural": null, "wood": null, "leaf_cycle": null, "man_made": null, "genus": null, "opening_hours": null, "ways": null, "type": null, "phone": null, "amenity": null, "religion": null, "email": null, "internet_access": null, "name:en": null, "operator": null, "addr:country": null, "tourism": null, "url": null, "addr:district": null, "addr:region": null, "check_date": null, "building": null, "construction": null, "area:highway": null, "brand": null, "contact:phone": null, "contact:website": null, "fuel:diesel": null, "fuel:discount": null, "fuel:octane_92": null, "fuel:octane_95": null, "ref": null, "shop": null, "surface": null, "toilets": null }, "geometry": { "type": "Polygon", "coordinates": [ [ [ 29.5822099, 60.2591093 ], [ 29.579132, 60.2600386 ], [ 29.5786938, 60.2601989 ], [ 29.5810371, 60.2616759 ], [ 29.5821248, 60.2615571 ], [ 29.5829401, 60.2613686 ], [ 29.582899, 60.2609198 ], [ 29.5831858, 60.2606373 ], [ 29.5829622, 60.2603377 ], [ 29.5826605, 60.2603699 ], [ 29.5824045, 60.2599525 ], [ 29.5833278, 60.259914 ], [ 29.5834029, 60.2596479 ], [ 29.5832312, 60.2594235 ], [ 29.5829224, 60.2591429 ], [ 29.5825586, 60.2589827 ], [ 29.5822099, 60.2591093 ] ] ] } },
{ "type": "Feature", "properties": { "element_type": "way", "osmid": 158361422, "barrier": "fence", "height": null, "note": null, "description": null, "landuse": "industrial", "name": "Очистные сооружения", "source": null, "industrial": null, "layer": null, "addr:city": null, "official_name": null, "residential": null, "website": null, "old_name": null, "addr:housenumber": null, "addr:street": null, "name:ru": null, "leisure": null, "building:levels": null, "water": null, "place": null, "natural": null, "wood": null, "leaf_cycle": null, "man_made": "wastewater_plant", "genus": null, "opening_hours": null, "ways": null, "type": null, "phone": null, "amenity": null, "religion": null, "email": null, "internet_access": null, "name:en": null, "operator": null, "addr:country": null, "tourism": null, "url": null, "addr:district": null, "addr:region": null, "check_date": null, "building": null, "construction": null, "area:highway": null, "brand": null, "contact:phone": null, "contact:website": null, "fuel:diesel": null, "fuel:discount": null, "fuel:octane_92": null, "fuel:octane_95": null, "ref": null, "shop": null, "surface": null, "toilets": null }, "geometry": { "type": "Polygon", "coordinates": [ [ [ 29.5654702, 60.2608087 ], [ 29.5652601, 60.2609494 ], [ 29.5650982, 60.2610425 ], [ 29.564842, 60.2609728 ], [ 29.563569, 60.2616821 ], [ 29.5611139, 60.2607824 ], [ 29.5613289, 60.260356 ], [ 29.5629325, 60.2593654 ], [ 29.5631061, 60.2599763 ], [ 29.5654702, 60.2608087 ] ] ] } },
{ "type": "Feature", "properties": { "element_type": "way", "osmid": 158362474, "barrier": null, "height": null, "note": null, "description": null, "landuse": "industrial", "name": "очистные сооружения", "source": null, "industrial": null, "layer": null, "addr:city": null, "official_name": null, "residential": null, "website": null, "old_name": null, "addr:housenumber": null, "addr:street": null, "name:ru": null, "leisure": null, "building:levels": null, "water": null, "place": null, "natural": null, "wood": null, "leaf_cycle": null, "man_made": null, "genus": null, "opening_hours": null, "ways": null, "type": null, "phone": null, "amenity": null, "religion": null, "email": null, "internet_access": null, "name:en": null, "operator": null, "addr:country": null, "tourism": null, "url": null, "addr:district": null, "addr:region": null, "check_date": null, "building": null, "construction": null, "area:highway": null, "brand": null, "contact:phone": null, "contact:website": null, "fuel:diesel": null, "fuel:discount": null, "fuel:octane_92": null, "fuel:octane_95": null, "ref": null, "shop": null, "surface": null, "toilets": null }, "geometry": { "type": "Polygon", "coordinates": [ [ [ 29.5795804, 60.2668553 ], [ 29.5797172, 60.2668037 ], [ 29.5803632, 60.2665886 ], [ 29.5809547, 60.2669827 ], [ 29.58016, 60.2672257 ], [ 29.5795804, 60.2668553 ] ] ] } },
{ "type": "Feature", "properties": { "element_type": "way", "osmid": 158412802, "barrier": null, "height": null, "note": null, "description": null, "landuse": "forest", "name": null, "source": "Esri", "industrial": null, "layer": null, "addr:city": null, "official_name": null, "residential": null, "website": null, "old_name": null, "addr:housenumber": null, "addr:street": null, "name:ru": null, "leisure": null, "building:levels": null, "water": null, "place": null, "natural": "wood", "wood": null, "leaf_cycle": null, "man_made": null, "genus": null, "opening_hours": null, "ways": null, "type": null, "phone": null, "amenity": null, "religion": null, "email": null, "internet_access": null, "name:en": null, "operator": null, "addr:country": null, "tourism": null, "url": null, "addr:district": null, "addr:region": null, "check_date": null, "building": null, "construction": null, "area:highway": null, "brand": null, "contact:phone": null, "contact:website": null, "fuel:diesel": null, "fuel:discount": null, "fuel:octane_92": null, "fuel:octane_95": null, "ref": null, "shop": null, "surface": null, "toilets": null }, "geometry": { "type": "Polygon", "coordinates": [ [ [ 29.6021106, 60.234252 ], [ 29.6017894, 60.2343375 ], [ 29.6018752, 60.2343894 ], [ 29.6027434, 60.2343309 ], [ 29.6036555, 60.2341406 ], [ 29.6033424, 60.2340392 ], [ 29.6035811, 60.2338794 ], [ 29.6033201, 60.233746 ], [ 29.6027339, 60.2339835 ], [ 29.6022722, 60.2341058 ], [ 29.6021106, 60.234252 ] ] ] } },
{ "type": "Feature", "properties": { "element_type": "way", "osmid": 164722917, "barrier": null, "height": null, "note": null, "description": null, "landuse": "grass", "name": null, "source": null, "industrial": null, "layer": null, "addr:city": null, "official_name": null, "residential": null, "website": null, "old_name": null, "addr:housenumber": null, "addr:street": null, "name:ru": null, "leisure": null, "building:levels": null, "water": null, "place": null, "natural": null, "wood": null, "leaf_cycle": null, "man_made": null, "genus": null, "opening_hours": null, "ways": null, "type": null, "phone": null, "amenity": null, "religion": null, "email": null, "internet_access": null, "name:en": null, "operator": null, "addr:country": null, "tourism": null, "url": null, "addr:district": null, "addr:region": null, "check_date": null, "building": null, "construction": null, "area:highway": null, "brand": null, "contact:phone": null, "contact:website": null, "fuel:diesel": null, "fuel:discount": null, "fuel:octane_92": null, "fuel:octane_95": null, "ref": null, "shop": null, "surface": null, "toilets": null }, "geometry": { "type": "Polygon", "coordinates": [ [ [ 29.6152091, 60.2558376 ], [ 29.615314, 60.2559118 ], [ 29.6151784, 60.2559908 ], [ 29.6150289, 60.2558917 ], [ 29.6152091, 60.2558376 ] ] ] } },
{ "type": "Feature", "properties": { "element_type": "way", "osmid": 164722919, "barrier": null, "height": null, "note": null, "description": null, "landuse": "grass", "name": null, "source": null, "industrial": null, "layer": null, "addr:city": null, "official_name": null, "residential": null, "website": null, "old_name": null, "addr:housenumber": null, "addr:street": null, "name:ru": null, "leisure": null, "building:levels": null, "water": null, "place": null, "natural": null, "wood": null, "leaf_cycle": null, "man_made": null, "genus": null, "opening_hours": null, "ways": null, "type": null, "phone": null, "amenity": null, "religion": null, "email": null, "internet_access": null, "name:en": null, "operator": null, "addr:country": null, "tourism": null, "url": null, "addr:district": null, "addr:region": null, "check_date": null, "building": null, "construction": null, "area:highway": null, "brand": null, "contact:phone": null, "contact:website": null, "fuel:diesel": null, "fuel:discount": null, "fuel:octane_92": null, "fuel:octane_95": null, "ref": null, "shop": null, "surface": null, "toilets": null }, "geometry": { "type": "Polygon", "coordinates": [ [ [ 29.6149246, 60.255778 ], [ 29.6150792, 60.255735 ], [ 29.6151672, 60.2558085 ], [ 29.6149879, 60.255856 ], [ 29.6149246, 60.255778 ] ] ] } },
{ "type": "Feature", "properties": { "element_type": "way", "osmid": 165445765, "barrier": null, "height": null, "note": null, "description": null, "landuse": "allotments", "name": "СНТ \"Кварц\"", "source": null, "industrial": null, "layer": null, "addr:city": "Рощино", "official_name": null, "residential": null, "website": null, "old_name": null, "addr:housenumber": null, "addr:street": null, "name:ru": null, "leisure": null, "building:levels": null, "water": null, "place": "neighbourhood", "natural": null, "wood": null, "leaf_cycle": null, "man_made": null, "genus": null, "opening_hours": null, "ways": null, "type": null, "phone": null, "amenity": null, "religion": null, "email": null, "internet_access": null, "name:en": null, "operator": null, "addr:country": null, "tourism": null, "url": null, "addr:district": null, "addr:region": null, "check_date": null, "building": null, "construction": null, "area:highway": null, "brand": null, "contact:phone": null, "contact:website": null, "fuel:diesel": null, "fuel:discount": null, "fuel:octane_92": null, "fuel:octane_95": null, "ref": null, "shop": null, "surface": null, "toilets": null }, "geometry": { "type": "Polygon", "coordinates": [ [ [ 29.6131405, 60.2414628 ], [ 29.6134953, 60.2422723 ], [ 29.6162744, 60.241819 ], [ 29.6159024, 60.2410608 ], [ 29.6131405, 60.2414628 ] ] ] } },
{ "type": "Feature", "properties": { "element_type": "way", "osmid": 166099886, "barrier": null, "height": null, "note": null, "description": null, "landuse": "grass", "name": null, "source": null, "industrial": null, "layer": null, "addr:city": null, "official_name": null, "residential": null, "website": null, "old_name": null, "addr:housenumber": null, "addr:street": null, "name:ru": null, "leisure": null, "building:levels": null, "water": null, "place": null, "natural": null, "wood": null, "leaf_cycle": null, "man_made": null, "genus": null, "opening_hours": null, "ways": null, "type": null, "phone": null, "amenity": null, "religion": null, "email": null, "internet_access": null, "name:en": null, "operator": null, "addr:country": null, "tourism": null, "url": null, "addr:district": null, "addr:region": null, "check_date": null, "building": null, "construction": null, "area:highway": null, "brand": null, "contact:phone": null, "contact:website": null, "fuel:diesel": null, "fuel:discount": null, "fuel:octane_92": null, "fuel:octane_95": null, "ref": null, "shop": null, "surface": null, "toilets": null }, "geometry": { "type": "Polygon", "coordinates": [ [ [ 29.5991225, 60.2574774 ], [ 29.5981593, 60.2576051 ], [ 29.5983658, 60.2576928 ], [ 29.599145, 60.2575918 ], [ 29.5991225, 60.2574774 ] ] ] } },
{ "type": "Feature", "properties": { "element_type": "way", "osmid": 166099887, "barrier": null, "height": null, "note": null, "description": null, "landuse": "forest", "name": null, "source": null, "industrial": null, "layer": null, "addr:city": null, "official_name": null, "residential": null, "website": null, "old_name": null, "addr:housenumber": null, "addr:street": null, "name:ru": null, "leisure": null, "building:levels": null, "water": null, "place": null, "natural": null, "wood": null, "leaf_cycle": "deciduous", "man_made": null, "genus": null, "opening_hours": null, "ways": null, "type": null, "phone": null, "amenity": null, "religion": null, "email": null, "internet_access": null, "name:en": null, "operator": null, "addr:country": null, "tourism": null, "url": null, "addr:district": null, "addr:region": null, "check_date": null, "building": null, "construction": null, "area:highway": null, "brand": null, "contact:phone": null, "contact:website": null, "fuel:diesel": null, "fuel:discount": null, "fuel:octane_92": null, "fuel:octane_95": null, "ref": null, "shop": null, "surface": null, "toilets": null }, "geometry": { "type": "Polygon", "coordinates": [ [ [ 29.5997288, 60.2573624 ], [ 29.6002039, 60.2573077 ], [ 29.6003065, 60.2572908 ], [ 29.6002767, 60.2572379 ], [ 29.6015725, 60.2570445 ], [ 29.6015966, 60.2570866 ], [ 29.6003237, 60.2573067 ], [ 29.6000537, 60.2573522 ], [ 29.5997423, 60.2573856 ], [ 29.5997288, 60.2573624 ] ] ] } },
{ "type": "Feature", "properties": { "element_type": "way", "osmid": 166100342, "barrier": null, "height": null, "note": null, "description": null, "landuse": "grass", "name": null, "source": null, "industrial": null, "layer": null, "addr:city": null, "official_name": null, "residential": null, "website": null, "old_name": null, "addr:housenumber": null, "addr:street": null, "name:ru": null, "leisure": null, "building:levels": null, "water": null, "place": null, "natural": null, "wood": null, "leaf_cycle": null, "man_made": null, "genus": null, "opening_hours": null, "ways": null, "type": null, "phone": null, "amenity": null, "religion": null, "email": null, "internet_access": null, "name:en": null, "operator": null, "addr:country": null, "tourism": null, "url": null, "addr:district": null, "addr:region": null, "check_date": null, "building": null, "construction": null, "area:highway": null, "brand": null, "contact:phone": null, "contact:website": null, "fuel:diesel": null, "fuel:discount": null, "fuel:octane_92": null, "fuel:octane_95": null, "ref": null, "shop": null, "surface": null, "toilets": null }, "geometry": { "type": "Polygon", "coordinates": [ [ [ 29.6026989, 60.2570743 ], [ 29.6027078, 60.2571126 ], [ 29.6030982, 60.2570543 ], [ 29.6030863, 60.2570265 ], [ 29.6026989, 60.2570743 ] ] ] } },
{ "type": "Feature", "properties": { "element_type": "way", "osmid": 166100344, "barrier": null, "height": null, "note": null, "description": null, "landuse": "grass", "name": null, "source": null, "industrial": null, "layer": null, "addr:city": null, "official_name": null, "residential": null, "website": null, "old_name": null, "addr:housenumber": null, "addr:street": null, "name:ru": null, "leisure": null, "building:levels": null, "water": null, "place": null, "natural": null, "wood": null, "leaf_cycle": null, "man_made": null, "genus": null, "opening_hours": null, "ways": null, "type": null, "phone": null, "amenity": null, "religion": null, "email": null, "internet_access": null, "name:en": null, "operator": null, "addr:country": null, "tourism": null, "url": null, "addr:district": null, "addr:region": null, "check_date": null, "building": null, "construction": null, "area:highway": null, "brand": null, "contact:phone": null, "contact:website": null, "fuel:diesel": null, "fuel:discount": null, "fuel:octane_92": null, "fuel:octane_95": null, "ref": null, "shop": null, "surface": null, "toilets": null }, "geometry": { "type": "Polygon", "coordinates": [ [ [ 29.6025024, 60.2571029 ], [ 29.6025254, 60.2571385 ], [ 29.6026861, 60.2571176 ], [ 29.602659, 60.2570798 ], [ 29.6025024, 60.2571029 ] ] ] } },
{ "type": "Feature", "properties": { "element_type": "way", "osmid": 166100345, "barrier": null, "height": null, "note": null, "description": null, "landuse": "grass", "name": null, "source": null, "industrial": null, "layer": null, "addr:city": null, "official_name": null, "residential": null, "website": null, "old_name": null, "addr:housenumber": null, "addr:street": null, "name:ru": null, "leisure": null, "building:levels": null, "water": null, "place": null, "natural": null, "wood": null, "leaf_cycle": null, "man_made": null, "genus": null, "opening_hours": null, "ways": null, "type": null, "phone": null, "amenity": null, "religion": null, "email": null, "internet_access": null, "name:en": null, "operator": null, "addr:country": null, "tourism": null, "url": null, "addr:district": null, "addr:region": null, "check_date": null, "building": null, "construction": null, "area:highway": null, "brand": null, "contact:phone": null, "contact:website": null, "fuel:diesel": null, "fuel:discount": null, "fuel:octane_92": null, "fuel:octane_95": null, "ref": null, "shop": null, "surface": null, "toilets": null }, "geometry": { "type": "Polygon", "coordinates": [ [ [ 29.6023015, 60.2571361 ], [ 29.6024857, 60.2571081 ], [ 29.6025021, 60.2571433 ], [ 29.6023808, 60.25717 ], [ 29.6023493, 60.2571726 ], [ 29.6023218, 60.2571686 ], [ 29.6023101, 60.2571561 ], [ 29.6023015, 60.2571361 ] ] ] } },
{ "type": "Feature", "properties": { "element_type": "way", "osmid": 166455305, "barrier": "wall", "height": null, "note": null, "description": null, "landuse": "industrial", "name": null, "source": null, "industrial": null, "layer": null, "addr:city": null, "official_name": null, "residential": null, "website": null, "old_name": null, "addr:housenumber": null, "addr:street": null, "name:ru": null, "leisure": null, "building:levels": null, "water": null, "place": null, "natural": null, "wood": null, "leaf_cycle": null, "man_made": null, "genus": null, "opening_hours": null, "ways": null, "type": null, "phone": null, "amenity": null, "religion": null, "email": null, "internet_access": null, "name:en": null, "operator": null, "addr:country": null, "tourism": null, "url": null, "addr:district": null, "addr:region": null, "check_date": null, "building": null, "construction": null, "area:highway": null, "brand": null, "contact:phone": null, "contact:website": null, "fuel:diesel": null, "fuel:discount": null, "fuel:octane_92": null, "fuel:octane_95": null, "ref": null, "shop": null, "surface": null, "toilets": null }, "geometry": { "type": "Polygon", "coordinates": [ [ [ 29.5773204, 60.2569698 ], [ 29.5770831, 60.2571311 ], [ 29.5771818, 60.2575298 ], [ 29.5777969, 60.2578499 ], [ 29.5779043, 60.2579075 ], [ 29.5787939, 60.2579755 ], [ 29.5792348, 60.257511 ], [ 29.5773204, 60.2569698 ] ] ] } },
{ "type": "Feature", "properties": { "element_type": "way", "osmid": 166455308, "barrier": "fence", "height": null, "note": null, "description": null, "landuse": "commercial", "name": null, "source": null, "industrial": null, "layer": null, "addr:city": null, "official_name": null, "residential": null, "website": null, "old_name": null, "addr:housenumber": null, "addr:street": null, "name:ru": null, "leisure": null, "building:levels": null, "water": null, "place": null, "natural": null, "wood": null, "leaf_cycle": null, "man_made": null, "genus": null, "opening_hours": null, "ways": null, "type": null, "phone": null, "amenity": null, "religion": null, "email": null, "internet_access": null, "name:en": null, "operator": null, "addr:country": null, "tourism": null, "url": null, "addr:district": null, "addr:region": null, "check_date": null, "building": null, "construction": null, "area:highway": null, "brand": null, "contact:phone": null, "contact:website": null, "fuel:diesel": null, "fuel:discount": null, "fuel:octane_92": null, "fuel:octane_95": null, "ref": null, "shop": null, "surface": null, "toilets": null }, "geometry": { "type": "Polygon", "coordinates": [ [ [ 29.5831086, 60.2536298 ], [ 29.5838152, 60.2532406 ], [ 29.5842274, 60.2530135 ], [ 29.5847224, 60.2527184 ], [ 29.583655, 60.2522323 ], [ 29.5830615, 60.252546 ], [ 29.5824858, 60.2528502 ], [ 29.58258, 60.2533567 ], [ 29.5831086, 60.2536298 ] ] ] } },
{ "type": "Feature", "properties": { "element_type": "way", "osmid": 167062895, "barrier": null, "height": null, "note": null, "description": null, "landuse": "grass", "name": null, "source": null, "industrial": null, "layer": null, "addr:city": null, "official_name": null, "residential": null, "website": null, "old_name": null, "addr:housenumber": null, "addr:street": null, "name:ru": null, "leisure": null, "building:levels": null, "water": null, "place": null, "natural": null, "wood": null, "leaf_cycle": null, "man_made": null, "genus": null, "opening_hours": null, "ways": null, "type": null, "phone": null, "amenity": null, "religion": null, "email": null, "internet_access": null, "name:en": null, "operator": null, "addr:country": null, "tourism": null, "url": null, "addr:district": null, "addr:region": null, "check_date": null, "building": null, "construction": null, "area:highway": null, "brand": null, "contact:phone": null, "contact:website": null, "fuel:diesel": null, "fuel:discount": null, "fuel:octane_92": null, "fuel:octane_95": null, "ref": null, "shop": null, "surface": null, "toilets": null }, "geometry": { "type": "Polygon", "coordinates": [ [ [ 29.6119156, 60.2487195 ], [ 29.6126499, 60.2490784 ], [ 29.6134862, 60.2486866 ], [ 29.6129121, 60.2484072 ], [ 29.6119156, 60.2487195 ] ] ] } },
{ "type": "Feature", "properties": { "element_type": "way", "osmid": 167062896, "barrier": null, "height": null, "note": null, "description": null, "landuse": "grass", "name": null, "source": null, "industrial": null, "layer": null, "addr:city": null, "official_name": null, "residential": null, "website": null, "old_name": null, "addr:housenumber": null, "addr:street": null, "name:ru": null, "leisure": null, "building:levels": null, "water": null, "place": null, "natural": null, "wood": null, "leaf_cycle": null, "man_made": null, "genus": null, "opening_hours": null, "ways": null, "type": null, "phone": null, "amenity": null, "religion": null, "email": null, "internet_access": null, "name:en": null, "operator": null, "addr:country": null, "tourism": null, "url": null, "addr:district": null, "addr:region": null, "check_date": null, "building": null, "construction": null, "area:highway": null, "brand": null, "contact:phone": null, "contact:website": null, "fuel:diesel": null, "fuel:discount": null, "fuel:octane_92": null, "fuel:octane_95": null, "ref": null, "shop": null, "surface": null, "toilets": null }, "geometry": { "type": "Polygon", "coordinates": [ [ [ 29.6129921, 60.2483935 ], [ 29.6135801, 60.2486497 ], [ 29.6144303, 60.2482305 ], [ 29.6140383, 60.2480456 ], [ 29.6132765, 60.2483168 ], [ 29.6129921, 60.2483935 ] ] ] } },
{ "type": "Feature", "properties": { "element_type": "way", "osmid": 167062897, "barrier": null, "height": null, "note": null, "description": null, "landuse": "forest", "name": null, "source": null, "industrial": null, "layer": null, "addr:city": null, "official_name": null, "residential": null, "website": null, "old_name": null, "addr:housenumber": null, "addr:street": null, "name:ru": null, "leisure": null, "building:levels": null, "water": null, "place": null, "natural": null, "wood": null, "leaf_cycle": "deciduous", "man_made": null, "genus": "Quercus", "opening_hours": null, "ways": null, "type": null, "phone": null, "amenity": null, "religion": null, "email": null, "internet_access": null, "name:en": null, "operator": null, "addr:country": null, "tourism": null, "url": null, "addr:district": null, "addr:region": null, "check_date": null, "building": null, "construction": null, "area:highway": null, "brand": null, "contact:phone": null, "contact:website": null, "fuel:diesel": null, "fuel:discount": null, "fuel:octane_92": null, "fuel:octane_95": null, "ref": null, "shop": null, "surface": null, "toilets": null }, "geometry": { "type": "Polygon", "coordinates": [ [ [ 29.6075809, 60.2490846 ], [ 29.6077155, 60.2492983 ], [ 29.6077155, 60.2494853 ], [ 29.6072916, 60.2493551 ], [ 29.6074233, 60.2491324 ], [ 29.6075809, 60.2490846 ] ] ] } },
{ "type": "Feature", "properties": { "element_type": "way", "osmid": 167219218, "barrier": null, "height": null, "note": null, "description": null, "landuse": "grass", "name": null, "source": null, "industrial": null, "layer": null, "addr:city": null, "official_name": null, "residential": null, "website": null, "old_name": null, "addr:housenumber": null, "addr:street": null, "name:ru": null, "leisure": null, "building:levels": null, "water": null, "place": null, "natural": null, "wood": null, "leaf_cycle": null, "man_made": null, "genus": null, "opening_hours": null, "ways": null, "type": null, "phone": null, "amenity": null, "religion": null, "email": null, "internet_access": null, "name:en": null, "operator": null, "addr:country": null, "tourism": null, "url": null, "addr:district": null, "addr:region": null, "check_date": null, "building": null, "construction": null, "area:highway": null, "brand": null, "contact:phone": null, "contact:website": null, "fuel:diesel": null, "fuel:discount": null, "fuel:octane_92": null, "fuel:octane_95": null, "ref": null, "shop": null, "surface": null, "toilets": null }, "geometry": { "type": "Polygon", "coordinates": [ [ [ 29.578437, 60.2491859 ], [ 29.5786461, 60.2492405 ], [ 29.5787603, 60.2491585 ], [ 29.5791227, 60.2489341 ], [ 29.5787583, 60.2489633 ], [ 29.578437, 60.2491859 ] ] ] } },
{ "type": "Feature", "properties": { "element_type": "way", "osmid": 168466454, "barrier": null, "height": null, "note": null, "description": null, "landuse": "grass", "name": null, "source": null, "industrial": null, "layer": null, "addr:city": null, "official_name": null, "residential": null, "website": null, "old_name": null, "addr:housenumber": null, "addr:street": null, "name:ru": null, "leisure": null, "building:levels": null, "water": null, "place": null, "natural": null, "wood": null, "leaf_cycle": null, "man_made": null, "genus": null, "opening_hours": null, "ways": null, "type": null, "phone": null, "amenity": null, "religion": null, "email": null, "internet_access": null, "name:en": null, "operator": null, "addr:country": null, "tourism": null, "url": null, "addr:district": null, "addr:region": null, "check_date": null, "building": null, "construction": null, "area:highway": null, "brand": null, "contact:phone": null, "contact:website": null, "fuel:diesel": null, "fuel:discount": null, "fuel:octane_92": null, "fuel:octane_95": null, "ref": null, "shop": null, "surface": null, "toilets": null }, "geometry": { "type": "Polygon", "coordinates": [ [ [ 29.5925272, 60.2631347 ], [ 29.5923011, 60.2633217 ], [ 29.5925744, 60.263391 ], [ 29.5925276, 60.2634363 ], [ 29.5926983, 60.2634797 ], [ 29.5928101, 60.2633713 ], [ 29.5929206, 60.2632625 ], [ 29.5925272, 60.2631347 ] ] ] } },
{ "type": "Feature", "properties": { "element_type": "way", "osmid": 170702159, "barrier": null, "height": null, "note": null, "description": null, "landuse": "grass", "name": null, "source": null, "industrial": null, "layer": null, "addr:city": null, "official_name": null, "residential": null, "website": null, "old_name": null, "addr:housenumber": null, "addr:street": null, "name:ru": null, "leisure": null, "building:levels": null, "water": null, "place": null, "natural": null, "wood": null, "leaf_cycle": null, "man_made": null, "genus": null, "opening_hours": null, "ways": null, "type": null, "phone": null, "amenity": null, "religion": null, "email": null, "internet_access": null, "name:en": null, "operator": null, "addr:country": null, "tourism": null, "url": null, "addr:district": null, "addr:region": null, "check_date": null, "building": null, "construction": null, "area:highway": null, "brand": null, "contact:phone": null, "contact:website": null, "fuel:diesel": null, "fuel:discount": null, "fuel:octane_92": null, "fuel:octane_95": null, "ref": null, "shop": null, "surface": null, "toilets": null }, "geometry": { "type": "Polygon", "coordinates": [ [ [ 29.6069817, 60.2573838 ], [ 29.6071814, 60.2573861 ], [ 29.607363, 60.2573882 ], [ 29.6077173, 60.257277 ], [ 29.6086134, 60.2571875 ], [ 29.6090993, 60.2572316 ], [ 29.6091504, 60.2571851 ], [ 29.6089026, 60.2571266 ], [ 29.6088542, 60.2568817 ], [ 29.6088088, 60.2568616 ], [ 29.6083456, 60.2568735 ], [ 29.6082133, 60.2568456 ], [ 29.6081516, 60.2565717 ], [ 29.6081707, 60.2565056 ], [ 29.6076272, 60.2565971 ], [ 29.6071412, 60.256634 ], [ 29.6071169, 60.2569397 ], [ 29.6068987, 60.2570293 ], [ 29.6072164, 60.257221 ], [ 29.6069704, 60.2572499 ], [ 29.6069817, 60.2573838 ] ] ] } },
{ "type": "Feature", "properties": { "element_type": "way", "osmid": 170713240, "barrier": null, "height": null, "note": null, "description": null, "landuse": "garages", "name": null, "source": null, "industrial": null, "layer": null, "addr:city": null, "official_name": null, "residential": null, "website": null, "old_name": null, "addr:housenumber": null, "addr:street": null, "name:ru": null, "leisure": null, "building:levels": null, "water": null, "place": null, "natural": null, "wood": null, "leaf_cycle": null, "man_made": null, "genus": null, "opening_hours": null, "ways": null, "type": null, "phone": null, "amenity": null, "religion": null, "email": null, "internet_access": null, "name:en": null, "operator": null, "addr:country": null, "tourism": null, "url": null, "addr:district": null, "addr:region": null, "check_date": null, "building": null, "construction": null, "area:highway": null, "brand": null, "contact:phone": null, "contact:website": null, "fuel:diesel": null, "fuel:discount": null, "fuel:octane_92": null, "fuel:octane_95": null, "ref": null, "shop": null, "surface": null, "toilets": null }, "geometry": { "type": "Polygon", "coordinates": [ [ [ 29.6084696, 60.2554789 ], [ 29.6085654, 60.2556139 ], [ 29.6080294, 60.2557039 ], [ 29.607884, 60.2557284 ], [ 29.60781, 60.2556204 ], [ 29.6084696, 60.2554789 ] ] ] } },
{ "type": "Feature", "properties": { "element_type": "way", "osmid": 170847600, "barrier": null, "height": null, "note": null, "description": null, "landuse": "grass", "name": null, "source": null, "industrial": null, "layer": null, "addr:city": null, "official_name": null, "residential": null, "website": null, "old_name": null, "addr:housenumber": null, "addr:street": null, "name:ru": null, "leisure": null, "building:levels": null, "water": null, "place": null, "natural": null, "wood": null, "leaf_cycle": null, "man_made": null, "genus": null, "opening_hours": null, "ways": null, "type": null, "phone": null, "amenity": null, "religion": null, "email": null, "internet_access": null, "name:en": null, "operator": null, "addr:country": null, "tourism": null, "url": null, "addr:district": null, "addr:region": null, "check_date": null, "building": null, "construction": null, "area:highway": null, "brand": null, "contact:phone": null, "contact:website": null, "fuel:diesel": null, "fuel:discount": null, "fuel:octane_92": null, "fuel:octane_95": null, "ref": null, "shop": null, "surface": null, "toilets": null }, "geometry": { "type": "Polygon", "coordinates": [ [ [ 29.6019141, 60.2548603 ], [ 29.6020006, 60.2550491 ], [ 29.6018637, 60.2550667 ], [ 29.6018047, 60.2548911 ], [ 29.6019141, 60.2548603 ] ] ] } },
{ "type": "Feature", "properties": { "element_type": "way", "osmid": 170847601, "barrier": null, "height": null, "note": null, "description": null, "landuse": "grass", "name": null, "source": null, "industrial": null, "layer": null, "addr:city": null, "official_name": null, "residential": null, "website": null, "old_name": null, "addr:housenumber": null, "addr:street": null, "name:ru": null, "leisure": null, "building:levels": null, "water": null, "place": null, "natural": null, "wood": null, "leaf_cycle": null, "man_made": null, "genus": null, "opening_hours": null, "ways": null, "type": null, "phone": null, "amenity": null, "religion": null, "email": null, "internet_access": null, "name:en": null, "operator": null, "addr:country": null, "tourism": null, "url": null, "addr:district": null, "addr:region": null, "check_date": null, "building": null, "construction": null, "area:highway": null, "brand": null, "contact:phone": null, "contact:website": null, "fuel:diesel": null, "fuel:discount": null, "fuel:octane_92": null, "fuel:octane_95": null, "ref": null, "shop": null, "surface": null, "toilets": null }, "geometry": { "type": "Polygon", "coordinates": [ [ [ 29.6015484, 60.2542118 ], [ 29.6018079, 60.2548634 ], [ 29.6019046, 60.2548408 ], [ 29.6016388, 60.254195 ], [ 29.6015484, 60.2542118 ] ] ] } },
{ "type": "Feature", "properties": { "element_type": "way", "osmid": 170934956, "barrier": null, "height": null, "note": null, "description": null, "landuse": "reservoir", "name": null, "source": null, "industrial": null, "layer": null, "addr:city": null, "official_name": null, "residential": null, "website": null, "old_name": null, "addr:housenumber": null, "addr:street": null, "name:ru": null, "leisure": null, "building:levels": null, "water": "reservoir", "place": null, "natural": "water", "wood": null, "leaf_cycle": null, "man_made": null, "genus": null, "opening_hours": null, "ways": null, "type": null, "phone": null, "amenity": null, "religion": null, "email": null, "internet_access": null, "name:en": null, "operator": null, "addr:country": null, "tourism": null, "url": null, "addr:district": null, "addr:region": null, "check_date": null, "building": null, "construction": null, "area:highway": null, "brand": null, "contact:phone": null, "contact:website": null, "fuel:diesel": null, "fuel:discount": null, "fuel:octane_92": null, "fuel:octane_95": null, "ref": null, "shop": null, "surface": null, "toilets": null }, "geometry": { "type": "Polygon", "coordinates": [ [ [ 29.5599054, 60.2496865 ], [ 29.5598786, 60.2496825 ], [ 29.5597672, 60.2496865 ], [ 29.5597766, 60.2496731 ], [ 29.5598021, 60.2496672 ], [ 29.5599094, 60.2496592 ], [ 29.5599148, 60.2496465 ], [ 29.5599148, 60.2496192 ], [ 29.5599054, 60.2496073 ], [ 29.5598812, 60.2496013 ], [ 29.5597994, 60.2496039 ], [ 29.559774, 60.2495979 ], [ 29.559774, 60.2494861 ], [ 29.559778, 60.2494735 ], [ 29.5597994, 60.2494655 ], [ 29.5599014, 60.2494888 ], [ 29.5599054, 60.2495161 ], [ 29.5599483, 60.2495334 ], [ 29.5600811, 60.2495554 ], [ 29.5600998, 60.2495647 ], [ 29.5601012, 60.249578 ], [ 29.5600221, 60.2496212 ], [ 29.5600113, 60.2496479 ], [ 29.5600207, 60.2496605 ], [ 29.5600449, 60.2496652 ], [ 29.5600985, 60.2496652 ], [ 29.56012, 60.2496725 ], [ 29.5601334, 60.2496845 ], [ 29.5601106, 60.2496918 ], [ 29.5600019, 60.2496818 ], [ 29.5599054, 60.2496865 ] ] ] } },
{ "type": "Feature", "properties": { "element_type": "way", "osmid": 171783818, "barrier": null, "height": null, "note": null, "description": null, "landuse": "forest", "name": null, "source": null, "industrial": null, "layer": null, "addr:city": null, "official_name": null, "residential": null, "website": null, "old_name": null, "addr:housenumber": null, "addr:street": null, "name:ru": null, "leisure": null, "building:levels": null, "water": null, "place": null, "natural": null, "wood": null, "leaf_cycle": "deciduous", "man_made": null, "genus": null, "opening_hours": null, "ways": null, "type": null, "phone": null, "amenity": null, "religion": null, "email": null, "internet_access": null, "name:en": null, "operator": null, "addr:country": null, "tourism": null, "url": null, "addr:district": null, "addr:region": null, "check_date": null, "building": null, "construction": null, "area:highway": null, "brand": null, "contact:phone": null, "contact:website": null, "fuel:diesel": null, "fuel:discount": null, "fuel:octane_92": null, "fuel:octane_95": null, "ref": null, "shop": null, "surface": null, "toilets": null }, "geometry": { "type": "Polygon", "coordinates": [ [ [ 29.5972513, 60.2558557 ], [ 29.5973713, 60.2559748 ], [ 29.5974823, 60.2562115 ], [ 29.5974223, 60.2563053 ], [ 29.5972032, 60.2561371 ], [ 29.5970832, 60.2560344 ], [ 29.5970952, 60.2558989 ], [ 29.5972513, 60.2558557 ] ] ] } },
{ "type": "Feature", "properties": { "element_type": "way", "osmid": 171783819, "barrier": null, "height": null, "note": null, "description": null, "landuse": "forest", "name": null, "source": null, "industrial": null, "layer": null, "addr:city": null, "official_name": null, "residential": null, "website": null, "old_name": null, "addr:housenumber": null, "addr:street": null, "name:ru": null, "leisure": null, "building:levels": null, "water": null, "place": null, "natural": null, "wood": null, "leaf_cycle": "deciduous", "man_made": null, "genus": null, "opening_hours": null, "ways": null, "type": null, "phone": null, "amenity": null, "religion": null, "email": null, "internet_access": null, "name:en": null, "operator": null, "addr:country": null, "tourism": null, "url": null, "addr:district": null, "addr:region": null, "check_date": null, "building": null, "construction": null, "area:highway": null, "brand": null, "contact:phone": null, "contact:website": null, "fuel:diesel": null, "fuel:discount": null, "fuel:octane_92": null, "fuel:octane_95": null, "ref": null, "shop": null, "surface": null, "toilets": null }, "geometry": { "type": "Polygon", "coordinates": [ [ [ 29.5979414, 60.2559168 ], [ 29.5979774, 60.2559972 ], [ 29.5978724, 60.256088 ], [ 29.5977673, 60.2560731 ], [ 29.5976773, 60.2560359 ], [ 29.5976773, 60.2559718 ], [ 29.5977823, 60.2559302 ], [ 29.5979414, 60.2559168 ] ] ] } },
{ "type": "Feature", "properties": { "element_type": "way", "osmid": 171807805, "barrier": null, "height": null, "note": null, "description": null, "landuse": "allotments", "name": null, "source": null, "industrial": null, "layer": null, "addr:city": null, "official_name": null, "residential": null, "website": null, "old_name": null, "addr:housenumber": null, "addr:street": null, "name:ru": null, "leisure": null, "building:levels": null, "water": null, "place": null, "natural": null, "wood": null, "leaf_cycle": null, "man_made": null, "genus": null, "opening_hours": null, "ways": null, "type": null, "phone": null, "amenity": null, "religion": null, "email": null, "internet_access": null, "name:en": null, "operator": null, "addr:country": null, "tourism": null, "url": null, "addr:district": null, "addr:region": null, "check_date": null, "building": null, "construction": null, "area:highway": null, "brand": null, "contact:phone": null, "contact:website": null, "fuel:diesel": null, "fuel:discount": null, "fuel:octane_92": null, "fuel:octane_95": null, "ref": null, "shop": null, "surface": null, "toilets": null }, "geometry": { "type": "Polygon", "coordinates": [ [ [ 29.5954388, 60.2548227 ], [ 29.5955033, 60.2549552 ], [ 29.5955179, 60.2549821 ], [ 29.5967302, 60.2548784 ], [ 29.5966593, 60.2547768 ], [ 29.5964834, 60.2547097 ], [ 29.5963939, 60.2547222 ], [ 29.5962965, 60.2546287 ], [ 29.5961425, 60.2546895 ], [ 29.5962258, 60.2547542 ], [ 29.5960718, 60.2547775 ], [ 29.5959776, 60.2548399 ], [ 29.5957168, 60.254783 ], [ 29.5954388, 60.2548227 ] ] ] } },
{ "type": "Feature", "properties": { "element_type": "way", "osmid": 172173332, "barrier": null, "height": null, "note": null, "description": null, "landuse": "allotments", "name": null, "source": null, "industrial": null, "layer": null, "addr:city": null, "official_name": null, "residential": null, "website": null, "old_name": null, "addr:housenumber": null, "addr:street": null, "name:ru": null, "leisure": null, "building:levels": null, "water": null, "place": null, "natural": null, "wood": null, "leaf_cycle": null, "man_made": null, "genus": null, "opening_hours": null, "ways": null, "type": null, "phone": null, "amenity": null, "religion": null, "email": null, "internet_access": null, "name:en": null, "operator": null, "addr:country": null, "tourism": null, "url": null, "addr:district": null, "addr:region": null, "check_date": null, "building": null, "construction": null, "area:highway": null, "brand": null, "contact:phone": null, "contact:website": null, "fuel:diesel": null, "fuel:discount": null, "fuel:octane_92": null, "fuel:octane_95": null, "ref": null, "shop": null, "surface": null, "toilets": null }, "geometry": { "type": "Polygon", "coordinates": [ [ [ 29.5795401, 60.2465855 ], [ 29.5796963, 60.2466266 ], [ 29.5797319, 60.2466654 ], [ 29.579997, 60.24677 ], [ 29.5802764, 60.2464668 ], [ 29.5798739, 60.2464187 ], [ 29.5797437, 60.2464351 ], [ 29.5795496, 60.2465585 ], [ 29.5795401, 60.2465855 ] ] ] } },
{ "type": "Feature", "properties": { "element_type": "way", "osmid": 172176914, "barrier": null, "height": null, "note": null, "description": null, "landuse": "brownfield", "name": null, "source": null, "industrial": null, "layer": null, "addr:city": null, "official_name": null, "residential": null, "website": null, "old_name": null, "addr:housenumber": null, "addr:street": null, "name:ru": null, "leisure": null, "building:levels": null, "water": null, "place": null, "natural": null, "wood": null, "leaf_cycle": null, "man_made": null, "genus": null, "opening_hours": null, "ways": null, "type": null, "phone": null, "amenity": null, "religion": null, "email": null, "internet_access": null, "name:en": null, "operator": null, "addr:country": null, "tourism": null, "url": null, "addr:district": null, "addr:region": null, "check_date": null, "building": null, "construction": null, "area:highway": null, "brand": null, "contact:phone": null, "contact:website": null, "fuel:diesel": null, "fuel:discount": null, "fuel:octane_92": null, "fuel:octane_95": null, "ref": null, "shop": null, "surface": null, "toilets": null }, "geometry": { "type": "Polygon", "coordinates": [ [ [ 29.6248725, 60.2419058 ], [ 29.6257772, 60.242613 ], [ 29.6263119, 60.243121 ], [ 29.6253417, 60.2434404 ], [ 29.623913, 60.243812 ], [ 29.6230058, 60.2430798 ], [ 29.6232341, 60.2423054 ], [ 29.6248725, 60.2419058 ] ] ] } },
{ "type": "Feature", "properties": { "element_type": "way", "osmid": 177077991, "barrier": null, "height": null, "note": null, "description": null, "landuse": "allotments", "name": null, "source": null, "industrial": null, "layer": null, "addr:city": null, "official_name": null, "residential": null, "website": null, "old_name": null, "addr:housenumber": null, "addr:street": null, "name:ru": null, "leisure": null, "building:levels": null, "water": null, "place": null, "natural": null, "wood": null, "leaf_cycle": null, "man_made": null, "genus": null, "opening_hours": null, "ways": null, "type": null, "phone": null, "amenity": null, "religion": null, "email": null, "internet_access": null, "name:en": null, "operator": null, "addr:country": null, "tourism": null, "url": null, "addr:district": null, "addr:region": null, "check_date": null, "building": null, "construction": null, "area:highway": null, "brand": null, "contact:phone": null, "contact:website": null, "fuel:diesel": null, "fuel:discount": null, "fuel:octane_92": null, "fuel:octane_95": null, "ref": null, "shop": null, "surface": null, "toilets": null }, "geometry": { "type": "Polygon", "coordinates": [ [ [ 29.5955676, 60.2533382 ], [ 29.5957542, 60.2535152 ], [ 29.5956664, 60.2535461 ], [ 29.5956042, 60.2535016 ], [ 29.595337, 60.2535661 ], [ 29.595767, 60.2539937 ], [ 29.5953955, 60.2539946 ], [ 29.5953425, 60.2539474 ], [ 29.5952592, 60.2539309 ], [ 29.5951383, 60.2534036 ], [ 29.5955676, 60.2533382 ] ] ] } },
{ "type": "Feature", "properties": { "element_type": "way", "osmid": 177077992, "barrier": null, "height": null, "note": null, "description": null, "landuse": "allotments", "name": null, "source": null, "industrial": null, "layer": null, "addr:city": null, "official_name": null, "residential": null, "website": null, "old_name": null, "addr:housenumber": null, "addr:street": null, "name:ru": null, "leisure": null, "building:levels": null, "water": null, "place": null, "natural": null, "wood": null, "leaf_cycle": null, "man_made": null, "genus": null, "opening_hours": null, "ways": null, "type": null, "phone": null, "amenity": null, "religion": null, "email": null, "internet_access": null, "name:en": null, "operator": null, "addr:country": null, "tourism": null, "url": null, "addr:district": null, "addr:region": null, "check_date": null, "building": null, "construction": null, "area:highway": null, "brand": null, "contact:phone": null, "contact:website": null, "fuel:diesel": null, "fuel:discount": null, "fuel:octane_92": null, "fuel:octane_95": null, "ref": null, "shop": null, "surface": null, "toilets": null }, "geometry": { "type": "Polygon", "coordinates": [ [ [ 29.596548, 60.2537734 ], [ 29.59686, 60.2537021 ], [ 29.5964684, 60.2533058 ], [ 29.5967448, 60.2532431 ], [ 29.5966716, 60.2531714 ], [ 29.5956889, 60.2533158 ], [ 29.5958334, 60.2534765 ], [ 29.5959396, 60.2534756 ], [ 29.5959066, 60.2534383 ], [ 29.5961538, 60.2533748 ], [ 29.596548, 60.2537734 ] ] ] } },
{ "type": "Feature", "properties": { "element_type": "way", "osmid": 178257912, "barrier": null, "height": null, "note": null, "description": null, "landuse": "residential", "name": null, "source": null, "industrial": null, "layer": null, "addr:city": null, "official_name": null, "residential": "urban", "website": null, "old_name": null, "addr:housenumber": null, "addr:street": null, "name:ru": null, "leisure": null, "building:levels": null, "water": null, "place": null, "natural": null, "wood": null, "leaf_cycle": null, "man_made": null, "genus": null, "opening_hours": null, "ways": null, "type": null, "phone": null, "amenity": null, "religion": null, "email": null, "internet_access": null, "name:en": null, "operator": null, "addr:country": null, "tourism": null, "url": null, "addr:district": null, "addr:region": null, "check_date": null, "building": null, "construction": null, "area:highway": null, "brand": null, "contact:phone": null, "contact:website": null, "fuel:diesel": null, "fuel:discount": null, "fuel:octane_92": null, "fuel:octane_95": null, "ref": null, "shop": null, "surface": null, "toilets": null }, "geometry": { "type": "Polygon", "coordinates": [ [ [ 29.5940592, 60.2548328 ], [ 29.5959758, 60.2543949 ], [ 29.5987448, 60.253883 ], [ 29.5983018, 60.2532956 ], [ 29.5972956, 60.2535084 ], [ 29.5968938, 60.2531369 ], [ 29.5950954, 60.2533894 ], [ 29.5952371, 60.2540441 ], [ 29.5943667, 60.25414 ], [ 29.5941873, 60.2538805 ], [ 29.5933098, 60.254004 ], [ 29.5937635, 60.2546451 ], [ 29.5940592, 60.2548328 ] ] ] } },
{ "type": "Feature", "properties": { "element_type": "way", "osmid": 178257917, "barrier": null, "height": null, "note": null, "description": null, "landuse": "residential", "name": null, "source": null, "industrial": null, "layer": null, "addr:city": null, "official_name": null, "residential": "urban", "website": null, "old_name": null, "addr:housenumber": null, "addr:street": null, "name:ru": null, "leisure": null, "building:levels": null, "water": null, "place": null, "natural": null, "wood": null, "leaf_cycle": null, "man_made": null, "genus": null, "opening_hours": null, "ways": null, "type": null, "phone": null, "amenity": null, "religion": null, "email": null, "internet_access": null, "name:en": null, "operator": null, "addr:country": null, "tourism": null, "url": null, "addr:district": null, "addr:region": null, "check_date": null, "building": null, "construction": null, "area:highway": null, "brand": null, "contact:phone": null, "contact:website": null, "fuel:diesel": null, "fuel:discount": null, "fuel:octane_92": null, "fuel:octane_95": null, "ref": null, "shop": null, "surface": null, "toilets": null }, "geometry": { "type": "Polygon", "coordinates": [ [ [ 29.6081071, 60.2557449 ], [ 29.6094412, 60.255515 ], [ 29.6096486, 60.2558964 ], [ 29.60822, 60.2560658 ], [ 29.608099, 60.2557824 ], [ 29.6081071, 60.2557449 ] ] ] } },
{ "type": "Feature", "properties": { "element_type": "way", "osmid": 178257918, "barrier": null, "height": null, "note": null, "description": null, "landuse": "residential", "name": null, "source": null, "industrial": null, "layer": null, "addr:city": null, "official_name": null, "residential": "urban", "website": null, "old_name": null, "addr:housenumber": null, "addr:street": null, "name:ru": null, "leisure": null, "building:levels": null, "water": null, "place": null, "natural": null, "wood": null, "leaf_cycle": null, "man_made": null, "genus": null, "opening_hours": null, "ways": null, "type": null, "phone": null, "amenity": null, "religion": null, "email": null, "internet_access": null, "name:en": null, "operator": null, "addr:country": null, "tourism": null, "url": null, "addr:district": null, "addr:region": null, "check_date": null, "building": null, "construction": null, "area:highway": null, "brand": null, "contact:phone": null, "contact:website": null, "fuel:diesel": null, "fuel:discount": null, "fuel:octane_92": null, "fuel:octane_95": null, "ref": null, "shop": null, "surface": null, "toilets": null }, "geometry": { "type": "Polygon", "coordinates": [ [ [ 29.5763605, 60.2483694 ], [ 29.5781675, 60.2491455 ], [ 29.5755867, 60.2505772 ], [ 29.5744547, 60.2499169 ], [ 29.5755784, 60.2492073 ], [ 29.5763605, 60.2483694 ] ] ] } },
{ "type": "Feature", "properties": { "element_type": "way", "osmid": 178257920, "barrier": null, "height": null, "note": null, "description": null, "landuse": "residential", "name": null, "source": null, "industrial": null, "layer": null, "addr:city": null, "official_name": null, "residential": "urban", "website": null, "old_name": null, "addr:housenumber": null, "addr:street": null, "name:ru": null, "leisure": null, "building:levels": null, "water": null, "place": null, "natural": null, "wood": null, "leaf_cycle": null, "man_made": null, "genus": null, "opening_hours": null, "ways": null, "type": null, "phone": null, "amenity": null, "religion": null, "email": null, "internet_access": null, "name:en": null, "operator": null, "addr:country": null, "tourism": null, "url": null, "addr:district": null, "addr:region": null, "check_date": null, "building": null, "construction": null, "area:highway": null, "brand": null, "contact:phone": null, "contact:website": null, "fuel:diesel": null, "fuel:discount": null, "fuel:octane_92": null, "fuel:octane_95": null, "ref": null, "shop": null, "surface": null, "toilets": null }, "geometry": { "type": "Polygon", "coordinates": [ [ [ 29.5931924, 60.2631385 ], [ 29.5941643, 60.2632621 ], [ 29.5945518, 60.2635208 ], [ 29.5939947, 60.2640517 ], [ 29.5925996, 60.2636985 ], [ 29.5931924, 60.2631385 ] ] ] } },
{ "type": "Feature", "properties": { "element_type": "way", "osmid": 178257922, "barrier": null, "height": null, "note": null, "description": null, "landuse": "residential", "name": null, "source": null, "industrial": null, "layer": null, "addr:city": null, "official_name": null, "residential": "urban", "website": null, "old_name": null, "addr:housenumber": null, "addr:street": null, "name:ru": null, "leisure": null, "building:levels": null, "water": null, "place": null, "natural": null, "wood": null, "leaf_cycle": null, "man_made": null, "genus": null, "opening_hours": null, "ways": null, "type": null, "phone": null, "amenity": null, "religion": null, "email": null, "internet_access": null, "name:en": null, "operator": null, "addr:country": null, "tourism": null, "url": null, "addr:district": null, "addr:region": null, "check_date": null, "building": null, "construction": null, "area:highway": null, "brand": null, "contact:phone": null, "contact:website": null, "fuel:diesel": null, "fuel:discount": null, "fuel:octane_92": null, "fuel:octane_95": null, "ref": null, "shop": null, "surface": null, "toilets": null }, "geometry": { "type": "Polygon", "coordinates": [ [ [ 29.5988063, 60.2559277 ], [ 29.599479, 60.2575524 ], [ 29.6025745, 60.2569853 ], [ 29.6012588, 60.2539805 ], [ 29.6006119, 60.2540058 ], [ 29.5999613, 60.2540012 ], [ 29.5989081, 60.2539522 ], [ 29.5985225, 60.2539852 ], [ 29.5982704, 60.2540165 ], [ 29.5979075, 60.2540917 ], [ 29.5982616, 60.2546359 ], [ 29.5988063, 60.2559277 ] ] ] } },
{ "type": "Feature", "properties": { "element_type": "way", "osmid": 178257923, "barrier": null, "height": null, "note": null, "description": null, "landuse": "residential", "name": null, "source": null, "industrial": null, "layer": null, "addr:city": null, "official_name": null, "residential": "urban", "website": null, "old_name": null, "addr:housenumber": null, "addr:street": null, "name:ru": null, "leisure": null, "building:levels": null, "water": null, "place": null, "natural": null, "wood": null, "leaf_cycle": null, "man_made": null, "genus": null, "opening_hours": null, "ways": null, "type": null, "phone": null, "amenity": null, "religion": null, "email": null, "internet_access": null, "name:en": null, "operator": null, "addr:country": null, "tourism": null, "url": null, "addr:district": null, "addr:region": null, "check_date": null, "building": null, "construction": null, "area:highway": null, "brand": null, "contact:phone": null, "contact:website": null, "fuel:diesel": null, "fuel:discount": null, "fuel:octane_92": null, "fuel:octane_95": null, "ref": null, "shop": null, "surface": null, "toilets": null }, "geometry": { "type": "Polygon", "coordinates": [ [ [ 29.6056834, 60.2566561 ], [ 29.6069402, 60.256522 ], [ 29.6065464, 60.2557987 ], [ 29.6069905, 60.2555545 ], [ 29.6075791, 60.2553716 ], [ 29.607401, 60.2551845 ], [ 29.6065904, 60.2554443 ], [ 29.605298, 60.2560835 ], [ 29.6056834, 60.2566561 ] ] ] } },
{ "type": "Feature", "properties": { "element_type": "way", "osmid": 178265555, "barrier": null, "height": null, "note": null, "description": null, "landuse": "residential", "name": null, "source": "Изучение на местности", "industrial": null, "layer": null, "addr:city": null, "official_name": null, "residential": "rural", "website": null, "old_name": null, "addr:housenumber": null, "addr:street": null, "name:ru": null, "leisure": null, "building:levels": null, "water": null, "place": null, "natural": null, "wood": null, "leaf_cycle": null, "man_made": null, "genus": null, "opening_hours": null, "ways": null, "type": null, "phone": null, "amenity": null, "religion": null, "email": null, "internet_access": null, "name:en": null, "operator": null, "addr:country": null, "tourism": null, "url": null, "addr:district": null, "addr:region": null, "check_date": null, "building": null, "construction": null, "area:highway": null, "brand": null, "contact:phone": null, "contact:website": null, "fuel:diesel": null, "fuel:discount": null, "fuel:octane_92": null, "fuel:octane_95": null, "ref": null, "shop": null, "surface": null, "toilets": null }, "geometry": { "type": "Polygon", "coordinates": [ [ [ 29.6213075, 60.2429331 ], [ 29.6213384, 60.2430457 ], [ 29.6222473, 60.243814 ], [ 29.6228017, 60.2441574 ], [ 29.6229477, 60.244191 ], [ 29.6236585, 60.2439447 ], [ 29.6238865, 60.2438769 ], [ 29.623913, 60.243812 ], [ 29.6230058, 60.2430798 ], [ 29.6232341, 60.2423054 ], [ 29.6235776, 60.2422069 ], [ 29.623509, 60.2419296 ], [ 29.6216448, 60.2419799 ], [ 29.6215067, 60.2425542 ], [ 29.6213075, 60.2429331 ] ] ] } },
{ "type": "Feature", "properties": { "element_type": "way", "osmid": 178265556, "barrier": null, "height": null, "note": null, "description": null, "landuse": "residential", "name": null, "source": "Изучение на местности", "industrial": null, "layer": null, "addr:city": null, "official_name": null, "residential": "rural", "website": null, "old_name": null, "addr:housenumber": null, "addr:street": null, "name:ru": null, "leisure": null, "building:levels": null, "water": null, "place": null, "natural": null, "wood": null, "leaf_cycle": null, "man_made": null, "genus": null, "opening_hours": null, "ways": null, "type": null, "phone": null, "amenity": null, "religion": null, "email": null, "internet_access": null, "name:en": null, "operator": null, "addr:country": null, "tourism": null, "url": null, "addr:district": null, "addr:region": null, "check_date": null, "building": null, "construction": null, "area:highway": null, "brand": null, "contact:phone": null, "contact:website": null, "fuel:diesel": null, "fuel:discount": null, "fuel:octane_92": null, "fuel:octane_95": null, "ref": null, "shop": null, "surface": null, "toilets": null }, "geometry": { "type": "Polygon", "coordinates": [ [ [ 29.6175742, 60.2431065 ], [ 29.6178553, 60.2433574 ], [ 29.6181365, 60.2437445 ], [ 29.6185885, 60.2440917 ], [ 29.6179826, 60.2443958 ], [ 29.6166033, 60.2456435 ], [ 29.6161146, 60.2467599 ], [ 29.6156392, 60.2466469 ], [ 29.6136909, 60.2458694 ], [ 29.6142851, 60.2454781 ], [ 29.6155438, 60.2447754 ], [ 29.6163757, 60.2446878 ], [ 29.6172397, 60.24401 ], [ 29.6165035, 60.2435976 ], [ 29.6175742, 60.2431065 ] ] ] } },
{ "type": "Feature", "properties": { "element_type": "way", "osmid": 178265557, "barrier": null, "height": null, "note": null, "description": null, "landuse": "residential", "name": null, "source": "Изучение на местности", "industrial": null, "layer": null, "addr:city": null, "official_name": null, "residential": "rural", "website": null, "old_name": null, "addr:housenumber": null, "addr:street": null, "name:ru": null, "leisure": null, "building:levels": null, "water": null, "place": null, "natural": null, "wood": null, "leaf_cycle": null, "man_made": null, "genus": null, "opening_hours": null, "ways": null, "type": null, "phone": null, "amenity": null, "religion": null, "email": null, "internet_access": null, "name:en": null, "operator": null, "addr:country": null, "tourism": null, "url": null, "addr:district": null, "addr:region": null, "check_date": null, "building": null, "construction": null, "area:highway": null, "brand": null, "contact:phone": null, "contact:website": null, "fuel:diesel": null, "fuel:discount": null, "fuel:octane_92": null, "fuel:octane_95": null, "ref": null, "shop": null, "surface": null, "toilets": null }, "geometry": { "type": "Polygon", "coordinates": [ [ [ 29.6276954, 60.2467273 ], [ 29.6277887, 60.246696 ], [ 29.6282669, 60.2458653 ], [ 29.6274976, 60.2456277 ], [ 29.6272916, 60.245824 ], [ 29.6267205, 60.2456713 ], [ 29.6260824, 60.245326 ], [ 29.6252088, 60.2451591 ], [ 29.6246988, 60.2448589 ], [ 29.6240105, 60.2450836 ], [ 29.6247128, 60.2455523 ], [ 29.6248862, 60.2457233 ], [ 29.6244839, 60.2460584 ], [ 29.6238435, 60.2463693 ], [ 29.6259451, 60.24713 ], [ 29.6262087, 60.2472746 ], [ 29.6264746, 60.2474272 ], [ 29.6271197, 60.2472241 ], [ 29.6274295, 60.2470635 ], [ 29.6276352, 60.2469281 ], [ 29.6276954, 60.2467273 ] ] ] } },
{ "type": "Feature", "properties": { "element_type": "way", "osmid": 178265558, "barrier": null, "height": null, "note": null, "description": null, "landuse": "residential", "name": null, "source": "Изучение на местности", "industrial": null, "layer": null, "addr:city": null, "official_name": null, "residential": "rural", "website": null, "old_name": null, "addr:housenumber": null, "addr:street": null, "name:ru": null, "leisure": null, "building:levels": null, "water": null, "place": null, "natural": null, "wood": null, "leaf_cycle": null, "man_made": null, "genus": null, "opening_hours": null, "ways": null, "type": null, "phone": null, "amenity": null, "religion": null, "email": null, "internet_access": null, "name:en": null, "operator": null, "addr:country": null, "tourism": null, "url": null, "addr:district": null, "addr:region": null, "check_date": null, "building": null, "construction": null, "area:highway": null, "brand": null, "contact:phone": null, "contact:website": null, "fuel:diesel": null, "fuel:discount": null, "fuel:octane_92": null, "fuel:octane_95": null, "ref": null, "shop": null, "surface": null, "toilets": null }, "geometry": { "type": "Polygon", "coordinates": [ [ [ 29.6247759, 60.2456828 ], [ 29.6243273, 60.2460477 ], [ 29.6226257, 60.2469564 ], [ 29.6214974, 60.2476036 ], [ 29.6202078, 60.248424 ], [ 29.6189324, 60.2491085 ], [ 29.6176168, 60.2484772 ], [ 29.6168167, 60.2483975 ], [ 29.616271, 60.2481466 ], [ 29.6170583, 60.24779 ], [ 29.618185, 60.2483116 ], [ 29.6210445, 60.2468832 ], [ 29.6196479, 60.2460421 ], [ 29.6177447, 60.2467046 ], [ 29.6165281, 60.2463686 ], [ 29.6167174, 60.2457155 ], [ 29.6182355, 60.2443829 ], [ 29.6193901, 60.2438327 ], [ 29.6203408, 60.2434523 ], [ 29.6210471, 60.2430352 ], [ 29.6212313, 60.2430435 ], [ 29.622192, 60.2438892 ], [ 29.6226836, 60.2442482 ], [ 29.6220212, 60.2445992 ], [ 29.6223025, 60.2447764 ], [ 29.6231447, 60.2445475 ], [ 29.6238768, 60.2450613 ], [ 29.6242496, 60.2453171 ], [ 29.6247759, 60.2456828 ] ] ] } },
{ "type": "Feature", "properties": { "element_type": "way", "osmid": 178265559, "barrier": null, "height": null, "note": null, "description": null, "landuse": "residential", "name": null, "source": "Изучение на местности", "industrial": null, "layer": null, "addr:city": null, "official_name": null, "residential": "rural", "website": null, "old_name": null, "addr:housenumber": null, "addr:street": null, "name:ru": null, "leisure": null, "building:levels": null, "water": null, "place": null, "natural": null, "wood": null, "leaf_cycle": null, "man_made": null, "genus": null, "opening_hours": null, "ways": null, "type": null, "phone": null, "amenity": null, "religion": null, "email": null, "internet_access": null, "name:en": null, "operator": null, "addr:country": null, "tourism": null, "url": null, "addr:district": null, "addr:region": null, "check_date": null, "building": null, "construction": null, "area:highway": null, "brand": null, "contact:phone": null, "contact:website": null, "fuel:diesel": null, "fuel:discount": null, "fuel:octane_92": null, "fuel:octane_95": null, "ref": null, "shop": null, "surface": null, "toilets": null }, "geometry": { "type": "Polygon", "coordinates": [ [ [ 29.6175353, 60.2499169 ], [ 29.6202983, 60.2509325 ], [ 29.621531, 60.2501035 ], [ 29.618974, 60.24919 ], [ 29.6175353, 60.2499169 ] ] ] } },
{ "type": "Feature", "properties": { "element_type": "way", "osmid": 178265560, "barrier": null, "height": null, "note": null, "description": null, "landuse": "residential", "name": null, "source": "Изучение на местности", "industrial": null, "layer": null, "addr:city": null, "official_name": null, "residential": "rural", "website": null, "old_name": null, "addr:housenumber": null, "addr:street": null, "name:ru": null, "leisure": null, "building:levels": null, "water": null, "place": null, "natural": null, "wood": null, "leaf_cycle": null, "man_made": null, "genus": null, "opening_hours": null, "ways": null, "type": null, "phone": null, "amenity": null, "religion": null, "email": null, "internet_access": null, "name:en": null, "operator": null, "addr:country": null, "tourism": null, "url": null, "addr:district": null, "addr:region": null, "check_date": null, "building": null, "construction": null, "area:highway": null, "brand": null, "contact:phone": null, "contact:website": null, "fuel:diesel": null, "fuel:discount": null, "fuel:octane_92": null, "fuel:octane_95": null, "ref": null, "shop": null, "surface": null, "toilets": null }, "geometry": { "type": "Polygon", "coordinates": [ [ [ 29.6203163, 60.2484347 ], [ 29.6223451, 60.2491048 ], [ 29.6225348, 60.2488119 ], [ 29.6232198, 60.2483941 ], [ 29.621549, 60.2476461 ], [ 29.6203163, 60.2484347 ] ] ] } },
{ "type": "Feature", "properties": { "element_type": "way", "osmid": 178265562, "barrier": null, "height": null, "note": null, "description": null, "landuse": "residential", "name": null, "source": "Изучение на местности", "industrial": null, "layer": null, "addr:city": null, "official_name": null, "residential": "rural", "website": null, "old_name": null, "addr:housenumber": null, "addr:street": null, "name:ru": null, "leisure": null, "building:levels": null, "water": null, "place": null, "natural": null, "wood": null, "leaf_cycle": null, "man_made": null, "genus": null, "opening_hours": null, "ways": null, "type": null, "phone": null, "amenity": null, "religion": null, "email": null, "internet_access": null, "name:en": null, "operator": null, "addr:country": null, "tourism": null, "url": null, "addr:district": null, "addr:region": null, "check_date": null, "building": null, "construction": null, "area:highway": null, "brand": null, "contact:phone": null, "contact:website": null, "fuel:diesel": null, "fuel:discount": null, "fuel:octane_92": null, "fuel:octane_95": null, "ref": null, "shop": null, "surface": null, "toilets": null }, "geometry": { "type": "Polygon", "coordinates": [ [ [ 29.6227749, 60.2469909 ], [ 29.6250499, 60.2478446 ], [ 29.6263377, 60.2474579 ], [ 29.6261135, 60.247326 ], [ 29.62508, 60.2468865 ], [ 29.6237506, 60.2464207 ], [ 29.6227749, 60.2469909 ] ] ] } },
{ "type": "Feature", "properties": { "element_type": "way", "osmid": 178265563, "barrier": null, "height": null, "note": null, "description": null, "landuse": "residential", "name": null, "source": "Изучение на местности", "industrial": null, "layer": null, "addr:city": null, "official_name": null, "residential": "rural", "website": null, "old_name": null, "addr:housenumber": null, "addr:street": null, "name:ru": null, "leisure": null, "building:levels": null, "water": null, "place": null, "natural": null, "wood": null, "leaf_cycle": null, "man_made": null, "genus": null, "opening_hours": null, "ways": null, "type": null, "phone": null, "amenity": null, "religion": null, "email": null, "internet_access": null, "name:en": null, "operator": null, "addr:country": null, "tourism": null, "url": null, "addr:district": null, "addr:region": null, "check_date": null, "building": null, "construction": null, "area:highway": null, "brand": null, "contact:phone": null, "contact:website": null, "fuel:diesel": null, "fuel:discount": null, "fuel:octane_92": null, "fuel:octane_95": null, "ref": null, "shop": null, "surface": null, "toilets": null }, "geometry": { "type": "Polygon", "coordinates": [ [ [ 29.6216096, 60.2476128 ], [ 29.6233945, 60.2483643 ], [ 29.624828, 60.2479042 ], [ 29.6236673, 60.2474109 ], [ 29.6231587, 60.2472296 ], [ 29.6226639, 60.2470288 ], [ 29.6216096, 60.2476128 ] ] ] } },
{ "type": "Feature", "properties": { "element_type": "way", "osmid": 178265564, "barrier": null, "height": null, "note": null, "description": null, "landuse": "residential", "name": null, "source": "Изучение на местности", "industrial": null, "layer": null, "addr:city": null, "official_name": null, "residential": "rural", "website": null, "old_name": null, "addr:housenumber": null, "addr:street": null, "name:ru": null, "leisure": null, "building:levels": null, "water": null, "place": null, "natural": null, "wood": null, "leaf_cycle": null, "man_made": null, "genus": null, "opening_hours": null, "ways": null, "type": null, "phone": null, "amenity": null, "religion": null, "email": null, "internet_access": null, "name:en": null, "operator": null, "addr:country": null, "tourism": null, "url": null, "addr:district": null, "addr:region": null, "check_date": null, "building": null, "construction": null, "area:highway": null, "brand": null, "contact:phone": null, "contact:website": null, "fuel:diesel": null, "fuel:discount": null, "fuel:octane_92": null, "fuel:octane_95": null, "ref": null, "shop": null, "surface": null, "toilets": null }, "geometry": { "type": "Polygon", "coordinates": [ [ [ 29.6190688, 60.2491332 ], [ 29.6216323, 60.250058 ], [ 29.6219985, 60.2498146 ], [ 29.6221947, 60.2495713 ], [ 29.6223222, 60.2491559 ], [ 29.6202721, 60.2484842 ], [ 29.6190688, 60.2491332 ] ] ] } },
{ "type": "Feature", "properties": { "element_type": "way", "osmid": 178265566, "barrier": "fence", "height": null, "note": null, "description": null, "landuse": "residential", "name": null, "source": "Изучение на местности", "industrial": null, "layer": null, "addr:city": null, "official_name": null, "residential": "rural", "website": null, "old_name": null, "addr:housenumber": null, "addr:street": null, "name:ru": null, "leisure": null, "building:levels": null, "water": null, "place": null, "natural": null, "wood": null, "leaf_cycle": null, "man_made": null, "genus": null, "opening_hours": null, "ways": null, "type": null, "phone": null, "amenity": null, "religion": null, "email": null, "internet_access": null, "name:en": null, "operator": null, "addr:country": null, "tourism": null, "url": null, "addr:district": null, "addr:region": null, "check_date": null, "building": null, "construction": null, "area:highway": null, "brand": null, "contact:phone": null, "contact:website": null, "fuel:diesel": null, "fuel:discount": null, "fuel:octane_92": null, "fuel:octane_95": null, "ref": null, "shop": null, "surface": null, "toilets": null }, "geometry": { "type": "Polygon", "coordinates": [ [ [ 29.619769, 60.2416394 ], [ 29.621246, 60.2419684 ], [ 29.6212034, 60.242463 ], [ 29.6209833, 60.2429576 ], [ 29.6201501, 60.2434404 ], [ 29.618718, 60.244042 ], [ 29.6179274, 60.2433512 ], [ 29.6192766, 60.2427344 ], [ 29.619769, 60.2416394 ] ] ] } },
{ "type": "Feature", "properties": { "element_type": "way", "osmid": 178265567, "barrier": "fence", "height": null, "note": null, "description": null, "landuse": "residential", "name": null, "source": "Изучение на местности", "industrial": null, "layer": null, "addr:city": null, "official_name": null, "residential": "rural", "website": null, "old_name": null, "addr:housenumber": null, "addr:street": null, "name:ru": null, "leisure": null, "building:levels": null, "water": null, "place": null, "natural": null, "wood": null, "leaf_cycle": null, "man_made": null, "genus": null, "opening_hours": null, "ways": null, "type": null, "phone": null, "amenity": null, "religion": null, "email": null, "internet_access": null, "name:en": null, "operator": null, "addr:country": null, "tourism": null, "url": null, "addr:district": null, "addr:region": null, "check_date": null, "building": null, "construction": null, "area:highway": null, "brand": null, "contact:phone": null, "contact:website": null, "fuel:diesel": null, "fuel:discount": null, "fuel:octane_92": null, "fuel:octane_95": null, "ref": null, "shop": null, "surface": null, "toilets": null }, "geometry": { "type": "Polygon", "coordinates": [ [ [ 29.6193902, 60.2421129 ], [ 29.6191015, 60.2427438 ], [ 29.6178753, 60.2432689 ], [ 29.6176836, 60.2431197 ], [ 29.6177774, 60.2427836 ], [ 29.6178145, 60.2427553 ], [ 29.6184217, 60.2425303 ], [ 29.6193616, 60.2420964 ], [ 29.6193902, 60.2421129 ] ] ] } },
{ "type": "Feature", "properties": { "element_type": "way", "osmid": 178265568, "barrier": null, "height": null, "note": null, "description": null, "landuse": "allotments", "name": null, "source": null, "industrial": null, "layer": null, "addr:city": null, "official_name": null, "residential": null, "website": null, "old_name": null, "addr:housenumber": null, "addr:street": null, "name:ru": null, "leisure": null, "building:levels": null, "water": null, "place": null, "natural": null, "wood": null, "leaf_cycle": null, "man_made": null, "genus": null, "opening_hours": null, "ways": null, "type": null, "phone": null, "amenity": null, "religion": null, "email": null, "internet_access": null, "name:en": null, "operator": null, "addr:country": null, "tourism": null, "url": null, "addr:district": null, "addr:region": null, "check_date": null, "building": null, "construction": null, "area:highway": null, "brand": null, "contact:phone": null, "contact:website": null, "fuel:diesel": null, "fuel:discount": null, "fuel:octane_92": null, "fuel:octane_95": null, "ref": null, "shop": null, "surface": null, "toilets": null }, "geometry": { "type": "Polygon", "coordinates": [ [ [ 29.6262917, 60.2451602 ], [ 29.6272753, 60.2455157 ], [ 29.6274147, 60.2455836 ], [ 29.6274976, 60.2456277 ], [ 29.6272916, 60.245824 ], [ 29.6267205, 60.2456713 ], [ 29.6260824, 60.245326 ], [ 29.6259225, 60.2452035 ], [ 29.6260289, 60.2450715 ], [ 29.6262917, 60.2451602 ] ] ] } },
{ "type": "Feature", "properties": { "element_type": "way", "osmid": 178423879, "barrier": null, "height": null, "note": null, "description": null, "landuse": "residential", "name": null, "source": null, "industrial": null, "layer": null, "addr:city": null, "official_name": null, "residential": "rural", "website": null, "old_name": null, "addr:housenumber": null, "addr:street": null, "name:ru": null, "leisure": null, "building:levels": null, "water": null, "place": null, "natural": null, "wood": null, "leaf_cycle": null, "man_made": null, "genus": null, "opening_hours": null, "ways": null, "type": null, "phone": null, "amenity": null, "religion": null, "email": null, "internet_access": null, "name:en": null, "operator": null, "addr:country": null, "tourism": null, "url": null, "addr:district": null, "addr:region": null, "check_date": null, "building": null, "construction": null, "area:highway": null, "brand": null, "contact:phone": null, "contact:website": null, "fuel:diesel": null, "fuel:discount": null, "fuel:octane_92": null, "fuel:octane_95": null, "ref": null, "shop": null, "surface": null, "toilets": null }, "geometry": { "type": "Polygon", "coordinates": [ [ [ 29.5978574, 60.2441413 ], [ 29.599771, 60.2448213 ], [ 29.5997277, 60.2444753 ], [ 29.5997229, 60.2439599 ], [ 29.5992757, 60.2429195 ], [ 29.5989056, 60.2428788 ], [ 29.5985671, 60.2427426 ], [ 29.5983745, 60.2427803 ], [ 29.5979718, 60.2424993 ], [ 29.5972889, 60.2426586 ], [ 29.597429, 60.2427658 ], [ 29.5972247, 60.2428614 ], [ 29.5980593, 60.2432235 ], [ 29.5979893, 60.2433075 ], [ 29.5984194, 60.2434412 ], [ 29.598515, 60.2437431 ], [ 29.59777, 60.2441485 ], [ 29.5978574, 60.2441413 ] ] ] } },
{ "type": "Feature", "properties": { "element_type": "way", "osmid": 178423880, "barrier": null, "height": null, "note": null, "description": null, "landuse": "residential", "name": null, "source": null, "industrial": null, "layer": null, "addr:city": null, "official_name": null, "residential": "rural", "website": null, "old_name": null, "addr:housenumber": null, "addr:street": null, "name:ru": null, "leisure": null, "building:levels": null, "water": null, "place": null, "natural": null, "wood": null, "leaf_cycle": null, "man_made": null, "genus": null, "opening_hours": null, "ways": null, "type": null, "phone": null, "amenity": null, "religion": null, "email": null, "internet_access": null, "name:en": null, "operator": null, "addr:country": null, "tourism": null, "url": null, "addr:district": null, "addr:region": null, "check_date": null, "building": null, "construction": null, "area:highway": null, "brand": null, "contact:phone": null, "contact:website": null, "fuel:diesel": null, "fuel:discount": null, "fuel:octane_92": null, "fuel:octane_95": null, "ref": null, "shop": null, "surface": null, "toilets": null }, "geometry": { "type": "Polygon", "coordinates": [ [ [ 29.5996441, 60.2456098 ], [ 29.5998991, 60.2457279 ], [ 29.600987, 60.2463235 ], [ 29.6014517, 60.2466143 ], [ 29.6017273, 60.2467523 ], [ 29.6019424, 60.2467605 ], [ 29.6034451, 60.2458409 ], [ 29.6037341, 60.2454528 ], [ 29.6038902, 60.2450923 ], [ 29.6041979, 60.2449085 ], [ 29.604948, 60.2445888 ], [ 29.6054528, 60.2445005 ], [ 29.6083064, 60.2436844 ], [ 29.60822, 60.2436344 ], [ 29.6021336, 60.2442156 ], [ 29.6006571, 60.2442156 ], [ 29.6000721, 60.2431279 ], [ 29.5995706, 60.2432017 ], [ 29.5998884, 60.2439606 ], [ 29.5998181, 60.2444567 ], [ 29.5998734, 60.2448766 ], [ 29.5996441, 60.2456098 ] ] ] } },
{ "type": "Feature", "properties": { "element_type": "way", "osmid": 179493911, "barrier": null, "height": null, "note": null, "description": "Частные огороды", "landuse": "allotments", "name": null, "source": null, "industrial": null, "layer": null, "addr:city": null, "official_name": null, "residential": null, "website": null, "old_name": null, "addr:housenumber": null, "addr:street": null, "name:ru": null, "leisure": null, "building:levels": null, "water": null, "place": null, "natural": null, "wood": null, "leaf_cycle": null, "man_made": null, "genus": null, "opening_hours": null, "ways": null, "type": null, "phone": null, "amenity": null, "religion": null, "email": null, "internet_access": null, "name:en": null, "operator": null, "addr:country": null, "tourism": null, "url": null, "addr:district": null, "addr:region": null, "check_date": null, "building": null, "construction": null, "area:highway": null, "brand": null, "contact:phone": null, "contact:website": null, "fuel:diesel": null, "fuel:discount": null, "fuel:octane_92": null, "fuel:octane_95": null, "ref": null, "shop": null, "surface": null, "toilets": null }, "geometry": { "type": "Polygon", "coordinates": [ [ [ 29.6268347, 60.2476862 ], [ 29.6270262, 60.2477634 ], [ 29.6271879, 60.2476556 ], [ 29.6273924, 60.2477484 ], [ 29.6272182, 60.2478612 ], [ 29.6275465, 60.2479953 ], [ 29.6277788, 60.2478662 ], [ 29.6279683, 60.2479464 ], [ 29.6277687, 60.2480617 ], [ 29.6281228, 60.2482038 ], [ 29.628317, 60.2480877 ], [ 29.6284607, 60.2481507 ], [ 29.6280819, 60.2485906 ], [ 29.6263052, 60.2478751 ], [ 29.6265463, 60.2477687 ], [ 29.6266588, 60.2477873 ], [ 29.6268347, 60.2476862 ] ] ] } },
{ "type": "Feature", "properties": { "element_type": "way", "osmid": 179494125, "barrier": null, "height": null, "note": null, "description": "Частные огороды", "landuse": "allotments", "name": null, "source": null, "industrial": null, "layer": null, "addr:city": null, "official_name": null, "residential": null, "website": null, "old_name": null, "addr:housenumber": null, "addr:street": null, "name:ru": null, "leisure": null, "building:levels": null, "water": null, "place": null, "natural": null, "wood": null, "leaf_cycle": null, "man_made": null, "genus": null, "opening_hours": null, "ways": null, "type": null, "phone": null, "amenity": null, "religion": null, "email": null, "internet_access": null, "name:en": null, "operator": null, "addr:country": null, "tourism": null, "url": null, "addr:district": null, "addr:region": null, "check_date": null, "building": null, "construction": null, "area:highway": null, "brand": null, "contact:phone": null, "contact:website": null, "fuel:diesel": null, "fuel:discount": null, "fuel:octane_92": null, "fuel:octane_95": null, "ref": null, "shop": null, "surface": null, "toilets": null }, "geometry": { "type": "Polygon", "coordinates": [ [ [ 29.6275507, 60.2471728 ], [ 29.6289016, 60.2477433 ], [ 29.6287267, 60.2478498 ], [ 29.6288874, 60.2479275 ], [ 29.6290982, 60.2477722 ], [ 29.6289387, 60.24771 ], [ 29.6290473, 60.2476373 ], [ 29.6277257, 60.2470804 ], [ 29.6275507, 60.2471728 ] ] ] } },
{ "type": "Feature", "properties": { "element_type": "way", "osmid": 180211868, "barrier": "fence", "height": null, "note": null, "description": null, "landuse": "residential", "name": null, "source": null, "industrial": null, "layer": null, "addr:city": null, "official_name": null, "residential": "rural", "website": null, "old_name": null, "addr:housenumber": null, "addr:street": null, "name:ru": null, "leisure": null, "building:levels": null, "water": null, "place": null, "natural": null, "wood": null, "leaf_cycle": null, "man_made": null, "genus": null, "opening_hours": null, "ways": null, "type": null, "phone": null, "amenity": null, "religion": null, "email": null, "internet_access": null, "name:en": null, "operator": null, "addr:country": null, "tourism": null, "url": null, "addr:district": null, "addr:region": null, "check_date": null, "building": null, "construction": null, "area:highway": null, "brand": null, "contact:phone": null, "contact:website": null, "fuel:diesel": null, "fuel:discount": null, "fuel:octane_92": null, "fuel:octane_95": null, "ref": null, "shop": null, "surface": null, "toilets": null }, "geometry": { "type": "Polygon", "coordinates": [ [ [ 29.6160988, 60.2507714 ], [ 29.6166911, 60.2510451 ], [ 29.6172934, 60.2513234 ], [ 29.6176493, 60.251488 ], [ 29.6184332, 60.2518502 ], [ 29.617952, 60.2520959 ], [ 29.6179229, 60.2521107 ], [ 29.6171941, 60.2524827 ], [ 29.6167056, 60.2522679 ], [ 29.6164115, 60.2521385 ], [ 29.616092, 60.251998 ], [ 29.6155119, 60.2517429 ], [ 29.6149032, 60.2514752 ], [ 29.6151867, 60.2513089 ], [ 29.6154592, 60.2511483 ], [ 29.6160988, 60.2507714 ] ] ] } },
{ "type": "Feature", "properties": { "element_type": "way", "osmid": 180211869, "barrier": "fence", "height": null, "note": null, "description": null, "landuse": "residential", "name": null, "source": null, "industrial": null, "layer": null, "addr:city": null, "official_name": null, "residential": "rural", "website": null, "old_name": null, "addr:housenumber": null, "addr:street": null, "name:ru": null, "leisure": null, "building:levels": null, "water": null, "place": null, "natural": null, "wood": null, "leaf_cycle": null, "man_made": null, "genus": null, "opening_hours": null, "ways": null, "type": null, "phone": null, "amenity": null, "religion": null, "email": null, "internet_access": null, "name:en": null, "operator": null, "addr:country": null, "tourism": null, "url": null, "addr:district": null, "addr:region": null, "check_date": null, "building": null, "construction": null, "area:highway": null, "brand": null, "contact:phone": null, "contact:website": null, "fuel:diesel": null, "fuel:discount": null, "fuel:octane_92": null, "fuel:octane_95": null, "ref": null, "shop": null, "surface": null, "toilets": null }, "geometry": { "type": "Polygon", "coordinates": [ [ [ 29.6136952, 60.2522054 ], [ 29.6148062, 60.2526684 ], [ 29.616036, 60.2531914 ], [ 29.6154106, 60.2535168 ], [ 29.6148777, 60.2537482 ], [ 29.6143741, 60.253374 ], [ 29.6134785, 60.2528241 ], [ 29.6130737, 60.2525469 ], [ 29.6133524, 60.2524048 ], [ 29.6136952, 60.2522054 ] ] ] } },
{ "type": "Feature", "properties": { "element_type": "way", "osmid": 180211870, "barrier": "fence", "height": null, "note": null, "description": null, "landuse": "residential", "name": null, "source": null, "industrial": null, "layer": null, "addr:city": null, "official_name": null, "residential": "rural", "website": null, "old_name": null, "addr:housenumber": null, "addr:street": null, "name:ru": null, "leisure": null, "building:levels": null, "water": null, "place": null, "natural": null, "wood": null, "leaf_cycle": null, "man_made": null, "genus": null, "opening_hours": null, "ways": null, "type": null, "phone": null, "amenity": null, "religion": null, "email": null, "internet_access": null, "name:en": null, "operator": null, "addr:country": null, "tourism": null, "url": null, "addr:district": null, "addr:region": null, "check_date": null, "building": null, "construction": null, "area:highway": null, "brand": null, "contact:phone": null, "contact:website": null, "fuel:diesel": null, "fuel:discount": null, "fuel:octane_92": null, "fuel:octane_95": null, "ref": null, "shop": null, "surface": null, "toilets": null }, "geometry": { "type": "Polygon", "coordinates": [ [ [ 29.6080016, 60.2535543 ], [ 29.6083959, 60.2535452 ], [ 29.6088157, 60.2535271 ], [ 29.6092219, 60.2535106 ], [ 29.6096684, 60.2534936 ], [ 29.6095212, 60.2528392 ], [ 29.6094745, 60.2526201 ], [ 29.6094218, 60.2521943 ], [ 29.6087953, 60.2522199 ], [ 29.6086197, 60.2522265 ], [ 29.6082151, 60.2522424 ], [ 29.6078154, 60.2522483 ], [ 29.60787, 60.2526843 ], [ 29.6079048, 60.2529039 ], [ 29.6079304, 60.2531241 ], [ 29.6080016, 60.2535543 ] ] ] } },
{ "type": "Feature", "properties": { "element_type": "way", "osmid": 180211872, "barrier": "fence", "height": null, "note": null, "description": null, "landuse": "residential", "name": null, "source": null, "industrial": null, "layer": null, "addr:city": null, "official_name": null, "residential": "rural", "website": null, "old_name": null, "addr:housenumber": null, "addr:street": null, "name:ru": null, "leisure": null, "building:levels": null, "water": null, "place": null, "natural": null, "wood": null, "leaf_cycle": null, "man_made": null, "genus": null, "opening_hours": null, "ways": null, "type": null, "phone": null, "amenity": null, "religion": null, "email": null, "internet_access": null, "name:en": null, "operator": null, "addr:country": null, "tourism": null, "url": null, "addr:district": null, "addr:region": null, "check_date": null, "building": null, "construction": null, "area:highway": null, "brand": null, "contact:phone": null, "contact:website": null, "fuel:diesel": null, "fuel:discount": null, "fuel:octane_92": null, "fuel:octane_95": null, "ref": null, "shop": null, "surface": null, "toilets": null }, "geometry": { "type": "Polygon", "coordinates": [ [ [ 29.613835, 60.2521237 ], [ 29.6152568, 60.2527369 ], [ 29.6161384, 60.2531323 ], [ 29.6164375, 60.2529693 ], [ 29.6171115, 60.2525533 ], [ 29.6166233, 60.2523517 ], [ 29.6162237, 60.2521784 ], [ 29.6159214, 60.2520282 ], [ 29.6147686, 60.2515854 ], [ 29.6144548, 60.2517574 ], [ 29.613835, 60.2521237 ] ] ] } },
{ "type": "Feature", "properties": { "element_type": "way", "osmid": 180211873, "barrier": "fence", "height": null, "note": null, "description": null, "landuse": "residential", "name": null, "source": null, "industrial": null, "layer": null, "addr:city": null, "official_name": null, "residential": "rural", "website": null, "old_name": null, "addr:housenumber": null, "addr:street": null, "name:ru": null, "leisure": null, "building:levels": null, "water": null, "place": null, "natural": null, "wood": null, "leaf_cycle": null, "man_made": null, "genus": null, "opening_hours": null, "ways": null, "type": null, "phone": null, "amenity": null, "religion": null, "email": null, "internet_access": null, "name:en": null, "operator": null, "addr:country": null, "tourism": null, "url": null, "addr:district": null, "addr:region": null, "check_date": null, "building": null, "construction": null, "area:highway": null, "brand": null, "contact:phone": null, "contact:website": null, "fuel:diesel": null, "fuel:discount": null, "fuel:octane_92": null, "fuel:octane_95": null, "ref": null, "shop": null, "surface": null, "toilets": null }, "geometry": { "type": "Polygon", "coordinates": [ [ [ 29.6122495, 60.2503912 ], [ 29.6133099, 60.2509032 ], [ 29.6122633, 60.2514875 ], [ 29.6112034, 60.2520792 ], [ 29.610541, 60.2513171 ], [ 29.6111745, 60.2510141 ], [ 29.611549, 60.2508168 ], [ 29.6122495, 60.2503912 ] ] ] } },
{ "type": "Feature", "properties": { "element_type": "way", "osmid": 180211874, "barrier": "fence", "height": null, "note": null, "description": null, "landuse": "residential", "name": null, "source": null, "industrial": null, "layer": null, "addr:city": null, "official_name": null, "residential": "rural", "website": null, "old_name": null, "addr:housenumber": null, "addr:street": null, "name:ru": null, "leisure": null, "building:levels": null, "water": null, "place": null, "natural": null, "wood": null, "leaf_cycle": null, "man_made": null, "genus": null, "opening_hours": null, "ways": null, "type": null, "phone": null, "amenity": null, "religion": null, "email": null, "internet_access": null, "name:en": null, "operator": null, "addr:country": null, "tourism": null, "url": null, "addr:district": null, "addr:region": null, "check_date": null, "building": null, "construction": null, "area:highway": null, "brand": null, "contact:phone": null, "contact:website": null, "fuel:diesel": null, "fuel:discount": null, "fuel:octane_92": null, "fuel:octane_95": null, "ref": null, "shop": null, "surface": null, "toilets": null }, "geometry": { "type": "Polygon", "coordinates": [ [ [ 29.6059284, 60.2523238 ], [ 29.6060177, 60.2527761 ], [ 29.6060541, 60.2529957 ], [ 29.6061126, 60.2536486 ], [ 29.6069902, 60.2536106 ], [ 29.6073714, 60.253597 ], [ 29.6077981, 60.2535818 ], [ 29.6077307, 60.2531382 ], [ 29.607697, 60.2529157 ], [ 29.6076616, 60.2526828 ], [ 29.6076192, 60.2525133 ], [ 29.6075959, 60.2523059 ], [ 29.6075055, 60.2522967 ], [ 29.6075004, 60.2522706 ], [ 29.6071861, 60.2522803 ], [ 29.6067756, 60.2522931 ], [ 29.6065803, 60.2523001 ], [ 29.6063645, 60.252308 ], [ 29.6059284, 60.2523238 ] ] ] } },
{ "type": "Feature", "properties": { "element_type": "way", "osmid": 180211875, "barrier": "fence", "height": null, "note": null, "description": null, "landuse": "residential", "name": null, "source": null, "industrial": null, "layer": null, "addr:city": null, "official_name": null, "residential": "rural", "website": null, "old_name": null, "addr:housenumber": null, "addr:street": null, "name:ru": null, "leisure": null, "building:levels": null, "water": null, "place": null, "natural": null, "wood": null, "leaf_cycle": null, "man_made": null, "genus": null, "opening_hours": null, "ways": null, "type": null, "phone": null, "amenity": null, "religion": null, "email": null, "internet_access": null, "name:en": null, "operator": null, "addr:country": null, "tourism": null, "url": null, "addr:district": null, "addr:region": null, "check_date": null, "building": null, "construction": null, "area:highway": null, "brand": null, "contact:phone": null, "contact:website": null, "fuel:diesel": null, "fuel:discount": null, "fuel:octane_92": null, "fuel:octane_95": null, "ref": null, "shop": null, "surface": null, "toilets": null }, "geometry": { "type": "Polygon", "coordinates": [ [ [ 29.6120133, 60.2532995 ], [ 29.6124592, 60.2536745 ], [ 29.6129002, 60.2541517 ], [ 29.6117724, 60.2543279 ], [ 29.6114829, 60.2543731 ], [ 29.6110323, 60.2544603 ], [ 29.6108083, 60.2544836 ], [ 29.6107052, 60.2544984 ], [ 29.6101602, 60.2545769 ], [ 29.6098403, 60.254146 ], [ 29.610272, 60.2540312 ], [ 29.6103347, 60.2540145 ], [ 29.6103297, 60.2535556 ], [ 29.6107043, 60.2535149 ], [ 29.6114771, 60.2534309 ], [ 29.6120133, 60.2532995 ] ] ] } },
{ "type": "Feature", "properties": { "element_type": "way", "osmid": 180211876, "barrier": "fence", "height": null, "note": null, "description": null, "landuse": "residential", "name": null, "source": null, "industrial": null, "layer": null, "addr:city": null, "official_name": null, "residential": "rural", "website": null, "old_name": null, "addr:housenumber": null, "addr:street": null, "name:ru": null, "leisure": null, "building:levels": null, "water": null, "place": null, "natural": null, "wood": null, "leaf_cycle": null, "man_made": null, "genus": null, "opening_hours": null, "ways": null, "type": null, "phone": null, "amenity": null, "religion": null, "email": null, "internet_access": null, "name:en": null, "operator": null, "addr:country": null, "tourism": null, "url": null, "addr:district": null, "addr:region": null, "check_date": null, "building": null, "construction": null, "area:highway": null, "brand": null, "contact:phone": null, "contact:website": null, "fuel:diesel": null, "fuel:discount": null, "fuel:octane_92": null, "fuel:octane_95": null, "ref": null, "shop": null, "surface": null, "toilets": null }, "geometry": { "type": "Polygon", "coordinates": [ [ [ 29.6098159, 60.2535051 ], [ 29.6102516, 60.2534725 ], [ 29.6110044, 60.2533747 ], [ 29.610984, 60.253224 ], [ 29.6108716, 60.2530162 ], [ 29.6109451, 60.2530013 ], [ 29.6110471, 60.2532107 ], [ 29.6111451, 60.2533647 ], [ 29.6113917, 60.2533291 ], [ 29.611898, 60.2531677 ], [ 29.6114521, 60.2527249 ], [ 29.6112305, 60.2525047 ], [ 29.610858, 60.2521349 ], [ 29.6106351, 60.2521426 ], [ 29.6100828, 60.2521453 ], [ 29.609614, 60.252175 ], [ 29.6096928, 60.2525958 ], [ 29.6097381, 60.2528487 ], [ 29.6097811, 60.2531169 ], [ 29.6098159, 60.2535051 ] ] ] } },
{ "type": "Feature", "properties": { "element_type": "way", "osmid": 180211877, "barrier": "fence", "height": null, "note": null, "description": null, "landuse": "residential", "name": null, "source": null, "industrial": null, "layer": null, "addr:city": null, "official_name": null, "residential": "rural", "website": null, "old_name": null, "addr:housenumber": null, "addr:street": null, "name:ru": null, "leisure": null, "building:levels": null, "water": null, "place": null, "natural": null, "wood": null, "leaf_cycle": null, "man_made": null, "genus": null, "opening_hours": null, "ways": null, "type": null, "phone": null, "amenity": null, "religion": null, "email": null, "internet_access": null, "name:en": null, "operator": null, "addr:country": null, "tourism": null, "url": null, "addr:district": null, "addr:region": null, "check_date": null, "building": null, "construction": null, "area:highway": null, "brand": null, "contact:phone": null, "contact:website": null, "fuel:diesel": null, "fuel:discount": null, "fuel:octane_92": null, "fuel:octane_95": null, "ref": null, "shop": null, "surface": null, "toilets": null }, "geometry": { "type": "Polygon", "coordinates": [ [ [ 29.6129474, 60.2526214 ], [ 29.6130206, 60.2526642 ], [ 29.6147203, 60.2538158 ], [ 29.6141598, 60.2539533 ], [ 29.6135866, 60.2540656 ], [ 29.6132424, 60.2541269 ], [ 29.6131569, 60.2541196 ], [ 29.6127516, 60.2537343 ], [ 29.6128106, 60.2537157 ], [ 29.6125628, 60.2535178 ], [ 29.612352, 60.2533138 ], [ 29.6123426, 60.2532985 ], [ 29.6123855, 60.2532832 ], [ 29.6123426, 60.2532559 ], [ 29.612246, 60.2532479 ], [ 29.6120875, 60.2531173 ], [ 29.6129474, 60.2526214 ] ] ] } },
{ "type": "Feature", "properties": { "element_type": "way", "osmid": 180920586, "barrier": null, "height": null, "note": null, "description": null, "landuse": "residential", "name": null, "source": null, "industrial": null, "layer": null, "addr:city": null, "official_name": null, "residential": "rural", "website": null, "old_name": null, "addr:housenumber": null, "addr:street": null, "name:ru": null, "leisure": null, "building:levels": null, "water": null, "place": null, "natural": null, "wood": null, "leaf_cycle": null, "man_made": null, "genus": null, "opening_hours": null, "ways": null, "type": null, "phone": null, "amenity": null, "religion": null, "email": null, "internet_access": null, "name:en": null, "operator": null, "addr:country": null, "tourism": null, "url": null, "addr:district": null, "addr:region": null, "check_date": null, "building": null, "construction": null, "area:highway": null, "brand": null, "contact:phone": null, "contact:website": null, "fuel:diesel": null, "fuel:discount": null, "fuel:octane_92": null, "fuel:octane_95": null, "ref": null, "shop": null, "surface": null, "toilets": null }, "geometry": { "type": "Polygon", "coordinates": [ [ [ 29.6117969, 60.248726 ], [ 29.6160194, 60.2506707 ], [ 29.617418, 60.2499192 ], [ 29.6188917, 60.2491439 ], [ 29.6179801, 60.2486891 ], [ 29.6175777, 60.2485179 ], [ 29.6167712, 60.2484282 ], [ 29.6151056, 60.2476253 ], [ 29.6133498, 60.2482742 ], [ 29.6117969, 60.248726 ] ] ] } },
{ "type": "Feature", "properties": { "element_type": "way", "osmid": 228902641, "barrier": null, "height": null, "note": null, "description": null, "landuse": "grass", "name": null, "source": null, "industrial": null, "layer": null, "addr:city": null, "official_name": null, "residential": null, "website": null, "old_name": null, "addr:housenumber": null, "addr:street": null, "name:ru": null, "leisure": null, "building:levels": null, "water": null, "place": null, "natural": null, "wood": null, "leaf_cycle": null, "man_made": null, "genus": null, "opening_hours": null, "ways": null, "type": null, "phone": null, "amenity": null, "religion": null, "email": null, "internet_access": null, "name:en": null, "operator": null, "addr:country": null, "tourism": null, "url": null, "addr:district": null, "addr:region": null, "check_date": null, "building": null, "construction": null, "area:highway": null, "brand": null, "contact:phone": null, "contact:website": null, "fuel:diesel": null, "fuel:discount": null, "fuel:octane_92": null, "fuel:octane_95": null, "ref": null, "shop": null, "surface": null, "toilets": null }, "geometry": { "type": "Polygon", "coordinates": [ [ [ 29.5795438, 60.2498871 ], [ 29.5795803, 60.2499012 ], [ 29.5794861, 60.2499613 ], [ 29.5794496, 60.2499471 ], [ 29.5795438, 60.2498871 ] ] ] } },
{ "type": "Feature", "properties": { "element_type": "way", "osmid": 228902642, "barrier": null, "height": null, "note": null, "description": null, "landuse": "grass", "name": null, "source": null, "industrial": null, "layer": null, "addr:city": null, "official_name": null, "residential": null, "website": null, "old_name": null, "addr:housenumber": null, "addr:street": null, "name:ru": null, "leisure": null, "building:levels": null, "water": null, "place": null, "natural": null, "wood": null, "leaf_cycle": null, "man_made": null, "genus": null, "opening_hours": null, "ways": null, "type": null, "phone": null, "amenity": null, "religion": null, "email": null, "internet_access": null, "name:en": null, "operator": null, "addr:country": null, "tourism": null, "url": null, "addr:district": null, "addr:region": null, "check_date": null, "building": null, "construction": null, "area:highway": null, "brand": null, "contact:phone": null, "contact:website": null, "fuel:diesel": null, "fuel:discount": null, "fuel:octane_92": null, "fuel:octane_95": null, "ref": null, "shop": null, "surface": null, "toilets": null }, "geometry": { "type": "Polygon", "coordinates": [ [ [ 29.5796292, 60.2498278 ], [ 29.5797965, 60.2497207 ], [ 29.579832, 60.2497344 ], [ 29.5796647, 60.2498415 ], [ 29.5796292, 60.2498278 ] ] ] } },
{ "type": "Feature", "properties": { "element_type": "way", "osmid": 228902644, "barrier": null, "height": null, "note": null, "description": null, "landuse": "grass", "name": null, "source": null, "industrial": null, "layer": null, "addr:city": null, "official_name": null, "residential": null, "website": null, "old_name": null, "addr:housenumber": null, "addr:street": null, "name:ru": null, "leisure": null, "building:levels": null, "water": null, "place": null, "natural": null, "wood": null, "leaf_cycle": null, "man_made": null, "genus": null, "opening_hours": null, "ways": null, "type": null, "phone": null, "amenity": null, "religion": null, "email": null, "internet_access": null, "name:en": null, "operator": null, "addr:country": null, "tourism": null, "url": null, "addr:district": null, "addr:region": null, "check_date": null, "building": null, "construction": null, "area:highway": null, "brand": null, "contact:phone": null, "contact:website": null, "fuel:diesel": null, "fuel:discount": null, "fuel:octane_92": null, "fuel:octane_95": null, "ref": null, "shop": null, "surface": null, "toilets": null }, "geometry": { "type": "Polygon", "coordinates": [ [ [ 29.5798354, 60.2498137 ], [ 29.5798806, 60.249832 ], [ 29.5796632, 60.2499643 ], [ 29.5796181, 60.249946 ], [ 29.5798354, 60.2498137 ] ] ] } },
{ "type": "Feature", "properties": { "element_type": "way", "osmid": 286432544, "barrier": null, "height": null, "note": null, "description": null, "landuse": "industrial", "name": "КНС", "source": null, "industrial": null, "layer": null, "addr:city": null, "official_name": null, "residential": null, "website": null, "old_name": null, "addr:housenumber": null, "addr:street": null, "name:ru": null, "leisure": null, "building:levels": null, "water": null, "place": null, "natural": null, "wood": null, "leaf_cycle": null, "man_made": null, "genus": null, "opening_hours": null, "ways": null, "type": null, "phone": null, "amenity": null, "religion": null, "email": null, "internet_access": null, "name:en": null, "operator": null, "addr:country": null, "tourism": null, "url": null, "addr:district": null, "addr:region": null, "check_date": null, "building": null, "construction": null, "area:highway": null, "brand": null, "contact:phone": null, "contact:website": null, "fuel:diesel": null, "fuel:discount": null, "fuel:octane_92": null, "fuel:octane_95": null, "ref": null, "shop": null, "surface": null, "toilets": null }, "geometry": { "type": "Polygon", "coordinates": [ [ [ 29.5862306, 60.2494978 ], [ 29.5862385, 60.2495464 ], [ 29.5863578, 60.2495415 ], [ 29.5863499, 60.249493 ], [ 29.5862306, 60.2494978 ] ] ] } },
{ "type": "Feature", "properties": { "element_type": "way", "osmid": 389368977, "barrier": null, "height": null, "note": "gas substation", "description": null, "landuse": "industrial", "name": null, "source": null, "industrial": null, "layer": null, "addr:city": null, "official_name": null, "residential": null, "website": null, "old_name": null, "addr:housenumber": null, "addr:street": null, "name:ru": null, "leisure": null, "building:levels": null, "water": null, "place": null, "natural": null, "wood": null, "leaf_cycle": null, "man_made": null, "genus": null, "opening_hours": null, "ways": null, "type": null, "phone": null, "amenity": null, "religion": null, "email": null, "internet_access": null, "name:en": null, "operator": null, "addr:country": null, "tourism": null, "url": null, "addr:district": null, "addr:region": null, "check_date": null, "building": null, "construction": null, "area:highway": null, "brand": null, "contact:phone": null, "contact:website": null, "fuel:diesel": null, "fuel:discount": null, "fuel:octane_92": null, "fuel:octane_95": null, "ref": null, "shop": null, "surface": null, "toilets": null }, "geometry": { "type": "Polygon", "coordinates": [ [ [ 29.5924678, 60.2520134 ], [ 29.5925458, 60.2520097 ], [ 29.5925385, 60.2519719 ], [ 29.5924605, 60.2519756 ], [ 29.5924678, 60.2520134 ] ] ] } },
{ "type": "Feature", "properties": { "element_type": "way", "osmid": 389368978, "barrier": null, "height": null, "note": "gas substation", "description": null, "landuse": "industrial", "name": null, "source": null, "industrial": null, "layer": null, "addr:city": null, "official_name": null, "residential": null, "website": null, "old_name": null, "addr:housenumber": null, "addr:street": null, "name:ru": null, "leisure": null, "building:levels": null, "water": null, "place": null, "natural": null, "wood": null, "leaf_cycle": null, "man_made": null, "genus": null, "opening_hours": null, "ways": null, "type": null, "phone": null, "amenity": null, "religion": null, "email": null, "internet_access": null, "name:en": null, "operator": null, "addr:country": null, "tourism": null, "url": null, "addr:district": null, "addr:region": null, "check_date": null, "building": null, "construction": null, "area:highway": null, "brand": null, "contact:phone": null, "contact:website": null, "fuel:diesel": null, "fuel:discount": null, "fuel:octane_92": null, "fuel:octane_95": null, "ref": null, "shop": null, "surface": null, "toilets": null }, "geometry": { "type": "Polygon", "coordinates": [ [ [ 29.5922697, 60.2526392 ], [ 29.5923493, 60.2526276 ], [ 29.5923245, 60.252586 ], [ 29.592245, 60.2525976 ], [ 29.5922697, 60.2526392 ] ] ] } },
{ "type": "Feature", "properties": { "element_type": "way", "osmid": 458532229, "barrier": null, "height": null, "note": null, "description": null, "landuse": "recreation_ground", "name": null, "source": null, "industrial": null, "layer": null, "addr:city": null, "official_name": null, "residential": null, "website": null, "old_name": null, "addr:housenumber": null, "addr:street": null, "name:ru": null, "leisure": null, "building:levels": null, "water": null, "place": null, "natural": null, "wood": null, "leaf_cycle": null, "man_made": null, "genus": null, "opening_hours": null, "ways": null, "type": null, "phone": null, "amenity": null, "religion": null, "email": null, "internet_access": null, "name:en": null, "operator": null, "addr:country": null, "tourism": null, "url": null, "addr:district": null, "addr:region": null, "check_date": null, "building": null, "construction": null, "area:highway": null, "brand": null, "contact:phone": null, "contact:website": null, "fuel:diesel": null, "fuel:discount": null, "fuel:octane_92": null, "fuel:octane_95": null, "ref": null, "shop": null, "surface": null, "toilets": null }, "geometry": { "type": "Polygon", "coordinates": [ [ [ 29.6538481, 60.2758982 ], [ 29.654485, 60.2758974 ], [ 29.6544838, 60.2756645 ], [ 29.6538469, 60.2756653 ], [ 29.6538481, 60.2758982 ] ] ] } },
{ "type": "Feature", "properties": { "element_type": "way", "osmid": 800147824, "barrier": "wall", "height": null, "note": null, "description": null, "landuse": "industrial", "name": null, "source": null, "industrial": null, "layer": null, "addr:city": null, "official_name": null, "residential": null, "website": null, "old_name": null, "addr:housenumber": null, "addr:street": null, "name:ru": null, "leisure": null, "building:levels": null, "water": null, "place": null, "natural": null, "wood": null, "leaf_cycle": null, "man_made": null, "genus": null, "opening_hours": null, "ways": null, "type": null, "phone": null, "amenity": null, "religion": null, "email": null, "internet_access": null, "name:en": null, "operator": null, "addr:country": null, "tourism": null, "url": null, "addr:district": null, "addr:region": null, "check_date": null, "building": null, "construction": null, "area:highway": null, "brand": null, "contact:phone": null, "contact:website": null, "fuel:diesel": null, "fuel:discount": null, "fuel:octane_92": null, "fuel:octane_95": null, "ref": null, "shop": null, "surface": null, "toilets": null }, "geometry": { "type": "Polygon", "coordinates": [ [ [ 29.5788218, 60.2586879 ], [ 29.5791294, 60.2590529 ], [ 29.579497, 60.2593293 ], [ 29.5797731, 60.2595485 ], [ 29.5810144, 60.2591826 ], [ 29.5800852, 60.2583685 ], [ 29.5788218, 60.2586879 ] ] ] } },
{ "type": "Feature", "properties": { "element_type": "way", "osmid": 1197238897, "barrier": null, "height": null, "note": null, "description": null, "landuse": "recreation_ground", "name": null, "source": null, "industrial": null, "layer": null, "addr:city": null, "official_name": null, "residential": null, "website": null, "old_name": null, "addr:housenumber": null, "addr:street": null, "name:ru": null, "leisure": null, "building:levels": null, "water": null, "place": null, "natural": null, "wood": null, "leaf_cycle": null, "man_made": null, "genus": null, "opening_hours": null, "ways": null, "type": null, "phone": null, "amenity": null, "religion": null, "email": null, "internet_access": null, "name:en": null, "operator": null, "addr:country": null, "tourism": null, "url": null, "addr:district": null, "addr:region": null, "check_date": null, "building": null, "construction": null, "area:highway": null, "brand": null, "contact:phone": null, "contact:website": null, "fuel:diesel": null, "fuel:discount": null, "fuel:octane_92": null, "fuel:octane_95": null, "ref": null, "shop": null, "surface": null, "toilets": null }, "geometry": { "type": "Polygon", "coordinates": [ [ [ 29.6536486, 60.2772858 ], [ 29.6543661, 60.2772924 ], [ 29.6543553, 60.2768881 ], [ 29.6531698, 60.2768941 ], [ 29.6536486, 60.2772858 ] ] ] } },
{ "type": "Feature", "properties": { "element_type": "way", "osmid": 1317427647, "barrier": null, "height": null, "note": null, "description": null, "landuse": "grass", "name": null, "source": null, "industrial": null, "layer": null, "addr:city": null, "official_name": null, "residential": null, "website": null, "old_name": null, "addr:housenumber": null, "addr:street": null, "name:ru": null, "leisure": null, "building:levels": null, "water": null, "place": null, "natural": null, "wood": null, "leaf_cycle": null, "man_made": null, "genus": null, "opening_hours": null, "ways": null, "type": null, "phone": null, "amenity": null, "religion": null, "email": null, "internet_access": null, "name:en": null, "operator": null, "addr:country": null, "tourism": null, "url": null, "addr:district": null, "addr:region": null, "check_date": null, "building": null, "construction": null, "area:highway": null, "brand": null, "contact:phone": null, "contact:website": null, "fuel:diesel": null, "fuel:discount": null, "fuel:octane_92": null, "fuel:octane_95": null, "ref": null, "shop": null, "surface": null, "toilets": null }, "geometry": { "type": "Polygon", "coordinates": [ [ [ 29.6035007, 60.2555495 ], [ 29.6039808, 60.2555941 ], [ 29.6040285, 60.2557093 ], [ 29.6039231, 60.2557132 ], [ 29.6038198, 60.2557006 ], [ 29.6037099, 60.2556606 ], [ 29.6035007, 60.2555495 ] ] ] } },
{ "type": "Feature", "properties": { "element_type": "way", "osmid": 1317427648, "barrier": null, "height": null, "note": null, "description": null, "landuse": "grass", "name": null, "source": null, "industrial": null, "layer": null, "addr:city": null, "official_name": null, "residential": null, "website": null, "old_name": null, "addr:housenumber": null, "addr:street": null, "name:ru": null, "leisure": null, "building:levels": null, "water": null, "place": null, "natural": null, "wood": null, "leaf_cycle": null, "man_made": null, "genus": null, "opening_hours": null, "ways": null, "type": null, "phone": null, "amenity": null, "religion": null, "email": null, "internet_access": null, "name:en": null, "operator": null, "addr:country": null, "tourism": null, "url": null, "addr:district": null, "addr:region": null, "check_date": null, "building": null, "construction": null, "area:highway": null, "brand": null, "contact:phone": null, "contact:website": null, "fuel:diesel": null, "fuel:discount": null, "fuel:octane_92": null, "fuel:octane_95": null, "ref": null, "shop": null, "surface": null, "toilets": null }, "geometry": { "type": "Polygon", "coordinates": [ [ [ 29.6040478, 60.2557984 ], [ 29.6047801, 60.2559887 ], [ 29.6041551, 60.2560485 ], [ 29.6040478, 60.2557984 ] ] ] } },
{ "type": "Feature", "properties": { "element_type": "way", "osmid": 1458074839, "barrier": null, "height": null, "note": null, "description": null, "landuse": "residential", "name": null, "source": null, "industrial": null, "layer": null, "addr:city": null, "official_name": null, "residential": "rural", "website": null, "old_name": null, "addr:housenumber": null, "addr:street": null, "name:ru": null, "leisure": null, "building:levels": null, "water": null, "place": null, "natural": null, "wood": null, "leaf_cycle": null, "man_made": null, "genus": null, "opening_hours": null, "ways": null, "type": null, "phone": null, "amenity": null, "religion": null, "email": null, "internet_access": null, "name:en": null, "operator": null, "addr:country": null, "tourism": null, "url": null, "addr:district": null, "addr:region": null, "check_date": null, "building": null, "construction": null, "area:highway": null, "brand": null, "contact:phone": null, "contact:website": null, "fuel:diesel": null, "fuel:discount": null, "fuel:octane_92": null, "fuel:octane_95": null, "ref": null, "shop": null, "surface": null, "toilets": null }, "geometry": { "type": "Polygon", "coordinates": [ [ [ 29.6015829, 60.2470437 ], [ 29.6019772, 60.2471023 ], [ 29.6021381, 60.2469 ], [ 29.6030769, 60.2471795 ], [ 29.6028918, 60.2475176 ], [ 29.6031037, 60.2486875 ], [ 29.6021783, 60.2486609 ], [ 29.6015722, 60.2486875 ], [ 29.601379, 60.2474909 ], [ 29.6015829, 60.2470437 ] ] ] } },
{ "type": "Feature", "properties": { "element_type": "way", "osmid": 1460970401, "barrier": "fence", "height": null, "note": null, "description": null, "landuse": "residential", "name": null, "source": "Esri", "industrial": null, "layer": null, "addr:city": null, "official_name": null, "residential": null, "website": null, "old_name": null, "addr:housenumber": null, "addr:street": null, "name:ru": null, "leisure": null, "building:levels": null, "water": null, "place": null, "natural": null, "wood": null, "leaf_cycle": null, "man_made": null, "genus": null, "opening_hours": null, "ways": null, "type": null, "phone": null, "amenity": null, "religion": null, "email": null, "internet_access": null, "name:en": null, "operator": null, "addr:country": null, "tourism": null, "url": null, "addr:district": null, "addr:region": null, "check_date": null, "building": null, "construction": null, "area:highway": null, "brand": null, "contact:phone": null, "contact:website": null, "fuel:diesel": null, "fuel:discount": null, "fuel:octane_92": null, "fuel:octane_95": null, "ref": null, "shop": null, "surface": null, "toilets": null }, "geometry": { "type": "Polygon", "coordinates": [ [ [ 29.6612433, 60.2674015 ], [ 29.6615064, 60.2677212 ], [ 29.6620673, 60.2684027 ], [ 29.661314, 60.2684799 ], [ 29.6604287, 60.2685706 ], [ 29.6600765, 60.2681531 ], [ 29.6595615, 60.2681518 ], [ 29.6595722, 60.2678392 ], [ 29.6591082, 60.2678498 ], [ 29.6591243, 60.2676489 ], [ 29.6594569, 60.2676396 ], [ 29.6595559, 60.2676284 ], [ 29.6601006, 60.2675665 ], [ 29.6612433, 60.2674015 ] ] ] } },
{ "type": "Feature", "properties": { "element_type": "way", "osmid": 1461512121, "barrier": null, "height": null, "note": null, "description": null, "landuse": "grass", "name": null, "source": "Esri", "industrial": null, "layer": null, "addr:city": null, "official_name": null, "residential": null, "website": null, "old_name": null, "addr:housenumber": null, "addr:street": null, "name:ru": null, "leisure": null, "building:levels": null, "water": null, "place": null, "natural": null, "wood": null, "leaf_cycle": null, "man_made": null, "genus": null, "opening_hours": null, "ways": null, "type": null, "phone": null, "amenity": null, "religion": null, "email": null, "internet_access": null, "name:en": null, "operator": null, "addr:country": null, "tourism": null, "url": null, "addr:district": null, "addr:region": null, "check_date": null, "building": null, "construction": null, "area:highway": null, "brand": null, "contact:phone": null, "contact:website": null, "fuel:diesel": null, "fuel:discount": null, "fuel:octane_92": null, "fuel:octane_95": null, "ref": null, "shop": null, "surface": null, "toilets": null }, "geometry": { "type": "Polygon", "coordinates": [ [ [ 29.5929086, 60.2551623 ], [ 29.5929623, 60.2552255 ], [ 29.5928214, 60.255288 ], [ 29.5925988, 60.2552082 ], [ 29.5922931, 60.2549533 ], [ 29.5923682, 60.2549354 ], [ 29.5926203, 60.2551576 ], [ 29.5926927, 60.2552002 ], [ 29.5927222, 60.2551856 ], [ 29.5927866, 60.2552188 ], [ 29.5929086, 60.2551623 ] ] ] } },
{ "type": "Feature", "properties": { "element_type": "relation", "osmid": 2203443, "barrier": null, "height": null, "note": null, "description": null, "landuse": "allotments", "name": "СНТ «ЛОМО-1»", "source": null, "industrial": null, "layer": null, "addr:city": "Рощино", "official_name": null, "residential": null, "website": null, "old_name": null, "addr:housenumber": null, "addr:street": null, "name:ru": null, "leisure": null, "building:levels": null, "water": null, "place": "allotments", "natural": null, "wood": null, "leaf_cycle": null, "man_made": null, "genus": null, "opening_hours": null, "type": "multipolygon", "phone": null, "amenity": null, "religion": null, "email": null, "internet_access": null, "name:en": null, "operator": null, "addr:country": null, "tourism": null, "url": null, "addr:district": null, "addr:region": null, "check_date": null, "building": null, "construction": null, "area:highway": null, "brand": null, "contact:phone": null, "contact:website": null, "fuel:diesel": null, "fuel:discount": null, "fuel:octane_92": null, "fuel:octane_95": null, "ref": null, "shop": null, "surface": null, "toilets": null }, "geometry": { "type": "Polygon", "coordinates": [ [ [ 29.5538691, 60.2485198 ], [ 29.5540421, 60.2485265 ], [ 29.5541507, 60.2485944 ], [ 29.5539039, 60.2487701 ], [ 29.5544726, 60.2489551 ], [ 29.5563791, 60.2495233 ], [ 29.5583269, 60.2502475 ], [ 29.5579353, 60.2505323 ], [ 29.5579997, 60.2505549 ], [ 29.5583309, 60.2506635 ], [ 29.5587491, 60.2507881 ], [ 29.558971, 60.2508527 ], [ 29.5592576, 60.2506294 ], [ 29.5596864, 60.2508061 ], [ 29.5600883, 60.25074 ], [ 29.561017, 60.2510308 ], [ 29.5616931, 60.2505089 ], [ 29.5615134, 60.2503646 ], [ 29.5616897, 60.2501838 ], [ 29.5614275, 60.2500358 ], [ 29.561803, 60.2498149 ], [ 29.5624206, 60.2493675 ], [ 29.5624417, 60.2493309 ], [ 29.5624648, 60.2493111 ], [ 29.562838, 60.2489608 ], [ 29.5644792, 60.2477362 ], [ 29.564434, 60.2476709 ], [ 29.5641191, 60.2474297 ], [ 29.5640708, 60.2473824 ], [ 29.5640248, 60.2473503 ], [ 29.5637753, 60.2471764 ], [ 29.5632556, 60.2468079 ], [ 29.5627056, 60.2464134 ], [ 29.5620911, 60.2460103 ], [ 29.5619702, 60.2459437 ], [ 29.5614304, 60.2461343 ], [ 29.5545756, 60.2482375 ], [ 29.5538691, 60.2485198 ] ] ] } },
{ "type": "Feature", "properties": { "element_type": "relation", "osmid": 2244672, "barrier": null, "height": null, "note": null, "description": null, "landuse": "grass", "name": null, "source": null, "industrial": null, "layer": null, "addr:city": null, "official_name": null, "residential": null, "website": null, "old_name": null, "addr:housenumber": null, "addr:street": null, "name:ru": null, "leisure": null, "building:levels": null, "water": null, "place": null, "natural": null, "wood": null, "leaf_cycle": null, "man_made": null, "genus": null, "opening_hours": null, "type": "multipolygon", "phone": null, "amenity": null, "religion": null, "email": null, "internet_access": null, "name:en": null, "operator": null, "addr:country": null, "tourism": null, "url": null, "addr:district": null, "addr:region": null, "check_date": null, "building": null, "construction": null, "area:highway": null, "brand": null, "contact:phone": null, "contact:website": null, "fuel:diesel": null, "fuel:discount": null, "fuel:octane_92": null, "fuel:octane_95": null, "ref": null, "shop": null, "surface": null, "toilets": null }, "geometry": { "type": "Polygon", "coordinates": [ [ [ 29.5734828, 60.2503608 ], [ 29.5739498, 60.2500486 ], [ 29.5742184, 60.2498849 ], [ 29.5743972, 60.2497889 ], [ 29.5744342, 60.249759 ], [ 29.5744432, 60.2497421 ], [ 29.5743086, 60.2498048 ], [ 29.5742539, 60.249769 ], [ 29.5740756, 60.2498243 ], [ 29.5738262, 60.2498483 ], [ 29.573767, 60.2498591 ], [ 29.5734941, 60.2500244 ], [ 29.5733409, 60.2501573 ], [ 29.5733019, 60.2502067 ], [ 29.5732996, 60.2502869 ], [ 29.5733296, 60.250335 ], [ 29.5734197, 60.2503556 ], [ 29.5734828, 60.2503608 ] ] ] } },
{ "type": "Feature", "properties": { "element_type": "relation", "osmid": 2250308, "barrier": "wall", "height": null, "note": null, "description": null, "landuse": "industrial", "name": "компания \"Магия\"", "source": null, "industrial": null, "layer": null, "addr:city": null, "official_name": null, "residential": null, "website": null, "old_name": null, "addr:housenumber": null, "addr:street": null, "name:ru": null, "leisure": null, "building:levels": null, "water": null, "place": null, "natural": null, "wood": null, "leaf_cycle": null, "man_made": null, "genus": null, "opening_hours": null, "type": "multipolygon", "phone": "+7 81378 66706", "amenity": null, "religion": null, "email": null, "internet_access": null, "name:en": null, "operator": null, "addr:country": null, "tourism": null, "url": null, "addr:district": null, "addr:region": null, "check_date": null, "building": null, "construction": null, "area:highway": null, "brand": null, "contact:phone": null, "contact:website": null, "fuel:diesel": null, "fuel:discount": null, "fuel:octane_92": null, "fuel:octane_95": null, "ref": null, "shop": null, "surface": null, "toilets": null }, "geometry": { "type": "Polygon", "coordinates": [ [ [ 29.5790958, 60.2547114 ], [ 29.5789657, 60.2547136 ], [ 29.5785327, 60.2548436 ], [ 29.5793998, 60.255391 ], [ 29.5803165, 60.2550908 ], [ 29.5799391, 60.2549021 ], [ 29.5798491, 60.2548574 ], [ 29.5794147, 60.2546231 ], [ 29.5792535, 60.2546965 ], [ 29.5791945, 60.2546672 ], [ 29.5790958, 60.2547114 ] ] ] } },
{ "type": "Feature", "properties": { "element_type": "relation", "osmid": 2295634, "barrier": null, "height": null, "note": null, "description": null, "landuse": "allotments", "name": null, "source": null, "industrial": null, "layer": null, "addr:city": null, "official_name": null, "residential": null, "website": null, "old_name": null, "addr:housenumber": null, "addr:street": null, "name:ru": null, "leisure": null, "building:levels": null, "water": null, "place": null, "natural": null, "wood": null, "leaf_cycle": null, "man_made": null, "genus": null, "opening_hours": null, "type": "multipolygon", "phone": null, "amenity": null, "religion": null, "email": null, "internet_access": null, "name:en": null, "operator": null, "addr:country": null, "tourism": null, "url": null, "addr:district": null, "addr:region": null, "check_date": null, "building": null, "construction": null, "area:highway": null, "brand": null, "contact:phone": null, "contact:website": null, "fuel:diesel": null, "fuel:discount": null, "fuel:octane_92": null, "fuel:octane_95": null, "ref": null, "shop": null, "surface": null, "toilets": null }, "geometry": { "type": "Polygon", "coordinates": [ [ [ 29.6251132, 60.2403401 ], [ 29.6257441, 60.2409564 ], [ 29.6278091, 60.2401231 ], [ 29.6268805, 60.2395102 ], [ 29.6268423, 60.239485 ], [ 29.6258141, 60.239914 ], [ 29.6251132, 60.2403401 ] ] ] } },
{ "type": "Feature", "properties": { "element_type": "relation", "osmid": 2295635, "barrier": null, "height": null, "note": null, "description": null, "landuse": "allotments", "name": null, "source": null, "industrial": null, "layer": null, "addr:city": null, "official_name": null, "residential": null, "website": null, "old_name": null, "addr:housenumber": null, "addr:street": null, "name:ru": null, "leisure": null, "building:levels": null, "water": null, "place": null, "natural": null, "wood": null, "leaf_cycle": null, "man_made": null, "genus": null, "opening_hours": null, "type": "multipolygon", "phone": null, "amenity": null, "religion": null, "email": null, "internet_access": null, "name:en": null, "operator": null, "addr:country": null, "tourism": null, "url": null, "addr:district": null, "addr:region": null, "check_date": null, "building": null, "construction": null, "area:highway": null, "brand": null, "contact:phone": null, "contact:website": null, "fuel:diesel": null, "fuel:discount": null, "fuel:octane_92": null, "fuel:octane_95": null, "ref": null, "shop": null, "surface": null, "toilets": null }, "geometry": { "type": "Polygon", "coordinates": [ [ [ 29.6265152, 60.2416269 ], [ 29.6267359, 60.2417094 ], [ 29.6279541, 60.2416211 ], [ 29.628564, 60.241601 ], [ 29.62913, 60.2414572 ], [ 29.6296481, 60.2413368 ], [ 29.6287963, 60.2407746 ], [ 29.6265152, 60.2416269 ] ] ] } },
{ "type": "Feature", "properties": { "element_type": "relation", "osmid": 2295636, "barrier": null, "height": null, "note": null, "description": null, "landuse": "allotments", "name": null, "source": null, "industrial": null, "layer": null, "addr:city": null, "official_name": null, "residential": null, "website": null, "old_name": null, "addr:housenumber": null, "addr:street": null, "name:ru": null, "leisure": null, "building:levels": null, "water": null, "place": null, "natural": null, "wood": null, "leaf_cycle": null, "man_made": null, "genus": null, "opening_hours": null, "type": "multipolygon", "phone": null, "amenity": null, "religion": null, "email": null, "internet_access": null, "name:en": null, "operator": null, "addr:country": null, "tourism": null, "url": null, "addr:district": null, "addr:region": null, "check_date": null, "building": null, "construction": null, "area:highway": null, "brand": null, "contact:phone": null, "contact:website": null, "fuel:diesel": null, "fuel:discount": null, "fuel:octane_92": null, "fuel:octane_95": null, "ref": null, "shop": null, "surface": null, "toilets": null }, "geometry": { "type": "Polygon", "coordinates": [ [ [ 29.6257887, 60.2410046 ], [ 29.6261028, 60.2412936 ], [ 29.6264741, 60.241602 ], [ 29.6287489, 60.2407434 ], [ 29.6278577, 60.2401552 ], [ 29.6257887, 60.2410046 ] ] ] } },
{ "type": "Feature", "properties": { "element_type": "relation", "osmid": 2295637, "barrier": null, "height": null, "note": null, "description": null, "landuse": "allotments", "name": null, "source": null, "industrial": null, "layer": null, "addr:city": null, "official_name": null, "residential": null, "website": null, "old_name": null, "addr:housenumber": null, "addr:street": null, "name:ru": null, "leisure": null, "building:levels": null, "water": null, "place": null, "natural": null, "wood": null, "leaf_cycle": null, "man_made": null, "genus": null, "opening_hours": null, "type": "multipolygon", "phone": null, "amenity": null, "religion": null, "email": null, "internet_access": null, "name:en": null, "operator": null, "addr:country": null, "tourism": null, "url": null, "addr:district": null, "addr:region": null, "check_date": null, "building": null, "construction": null, "area:highway": null, "brand": null, "contact:phone": null, "contact:website": null, "fuel:diesel": null, "fuel:discount": null, "fuel:octane_92": null, "fuel:octane_95": null, "ref": null, "shop": null, "surface": null, "toilets": null }, "geometry": { "type": "Polygon", "coordinates": [ [ [ 29.6269086, 60.2394622 ], [ 29.6278684, 60.2400991 ], [ 29.6286119, 60.2397991 ], [ 29.628649, 60.2398291 ], [ 29.6279019, 60.2401225 ], [ 29.6288015, 60.2407207 ], [ 29.63073, 60.2399014 ], [ 29.6302756, 60.2397631 ], [ 29.6290829, 60.239247 ], [ 29.6277392, 60.2391193 ], [ 29.6269086, 60.2394622 ] ] ] } },
{ "type": "Feature", "properties": { "element_type": "relation", "osmid": 2295638, "barrier": null, "height": null, "note": null, "description": null, "landuse": "allotments", "name": null, "source": null, "industrial": null, "layer": null, "addr:city": null, "official_name": null, "residential": null, "website": null, "old_name": null, "addr:housenumber": null, "addr:street": null, "name:ru": null, "leisure": null, "building:levels": null, "water": null, "place": null, "natural": null, "wood": null, "leaf_cycle": null, "man_made": null, "genus": null, "opening_hours": null, "type": "multipolygon", "phone": null, "amenity": null, "religion": null, "email": null, "internet_access": null, "name:en": null, "operator": null, "addr:country": null, "tourism": null, "url": null, "addr:district": null, "addr:region": null, "check_date": null, "building": null, "construction": null, "area:highway": null, "brand": null, "contact:phone": null, "contact:website": null, "fuel:diesel": null, "fuel:discount": null, "fuel:octane_92": null, "fuel:octane_95": null, "ref": null, "shop": null, "surface": null, "toilets": null }, "geometry": { "type": "Polygon", "coordinates": [ [ [ 29.6297025, 60.2413197 ], [ 29.6318794, 60.2404103 ], [ 29.631155, 60.2400307 ], [ 29.6308419, 60.2399354 ], [ 29.6302656, 60.2401718 ], [ 29.6299246, 60.2403117 ], [ 29.6288496, 60.2407526 ], [ 29.6297025, 60.2413197 ] ] ] } },
{ "type": "Feature", "properties": { "element_type": "relation", "osmid": 2327034, "barrier": null, "height": null, "note": null, "description": null, "landuse": "allotments", "name": null, "source": null, "industrial": null, "layer": null, "addr:city": null, "official_name": null, "residential": null, "website": null, "old_name": null, "addr:housenumber": null, "addr:street": null, "name:ru": null, "leisure": null, "building:levels": null, "water": null, "place": null, "natural": null, "wood": null, "leaf_cycle": null, "man_made": null, "genus": null, "opening_hours": null, "type": "multipolygon", "phone": null, "amenity": null, "religion": null, "email": null, "internet_access": null, "name:en": null, "operator": null, "addr:country": null, "tourism": null, "url": null, "addr:district": null, "addr:region": null, "check_date": null, "building": null, "construction": null, "area:highway": null, "brand": null, "contact:phone": null, "contact:website": null, "fuel:diesel": null, "fuel:discount": null, "fuel:octane_92": null, "fuel:octane_95": null, "ref": null, "shop": null, "surface": null, "toilets": null }, "geometry": { "type": "Polygon", "coordinates": [ [ [ 29.5929448, 60.2596011 ], [ 29.5931571, 60.2596877 ], [ 29.5938465, 60.2597122 ], [ 29.5935759, 60.259415 ], [ 29.593384, 60.259148 ], [ 29.592936, 60.2593284 ], [ 29.5929448, 60.2596011 ] ] ] } },
{ "type": "Feature", "properties": { "element_type": "relation", "osmid": 2396744, "barrier": null, "height": null, "note": null, "description": null, "landuse": "residential", "name": null, "source": null, "industrial": null, "layer": null, "addr:city": null, "official_name": null, "residential": "urban", "website": null, "old_name": null, "addr:housenumber": null, "addr:street": null, "name:ru": null, "leisure": null, "building:levels": null, "water": null, "place": null, "natural": null, "wood": null, "leaf_cycle": null, "man_made": null, "genus": null, "opening_hours": null, "type": "multipolygon", "phone": null, "amenity": null, "religion": null, "email": null, "internet_access": null, "name:en": null, "operator": null, "addr:country": null, "tourism": null, "url": null, "addr:district": null, "addr:region": null, "check_date": null, "building": null, "construction": null, "area:highway": null, "brand": null, "contact:phone": null, "contact:website": null, "fuel:diesel": null, "fuel:discount": null, "fuel:octane_92": null, "fuel:octane_95": null, "ref": null, "shop": null, "surface": null, "toilets": null }, "geometry": { "type": "Polygon", "coordinates": [ [ [ 29.626455, 60.2485052 ], [ 29.6281154, 60.249184 ], [ 29.6282427, 60.2491708 ], [ 29.628712, 60.2488678 ], [ 29.6295819, 60.2492257 ], [ 29.6296321, 60.2492173 ], [ 29.6308498, 60.248499 ], [ 29.6298048, 60.2480636 ], [ 29.629909, 60.247987 ], [ 29.6301534, 60.2478249 ], [ 29.6303549, 60.2477918 ], [ 29.630748, 60.2478766 ], [ 29.6315249, 60.247402 ], [ 29.6301141, 60.246645 ], [ 29.6288537, 60.2461002 ], [ 29.6285558, 60.2459675 ], [ 29.6284975, 60.2459689 ], [ 29.6283473, 60.2461386 ], [ 29.6282507, 60.2462817 ], [ 29.6282172, 60.2462803 ], [ 29.6280676, 60.2464326 ], [ 29.6278323, 60.2468821 ], [ 29.6276233, 60.2471324 ], [ 29.6264946, 60.2475043 ], [ 29.6251807, 60.2479173 ], [ 29.6251257, 60.2479508 ], [ 29.6251543, 60.2479956 ], [ 29.626455, 60.2485052 ] ], [ [ 29.6271879, 60.2476556 ], [ 29.6273924, 60.2477484 ], [ 29.6272182, 60.2478612 ], [ 29.6275465, 60.2479953 ], [ 29.6277788, 60.2478662 ], [ 29.6279683, 60.2479464 ], [ 29.6277687, 60.2480617 ], [ 29.6281228, 60.2482038 ], [ 29.628317, 60.2480877 ], [ 29.6284607, 60.2481507 ], [ 29.6280819, 60.2485906 ], [ 29.6263052, 60.2478751 ], [ 29.6265463, 60.2477687 ], [ 29.6266588, 60.2477873 ], [ 29.6268347, 60.2476862 ], [ 29.6270262, 60.2477634 ], [ 29.6271879, 60.2476556 ] ], [ [ 29.6277257, 60.2470804 ], [ 29.6290473, 60.2476373 ], [ 29.6289387, 60.24771 ], [ 29.6290982, 60.2477722 ], [ 29.6288874, 60.2479275 ], [ 29.6287267, 60.2478498 ], [ 29.6289016, 60.2477433 ], [ 29.6275507, 60.2471728 ], [ 29.6277257, 60.2470804 ] ] ] } },
{ "type": "Feature", "properties": { "element_type": "relation", "osmid": 2404471, "barrier": null, "height": null, "note": null, "description": null, "landuse": "residential", "name": null, "source": null, "industrial": null, "layer": null, "addr:city": null, "official_name": null, "residential": "rural", "website": null, "old_name": null, "addr:housenumber": null, "addr:street": null, "name:ru": null, "leisure": null, "building:levels": null, "water": null, "place": null, "natural": null, "wood": null, "leaf_cycle": null, "man_made": null, "genus": null, "opening_hours": null, "type": "multipolygon", "phone": null, "amenity": null, "religion": null, "email": null, "internet_access": null, "name:en": null, "operator": null, "addr:country": null, "tourism": null, "url": null, "addr:district": null, "addr:region": null, "check_date": null, "building": null, "construction": null, "area:highway": null, "brand": null, "contact:phone": null, "contact:website": null, "fuel:diesel": null, "fuel:discount": null, "fuel:octane_92": null, "fuel:octane_95": null, "ref": null, "shop": null, "surface": null, "toilets": null }, "geometry": { "type": "Polygon", "coordinates": [ [ [ 29.6146605, 60.2539708 ], [ 29.6145371, 60.2539967 ], [ 29.6141075, 60.254133 ], [ 29.6140935, 60.2542263 ], [ 29.6142375, 60.2545009 ], [ 29.6143931, 60.254795 ], [ 29.6144934, 60.254968 ], [ 29.6146238, 60.2551929 ], [ 29.6147581, 60.2554372 ], [ 29.6153688, 60.2553568 ], [ 29.6159264, 60.2552733 ], [ 29.6162545, 60.2554113 ], [ 29.6169277, 60.255268 ], [ 29.6168175, 60.2549813 ], [ 29.6166891, 60.2547005 ], [ 29.6165917, 60.2544494 ], [ 29.6165644, 60.2542926 ], [ 29.6164276, 60.2541076 ], [ 29.6163187, 60.2540051 ], [ 29.6160801, 60.2538101 ], [ 29.6156397, 60.2535711 ], [ 29.6155639, 60.2536126 ], [ 29.6150842, 60.253847 ], [ 29.6147563, 60.2539471 ], [ 29.6146605, 60.2539708 ] ] ] } },
{ "type": "Feature", "properties": { "element_type": "relation", "osmid": 2410271, "barrier": null, "height": null, "note": null, "description": null, "landuse": "allotments", "name": null, "source": null, "industrial": null, "layer": null, "addr:city": null, "official_name": null, "residential": null, "website": null, "old_name": null, "addr:housenumber": null, "addr:street": null, "name:ru": null, "leisure": null, "building:levels": null, "water": null, "place": null, "natural": null, "wood": null, "leaf_cycle": null, "man_made": null, "genus": null, "opening_hours": null, "type": "multipolygon", "phone": null, "amenity": null, "religion": null, "email": null, "internet_access": null, "name:en": null, "operator": null, "addr:country": null, "tourism": null, "url": null, "addr:district": null, "addr:region": null, "check_date": null, "building": null, "construction": null, "area:highway": null, "brand": null, "contact:phone": null, "contact:website": null, "fuel:diesel": null, "fuel:discount": null, "fuel:octane_92": null, "fuel:octane_95": null, "ref": null, "shop": null, "surface": null, "toilets": null }, "geometry": { "type": "Polygon", "coordinates": [ [ [ 29.6299486, 60.245672 ], [ 29.6303563, 60.2457758 ], [ 29.6308233, 60.2458948 ], [ 29.6307601, 60.2461226 ], [ 29.6306746, 60.2461167 ], [ 29.6306111, 60.2463455 ], [ 29.6307298, 60.2463544 ], [ 29.630656, 60.2465961 ], [ 29.6306163, 60.2467392 ], [ 29.6308811, 60.2469523 ], [ 29.6310979, 60.2470916 ], [ 29.6314125, 60.2472375 ], [ 29.6315727, 60.247278 ], [ 29.6318489, 60.247069 ], [ 29.6316722, 60.2467316 ], [ 29.631948, 60.2464003 ], [ 29.632144, 60.2464168 ], [ 29.6322808, 60.2463635 ], [ 29.6325034, 60.2464274 ], [ 29.6326139, 60.2462019 ], [ 29.6317082, 60.2456822 ], [ 29.6314559, 60.2455613 ], [ 29.6311203, 60.2452053 ], [ 29.6307385, 60.2450896 ], [ 29.6299716, 60.2455972 ], [ 29.6299486, 60.245672 ] ] ] } },
{ "type": "Feature", "properties": { "element_type": "relation", "osmid": 2410274, "barrier": null, "height": null, "note": null, "description": null, "landuse": "residential", "name": null, "source": null, "industrial": null, "layer": null, "addr:city": null, "official_name": null, "residential": "rural", "website": null, "old_name": null, "addr:housenumber": null, "addr:street": null, "name:ru": null, "leisure": null, "building:levels": null, "water": null, "place": null, "natural": null, "wood": null, "leaf_cycle": null, "man_made": null, "genus": null, "opening_hours": null, "type": "multipolygon", "phone": null, "amenity": null, "religion": null, "email": null, "internet_access": null, "name:en": null, "operator": null, "addr:country": null, "tourism": null, "url": null, "addr:district": null, "addr:region": null, "check_date": null, "building": null, "construction": null, "area:highway": null, "brand": null, "contact:phone": null, "contact:website": null, "fuel:diesel": null, "fuel:discount": null, "fuel:octane_92": null, "fuel:octane_95": null, "ref": null, "shop": null, "surface": null, "toilets": null }, "geometry": { "type": "Polygon", "coordinates": [ [ [ 29.6377732, 60.2436347 ], [ 29.6371623, 60.2438579 ], [ 29.6386681, 60.2446993 ], [ 29.6395063, 60.2441094 ], [ 29.6385971, 60.2436158 ], [ 29.6377732, 60.2436347 ] ] ] } },
{ "type": "Feature", "properties": { "element_type": "relation", "osmid": 2410275, "barrier": null, "height": null, "note": null, "description": null, "landuse": "residential", "name": null, "source": null, "industrial": null, "layer": null, "addr:city": null, "official_name": null, "residential": "rural", "website": null, "old_name": null, "addr:housenumber": null, "addr:street": null, "name:ru": null, "leisure": null, "building:levels": null, "water": null, "place": null, "natural": null, "wood": null, "leaf_cycle": null, "man_made": null, "genus": null, "opening_hours": null, "type": "multipolygon", "phone": null, "amenity": null, "religion": null, "email": null, "internet_access": null, "name:en": null, "operator": null, "addr:country": null, "tourism": null, "url": null, "addr:district": null, "addr:region": null, "check_date": null, "building": null, "construction": null, "area:highway": null, "brand": null, "contact:phone": null, "contact:website": null, "fuel:diesel": null, "fuel:discount": null, "fuel:octane_92": null, "fuel:octane_95": null, "ref": null, "shop": null, "surface": null, "toilets": null }, "geometry": { "type": "Polygon", "coordinates": [ [ [ 29.6302262, 60.244645 ], [ 29.6306004, 60.2448123 ], [ 29.6308206, 60.2450235 ], [ 29.6307385, 60.2450896 ], [ 29.6311203, 60.2452053 ], [ 29.6314559, 60.2455613 ], [ 29.6317082, 60.2456822 ], [ 29.6326139, 60.2462019 ], [ 29.6327998, 60.2461739 ], [ 29.6329917, 60.2464168 ], [ 29.6332205, 60.2465992 ], [ 29.6332736, 60.2465849 ], [ 29.6335829, 60.2467733 ], [ 29.6339571, 60.2466458 ], [ 29.6341047, 60.2467136 ], [ 29.6343809, 60.2466896 ], [ 29.634499, 60.2467722 ], [ 29.6343005, 60.2468134 ], [ 29.6341556, 60.2467668 ], [ 29.6338928, 60.246864 ], [ 29.6343675, 60.2471475 ], [ 29.6356738, 60.2467083 ], [ 29.6356577, 60.2465712 ], [ 29.6355075, 60.2465033 ], [ 29.634853, 60.2467362 ], [ 29.6346572, 60.2465712 ], [ 29.6352741, 60.2463622 ], [ 29.6354967, 60.2463209 ], [ 29.6353224, 60.2460867 ], [ 29.6357623, 60.2459682 ], [ 29.6360654, 60.2461266 ], [ 29.6367942, 60.2461003 ], [ 29.6371254, 60.2460853 ], [ 29.6377015, 60.2457499 ], [ 29.6378385, 60.2456893 ], [ 29.6382199, 60.2456185 ], [ 29.6385006, 60.245561 ], [ 29.6385355, 60.2454014 ], [ 29.6380609, 60.2451868 ], [ 29.6384016, 60.2451189 ], [ 29.6383238, 60.2450084 ], [ 29.637508, 60.2443608 ], [ 29.6369161, 60.2442316 ], [ 29.6366225, 60.244053 ], [ 29.6356565, 60.2438861 ], [ 29.6354624, 60.2436017 ], [ 29.633721, 60.2435862 ], [ 29.6334985, 60.2436466 ], [ 29.6329929, 60.2438117 ], [ 29.6321681, 60.2440793 ], [ 29.6320581, 60.2440926 ], [ 29.631629, 60.2442177 ], [ 29.6302262, 60.244645 ] ] ] } },
{ "type": "Feature", "properties": { "element_type": "relation", "osmid": 2412394, "barrier": null, "height": null, "note": null, "description": null, "landuse": "allotments", "name": null, "source": null, "industrial": null, "layer": null, "addr:city": null, "official_name": null, "residential": null, "website": null, "old_name": null, "addr:housenumber": null, "addr:street": null, "name:ru": null, "leisure": null, "building:levels": null, "water": null, "place": null, "natural": null, "wood": null, "leaf_cycle": null, "man_made": null, "genus": null, "opening_hours": null, "type": "multipolygon", "phone": null, "amenity": null, "religion": null, "email": null, "internet_access": null, "name:en": null, "operator": null, "addr:country": null, "tourism": null, "url": null, "addr:district": null, "addr:region": null, "check_date": null, "building": null, "construction": null, "area:highway": null, "brand": null, "contact:phone": null, "contact:website": null, "fuel:diesel": null, "fuel:discount": null, "fuel:octane_92": null, "fuel:octane_95": null, "ref": null, "shop": null, "surface": null, "toilets": null }, "geometry": { "type": "Polygon", "coordinates": [ [ [ 29.6076154, 60.2553542 ], [ 29.6076516, 60.2554106 ], [ 29.6075284, 60.2554399 ], [ 29.6076519, 60.2555373 ], [ 29.6075811, 60.2555494 ], [ 29.6075547, 60.2555313 ], [ 29.6075284, 60.2555413 ], [ 29.6075385, 60.2555584 ], [ 29.607498, 60.2555735 ], [ 29.6074859, 60.2555624 ], [ 29.6073664, 60.2555946 ], [ 29.6073745, 60.2556157 ], [ 29.6073117, 60.2556318 ], [ 29.6072915, 60.2556187 ], [ 29.6072323, 60.255639 ], [ 29.607255, 60.2556599 ], [ 29.6070788, 60.2556921 ], [ 29.607093, 60.2557061 ], [ 29.6070201, 60.2557232 ], [ 29.6071112, 60.2557614 ], [ 29.6071457, 60.2557503 ], [ 29.6071943, 60.2557353 ], [ 29.6072753, 60.2557182 ], [ 29.607332, 60.2557795 ], [ 29.6073835, 60.2558357 ], [ 29.6075067, 60.2558321 ], [ 29.6077742, 60.2558036 ], [ 29.6080297, 60.2557838 ], [ 29.6080294, 60.2557039 ], [ 29.607884, 60.2557284 ], [ 29.60781, 60.2556204 ], [ 29.6084696, 60.2554789 ], [ 29.6083733, 60.2553765 ], [ 29.6081797, 60.2554106 ], [ 29.6081428, 60.2554733 ], [ 29.6079588, 60.2555011 ], [ 29.607794, 60.2553193 ], [ 29.6076154, 60.2553542 ] ] ] } },
{ "type": "Feature", "properties": { "element_type": "relation", "osmid": 2412395, "barrier": null, "height": null, "note": null, "description": null, "landuse": "allotments", "name": null, "source": null, "industrial": null, "layer": null, "addr:city": null, "official_name": null, "residential": null, "website": null, "old_name": null, "addr:housenumber": null, "addr:street": null, "name:ru": null, "leisure": null, "building:levels": null, "water": null, "place": null, "natural": null, "wood": null, "leaf_cycle": null, "man_made": null, "genus": null, "opening_hours": null, "type": "multipolygon", "phone": null, "amenity": null, "religion": null, "email": null, "internet_access": null, "name:en": null, "operator": null, "addr:country": null, "tourism": null, "url": null, "addr:district": null, "addr:region": null, "check_date": null, "building": null, "construction": null, "area:highway": null, "brand": null, "contact:phone": null, "contact:website": null, "fuel:diesel": null, "fuel:discount": null, "fuel:octane_92": null, "fuel:octane_95": null, "ref": null, "shop": null, "surface": null, "toilets": null }, "geometry": { "type": "Polygon", "coordinates": [ [ [ 29.6084386, 60.2553437 ], [ 29.6085792, 60.2554623 ], [ 29.6093182, 60.2553567 ], [ 29.6094168, 60.2554972 ], [ 29.6097561, 60.2553889 ], [ 29.6100421, 60.2553594 ], [ 29.6100587, 60.2553386 ], [ 29.6104689, 60.2552719 ], [ 29.6105239, 60.2554006 ], [ 29.6108949, 60.2553293 ], [ 29.6109178, 60.2553658 ], [ 29.6111423, 60.2553672 ], [ 29.6114483, 60.2553249 ], [ 29.6115818, 60.2553064 ], [ 29.6115559, 60.2552811 ], [ 29.611679, 60.2552731 ], [ 29.6116233, 60.2552249 ], [ 29.6120146, 60.2551977 ], [ 29.6116911, 60.2549561 ], [ 29.6113991, 60.2550273 ], [ 29.6113139, 60.2550465 ], [ 29.6111934, 60.2550663 ], [ 29.6109612, 60.2551104 ], [ 29.6107977, 60.2551304 ], [ 29.6105614, 60.2551594 ], [ 29.6104326, 60.2551751 ], [ 29.6102089, 60.2552025 ], [ 29.6100647, 60.2551407 ], [ 29.6096017, 60.2552491 ], [ 29.6093637, 60.2550545 ], [ 29.6090177, 60.2551504 ], [ 29.609096, 60.2552217 ], [ 29.6084386, 60.2553437 ] ] ] } },
{ "type": "Feature", "properties": { "element_type": "relation", "osmid": 2412396, "barrier": null, "height": null, "note": null, "description": null, "landuse": "allotments", "name": null, "source": null, "industrial": null, "layer": null, "addr:city": null, "official_name": null, "residential": null, "website": null, "old_name": null, "addr:housenumber": null, "addr:street": null, "name:ru": null, "leisure": null, "building:levels": null, "water": null, "place": null, "natural": null, "wood": null, "leaf_cycle": null, "man_made": null, "genus": null, "opening_hours": null, "type": "multipolygon", "phone": null, "amenity": null, "religion": null, "email": null, "internet_access": null, "name:en": null, "operator": null, "addr:country": null, "tourism": null, "url": null, "addr:district": null, "addr:region": null, "check_date": null, "building": null, "construction": null, "area:highway": null, "brand": null, "contact:phone": null, "contact:website": null, "fuel:diesel": null, "fuel:discount": null, "fuel:octane_92": null, "fuel:octane_95": null, "ref": null, "shop": null, "surface": null, "toilets": null }, "geometry": { "type": "Polygon", "coordinates": [ [ [ 29.611853, 60.2550099 ], [ 29.6121158, 60.2551973 ], [ 29.6127761, 60.2550294 ], [ 29.6129637, 60.2552951 ], [ 29.6130957, 60.2552703 ], [ 29.6130836, 60.2552305 ], [ 29.6129268, 60.2549346 ], [ 29.613149, 60.2549056 ], [ 29.6127113, 60.254734 ], [ 29.6126616, 60.2547593 ], [ 29.6126183, 60.2547694 ], [ 29.612392, 60.2548222 ], [ 29.611885, 60.2549598 ], [ 29.611853, 60.2550099 ] ] ] } },
{ "type": "Feature", "properties": { "element_type": "relation", "osmid": 2412397, "barrier": null, "height": null, "note": null, "description": null, "landuse": "residential", "name": null, "source": null, "industrial": null, "layer": null, "addr:city": null, "official_name": null, "residential": "rural", "website": null, "old_name": null, "addr:housenumber": null, "addr:street": null, "name:ru": null, "leisure": null, "building:levels": null, "water": null, "place": null, "natural": null, "wood": null, "leaf_cycle": null, "man_made": null, "genus": null, "opening_hours": null, "type": "multipolygon", "phone": null, "amenity": null, "religion": null, "email": null, "internet_access": null, "name:en": null, "operator": null, "addr:country": null, "tourism": null, "url": null, "addr:district": null, "addr:region": null, "check_date": null, "building": null, "construction": null, "area:highway": null, "brand": null, "contact:phone": null, "contact:website": null, "fuel:diesel": null, "fuel:discount": null, "fuel:octane_92": null, "fuel:octane_95": null, "ref": null, "shop": null, "surface": null, "toilets": null }, "geometry": { "type": "Polygon", "coordinates": [ [ [ 29.6084386, 60.2553437 ], [ 29.609096, 60.2552217 ], [ 29.6090177, 60.2551504 ], [ 29.6093637, 60.2550545 ], [ 29.6096017, 60.2552491 ], [ 29.6100647, 60.2551407 ], [ 29.6102089, 60.2552025 ], [ 29.6104326, 60.2551751 ], [ 29.6105614, 60.2551594 ], [ 29.6107977, 60.2551304 ], [ 29.6109612, 60.2551104 ], [ 29.6111934, 60.2550663 ], [ 29.6113139, 60.2550465 ], [ 29.6113991, 60.2550273 ], [ 29.6116911, 60.2549561 ], [ 29.6113582, 60.2546839 ], [ 29.6112536, 60.2547151 ], [ 29.6111355, 60.2545775 ], [ 29.6110526, 60.2545512 ], [ 29.6106035, 60.2546279 ], [ 29.6102038, 60.2546863 ], [ 29.6097534, 60.2547595 ], [ 29.6096245, 60.2547431 ], [ 29.6082198, 60.2549999 ], [ 29.6084386, 60.2553437 ] ] ] } },
{ "type": "Feature", "properties": { "element_type": "relation", "osmid": 2412398, "barrier": null, "height": null, "note": null, "description": null, "landuse": "residential", "name": null, "source": null, "industrial": null, "layer": null, "addr:city": null, "official_name": null, "residential": "rural", "website": null, "old_name": null, "addr:housenumber": null, "addr:street": null, "name:ru": null, "leisure": null, "building:levels": null, "water": null, "place": null, "natural": null, "wood": null, "leaf_cycle": null, "man_made": null, "genus": null, "opening_hours": null, "type": "multipolygon", "phone": null, "amenity": null, "religion": null, "email": null, "internet_access": null, "name:en": null, "operator": null, "addr:country": null, "tourism": null, "url": null, "addr:district": null, "addr:region": null, "check_date": null, "building": null, "construction": null, "area:highway": null, "brand": null, "contact:phone": null, "contact:website": null, "fuel:diesel": null, "fuel:discount": null, "fuel:octane_92": null, "fuel:octane_95": null, "ref": null, "shop": null, "surface": null, "toilets": null }, "geometry": { "type": "Polygon", "coordinates": [ [ [ 29.6121158, 60.2551973 ], [ 29.6124534, 60.2554202 ], [ 29.6129637, 60.2552951 ], [ 29.6127761, 60.2550294 ], [ 29.6121158, 60.2551973 ] ] ] } },
{ "type": "Feature", "properties": { "element_type": "relation", "osmid": 2412399, "barrier": null, "height": null, "note": null, "description": null, "landuse": "residential", "name": null, "source": null, "industrial": null, "layer": null, "addr:city": null, "official_name": null, "residential": "urban", "website": null, "old_name": null, "addr:housenumber": null, "addr:street": null, "name:ru": null, "leisure": null, "building:levels": null, "water": null, "place": null, "natural": null, "wood": null, "leaf_cycle": null, "man_made": null, "genus": null, "opening_hours": null, "type": "multipolygon", "phone": null, "amenity": null, "religion": null, "email": null, "internet_access": null, "name:en": null, "operator": null, "addr:country": null, "tourism": null, "url": null, "addr:district": null, "addr:region": null, "check_date": null, "building": null, "construction": null, "area:highway": null, "brand": null, "contact:phone": null, "contact:website": null, "fuel:diesel": null, "fuel:discount": null, "fuel:octane_92": null, "fuel:octane_95": null, "ref": null, "shop": null, "surface": null, "toilets": null }, "geometry": { "type": "Polygon", "coordinates": [ [ [ 29.6127113, 60.254734 ], [ 29.613149, 60.2549056 ], [ 29.6129268, 60.2549346 ], [ 29.6130836, 60.2552305 ], [ 29.6130957, 60.2552703 ], [ 29.6131117, 60.2553014 ], [ 29.6139545, 60.2551925 ], [ 29.6138954, 60.2549523 ], [ 29.6141174, 60.2549127 ], [ 29.613857, 60.2545066 ], [ 29.6134475, 60.2545879 ], [ 29.6130683, 60.2546631 ], [ 29.6127113, 60.254734 ] ] ] } },
{ "type": "Feature", "properties": { "element_type": "relation", "osmid": 2412400, "barrier": null, "height": null, "note": null, "description": null, "landuse": "residential", "name": null, "source": null, "industrial": null, "layer": null, "addr:city": null, "official_name": null, "residential": "rural", "website": null, "old_name": null, "addr:housenumber": null, "addr:street": null, "name:ru": null, "leisure": null, "building:levels": null, "water": null, "place": null, "natural": null, "wood": null, "leaf_cycle": null, "man_made": null, "genus": null, "opening_hours": null, "type": "multipolygon", "phone": null, "amenity": null, "religion": null, "email": null, "internet_access": null, "name:en": null, "operator": null, "addr:country": null, "tourism": null, "url": null, "addr:district": null, "addr:region": null, "check_date": null, "building": null, "construction": null, "area:highway": null, "brand": null, "contact:phone": null, "contact:website": null, "fuel:diesel": null, "fuel:discount": null, "fuel:octane_92": null, "fuel:octane_95": null, "ref": null, "shop": null, "surface": null, "toilets": null }, "geometry": { "type": "Polygon", "coordinates": [ [ [ 29.607537, 60.2552822 ], [ 29.6076154, 60.2553542 ], [ 29.607794, 60.2553193 ], [ 29.6079588, 60.2555011 ], [ 29.6081428, 60.2554733 ], [ 29.6081797, 60.2554106 ], [ 29.6083733, 60.2553765 ], [ 29.608106, 60.2550208 ], [ 29.6076858, 60.2551341 ], [ 29.6074513, 60.2551851 ], [ 29.607537, 60.2552822 ] ] ] } },
{ "type": "Feature", "properties": { "element_type": "relation", "osmid": 2412401, "barrier": null, "height": null, "note": null, "description": null, "landuse": "residential", "name": null, "source": null, "industrial": null, "layer": null, "addr:city": null, "official_name": null, "residential": "rural", "website": null, "old_name": null, "addr:housenumber": null, "addr:street": null, "name:ru": null, "leisure": null, "building:levels": null, "water": null, "place": null, "natural": null, "wood": null, "leaf_cycle": null, "man_made": null, "genus": null, "opening_hours": null, "type": "multipolygon", "phone": null, "amenity": null, "religion": null, "email": null, "internet_access": null, "name:en": null, "operator": null, "addr:country": null, "tourism": null, "url": null, "addr:district": null, "addr:region": null, "check_date": null, "building": null, "construction": null, "area:highway": null, "brand": null, "contact:phone": null, "contact:website": null, "fuel:diesel": null, "fuel:discount": null, "fuel:octane_92": null, "fuel:octane_95": null, "ref": null, "shop": null, "surface": null, "toilets": null }, "geometry": { "type": "Polygon", "coordinates": [ [ [ 29.6116057, 60.2544468 ], [ 29.6112663, 60.2544941 ], [ 29.6117863, 60.2549552 ], [ 29.611853, 60.2550099 ], [ 29.611885, 60.2549598 ], [ 29.612392, 60.2548222 ], [ 29.6126183, 60.2547694 ], [ 29.6126616, 60.2547593 ], [ 29.6127113, 60.254734 ], [ 29.6130683, 60.2546631 ], [ 29.6134475, 60.2545879 ], [ 29.613857, 60.2545066 ], [ 29.6136543, 60.2541609 ], [ 29.6136227, 60.2541421 ], [ 29.6131754, 60.2542021 ], [ 29.6127771, 60.2542567 ], [ 29.6123015, 60.2543339 ], [ 29.6118464, 60.2544078 ], [ 29.6116057, 60.2544468 ] ] ] } },
{ "type": "Feature", "properties": { "element_type": "relation", "osmid": 2412437, "barrier": null, "height": null, "note": null, "description": null, "landuse": "residential", "name": null, "source": null, "industrial": null, "layer": null, "addr:city": null, "official_name": null, "residential": "urban", "website": null, "old_name": null, "addr:housenumber": null, "addr:street": null, "name:ru": null, "leisure": null, "building:levels": null, "water": null, "place": null, "natural": null, "wood": null, "leaf_cycle": null, "man_made": null, "genus": null, "opening_hours": null, "type": "multipolygon", "phone": null, "amenity": null, "religion": null, "email": null, "internet_access": null, "name:en": null, "operator": null, "addr:country": null, "tourism": null, "url": null, "addr:district": null, "addr:region": null, "check_date": null, "building": null, "construction": null, "area:highway": null, "brand": null, "contact:phone": null, "contact:website": null, "fuel:diesel": null, "fuel:discount": null, "fuel:octane_92": null, "fuel:octane_95": null, "ref": null, "shop": null, "surface": null, "toilets": null }, "geometry": { "type": "Polygon", "coordinates": [ [ [ 29.6052292, 60.2552723 ], [ 29.606502, 60.2550827 ], [ 29.6067373, 60.2549817 ], [ 29.6067512, 60.2548647 ], [ 29.6069688, 60.2542573 ], [ 29.6065432, 60.2537334 ], [ 29.6014238, 60.2539706 ], [ 29.6020044, 60.2553962 ], [ 29.6030324, 60.2552801 ], [ 29.6035922, 60.2555138 ], [ 29.6038588, 60.2555382 ], [ 29.6044432, 60.2554779 ], [ 29.60446, 60.2554052 ], [ 29.6052292, 60.2552723 ] ] ] } },
{ "type": "Feature", "properties": { "element_type": "relation", "osmid": 2412438, "barrier": null, "height": null, "note": null, "description": null, "landuse": "residential", "name": null, "source": null, "industrial": null, "layer": null, "addr:city": null, "official_name": null, "residential": "rural", "website": null, "old_name": null, "addr:housenumber": null, "addr:street": null, "name:ru": null, "leisure": null, "building:levels": null, "water": null, "place": null, "natural": null, "wood": null, "leaf_cycle": null, "man_made": null, "genus": null, "opening_hours": null, "type": "multipolygon", "phone": null, "amenity": null, "religion": null, "email": null, "internet_access": null, "name:en": null, "operator": null, "addr:country": null, "tourism": null, "url": null, "addr:district": null, "addr:region": null, "check_date": null, "building": null, "construction": null, "area:highway": null, "brand": null, "contact:phone": null, "contact:website": null, "fuel:diesel": null, "fuel:discount": null, "fuel:octane_92": null, "fuel:octane_95": null, "ref": null, "shop": null, "surface": null, "toilets": null }, "geometry": { "type": "Polygon", "coordinates": [ [ [ 29.6052292, 60.2552723 ], [ 29.6052302, 60.2553332 ], [ 29.6053653, 60.2556021 ], [ 29.6056871, 60.2557977 ], [ 29.6064973, 60.2554207 ], [ 29.6067542, 60.2552927 ], [ 29.6073724, 60.255125 ], [ 29.6081047, 60.2549354 ], [ 29.607839, 60.2546146 ], [ 29.6078761, 60.2544905 ], [ 29.6085043, 60.2543605 ], [ 29.6083246, 60.2541782 ], [ 29.6086105, 60.2541624 ], [ 29.6084104, 60.253709 ], [ 29.6079451, 60.253717 ], [ 29.6079209, 60.2536625 ], [ 29.6065432, 60.2537334 ], [ 29.6069688, 60.2542573 ], [ 29.6067512, 60.2548647 ], [ 29.6067373, 60.2549817 ], [ 29.606502, 60.2550827 ], [ 29.6052292, 60.2552723 ] ] ] } },
{ "type": "Feature", "properties": { "element_type": "relation", "osmid": 2414685, "barrier": null, "height": null, "note": null, "description": null, "landuse": "residential", "name": "ЖК «Виктория»", "source": null, "industrial": null, "layer": null, "addr:city": null, "official_name": null, "residential": "apartments", "website": null, "old_name": null, "addr:housenumber": null, "addr:street": null, "name:ru": null, "leisure": null, "building:levels": null, "water": null, "place": null, "natural": null, "wood": null, "leaf_cycle": null, "man_made": null, "genus": null, "opening_hours": null, "type": "multipolygon", "phone": null, "amenity": null, "religion": null, "email": null, "internet_access": null, "name:en": null, "operator": null, "addr:country": null, "tourism": null, "url": null, "addr:district": null, "addr:region": null, "check_date": null, "building": null, "construction": null, "area:highway": null, "brand": null, "contact:phone": null, "contact:website": null, "fuel:diesel": null, "fuel:discount": null, "fuel:octane_92": null, "fuel:octane_95": null, "ref": null, "shop": null, "surface": null, "toilets": null }, "geometry": { "type": "Polygon", "coordinates": [ [ [ 29.5858215, 60.2546604 ], [ 29.5893784, 60.2541736 ], [ 29.5900121, 60.254059 ], [ 29.5903243, 60.2540025 ], [ 29.5905937, 60.2539628 ], [ 29.5908621, 60.2539233 ], [ 29.5913224, 60.2538938 ], [ 29.5917298, 60.2538517 ], [ 29.5922329, 60.2537233 ], [ 29.5929677, 60.2536694 ], [ 29.592977, 60.2536073 ], [ 29.5927745, 60.2532819 ], [ 29.5928898, 60.2531701 ], [ 29.5925006, 60.2525547 ], [ 29.5924875, 60.2522944 ], [ 29.5926808, 60.2521885 ], [ 29.5927956, 60.252129 ], [ 29.592749, 60.2520821 ], [ 29.5929247, 60.2519916 ], [ 29.5928644, 60.2519517 ], [ 29.5930496, 60.2518748 ], [ 29.5930374, 60.2518173 ], [ 29.5932705, 60.2518009 ], [ 29.5933593, 60.2517541 ], [ 29.5933217, 60.2515957 ], [ 29.5936953, 60.2515572 ], [ 29.5939584, 60.2513806 ], [ 29.5940255, 60.2513358 ], [ 29.5941871, 60.251228 ], [ 29.5944634, 60.251075 ], [ 29.5944073, 60.2507715 ], [ 29.5943901, 60.2506779 ], [ 29.5943434, 60.2504253 ], [ 29.594289, 60.2501533 ], [ 29.5942758, 60.2500874 ], [ 29.5942474, 60.2499038 ], [ 29.5942182, 60.2497152 ], [ 29.5942048, 60.2496284 ], [ 29.5941624, 60.2493549 ], [ 29.5941574, 60.2493226 ], [ 29.5941324, 60.2491121 ], [ 29.5941156, 60.2489897 ], [ 29.5940633, 60.2488583 ], [ 29.5939479, 60.2484896 ], [ 29.5934479, 60.2485232 ], [ 29.5932356, 60.2485374 ], [ 29.5930062, 60.2485528 ], [ 29.5927923, 60.2485672 ], [ 29.5925747, 60.2485818 ], [ 29.5923467, 60.2485971 ], [ 29.5918975, 60.2486272 ], [ 29.5914825, 60.2486551 ], [ 29.59131, 60.2487062 ], [ 29.591137, 60.2487208 ], [ 29.5911303, 60.2486982 ], [ 29.5910357, 60.2487039 ], [ 29.5909439, 60.2487095 ], [ 29.5909519, 60.2487388 ], [ 29.5908715, 60.2487434 ], [ 29.5908621, 60.2486902 ], [ 29.5907534, 60.248698 ], [ 29.5906892, 60.2487026 ], [ 29.5906042, 60.2487087 ], [ 29.5905094, 60.2487155 ], [ 29.5905161, 60.2487474 ], [ 29.5905151, 60.2487475 ], [ 29.5904283, 60.2487507 ], [ 29.5903319, 60.2487543 ], [ 29.5902384, 60.2487578 ], [ 29.5901607, 60.2487608 ], [ 29.590154, 60.2487275 ], [ 29.5900545, 60.2487316 ], [ 29.5899622, 60.2487355 ], [ 29.5899609, 60.2487588 ], [ 29.5898952, 60.2487667 ], [ 29.5895944, 60.2487384 ], [ 29.5893179, 60.2487536 ], [ 29.5892338, 60.2487569 ], [ 29.5891469, 60.2487603 ], [ 29.5890657, 60.2487635 ], [ 29.5889752, 60.248767 ], [ 29.5888947, 60.2487702 ], [ 29.5887978, 60.2487656 ], [ 29.5886888, 60.2487527 ], [ 29.5881733, 60.2487675 ], [ 29.5879823, 60.248773 ], [ 29.5878417, 60.2487771 ], [ 29.5873729, 60.2487907 ], [ 29.5865263, 60.2492778 ], [ 29.5863574, 60.2493622 ], [ 29.5860062, 60.2495787 ], [ 29.5870614, 60.2500791 ], [ 29.5874222, 60.250197 ], [ 29.587457, 60.2502235 ], [ 29.5875824, 60.2502654 ], [ 29.5878862, 60.250334 ], [ 29.5883341, 60.2505416 ], [ 29.5885903, 60.2506694 ], [ 29.5886546, 60.250696 ], [ 29.5888545, 60.2508098 ], [ 29.5890382, 60.2508976 ], [ 29.589289, 60.2509914 ], [ 29.589594, 60.2511919 ], [ 29.5898254, 60.2512769 ], [ 29.5902653, 60.2514579 ], [ 29.5905434, 60.2516021 ], [ 29.5905518, 60.2516356 ], [ 29.5908229, 60.2517609 ], [ 29.5910544, 60.2518746 ], [ 29.590923, 60.2519422 ], [ 29.5906252, 60.2521036 ], [ 29.5904026, 60.2522244 ], [ 29.5902533, 60.2522679 ], [ 29.590008, 60.2523912 ], [ 29.5897863, 60.2525076 ], [ 29.5896763, 60.2525693 ], [ 29.5894495, 60.2526964 ], [ 29.589241, 60.2528132 ], [ 29.5891535, 60.2529066 ], [ 29.5888826, 60.253037 ], [ 29.5886546, 60.2531621 ], [ 29.5885278, 60.2532255 ], [ 29.58824, 60.2533792 ], [ 29.5879583, 60.2535296 ], [ 29.5877814, 60.253516 ], [ 29.5858215, 60.2546604 ] ] ] } },
{ "type": "Feature", "properties": { "element_type": "relation", "osmid": 2414686, "barrier": null, "height": null, "note": null, "description": null, "landuse": "allotments", "name": "СНТ «Виктория»", "source": null, "industrial": null, "layer": null, "addr:city": "Рощино", "official_name": null, "residential": null, "website": null, "old_name": null, "addr:housenumber": null, "addr:street": null, "name:ru": null, "leisure": null, "building:levels": null, "water": null, "place": "neighbourhood", "natural": null, "wood": null, "leaf_cycle": null, "man_made": null, "genus": null, "opening_hours": null, "type": "multipolygon", "phone": null, "amenity": null, "religion": null, "email": null, "internet_access": null, "name:en": null, "operator": null, "addr:country": null, "tourism": null, "url": null, "addr:district": null, "addr:region": null, "check_date": null, "building": null, "construction": null, "area:highway": null, "brand": null, "contact:phone": null, "contact:website": null, "fuel:diesel": null, "fuel:discount": null, "fuel:octane_92": null, "fuel:octane_95": null, "ref": null, "shop": null, "surface": null, "toilets": null }, "geometry": { "type": "Polygon", "coordinates": [ [ [ 29.5979928, 60.2411082 ], [ 29.5983116, 60.2412679 ], [ 29.5986264, 60.2414577 ], [ 29.5995706, 60.2432017 ], [ 29.6000721, 60.2431279 ], [ 29.6006571, 60.2442156 ], [ 29.6021336, 60.2442156 ], [ 29.60822, 60.2436344 ], [ 29.6093855, 60.2433758 ], [ 29.6094744, 60.2435155 ], [ 29.610541, 60.2440266 ], [ 29.610916, 60.2440687 ], [ 29.6142979, 60.2454303 ], [ 29.6156006, 60.2447243 ], [ 29.6160533, 60.2446823 ], [ 29.6163737, 60.2446707 ], [ 29.6171638, 60.2440017 ], [ 29.6163655, 60.2435534 ], [ 29.6174857, 60.2430795 ], [ 29.6178409, 60.242682 ], [ 29.6194428, 60.2419964 ], [ 29.6197743, 60.2415545 ], [ 29.6198151, 60.2412405 ], [ 29.6195867, 60.2409605 ], [ 29.6192895, 60.2408856 ], [ 29.6182704, 60.2409144 ], [ 29.6180684, 60.2408245 ], [ 29.6179546, 60.2404178 ], [ 29.6177666, 60.2403717 ], [ 29.6156686, 60.2407498 ], [ 29.6159024, 60.2410608 ], [ 29.6162744, 60.241819 ], [ 29.6134953, 60.2422723 ], [ 29.6135135, 60.2427684 ], [ 29.6123202, 60.2432443 ], [ 29.6108461, 60.2423075 ], [ 29.6097689, 60.242296 ], [ 29.6084563, 60.2412373 ], [ 29.607872, 60.240766 ], [ 29.6074403, 60.2404178 ], [ 29.6038471, 60.2404522 ], [ 29.600863, 60.2405412 ], [ 29.5989215, 60.2399636 ], [ 29.5984715, 60.2401597 ], [ 29.5982685, 60.2402896 ], [ 29.5981272, 60.2404287 ], [ 29.5979738, 60.2406426 ], [ 29.5979432, 60.2408724 ], [ 29.5979928, 60.2411082 ] ] ] } },
{ "type": "Feature", "properties": { "element_type": "relation", "osmid": 2414687, "barrier": null, "height": null, "note": null, "description": null, "landuse": "residential", "name": null, "source": null, "industrial": null, "layer": null, "addr:city": null, "official_name": null, "residential": "rural", "website": null, "old_name": null, "addr:housenumber": null, "addr:street": null, "name:ru": null, "leisure": null, "building:levels": null, "water": null, "place": null, "natural": null, "wood": null, "leaf_cycle": null, "man_made": null, "genus": null, "opening_hours": null, "type": "multipolygon", "phone": null, "amenity": null, "religion": null, "email": null, "internet_access": null, "name:en": null, "operator": null, "addr:country": null, "tourism": null, "url": null, "addr:district": null, "addr:region": null, "check_date": null, "building": null, "construction": null, "area:highway": null, "brand": null, "contact:phone": null, "contact:website": null, "fuel:diesel": null, "fuel:discount": null, "fuel:octane_92": null, "fuel:octane_95": null, "ref": null, "shop": null, "surface": null, "toilets": null }, "geometry": { "type": "Polygon", "coordinates": [ [ [ 29.6093855, 60.2433758 ], [ 29.609143, 60.2434615 ], [ 29.6083755, 60.243693 ], [ 29.6084785, 60.2437218 ], [ 29.6095241, 60.2441605 ], [ 29.613535, 60.2458431 ], [ 29.6142979, 60.2454303 ], [ 29.610916, 60.2440687 ], [ 29.610541, 60.2440266 ], [ 29.6094744, 60.2435155 ], [ 29.6093855, 60.2433758 ] ] ] } },
{ "type": "Feature", "properties": { "element_type": "relation", "osmid": 2414688, "barrier": null, "height": null, "note": null, "description": null, "landuse": "residential", "name": null, "source": null, "industrial": null, "layer": null, "addr:city": null, "official_name": null, "residential": "rural", "website": null, "old_name": null, "addr:housenumber": null, "addr:street": null, "name:ru": null, "leisure": null, "building:levels": null, "water": null, "place": null, "natural": null, "wood": null, "leaf_cycle": null, "man_made": null, "genus": null, "opening_hours": null, "type": "multipolygon", "phone": null, "amenity": null, "religion": null, "email": null, "internet_access": null, "name:en": null, "operator": null, "addr:country": null, "tourism": null, "url": null, "addr:district": null, "addr:region": null, "check_date": null, "building": null, "construction": null, "area:highway": null, "brand": null, "contact:phone": null, "contact:website": null, "fuel:diesel": null, "fuel:discount": null, "fuel:octane_92": null, "fuel:octane_95": null, "ref": null, "shop": null, "surface": null, "toilets": null }, "geometry": { "type": "Polygon", "coordinates": [ [ [ 29.5914825, 60.2486551 ], [ 29.5918975, 60.2486272 ], [ 29.5923467, 60.2485971 ], [ 29.5925747, 60.2485818 ], [ 29.5927923, 60.2485672 ], [ 29.5930062, 60.2485528 ], [ 29.5932356, 60.2485374 ], [ 29.5934479, 60.2485232 ], [ 29.5939479, 60.2484896 ], [ 29.5940633, 60.2488583 ], [ 29.5941156, 60.2489897 ], [ 29.5941324, 60.2491121 ], [ 29.5941574, 60.2493226 ], [ 29.5941624, 60.2493549 ], [ 29.5942048, 60.2496284 ], [ 29.5942182, 60.2497152 ], [ 29.5942474, 60.2499038 ], [ 29.5942758, 60.2500874 ], [ 29.594289, 60.2501533 ], [ 29.5943434, 60.2504253 ], [ 29.5943901, 60.2506779 ], [ 29.5944073, 60.2507715 ], [ 29.5944634, 60.251075 ], [ 29.5941871, 60.251228 ], [ 29.5940255, 60.2513358 ], [ 29.5939584, 60.2513806 ], [ 29.5936953, 60.2515572 ], [ 29.5933217, 60.2515957 ], [ 29.5933593, 60.2517541 ], [ 29.5932705, 60.2518009 ], [ 29.5930374, 60.2518173 ], [ 29.5930496, 60.2518748 ], [ 29.5928644, 60.2519517 ], [ 29.5929247, 60.2519916 ], [ 29.592749, 60.2520821 ], [ 29.5927956, 60.252129 ], [ 29.5926808, 60.2521885 ], [ 29.5924875, 60.2522944 ], [ 29.5925006, 60.2525547 ], [ 29.5928898, 60.2531701 ], [ 29.5933988, 60.2539435 ], [ 29.594249, 60.2538105 ], [ 29.5936498, 60.2530452 ], [ 29.5934926, 60.2529241 ], [ 29.5930528, 60.2527511 ], [ 29.5930098, 60.2526952 ], [ 29.5935027, 60.2524176 ], [ 29.5935903, 60.2523586 ], [ 29.5947938, 60.252837 ], [ 29.5950038, 60.2529205 ], [ 29.5952075, 60.25297 ], [ 29.5950919, 60.25335 ], [ 29.5979803, 60.2529375 ], [ 29.5981317, 60.2529115 ], [ 29.5988453, 60.2538695 ], [ 29.5993996, 60.2538854 ], [ 29.599458, 60.2538885 ], [ 29.5994894, 60.2538902 ], [ 29.6002882, 60.253933 ], [ 29.6003706, 60.2539374 ], [ 29.6004654, 60.2539407 ], [ 29.601658, 60.253902 ], [ 29.6028572, 60.2538183 ], [ 29.6029188, 60.253616 ], [ 29.6028542, 60.2532224 ], [ 29.6023187, 60.2524902 ], [ 29.6020418, 60.2521187 ], [ 29.6017036, 60.2518533 ], [ 29.6011233, 60.2515081 ], [ 29.6008708, 60.2513659 ], [ 29.6004228, 60.25113 ], [ 29.6001288, 60.2508249 ], [ 29.5999725, 60.2506361 ], [ 29.6000231, 60.2504317 ], [ 29.6002904, 60.2501075 ], [ 29.6014097, 60.248881 ], [ 29.6012398, 60.2475291 ], [ 29.6012202, 60.2474884 ], [ 29.6014006, 60.2470409 ], [ 29.6014973, 60.2469069 ], [ 29.6015497, 60.2467363 ], [ 29.6013181, 60.2466608 ], [ 29.5993739, 60.2466219 ], [ 29.5976934, 60.2466376 ], [ 29.5960391, 60.2466544 ], [ 29.5943586, 60.2467119 ], [ 29.5909099, 60.246893 ], [ 29.5911321, 60.2477461 ], [ 29.5913803, 60.2485342 ], [ 29.5914825, 60.2486551 ] ] ] } },
{ "type": "Feature", "properties": { "element_type": "relation", "osmid": 2414826, "barrier": null, "height": null, "note": null, "description": null, "landuse": "residential", "name": null, "source": null, "industrial": null, "layer": null, "addr:city": null, "official_name": null, "residential": "urban", "website": null, "old_name": null, "addr:housenumber": null, "addr:street": null, "name:ru": null, "leisure": null, "building:levels": null, "water": null, "place": null, "natural": null, "wood": null, "leaf_cycle": null, "man_made": null, "genus": null, "opening_hours": null, "type": "multipolygon", "phone": null, "amenity": null, "religion": null, "email": null, "internet_access": null, "name:en": null, "operator": null, "addr:country": null, "tourism": null, "url": null, "addr:district": null, "addr:region": null, "check_date": null, "building": null, "construction": null, "area:highway": null, "brand": null, "contact:phone": null, "contact:website": null, "fuel:diesel": null, "fuel:discount": null, "fuel:octane_92": null, "fuel:octane_95": null, "ref": null, "shop": null, "surface": null, "toilets": null }, "geometry": { "type": "Polygon", "coordinates": [ [ [ 29.6163368, 60.2559151 ], [ 29.6155867, 60.2560685 ], [ 29.615576, 60.2562381 ], [ 29.6158978, 60.2563919 ], [ 29.6166726, 60.2566817 ], [ 29.6175196, 60.256848 ], [ 29.6176807, 60.2567103 ], [ 29.6173945, 60.256127 ], [ 29.6168232, 60.2562348 ], [ 29.6167105, 60.2562016 ], [ 29.6163368, 60.2559151 ] ] ] } },
{ "type": "Feature", "properties": { "element_type": "relation", "osmid": 2414827, "barrier": null, "height": null, "note": null, "description": null, "landuse": "residential", "name": null, "source": null, "industrial": null, "layer": null, "addr:city": null, "official_name": null, "residential": "rural", "website": null, "old_name": null, "addr:housenumber": null, "addr:street": null, "name:ru": null, "leisure": null, "building:levels": null, "water": null, "place": null, "natural": null, "wood": null, "leaf_cycle": null, "man_made": null, "genus": null, "opening_hours": null, "type": "multipolygon", "phone": null, "amenity": null, "religion": null, "email": null, "internet_access": null, "name:en": null, "operator": null, "addr:country": null, "tourism": null, "url": null, "addr:district": null, "addr:region": null, "check_date": null, "building": null, "construction": null, "area:highway": null, "brand": null, "contact:phone": null, "contact:website": null, "fuel:diesel": null, "fuel:discount": null, "fuel:octane_92": null, "fuel:octane_95": null, "ref": null, "shop": null, "surface": null, "toilets": null }, "geometry": { "type": "Polygon", "coordinates": [ [ [ 29.6163368, 60.2559151 ], [ 29.6167105, 60.2562016 ], [ 29.6168232, 60.2562348 ], [ 29.6173945, 60.256127 ], [ 29.6176807, 60.2567103 ], [ 29.6175196, 60.256848 ], [ 29.6181831, 60.2569853 ], [ 29.6198464, 60.2573762 ], [ 29.6198635, 60.2573287 ], [ 29.6197991, 60.2572821 ], [ 29.6198072, 60.2571464 ], [ 29.6198578, 60.2571139 ], [ 29.6199697, 60.2569746 ], [ 29.6201454, 60.2567291 ], [ 29.6203154, 60.256501 ], [ 29.6203557, 60.2564477 ], [ 29.6211437, 60.2565374 ], [ 29.6219778, 60.2566109 ], [ 29.62201, 60.2566209 ], [ 29.6223628, 60.256731 ], [ 29.6225136, 60.2568427 ], [ 29.6225083, 60.2569761 ], [ 29.6224058, 60.2570532 ], [ 29.6224675, 60.2570737 ], [ 29.6222734, 60.2572568 ], [ 29.621951, 60.2574976 ], [ 29.6223392, 60.2576367 ], [ 29.6223231, 60.2577078 ], [ 29.6220106, 60.2580266 ], [ 29.6225457, 60.2582189 ], [ 29.6229158, 60.2578423 ], [ 29.6232377, 60.2580079 ], [ 29.6235359, 60.258083 ], [ 29.6230781, 60.258469 ], [ 29.6239257, 60.2587671 ], [ 29.6257595, 60.2593797 ], [ 29.6262619, 60.2594337 ], [ 29.62728, 60.2593334 ], [ 29.6269799, 60.258639 ], [ 29.6259872, 60.2577329 ], [ 29.6256305, 60.2574472 ], [ 29.6248913, 60.2570825 ], [ 29.6244121, 60.2568518 ], [ 29.6241144, 60.2566666 ], [ 29.6237741, 60.2563473 ], [ 29.6234442, 60.2561191 ], [ 29.6229313, 60.2558203 ], [ 29.6217399, 60.2549943 ], [ 29.6207205, 60.2556022 ], [ 29.6202286, 60.2556243 ], [ 29.6196299, 60.2553866 ], [ 29.6190854, 60.2554936 ], [ 29.6186274, 60.2555836 ], [ 29.6181889, 60.2556623 ], [ 29.617717, 60.2557469 ], [ 29.617289, 60.2558236 ], [ 29.6171136, 60.2557835 ], [ 29.6169281, 60.255825 ], [ 29.6168921, 60.2558603 ], [ 29.6167157, 60.2558891 ], [ 29.6166073, 60.2558579 ], [ 29.6163368, 60.2559151 ] ] ] } },
{ "type": "Feature", "properties": { "element_type": "relation", "osmid": 2414837, "barrier": null, "height": null, "note": null, "description": null, "landuse": "retail", "name": null, "source": null, "industrial": null, "layer": null, "addr:city": null, "official_name": null, "residential": null, "website": null, "old_name": null, "addr:housenumber": null, "addr:street": null, "name:ru": null, "leisure": null, "building:levels": null, "water": null, "place": null, "natural": null, "wood": null, "leaf_cycle": null, "man_made": null, "genus": null, "opening_hours": null, "type": "multipolygon", "phone": null, "amenity": null, "religion": null, "email": null, "internet_access": null, "name:en": null, "operator": null, "addr:country": null, "tourism": null, "url": null, "addr:district": null, "addr:region": null, "check_date": null, "building": null, "construction": null, "area:highway": null, "brand": null, "contact:phone": null, "contact:website": null, "fuel:diesel": null, "fuel:discount": null, "fuel:octane_92": null, "fuel:octane_95": null, "ref": null, "shop": null, "surface": null, "toilets": null }, "geometry": { "type": "Polygon", "coordinates": [ [ [ 29.6205164, 60.2573143 ], [ 29.6206224, 60.2573502 ], [ 29.620643, 60.2573352 ], [ 29.6206899, 60.2573518 ], [ 29.6207588, 60.257376 ], [ 29.6206895, 60.2574283 ], [ 29.6211542, 60.2575926 ], [ 29.6213844, 60.2576646 ], [ 29.6216241, 60.2574804 ], [ 29.6213675, 60.2573995 ], [ 29.6214901, 60.2573192 ], [ 29.6216415, 60.2573749 ], [ 29.6217354, 60.2573192 ], [ 29.6218985, 60.2573819 ], [ 29.6222091, 60.2571809 ], [ 29.6224058, 60.2570532 ], [ 29.6225083, 60.2569761 ], [ 29.6225136, 60.2568427 ], [ 29.6223628, 60.256731 ], [ 29.62201, 60.2566209 ], [ 29.6219778, 60.2566109 ], [ 29.6211437, 60.2565374 ], [ 29.6208169, 60.2569312 ], [ 29.620529, 60.2572409 ], [ 29.6205602, 60.2572488 ], [ 29.6205045, 60.2572847 ], [ 29.6205397, 60.2572974 ], [ 29.6205164, 60.2573143 ] ] ] } },
{ "type": "Feature", "properties": { "element_type": "relation", "osmid": 2415051, "barrier": null, "height": null, "note": null, "description": null, "landuse": "residential", "name": "СНТ \"Лесные Поляны\"", "source": null, "industrial": null, "layer": null, "addr:city": "Рощино", "official_name": null, "residential": "rural", "website": null, "old_name": null, "addr:housenumber": null, "addr:street": null, "name:ru": null, "leisure": null, "building:levels": null, "water": null, "place": "neighbourhood", "natural": null, "wood": null, "leaf_cycle": null, "man_made": null, "genus": null, "opening_hours": null, "type": "multipolygon", "phone": null, "amenity": null, "religion": null, "email": null, "internet_access": null, "name:en": null, "operator": null, "addr:country": null, "tourism": null, "url": null, "addr:district": null, "addr:region": null, "check_date": null, "building": null, "construction": null, "area:highway": null, "brand": null, "contact:phone": null, "contact:website": null, "fuel:diesel": null, "fuel:discount": null, "fuel:octane_92": null, "fuel:octane_95": null, "ref": null, "shop": null, "surface": null, "toilets": null }, "geometry": { "type": "Polygon", "coordinates": [ [ [ 29.6303449, 60.2367533 ], [ 29.6304381, 60.2369967 ], [ 29.6314532, 60.238097 ], [ 29.6302762, 60.2383234 ], [ 29.6307574, 60.2389878 ], [ 29.6308545, 60.2390528 ], [ 29.6320175, 60.2395292 ], [ 29.632837, 60.2399822 ], [ 29.6336339, 60.2396621 ], [ 29.63409, 60.2395136 ], [ 29.6345373, 60.2393422 ], [ 29.636135, 60.2387383 ], [ 29.6362355, 60.2385277 ], [ 29.6372752, 60.2380214 ], [ 29.6372801, 60.2378668 ], [ 29.6371239, 60.2377665 ], [ 29.635791, 60.2379512 ], [ 29.6352975, 60.2379623 ], [ 29.6347534, 60.237992 ], [ 29.6344002, 60.2380204 ], [ 29.6342592, 60.237964 ], [ 29.633842, 60.2380665 ], [ 29.6323592, 60.2382418 ], [ 29.6321706, 60.2378479 ], [ 29.632552, 60.2377739 ], [ 29.6319933, 60.2368064 ], [ 29.6319779, 60.2367798 ], [ 29.6328, 60.2365759 ], [ 29.6324615, 60.2360064 ], [ 29.6314059, 60.2353924 ], [ 29.6304346, 60.2357627 ], [ 29.6298545, 60.2360351 ], [ 29.6306882, 60.2366047 ], [ 29.6303449, 60.2367533 ] ] ] } },
{ "type": "Feature", "properties": { "element_type": "relation", "osmid": 2415052, "barrier": null, "height": null, "note": null, "description": null, "landuse": "allotments", "name": "СНТ \"Строитель\"", "source": null, "industrial": null, "layer": null, "addr:city": "Рощино", "official_name": null, "residential": null, "website": null, "old_name": null, "addr:housenumber": null, "addr:street": null, "name:ru": null, "leisure": null, "building:levels": null, "water": null, "place": "allotments", "natural": null, "wood": null, "leaf_cycle": null, "man_made": null, "genus": null, "opening_hours": null, "type": "multipolygon", "phone": null, "amenity": null, "religion": null, "email": null, "internet_access": null, "name:en": null, "operator": null, "addr:country": null, "tourism": null, "url": null, "addr:district": null, "addr:region": null, "check_date": null, "building": null, "construction": null, "area:highway": null, "brand": null, "contact:phone": null, "contact:website": null, "fuel:diesel": null, "fuel:discount": null, "fuel:octane_92": null, "fuel:octane_95": null, "ref": null, "shop": null, "surface": null, "toilets": null }, "geometry": { "type": "Polygon", "coordinates": [ [ [ 29.6314059, 60.2353924 ], [ 29.6324615, 60.2360064 ], [ 29.6328, 60.2365759 ], [ 29.6319779, 60.2367798 ], [ 29.6319933, 60.2368064 ], [ 29.632552, 60.2377739 ], [ 29.6321706, 60.2378479 ], [ 29.6323592, 60.2382418 ], [ 29.633842, 60.2380665 ], [ 29.6342592, 60.237964 ], [ 29.6344002, 60.2380204 ], [ 29.6347534, 60.237992 ], [ 29.6352975, 60.2379623 ], [ 29.635791, 60.2379512 ], [ 29.6371239, 60.2377665 ], [ 29.6367873, 60.2374634 ], [ 29.636344, 60.2368237 ], [ 29.6360346, 60.2365521 ], [ 29.6359826, 60.236397 ], [ 29.6350457, 60.2354481 ], [ 29.6340431, 60.234445 ], [ 29.6336462, 60.2345171 ], [ 29.6327145, 60.2347443 ], [ 29.6330643, 60.2350358 ], [ 29.6314059, 60.2353924 ] ] ] } },
{ "type": "Feature", "properties": { "element_type": "relation", "osmid": 2415053, "barrier": null, "height": null, "note": null, "description": null, "landuse": "allotments", "name": "СНТ \"Эталон\"", "source": null, "industrial": null, "layer": null, "addr:city": "Рощино", "official_name": null, "residential": null, "website": null, "old_name": null, "addr:housenumber": null, "addr:street": null, "name:ru": null, "leisure": null, "building:levels": null, "water": null, "place": "allotments", "natural": null, "wood": null, "leaf_cycle": null, "man_made": null, "genus": null, "opening_hours": null, "type": "multipolygon", "phone": null, "amenity": null, "religion": null, "email": null, "internet_access": null, "name:en": null, "operator": null, "addr:country": null, "tourism": null, "url": null, "addr:district": null, "addr:region": null, "check_date": null, "building": null, "construction": null, "area:highway": null, "brand": null, "contact:phone": null, "contact:website": null, "fuel:diesel": null, "fuel:discount": null, "fuel:octane_92": null, "fuel:octane_95": null, "ref": null, "shop": null, "surface": null, "toilets": null }, "geometry": { "type": "Polygon", "coordinates": [ [ [ 29.6360471, 60.2365243 ], [ 29.6364463, 60.236904 ], [ 29.6364749, 60.236967 ], [ 29.6367666, 60.2374025 ], [ 29.637107, 60.2376913 ], [ 29.6374107, 60.2377167 ], [ 29.6374735, 60.2377701 ], [ 29.6379174, 60.2376423 ], [ 29.6379933, 60.2377111 ], [ 29.6385673, 60.2379052 ], [ 29.6390377, 60.2375936 ], [ 29.6385443, 60.2373828 ], [ 29.638212, 60.2368455 ], [ 29.6384349, 60.2367568 ], [ 29.6388191, 60.2366446 ], [ 29.6381778, 60.2360698 ], [ 29.6376496, 60.2360396 ], [ 29.6360471, 60.2365243 ] ] ] } },
{ "type": "Feature", "properties": { "element_type": "relation", "osmid": 2415056, "barrier": null, "height": null, "note": null, "description": null, "landuse": "residential", "name": null, "source": null, "industrial": null, "layer": null, "addr:city": null, "official_name": null, "residential": "rural", "website": null, "old_name": null, "addr:housenumber": null, "addr:street": null, "name:ru": null, "leisure": null, "building:levels": null, "water": null, "place": null, "natural": null, "wood": null, "leaf_cycle": null, "man_made": null, "genus": null, "opening_hours": null, "type": "multipolygon", "phone": null, "amenity": null, "religion": null, "email": null, "internet_access": null, "name:en": null, "operator": null, "addr:country": null, "tourism": null, "url": null, "addr:district": null, "addr:region": null, "check_date": null, "building": null, "construction": null, "area:highway": null, "brand": null, "contact:phone": null, "contact:website": null, "fuel:diesel": null, "fuel:discount": null, "fuel:octane_92": null, "fuel:octane_95": null, "ref": null, "shop": null, "surface": null, "toilets": null }, "geometry": { "type": "Polygon", "coordinates": [ [ [ 29.6240429, 60.2371788 ], [ 29.6242723, 60.2374018 ], [ 29.6240501, 60.2375038 ], [ 29.6242405, 60.2382546 ], [ 29.624723, 60.2389429 ], [ 29.6247701, 60.2389952 ], [ 29.6255416, 60.2388806 ], [ 29.6260462, 60.2388383 ], [ 29.6261583, 60.2388784 ], [ 29.6270352, 60.2389485 ], [ 29.6280601, 60.2390453 ], [ 29.6287419, 60.2390943 ], [ 29.6293699, 60.2391667 ], [ 29.6297803, 60.2391121 ], [ 29.6293277, 60.2381524 ], [ 29.6291368, 60.2381178 ], [ 29.6289529, 60.2377571 ], [ 29.6290247, 60.2374788 ], [ 29.6291727, 60.2372561 ], [ 29.6299756, 60.2372428 ], [ 29.6301281, 60.2371181 ], [ 29.6302178, 60.236989 ], [ 29.6301883, 60.23688 ], [ 29.6303449, 60.2367533 ], [ 29.6306882, 60.2366047 ], [ 29.6298545, 60.2360351 ], [ 29.6304346, 60.2357627 ], [ 29.6314059, 60.2353924 ], [ 29.6330643, 60.2350358 ], [ 29.6327145, 60.2347443 ], [ 29.6336462, 60.2345171 ], [ 29.6340431, 60.234445 ], [ 29.6350457, 60.2354481 ], [ 29.6359826, 60.236397 ], [ 29.6360346, 60.2365521 ], [ 29.6360471, 60.2365243 ], [ 29.6376496, 60.2360396 ], [ 29.6387667, 60.2359517 ], [ 29.6387634, 60.2358767 ], [ 29.6388915, 60.2357941 ], [ 29.6392128, 60.2354186 ], [ 29.6388548, 60.2351067 ], [ 29.6383143, 60.2349559 ], [ 29.6378086, 60.2346221 ], [ 29.6374574, 60.2344426 ], [ 29.6372576, 60.2342886 ], [ 29.6369639, 60.2343788 ], [ 29.6361941, 60.2338968 ], [ 29.6356993, 60.2340985 ], [ 29.634882, 60.2340603 ], [ 29.6345273, 60.234022 ], [ 29.6343423, 60.2339301 ], [ 29.634003, 60.2338765 ], [ 29.6335559, 60.2339837 ], [ 29.6335559, 60.2342746 ], [ 29.633047, 60.2343435 ], [ 29.6317825, 60.2346268 ], [ 29.6295158, 60.2352622 ], [ 29.6292228, 60.2351397 ], [ 29.6288373, 60.2353617 ], [ 29.6290532, 60.2354459 ], [ 29.6290994, 60.2355071 ], [ 29.6240429, 60.2371788 ] ] ] } },
{ "type": "Feature", "properties": { "element_type": "relation", "osmid": 2415201, "barrier": null, "height": null, "note": null, "description": null, "landuse": "residential", "name": null, "source": null, "industrial": null, "layer": null, "addr:city": null, "official_name": null, "residential": "urban", "website": null, "old_name": null, "addr:housenumber": null, "addr:street": null, "name:ru": null, "leisure": null, "building:levels": null, "water": null, "place": null, "natural": null, "wood": null, "leaf_cycle": null, "man_made": null, "genus": null, "opening_hours": null, "type": "multipolygon", "phone": null, "amenity": null, "religion": null, "email": null, "internet_access": null, "name:en": null, "operator": null, "addr:country": null, "tourism": null, "url": null, "addr:district": null, "addr:region": null, "check_date": null, "building": null, "construction": null, "area:highway": null, "brand": null, "contact:phone": null, "contact:website": null, "fuel:diesel": null, "fuel:discount": null, "fuel:octane_92": null, "fuel:octane_95": null, "ref": null, "shop": null, "surface": null, "toilets": null }, "geometry": { "type": "Polygon", "coordinates": [ [ [ 29.5924469, 60.2570967 ], [ 29.5923614, 60.2576254 ], [ 29.5928711, 60.2576893 ], [ 29.5932412, 60.2577105 ], [ 29.5936328, 60.2577119 ], [ 29.5936489, 60.2579793 ], [ 29.5937428, 60.2581191 ], [ 29.5947952, 60.2579153 ], [ 29.5950692, 60.2575183 ], [ 29.5924469, 60.2570967 ] ] ] } },
{ "type": "Feature", "properties": { "element_type": "relation", "osmid": 2415202, "barrier": null, "height": null, "note": null, "description": null, "landuse": "residential", "name": null, "source": null, "industrial": null, "layer": null, "addr:city": null, "official_name": null, "residential": "rural", "website": null, "old_name": null, "addr:housenumber": null, "addr:street": null, "name:ru": null, "leisure": null, "building:levels": null, "water": null, "place": null, "natural": null, "wood": null, "leaf_cycle": null, "man_made": null, "genus": null, "opening_hours": null, "type": "multipolygon", "phone": null, "amenity": null, "religion": null, "email": null, "internet_access": null, "name:en": null, "operator": null, "addr:country": null, "tourism": null, "url": null, "addr:district": null, "addr:region": null, "check_date": null, "building": null, "construction": null, "area:highway": null, "brand": null, "contact:phone": null, "contact:website": null, "fuel:diesel": null, "fuel:discount": null, "fuel:octane_92": null, "fuel:octane_95": null, "ref": null, "shop": null, "surface": null, "toilets": null }, "geometry": { "type": "Polygon", "coordinates": [ [ [ 29.5902412, 60.2584777 ], [ 29.5909801, 60.258618 ], [ 29.590966, 60.2586579 ], [ 29.5911477, 60.2586846 ], [ 29.5911719, 60.2586446 ], [ 29.5918851, 60.2587423 ], [ 29.5917915, 60.2588661 ], [ 29.5917186, 60.2590307 ], [ 29.5926407, 60.2591708 ], [ 29.5929856, 60.2589234 ], [ 29.5953805, 60.2583967 ], [ 29.5959953, 60.2582615 ], [ 29.5958617, 60.258 ], [ 29.5956858, 60.2580352 ], [ 29.5956097, 60.258053 ], [ 29.5951228, 60.257972 ], [ 29.5951174, 60.25796 ], [ 29.5950182, 60.2579567 ], [ 29.5947952, 60.2579153 ], [ 29.5937428, 60.2581191 ], [ 29.5936489, 60.2579793 ], [ 29.5936328, 60.2577119 ], [ 29.5932412, 60.2577105 ], [ 29.5928711, 60.2576893 ], [ 29.5923614, 60.2576254 ], [ 29.5924469, 60.2570967 ], [ 29.5912349, 60.2569414 ], [ 29.5910216, 60.2572656 ], [ 29.5909666, 60.257372 ], [ 29.5908943, 60.2574052 ], [ 29.5903632, 60.2581816 ], [ 29.5902412, 60.2584777 ] ] ] } },
{ "type": "Feature", "properties": { "element_type": "relation", "osmid": 2415205, "barrier": null, "height": null, "note": null, "description": null, "landuse": "garages", "name": null, "source": null, "industrial": null, "layer": null, "addr:city": null, "official_name": null, "residential": null, "website": null, "old_name": null, "addr:housenumber": null, "addr:street": null, "name:ru": null, "leisure": null, "building:levels": null, "water": null, "place": null, "natural": null, "wood": null, "leaf_cycle": null, "man_made": null, "genus": null, "opening_hours": null, "type": "multipolygon", "phone": null, "amenity": null, "religion": null, "email": null, "internet_access": null, "name:en": null, "operator": null, "addr:country": null, "tourism": null, "url": null, "addr:district": null, "addr:region": null, "check_date": null, "building": null, "construction": null, "area:highway": null, "brand": null, "contact:phone": null, "contact:website": null, "fuel:diesel": null, "fuel:discount": null, "fuel:octane_92": null, "fuel:octane_95": null, "ref": null, "shop": null, "surface": null, "toilets": null }, "geometry": { "type": "Polygon", "coordinates": [ [ [ 29.5848713, 60.2576883 ], [ 29.5857432, 60.2580676 ], [ 29.5858097, 60.258226 ], [ 29.5860462, 60.2589287 ], [ 29.5863128, 60.2592538 ], [ 29.5881921, 60.2597164 ], [ 29.5891417, 60.2589551 ], [ 29.5895525, 60.2586708 ], [ 29.5896827, 60.2585257 ], [ 29.5886352, 60.2583281 ], [ 29.586813, 60.2577183 ], [ 29.5856777, 60.2571986 ], [ 29.5848713, 60.2576883 ] ] ] } },
{ "type": "Feature", "properties": { "element_type": "relation", "osmid": 2415207, "barrier": null, "height": null, "note": null, "description": null, "landuse": "industrial", "name": null, "source": null, "industrial": null, "layer": null, "addr:city": null, "official_name": null, "residential": null, "website": null, "old_name": null, "addr:housenumber": null, "addr:street": null, "name:ru": null, "leisure": null, "building:levels": null, "water": null, "place": null, "natural": null, "wood": null, "leaf_cycle": null, "man_made": null, "genus": null, "opening_hours": null, "type": "multipolygon", "phone": null, "amenity": null, "religion": null, "email": null, "internet_access": null, "name:en": null, "operator": null, "addr:country": null, "tourism": null, "url": null, "addr:district": null, "addr:region": null, "check_date": null, "building": null, "construction": null, "area:highway": null, "brand": null, "contact:phone": null, "contact:website": null, "fuel:diesel": null, "fuel:discount": null, "fuel:octane_92": null, "fuel:octane_95": null, "ref": null, "shop": null, "surface": null, "toilets": null }, "geometry": { "type": "Polygon", "coordinates": [ [ [ 29.5891417, 60.2589551 ], [ 29.5914629, 60.2595576 ], [ 29.5917426, 60.2595757 ], [ 29.5920486, 60.2595054 ], [ 29.5926407, 60.2591708 ], [ 29.5917186, 60.2590307 ], [ 29.5917915, 60.2588661 ], [ 29.591589, 60.258861 ], [ 29.5896827, 60.2585257 ], [ 29.5895525, 60.2586708 ], [ 29.5891417, 60.2589551 ] ] ] } },
{ "type": "Feature", "properties": { "element_type": "relation", "osmid": 2415222, "barrier": null, "height": null, "note": null, "description": null, "landuse": "allotments", "name": null, "source": null, "industrial": null, "layer": null, "addr:city": null, "official_name": null, "residential": null, "website": null, "old_name": null, "addr:housenumber": null, "addr:street": null, "name:ru": null, "leisure": null, "building:levels": null, "water": null, "place": null, "natural": null, "wood": null, "leaf_cycle": null, "man_made": null, "genus": null, "opening_hours": null, "type": "multipolygon", "phone": null, "amenity": null, "religion": null, "email": null, "internet_access": null, "name:en": null, "operator": null, "addr:country": null, "tourism": null, "url": null, "addr:district": null, "addr:region": null, "check_date": null, "building": null, "construction": null, "area:highway": null, "brand": null, "contact:phone": null, "contact:website": null, "fuel:diesel": null, "fuel:discount": null, "fuel:octane_92": null, "fuel:octane_95": null, "ref": null, "shop": null, "surface": null, "toilets": null }, "geometry": { "type": "Polygon", "coordinates": [ [ [ 29.5974755, 60.2594152 ], [ 29.5979322, 60.2593864 ], [ 29.5983132, 60.2596663 ], [ 29.5988124, 60.259558 ], [ 29.5988193, 60.2594008 ], [ 29.5987705, 60.2590475 ], [ 29.5986443, 60.2587882 ], [ 29.5984796, 60.2585449 ], [ 29.5980048, 60.2586047 ], [ 29.5979404, 60.2587098 ], [ 29.5975113, 60.2587538 ], [ 29.5969606, 60.2587876 ], [ 29.5974755, 60.2594152 ] ] ] } },
{ "type": "Feature", "properties": { "element_type": "relation", "osmid": 2415228, "barrier": null, "height": null, "note": null, "description": null, "landuse": "residential", "name": null, "source": null, "industrial": null, "layer": null, "addr:city": null, "official_name": null, "residential": "rural", "website": null, "old_name": null, "addr:housenumber": null, "addr:street": null, "name:ru": null, "leisure": null, "building:levels": null, "water": null, "place": null, "natural": null, "wood": null, "leaf_cycle": null, "man_made": null, "genus": null, "opening_hours": null, "type": "multipolygon", "phone": null, "amenity": null, "religion": null, "email": null, "internet_access": null, "name:en": null, "operator": null, "addr:country": null, "tourism": null, "url": null, "addr:district": null, "addr:region": null, "check_date": null, "building": null, "construction": null, "area:highway": null, "brand": null, "contact:phone": null, "contact:website": null, "fuel:diesel": null, "fuel:discount": null, "fuel:octane_92": null, "fuel:octane_95": null, "ref": null, "shop": null, "surface": null, "toilets": null }, "geometry": { "type": "Polygon", "coordinates": [ [ [ 29.5954661, 60.2598289 ], [ 29.5947714, 60.2599254 ], [ 29.5949178, 60.2601971 ], [ 29.5956163, 60.2600983 ], [ 29.5957917, 60.2601734 ], [ 29.5960869, 60.2603582 ], [ 29.5971066, 60.2601886 ], [ 29.5971653, 60.2602267 ], [ 29.5986347, 60.259792 ], [ 29.5988124, 60.259558 ], [ 29.5983132, 60.2596663 ], [ 29.5979322, 60.2593864 ], [ 29.5974755, 60.2594152 ], [ 29.5965998, 60.2596475 ], [ 29.5964369, 60.2596907 ], [ 29.5957853, 60.2597909 ], [ 29.5954661, 60.2598289 ] ] ] } },
{ "type": "Feature", "properties": { "element_type": "relation", "osmid": 2415229, "barrier": null, "height": null, "note": null, "description": null, "landuse": "residential", "name": null, "source": null, "industrial": null, "layer": null, "addr:city": null, "official_name": null, "residential": "rural", "website": null, "old_name": null, "addr:housenumber": null, "addr:street": null, "name:ru": null, "leisure": null, "building:levels": null, "water": null, "place": null, "natural": null, "wood": null, "leaf_cycle": null, "man_made": null, "genus": null, "opening_hours": null, "type": "multipolygon", "phone": null, "amenity": null, "religion": null, "email": null, "internet_access": null, "name:en": null, "operator": null, "addr:country": null, "tourism": null, "url": null, "addr:district": null, "addr:region": null, "check_date": null, "building": null, "construction": null, "area:highway": null, "brand": null, "contact:phone": null, "contact:website": null, "fuel:diesel": null, "fuel:discount": null, "fuel:octane_92": null, "fuel:octane_95": null, "ref": null, "shop": null, "surface": null, "toilets": null }, "geometry": { "type": "Polygon", "coordinates": [ [ [ 29.5939349, 60.2604586 ], [ 29.5947572, 60.2608438 ], [ 29.595483, 60.260684 ], [ 29.5950014, 60.2602079 ], [ 29.5946934, 60.2602694 ], [ 29.594497, 60.2603098 ], [ 29.5942676, 60.2600209 ], [ 29.5936601, 60.260191 ], [ 29.5939349, 60.2604586 ] ] ] } },
{ "type": "Feature", "properties": { "element_type": "relation", "osmid": 2415230, "barrier": null, "height": null, "note": null, "description": null, "landuse": "residential", "name": null, "source": null, "industrial": null, "layer": null, "addr:city": null, "official_name": null, "residential": "rural", "website": null, "old_name": null, "addr:housenumber": null, "addr:street": null, "name:ru": null, "leisure": null, "building:levels": null, "water": null, "place": null, "natural": null, "wood": null, "leaf_cycle": null, "man_made": null, "genus": null, "opening_hours": null, "type": "multipolygon", "phone": null, "amenity": null, "religion": null, "email": null, "internet_access": null, "name:en": null, "operator": null, "addr:country": null, "tourism": null, "url": null, "addr:district": null, "addr:region": null, "check_date": null, "building": null, "construction": null, "area:highway": null, "brand": null, "contact:phone": null, "contact:website": null, "fuel:diesel": null, "fuel:discount": null, "fuel:octane_92": null, "fuel:octane_95": null, "ref": null, "shop": null, "surface": null, "toilets": null }, "geometry": { "type": "Polygon", "coordinates": [ [ [ 29.5524699, 60.2472472 ], [ 29.5537947, 60.247605 ], [ 29.5545262, 60.24764 ], [ 29.5545906, 60.2475735 ], [ 29.5547513, 60.247552 ], [ 29.5549902, 60.2474377 ], [ 29.5548266, 60.2473845 ], [ 29.5550595, 60.2470848 ], [ 29.5557102, 60.2470909 ], [ 29.5561031, 60.2468289 ], [ 29.5563796, 60.2463315 ], [ 29.5561677, 60.2461985 ], [ 29.55598, 60.2459535 ], [ 29.5563778, 60.2458652 ], [ 29.5567256, 60.2456367 ], [ 29.5571762, 60.2455329 ], [ 29.5576242, 60.2453585 ], [ 29.5579648, 60.245039 ], [ 29.5581365, 60.2450643 ], [ 29.5584677, 60.244927 ], [ 29.5587507, 60.2449964 ], [ 29.5589814, 60.2450098 ], [ 29.5592601, 60.2450832 ], [ 29.5597328, 60.2451296 ], [ 29.5597497, 60.2449217 ], [ 29.5596515, 60.2445987 ], [ 29.559212, 60.2445718 ], [ 29.5591772, 60.2444919 ], [ 29.5592684, 60.2444653 ], [ 29.5594776, 60.2444653 ], [ 29.5596278, 60.2443934 ], [ 29.5598397, 60.2443628 ], [ 29.5598772, 60.2443455 ], [ 29.5599309, 60.244271 ], [ 29.5599657, 60.2441112 ], [ 29.559947, 60.2440859 ], [ 29.5597243, 60.2440699 ], [ 29.5596814, 60.2440926 ], [ 29.5596412, 60.2441445 ], [ 29.559668, 60.2442789 ], [ 29.5595098, 60.2443002 ], [ 29.5594695, 60.2443202 ], [ 29.5594507, 60.2444267 ], [ 29.5591604, 60.2444525 ], [ 29.5591235, 60.2443562 ], [ 29.5589653, 60.2443056 ], [ 29.5590484, 60.2441565 ], [ 29.5588687, 60.2440939 ], [ 29.5589384, 60.2439382 ], [ 29.558792, 60.2437883 ], [ 29.5586972, 60.2437143 ], [ 29.5584556, 60.243628 ], [ 29.5582572, 60.2436519 ], [ 29.5577127, 60.2437837 ], [ 29.55765, 60.243763 ], [ 29.5583893, 60.2434418 ], [ 29.5580888, 60.2434691 ], [ 29.5576479, 60.2435823 ], [ 29.5571765, 60.2437257 ], [ 29.5562136, 60.2437883 ], [ 29.5561421, 60.2438562 ], [ 29.5567578, 60.2441245 ], [ 29.5564611, 60.2442288 ], [ 29.5556688, 60.2444114 ], [ 29.5544785, 60.2451015 ], [ 29.5529854, 60.2458004 ], [ 29.5522315, 60.2462647 ], [ 29.5525916, 60.2465121 ], [ 29.5524341, 60.2470371 ], [ 29.5524699, 60.2472472 ] ] ] } },
{ "type": "Feature", "properties": { "element_type": "relation", "osmid": 2415234, "barrier": null, "height": null, "note": null, "description": null, "landuse": "residential", "name": null, "source": null, "industrial": null, "layer": null, "addr:city": null, "official_name": null, "residential": "rural", "website": null, "old_name": null, "addr:housenumber": null, "addr:street": null, "name:ru": null, "leisure": null, "building:levels": null, "water": null, "place": null, "natural": null, "wood": null, "leaf_cycle": null, "man_made": null, "genus": null, "opening_hours": null, "type": "multipolygon", "phone": null, "amenity": null, "religion": null, "email": null, "internet_access": null, "name:en": null, "operator": null, "addr:country": null, "tourism": null, "url": null, "addr:district": null, "addr:region": null, "check_date": null, "building": null, "construction": null, "area:highway": null, "brand": null, "contact:phone": null, "contact:website": null, "fuel:diesel": null, "fuel:discount": null, "fuel:octane_92": null, "fuel:octane_95": null, "ref": null, "shop": null, "surface": null, "toilets": null }, "geometry": { "type": "Polygon", "coordinates": [ [ [ 29.5604658, 60.2454244 ], [ 29.5606958, 60.2455699 ], [ 29.5617724, 60.2457829 ], [ 29.5619945, 60.2458539 ], [ 29.5635003, 60.2468481 ], [ 29.5641911, 60.2473432 ], [ 29.5645374, 60.2476365 ], [ 29.5652399, 60.2473257 ], [ 29.5645179, 60.24677 ], [ 29.5638507, 60.2470168 ], [ 29.5631951, 60.2465712 ], [ 29.5635116, 60.2463904 ], [ 29.5635066, 60.2461886 ], [ 29.563662, 60.2460073 ], [ 29.5638818, 60.2457685 ], [ 29.5638645, 60.245493 ], [ 29.5639488, 60.2453079 ], [ 29.563729, 60.2452117 ], [ 29.5635307, 60.2452343 ], [ 29.563236, 60.245344 ], [ 29.5628248, 60.2453938 ], [ 29.5627607, 60.245348 ], [ 29.5629939, 60.2452396 ], [ 29.5631815, 60.2450986 ], [ 29.5631197, 60.2450295 ], [ 29.5628087, 60.2449052 ], [ 29.5624992, 60.2448906 ], [ 29.5622553, 60.2449247 ], [ 29.5618781, 60.2449685 ], [ 29.5610605, 60.2447775 ], [ 29.5604658, 60.2454244 ] ] ] } },
{ "type": "Feature", "properties": { "element_type": "relation", "osmid": 2416325, "barrier": null, "height": null, "note": null, "description": null, "landuse": "industrial", "name": null, "source": null, "industrial": null, "layer": null, "addr:city": null, "official_name": null, "residential": null, "website": null, "old_name": null, "addr:housenumber": null, "addr:street": null, "name:ru": null, "leisure": null, "building:levels": null, "water": null, "place": null, "natural": null, "wood": null, "leaf_cycle": null, "man_made": null, "genus": null, "opening_hours": null, "type": "multipolygon", "phone": null, "amenity": null, "religion": null, "email": null, "internet_access": null, "name:en": null, "operator": null, "addr:country": null, "tourism": null, "url": null, "addr:district": null, "addr:region": null, "check_date": null, "building": null, "construction": null, "area:highway": null, "brand": null, "contact:phone": null, "contact:website": null, "fuel:diesel": null, "fuel:discount": null, "fuel:octane_92": null, "fuel:octane_95": null, "ref": null, "shop": null, "surface": null, "toilets": null }, "geometry": { "type": "Polygon", "coordinates": [ [ [ 29.6304068, 60.2508193 ], [ 29.6310094, 60.2510593 ], [ 29.6310449, 60.2510275 ], [ 29.6320295, 60.2514168 ], [ 29.6324126, 60.2513314 ], [ 29.6330681, 60.2511701 ], [ 29.63353, 60.251019 ], [ 29.6341047, 60.2509088 ], [ 29.6348021, 60.2510436 ], [ 29.6349828, 60.2509633 ], [ 29.635035, 60.2509645 ], [ 29.6354813, 60.2507306 ], [ 29.6353504, 60.2506937 ], [ 29.6355778, 60.2505883 ], [ 29.6358266, 60.2506161 ], [ 29.6360057, 60.2505986 ], [ 29.6365614, 60.2503378 ], [ 29.6364685, 60.2501905 ], [ 29.6365745, 60.2499537 ], [ 29.6363491, 60.249855 ], [ 29.6366938, 60.2495212 ], [ 29.6352127, 60.248907 ], [ 29.6337075, 60.2482827 ], [ 29.6330652, 60.2486691 ], [ 29.6324993, 60.2489871 ], [ 29.6316906, 60.2486623 ], [ 29.6316029, 60.2486281 ], [ 29.6310976, 60.2489306 ], [ 29.6301681, 60.2494869 ], [ 29.6295738, 60.2498426 ], [ 29.6294004, 60.2499604 ], [ 29.6294017, 60.2500761 ], [ 29.6294815, 60.2502207 ], [ 29.6297668, 60.2505228 ], [ 29.6304068, 60.2508193 ] ] ] } },
{ "type": "Feature", "properties": { "element_type": "relation", "osmid": 2416331, "barrier": null, "height": null, "note": null, "description": null, "landuse": "allotments", "name": "СНТ \"Водник\"", "source": null, "industrial": null, "layer": null, "addr:city": "Рощино", "official_name": null, "residential": null, "website": null, "old_name": null, "addr:housenumber": null, "addr:street": null, "name:ru": null, "leisure": null, "building:levels": null, "water": null, "place": "neighbourhood", "natural": null, "wood": null, "leaf_cycle": null, "man_made": null, "genus": null, "opening_hours": null, "type": "multipolygon", "phone": null, "amenity": null, "religion": null, "email": null, "internet_access": null, "name:en": null, "operator": null, "addr:country": null, "tourism": null, "url": null, "addr:district": null, "addr:region": null, "check_date": null, "building": null, "construction": null, "area:highway": null, "brand": null, "contact:phone": null, "contact:website": null, "fuel:diesel": null, "fuel:discount": null, "fuel:octane_92": null, "fuel:octane_95": null, "ref": null, "shop": null, "surface": null, "toilets": null }, "geometry": { "type": "Polygon", "coordinates": [ [ [ 29.6133563, 60.2387545 ], [ 29.6130858, 60.2390783 ], [ 29.6128051, 60.2393742 ], [ 29.6122266, 60.2393922 ], [ 29.6119436, 60.2395322 ], [ 29.6124524, 60.2401156 ], [ 29.6129402, 60.241073 ], [ 29.6131405, 60.2414628 ], [ 29.6159024, 60.2410608 ], [ 29.6156686, 60.2407498 ], [ 29.6156424, 60.2407077 ], [ 29.6151895, 60.2399041 ], [ 29.6151493, 60.2398332 ], [ 29.6145339, 60.2391584 ], [ 29.6141324, 60.2391573 ], [ 29.6133563, 60.2387545 ] ] ] } },
{ "type": "Feature", "properties": { "element_type": "relation", "osmid": 2416332, "barrier": null, "height": null, "note": null, "description": null, "landuse": "allotments", "name": "СНТ \"Лесное\"", "source": null, "industrial": null, "layer": null, "addr:city": "Рощино", "official_name": null, "residential": null, "website": null, "old_name": "СНТ 1-й ЛГЭС", "addr:housenumber": null, "addr:street": null, "name:ru": null, "leisure": null, "building:levels": null, "water": null, "place": "allotments", "natural": null, "wood": null, "leaf_cycle": null, "man_made": null, "genus": null, "opening_hours": null, "type": "multipolygon", "phone": null, "amenity": null, "religion": null, "email": null, "internet_access": null, "name:en": null, "operator": null, "addr:country": null, "tourism": null, "url": null, "addr:district": null, "addr:region": null, "check_date": null, "building": null, "construction": null, "area:highway": null, "brand": null, "contact:phone": null, "contact:website": null, "fuel:diesel": null, "fuel:discount": null, "fuel:octane_92": null, "fuel:octane_95": null, "ref": null, "shop": null, "surface": null, "toilets": null }, "geometry": { "type": "Polygon", "coordinates": [ [ [ 29.6110006, 60.2342887 ], [ 29.6116634, 60.2351814 ], [ 29.6119264, 60.2355541 ], [ 29.6120072, 60.2356721 ], [ 29.6121023, 60.2357657 ], [ 29.6132583, 60.2365131 ], [ 29.6146674, 60.23605 ], [ 29.6149742, 60.2359216 ], [ 29.6155184, 60.2359479 ], [ 29.6159213, 60.2364425 ], [ 29.6161742, 60.236751 ], [ 29.6165803, 60.237058 ], [ 29.617005, 60.2377649 ], [ 29.6166708, 60.2378548 ], [ 29.6172137, 60.2384385 ], [ 29.6176841, 60.2388288 ], [ 29.6178299, 60.2390261 ], [ 29.6164884, 60.2393285 ], [ 29.6155202, 60.2390308 ], [ 29.615414, 60.2390774 ], [ 29.6172317, 60.2399858 ], [ 29.6175269, 60.2400509 ], [ 29.6186292, 60.2398849 ], [ 29.6197315, 60.2397188 ], [ 29.6196946, 60.2390658 ], [ 29.6206222, 60.239055 ], [ 29.6210678, 60.2389904 ], [ 29.6203, 60.2373516 ], [ 29.6201233, 60.2369994 ], [ 29.6198896, 60.2364378 ], [ 29.6201635, 60.2364838 ], [ 29.6207487, 60.2364383 ], [ 29.6206781, 60.2362903 ], [ 29.6205586, 60.2360559 ], [ 29.6198068, 60.2348855 ], [ 29.6163137, 60.234963 ], [ 29.6140962, 60.2349754 ], [ 29.6128344, 60.2335117 ], [ 29.6110006, 60.2342887 ] ] ] } },
{ "type": "Feature", "properties": { "element_type": "relation", "osmid": 2416334, "barrier": null, "height": null, "note": null, "description": null, "landuse": "residential", "name": null, "source": null, "industrial": null, "layer": null, "addr:city": null, "official_name": null, "residential": "rural", "website": null, "old_name": null, "addr:housenumber": null, "addr:street": null, "name:ru": null, "leisure": null, "building:levels": null, "water": null, "place": null, "natural": null, "wood": null, "leaf_cycle": null, "man_made": null, "genus": null, "opening_hours": null, "type": "multipolygon", "phone": null, "amenity": null, "religion": null, "email": null, "internet_access": null, "name:en": null, "operator": null, "addr:country": null, "tourism": null, "url": null, "addr:district": null, "addr:region": null, "check_date": null, "building": null, "construction": null, "area:highway": null, "brand": null, "contact:phone": null, "contact:website": null, "fuel:diesel": null, "fuel:discount": null, "fuel:octane_92": null, "fuel:octane_95": null, "ref": null, "shop": null, "surface": null, "toilets": null }, "geometry": { "type": "Polygon", "coordinates": [ [ [ 29.6197315, 60.2397188 ], [ 29.6199191, 60.2399385 ], [ 29.6205128, 60.2401153 ], [ 29.6207503, 60.2401228 ], [ 29.6214653, 60.2403611 ], [ 29.62191, 60.2397755 ], [ 29.6211748, 60.2390832 ], [ 29.6210678, 60.2389904 ], [ 29.6206222, 60.239055 ], [ 29.6196946, 60.2390658 ], [ 29.6197315, 60.2397188 ] ] ] } },
{ "type": "Feature", "properties": { "element_type": "relation", "osmid": 2416335, "barrier": null, "height": null, "note": null, "description": null, "landuse": "residential", "name": null, "source": null, "industrial": null, "layer": null, "addr:city": null, "official_name": null, "residential": "rural", "website": null, "old_name": null, "addr:housenumber": null, "addr:street": null, "name:ru": null, "leisure": null, "building:levels": null, "water": null, "place": null, "natural": null, "wood": null, "leaf_cycle": null, "man_made": null, "genus": null, "opening_hours": null, "type": "multipolygon", "phone": null, "amenity": null, "religion": null, "email": null, "internet_access": null, "name:en": null, "operator": null, "addr:country": null, "tourism": null, "url": null, "addr:district": null, "addr:region": null, "check_date": null, "building": null, "construction": null, "area:highway": null, "brand": null, "contact:phone": null, "contact:website": null, "fuel:diesel": null, "fuel:discount": null, "fuel:octane_92": null, "fuel:octane_95": null, "ref": null, "shop": null, "surface": null, "toilets": null }, "geometry": { "type": "Polygon", "coordinates": [ [ [ 29.6213251, 60.2387001 ], [ 29.6211078, 60.2387524 ], [ 29.6212293, 60.2390114 ], [ 29.6219832, 60.2396924 ], [ 29.6227836, 60.2394051 ], [ 29.6235196, 60.2391107 ], [ 29.6238304, 60.2388394 ], [ 29.6239698, 60.2384988 ], [ 29.6239305, 60.2382736 ], [ 29.6238054, 60.2382771 ], [ 29.6235385, 60.2383 ], [ 29.6234011, 60.2383206 ], [ 29.6233674, 60.2382859 ], [ 29.6221571, 60.2384724 ], [ 29.6222037, 60.2386216 ], [ 29.6213251, 60.2387001 ] ] ] } },
{ "type": "Feature", "properties": { "element_type": "relation", "osmid": 2416336, "barrier": null, "height": null, "note": null, "description": null, "landuse": "residential", "name": null, "source": null, "industrial": null, "layer": null, "addr:city": null, "official_name": null, "residential": "rural", "website": null, "old_name": null, "addr:housenumber": null, "addr:street": null, "name:ru": null, "leisure": null, "building:levels": null, "water": null, "place": null, "natural": null, "wood": null, "leaf_cycle": null, "man_made": null, "genus": null, "opening_hours": null, "type": "multipolygon", "phone": null, "amenity": null, "religion": null, "email": null, "internet_access": null, "name:en": null, "operator": null, "addr:country": null, "tourism": null, "url": null, "addr:district": null, "addr:region": null, "check_date": null, "building": null, "construction": null, "area:highway": null, "brand": null, "contact:phone": null, "contact:website": null, "fuel:diesel": null, "fuel:discount": null, "fuel:octane_92": null, "fuel:octane_95": null, "ref": null, "shop": null, "surface": null, "toilets": null }, "geometry": { "type": "Polygon", "coordinates": [ [ [ 29.610214, 60.2359504 ], [ 29.6098011, 60.2363835 ], [ 29.6119726, 60.23728 ], [ 29.6134259, 60.2379473 ], [ 29.6142947, 60.2385545 ], [ 29.6138166, 60.238689 ], [ 29.6133563, 60.2387545 ], [ 29.6141324, 60.2391573 ], [ 29.6145339, 60.2391584 ], [ 29.6151493, 60.2398332 ], [ 29.6151895, 60.2399041 ], [ 29.6156424, 60.2407077 ], [ 29.6156686, 60.2407498 ], [ 29.6177666, 60.2403717 ], [ 29.6179546, 60.2404178 ], [ 29.6180684, 60.2408245 ], [ 29.6182704, 60.2409144 ], [ 29.6192895, 60.2408856 ], [ 29.6195867, 60.2409605 ], [ 29.6198151, 60.2412405 ], [ 29.6197743, 60.2415545 ], [ 29.6198498, 60.241602 ], [ 29.6213252, 60.2418705 ], [ 29.621288, 60.2417063 ], [ 29.6213105, 60.2415441 ], [ 29.6213725, 60.2411584 ], [ 29.6213943, 60.2406813 ], [ 29.6214653, 60.2403611 ], [ 29.6207503, 60.2401228 ], [ 29.6205128, 60.2401153 ], [ 29.6199191, 60.2399385 ], [ 29.6197315, 60.2397188 ], [ 29.6186292, 60.2398849 ], [ 29.6175269, 60.2400509 ], [ 29.6172317, 60.2399858 ], [ 29.615414, 60.2390774 ], [ 29.6155202, 60.2390308 ], [ 29.6164884, 60.2393285 ], [ 29.6178299, 60.2390261 ], [ 29.6176841, 60.2388288 ], [ 29.6172137, 60.2384385 ], [ 29.6166708, 60.2378548 ], [ 29.617005, 60.2377649 ], [ 29.6165803, 60.237058 ], [ 29.6161742, 60.236751 ], [ 29.6159213, 60.2364425 ], [ 29.6155184, 60.2359479 ], [ 29.6149742, 60.2359216 ], [ 29.6146674, 60.23605 ], [ 29.6132583, 60.2365131 ], [ 29.6121023, 60.2357657 ], [ 29.6120072, 60.2356721 ], [ 29.6119264, 60.2355541 ], [ 29.6116634, 60.2351814 ], [ 29.6110006, 60.2342887 ], [ 29.609858, 60.2346926 ], [ 29.6104344, 60.2353933 ], [ 29.6104058, 60.235624 ], [ 29.610214, 60.2359504 ] ] ] } },
{ "type": "Feature", "properties": { "element_type": "relation", "osmid": 2416338, "barrier": null, "height": "2", "note": null, "description": null, "landuse": "industrial", "name": null, "source": null, "industrial": null, "layer": null, "addr:city": null, "official_name": null, "residential": null, "website": null, "old_name": null, "addr:housenumber": null, "addr:street": null, "name:ru": null, "leisure": null, "building:levels": null, "water": null, "place": null, "natural": null, "wood": null, "leaf_cycle": null, "man_made": null, "genus": null, "opening_hours": null, "type": "multipolygon", "phone": null, "amenity": null, "religion": null, "email": null, "internet_access": null, "name:en": null, "operator": null, "addr:country": null, "tourism": null, "url": null, "addr:district": null, "addr:region": null, "check_date": null, "building": null, "construction": null, "area:highway": null, "brand": null, "contact:phone": null, "contact:website": null, "fuel:diesel": null, "fuel:discount": null, "fuel:octane_92": null, "fuel:octane_95": null, "ref": null, "shop": null, "surface": null, "toilets": null }, "geometry": { "type": "Polygon", "coordinates": [ [ [ 29.6212111, 60.2384145 ], [ 29.6212162, 60.2384325 ], [ 29.6213251, 60.2387001 ], [ 29.6222037, 60.2386216 ], [ 29.6221571, 60.2384724 ], [ 29.6233674, 60.2382859 ], [ 29.6234011, 60.2383206 ], [ 29.6235385, 60.2383 ], [ 29.6234919, 60.2382215 ], [ 29.6234426, 60.2382112 ], [ 29.6231523, 60.2377018 ], [ 29.6213743, 60.2374058 ], [ 29.6211022, 60.2374637 ], [ 29.6213746, 60.2379655 ], [ 29.6215687, 60.2383232 ], [ 29.621408, 60.2383901 ], [ 29.6212111, 60.2384145 ] ] ] } },
{ "type": "Feature", "properties": { "element_type": "relation", "osmid": 2416342, "barrier": null, "height": null, "note": null, "description": null, "landuse": "residential", "name": null, "source": null, "industrial": null, "layer": null, "addr:city": null, "official_name": null, "residential": "rural", "website": null, "old_name": null, "addr:housenumber": null, "addr:street": null, "name:ru": null, "leisure": null, "building:levels": null, "water": null, "place": null, "natural": null, "wood": null, "leaf_cycle": null, "man_made": null, "genus": null, "opening_hours": null, "type": "multipolygon", "phone": null, "amenity": null, "religion": null, "email": null, "internet_access": null, "name:en": null, "operator": null, "addr:country": null, "tourism": null, "url": null, "addr:district": null, "addr:region": null, "check_date": null, "building": null, "construction": null, "area:highway": null, "brand": null, "contact:phone": null, "contact:website": null, "fuel:diesel": null, "fuel:discount": null, "fuel:octane_92": null, "fuel:octane_95": null, "ref": null, "shop": null, "surface": null, "toilets": null }, "geometry": { "type": "Polygon", "coordinates": [ [ [ 29.6216825, 60.2412555 ], [ 29.623117, 60.2410916 ], [ 29.6240779, 60.2410231 ], [ 29.6230204, 60.240055 ], [ 29.6236784, 60.2397802 ], [ 29.6239508, 60.2396529 ], [ 29.6238677, 60.2395809 ], [ 29.6234608, 60.2393016 ], [ 29.6229677, 60.239475 ], [ 29.6224968, 60.2396406 ], [ 29.6221536, 60.23976 ], [ 29.6221178, 60.2398476 ], [ 29.6217828, 60.2403237 ], [ 29.6216825, 60.2412555 ] ] ] } },
{ "type": "Feature", "properties": { "element_type": "relation", "osmid": 2416347, "barrier": null, "height": null, "note": null, "description": null, "landuse": "allotments", "name": null, "source": null, "industrial": null, "layer": null, "addr:city": null, "official_name": null, "residential": null, "website": null, "old_name": null, "addr:housenumber": null, "addr:street": null, "name:ru": null, "leisure": null, "building:levels": null, "water": null, "place": null, "natural": null, "wood": null, "leaf_cycle": null, "man_made": null, "genus": null, "opening_hours": null, "type": "multipolygon", "phone": null, "amenity": null, "religion": null, "email": null, "internet_access": null, "name:en": null, "operator": null, "addr:country": null, "tourism": null, "url": null, "addr:district": null, "addr:region": null, "check_date": null, "building": null, "construction": null, "area:highway": null, "brand": null, "contact:phone": null, "contact:website": null, "fuel:diesel": null, "fuel:discount": null, "fuel:octane_92": null, "fuel:octane_95": null, "ref": null, "shop": null, "surface": null, "toilets": null }, "geometry": { "type": "Polygon", "coordinates": [ [ [ 29.6251132, 60.2403401 ], [ 29.6258141, 60.239914 ], [ 29.6258129, 60.2398688 ], [ 29.6259342, 60.2397875 ], [ 29.6260221, 60.2394037 ], [ 29.6254702, 60.2390485 ], [ 29.6251033, 60.2391298 ], [ 29.6246242, 60.2391659 ], [ 29.6242087, 60.2394173 ], [ 29.6244604, 60.2397032 ], [ 29.6251132, 60.2403401 ] ] ] } },
{ "type": "Feature", "properties": { "element_type": "relation", "osmid": 2416354, "barrier": null, "height": null, "note": null, "description": null, "landuse": "garages", "name": "ПГК «Автомобилист»", "source": null, "industrial": null, "layer": null, "addr:city": null, "official_name": null, "residential": null, "website": null, "old_name": null, "addr:housenumber": null, "addr:street": null, "name:ru": null, "leisure": null, "building:levels": null, "water": null, "place": null, "natural": null, "wood": null, "leaf_cycle": null, "man_made": null, "genus": null, "opening_hours": null, "type": "multipolygon", "phone": null, "amenity": null, "religion": null, "email": null, "internet_access": null, "name:en": null, "operator": null, "addr:country": null, "tourism": null, "url": null, "addr:district": null, "addr:region": null, "check_date": null, "building": null, "construction": null, "area:highway": null, "brand": null, "contact:phone": null, "contact:website": null, "fuel:diesel": null, "fuel:discount": null, "fuel:octane_92": null, "fuel:octane_95": null, "ref": null, "shop": null, "surface": null, "toilets": null }, "geometry": { "type": "Polygon", "coordinates": [ [ [ 29.6288079, 60.2442728 ], [ 29.6287474, 60.2441983 ], [ 29.628635, 60.244155 ], [ 29.6285079, 60.2441494 ], [ 29.6282686, 60.2440411 ], [ 29.627832, 60.2442744 ], [ 29.6278061, 60.2443039 ], [ 29.6281685, 60.2444449 ], [ 29.6279583, 60.2445922 ], [ 29.6279197, 60.2447278 ], [ 29.6279992, 60.2447599 ], [ 29.6281914, 60.2448314 ], [ 29.6282314, 60.2448479 ], [ 29.6283075, 60.2448485 ], [ 29.6283625, 60.2448693 ], [ 29.6285062, 60.244921 ], [ 29.6286067, 60.2449572 ], [ 29.6288065, 60.2450291 ], [ 29.6288941, 60.2450606 ], [ 29.6290063, 60.245101 ], [ 29.6292841, 60.2449267 ], [ 29.6293023, 60.244876 ], [ 29.6293757, 60.244871 ], [ 29.6296517, 60.2446951 ], [ 29.6295511, 60.2446563 ], [ 29.6295116, 60.2445948 ], [ 29.6293107, 60.2445124 ], [ 29.6293182, 60.2444765 ], [ 29.6292687, 60.2444544 ], [ 29.6290711, 60.2443737 ], [ 29.6290275, 60.2443385 ], [ 29.6289695, 60.2443436 ], [ 29.6288079, 60.2442728 ] ] ] } },
{ "type": "Feature", "properties": { "element_type": "relation", "osmid": 2416357, "barrier": null, "height": null, "note": null, "description": null, "landuse": "residential", "name": null, "source": null, "industrial": null, "layer": null, "addr:city": null, "official_name": null, "residential": "rural", "website": null, "old_name": null, "addr:housenumber": null, "addr:street": null, "name:ru": null, "leisure": null, "building:levels": null, "water": null, "place": null, "natural": null, "wood": null, "leaf_cycle": null, "man_made": null, "genus": null, "opening_hours": null, "type": "multipolygon", "phone": null, "amenity": null, "religion": null, "email": null, "internet_access": null, "name:en": null, "operator": null, "addr:country": null, "tourism": null, "url": null, "addr:district": null, "addr:region": null, "check_date": null, "building": null, "construction": null, "area:highway": null, "brand": null, "contact:phone": null, "contact:website": null, "fuel:diesel": null, "fuel:discount": null, "fuel:octane_92": null, "fuel:octane_95": null, "ref": null, "shop": null, "surface": null, "toilets": null }, "geometry": { "type": "Polygon", "coordinates": [ [ [ 29.6351124, 60.2395631 ], [ 29.6356538, 60.2398734 ], [ 29.6365738, 60.2394997 ], [ 29.6366398, 60.2392594 ], [ 29.6360676, 60.2390125 ], [ 29.6352577, 60.239314 ], [ 29.6351124, 60.2395631 ] ] ] } },
{ "type": "Feature", "properties": { "element_type": "relation", "osmid": 2416358, "barrier": null, "height": null, "note": null, "description": null, "landuse": "residential", "name": null, "source": null, "industrial": null, "layer": null, "addr:city": null, "official_name": null, "residential": "rural", "website": null, "old_name": null, "addr:housenumber": null, "addr:street": null, "name:ru": null, "leisure": null, "building:levels": null, "water": null, "place": null, "natural": null, "wood": null, "leaf_cycle": null, "man_made": null, "genus": null, "opening_hours": null, "type": "multipolygon", "phone": null, "amenity": null, "religion": null, "email": null, "internet_access": null, "name:en": null, "operator": null, "addr:country": null, "tourism": null, "url": null, "addr:district": null, "addr:region": null, "check_date": null, "building": null, "construction": null, "area:highway": null, "brand": null, "contact:phone": null, "contact:website": null, "fuel:diesel": null, "fuel:discount": null, "fuel:octane_92": null, "fuel:octane_95": null, "ref": null, "shop": null, "surface": null, "toilets": null }, "geometry": { "type": "Polygon", "coordinates": [ [ [ 29.6288079, 60.2442728 ], [ 29.6289695, 60.2443436 ], [ 29.6290275, 60.2443385 ], [ 29.6290711, 60.2443737 ], [ 29.6292687, 60.2444544 ], [ 29.6293182, 60.2444765 ], [ 29.6293107, 60.2445124 ], [ 29.6295116, 60.2445948 ], [ 29.6295511, 60.2446563 ], [ 29.6296517, 60.2446951 ], [ 29.6305519, 60.2443165 ], [ 29.6312883, 60.2440992 ], [ 29.6317738, 60.2439861 ], [ 29.6328705, 60.243766 ], [ 29.632718, 60.2434656 ], [ 29.6327129, 60.2433816 ], [ 29.6330962, 60.2433085 ], [ 29.6336867, 60.243125 ], [ 29.6339192, 60.2428185 ], [ 29.6340852, 60.2425998 ], [ 29.6344131, 60.2421676 ], [ 29.6349074, 60.2418516 ], [ 29.6345633, 60.2417549 ], [ 29.634507, 60.2414993 ], [ 29.6344591, 60.2414776 ], [ 29.6337706, 60.2419033 ], [ 29.6331438, 60.2423418 ], [ 29.6330305, 60.2422971 ], [ 29.6327982, 60.2424833 ], [ 29.631975, 60.2429451 ], [ 29.631075, 60.2435431 ], [ 29.6307423, 60.2437027 ], [ 29.6303373, 60.2438407 ], [ 29.6303683, 60.2438703 ], [ 29.6298805, 60.2440801 ], [ 29.6288079, 60.2442728 ] ] ] } },
{ "type": "Feature", "properties": { "element_type": "relation", "osmid": 2416359, "barrier": null, "height": null, "note": null, "description": null, "landuse": "residential", "name": null, "source": null, "industrial": null, "layer": null, "addr:city": null, "official_name": null, "residential": "rural", "website": null, "old_name": null, "addr:housenumber": null, "addr:street": null, "name:ru": null, "leisure": null, "building:levels": null, "water": null, "place": null, "natural": null, "wood": null, "leaf_cycle": null, "man_made": null, "genus": null, "opening_hours": null, "type": "multipolygon", "phone": null, "amenity": null, "religion": null, "email": null, "internet_access": null, "name:en": null, "operator": null, "addr:country": null, "tourism": null, "url": null, "addr:district": null, "addr:region": null, "check_date": null, "building": null, "construction": null, "area:highway": null, "brand": null, "contact:phone": null, "contact:website": null, "fuel:diesel": null, "fuel:discount": null, "fuel:octane_92": null, "fuel:octane_95": null, "ref": null, "shop": null, "surface": null, "toilets": null }, "geometry": { "type": "Polygon", "coordinates": [ [ [ 29.6302288, 60.241354 ], [ 29.6307936, 60.2415077 ], [ 29.6314544, 60.2414405 ], [ 29.6326477, 60.2412901 ], [ 29.6341251, 60.2406508 ], [ 29.634876, 60.2411028 ], [ 29.6354375, 60.2407573 ], [ 29.6350495, 60.2405059 ], [ 29.6347258, 60.2402943 ], [ 29.6344565, 60.2402101 ], [ 29.6341359, 60.2402525 ], [ 29.6334683, 60.2398578 ], [ 29.6300591, 60.2412686 ], [ 29.6302288, 60.241354 ] ] ] } },
{ "type": "Feature", "properties": { "element_type": "relation", "osmid": 2416360, "barrier": null, "height": null, "note": null, "description": null, "landuse": "residential", "name": null, "source": null, "industrial": null, "layer": null, "addr:city": null, "official_name": null, "residential": "rural", "website": null, "old_name": null, "addr:housenumber": null, "addr:street": null, "name:ru": null, "leisure": null, "building:levels": null, "water": null, "place": null, "natural": null, "wood": null, "leaf_cycle": null, "man_made": null, "genus": null, "opening_hours": null, "type": "multipolygon", "phone": null, "amenity": null, "religion": null, "email": null, "internet_access": null, "name:en": null, "operator": null, "addr:country": null, "tourism": null, "url": null, "addr:district": null, "addr:region": null, "check_date": null, "building": null, "construction": null, "area:highway": null, "brand": null, "contact:phone": null, "contact:website": null, "fuel:diesel": null, "fuel:discount": null, "fuel:octane_92": null, "fuel:octane_95": null, "ref": null, "shop": null, "surface": null, "toilets": null }, "geometry": { "type": "Polygon", "coordinates": [ [ [ 29.6302288, 60.241354 ], [ 29.6279671, 60.2417455 ], [ 29.6282701, 60.2422924 ], [ 29.6271742, 60.2423799 ], [ 29.6276094, 60.2428835 ], [ 29.6264919, 60.2432079 ], [ 29.6273253, 60.2438988 ], [ 29.6294088, 60.2439411 ], [ 29.632677, 60.2424255 ], [ 29.634876, 60.2411028 ], [ 29.6341251, 60.2406508 ], [ 29.6326477, 60.2412901 ], [ 29.6314544, 60.2414405 ], [ 29.6307936, 60.2415077 ], [ 29.6302288, 60.241354 ] ] ] } },
{ "type": "Feature", "properties": { "element_type": "relation", "osmid": 2416510, "barrier": null, "height": null, "note": null, "description": null, "landuse": "residential", "name": "КП «Рощинская Сказка»", "source": null, "industrial": null, "layer": null, "addr:city": "Рощино", "official_name": null, "residential": null, "website": "http://rosskazka.ru/", "old_name": null, "addr:housenumber": null, "addr:street": null, "name:ru": null, "leisure": null, "building:levels": null, "water": null, "place": "neighbourhood", "natural": null, "wood": null, "leaf_cycle": null, "man_made": null, "genus": null, "opening_hours": null, "type": "multipolygon", "phone": null, "amenity": null, "religion": null, "email": null, "internet_access": null, "name:en": null, "operator": null, "addr:country": null, "tourism": null, "url": null, "addr:district": null, "addr:region": null, "check_date": null, "building": null, "construction": null, "area:highway": null, "brand": null, "contact:phone": null, "contact:website": null, "fuel:diesel": null, "fuel:discount": null, "fuel:octane_92": null, "fuel:octane_95": null, "ref": null, "shop": null, "surface": null, "toilets": null }, "geometry": { "type": "Polygon", "coordinates": [ [ [ 29.6373685, 60.2403489 ], [ 29.6368882, 60.2408899 ], [ 29.6368081, 60.2409393 ], [ 29.6367171, 60.2409955 ], [ 29.6363828, 60.2411779 ], [ 29.6373161, 60.2415648 ], [ 29.6381036, 60.2414448 ], [ 29.6398792, 60.2418269 ], [ 29.6402182, 60.2420041 ], [ 29.641031, 60.2414702 ], [ 29.6403943, 60.2411346 ], [ 29.640828, 60.240871 ], [ 29.6398239, 60.2404041 ], [ 29.6373685, 60.2403489 ] ] ] } },
{ "type": "Feature", "properties": { "element_type": "relation", "osmid": 2416512, "barrier": null, "height": null, "note": null, "description": null, "landuse": "residential", "name": null, "source": null, "industrial": null, "layer": null, "addr:city": null, "official_name": null, "residential": "rural", "website": null, "old_name": null, "addr:housenumber": null, "addr:street": null, "name:ru": null, "leisure": null, "building:levels": null, "water": null, "place": null, "natural": null, "wood": null, "leaf_cycle": null, "man_made": null, "genus": null, "opening_hours": null, "type": "multipolygon", "phone": null, "amenity": null, "religion": null, "email": null, "internet_access": null, "name:en": null, "operator": null, "addr:country": null, "tourism": null, "url": null, "addr:district": null, "addr:region": null, "check_date": null, "building": null, "construction": null, "area:highway": null, "brand": null, "contact:phone": null, "contact:website": null, "fuel:diesel": null, "fuel:discount": null, "fuel:octane_92": null, "fuel:octane_95": null, "ref": null, "shop": null, "surface": null, "toilets": null }, "geometry": { "type": "Polygon", "coordinates": [ [ [ 29.6339357, 60.242997 ], [ 29.6337091, 60.2433236 ], [ 29.6337938, 60.2434699 ], [ 29.6345161, 60.2434339 ], [ 29.6362055, 60.243489 ], [ 29.6371505, 60.2434832 ], [ 29.637444, 60.2434989 ], [ 29.6382535, 60.243526 ], [ 29.6377632, 60.2430729 ], [ 29.6373011, 60.2426415 ], [ 29.6373217, 60.2422217 ], [ 29.6372429, 60.2419 ], [ 29.6362398, 60.2418947 ], [ 29.6369772, 60.2421876 ], [ 29.6366853, 60.2423584 ], [ 29.6360751, 60.2425823 ], [ 29.635478, 60.2424219 ], [ 29.6355075, 60.2423633 ], [ 29.6353197, 60.2422981 ], [ 29.635258, 60.2423567 ], [ 29.6346976, 60.2421473 ], [ 29.6346384, 60.2421922 ], [ 29.6344748, 60.2423287 ], [ 29.6341764, 60.2427393 ], [ 29.6339357, 60.242997 ] ] ] } },
{ "type": "Feature", "properties": { "element_type": "relation", "osmid": 2416513, "barrier": null, "height": null, "note": null, "description": null, "landuse": "residential", "name": null, "source": null, "industrial": null, "layer": null, "addr:city": null, "official_name": null, "residential": "rural", "website": null, "old_name": null, "addr:housenumber": null, "addr:street": null, "name:ru": null, "leisure": null, "building:levels": null, "water": null, "place": null, "natural": null, "wood": null, "leaf_cycle": null, "man_made": null, "genus": null, "opening_hours": null, "type": "multipolygon", "phone": null, "amenity": null, "religion": null, "email": null, "internet_access": null, "name:en": null, "operator": null, "addr:country": null, "tourism": null, "url": null, "addr:district": null, "addr:region": null, "check_date": null, "building": null, "construction": null, "area:highway": null, "brand": null, "contact:phone": null, "contact:website": null, "fuel:diesel": null, "fuel:discount": null, "fuel:octane_92": null, "fuel:octane_95": null, "ref": null, "shop": null, "surface": null, "toilets": null }, "geometry": { "type": "Polygon", "coordinates": [ [ [ 29.6346976, 60.2421473 ], [ 29.635258, 60.2423567 ], [ 29.6353197, 60.2422981 ], [ 29.6355075, 60.2423633 ], [ 29.635478, 60.2424219 ], [ 29.6360751, 60.2425823 ], [ 29.6366853, 60.2423584 ], [ 29.6369772, 60.2421876 ], [ 29.6362398, 60.2418947 ], [ 29.6372429, 60.2419 ], [ 29.6373217, 60.2422217 ], [ 29.6373011, 60.2426415 ], [ 29.6377632, 60.2430729 ], [ 29.6382535, 60.243526 ], [ 29.6383881, 60.2435247 ], [ 29.6387128, 60.2434921 ], [ 29.6389472, 60.2434577 ], [ 29.6387776, 60.243198 ], [ 29.6387563, 60.2428169 ], [ 29.6386026, 60.2426753 ], [ 29.6376855, 60.2428268 ], [ 29.637444, 60.2426123 ], [ 29.6376049, 60.2423726 ], [ 29.6380877, 60.2421809 ], [ 29.6380435, 60.2419732 ], [ 29.6378249, 60.2417982 ], [ 29.6373161, 60.2415648 ], [ 29.6381036, 60.2414448 ], [ 29.6398792, 60.2418269 ], [ 29.6402182, 60.2420041 ], [ 29.6411455, 60.2427188 ], [ 29.6418857, 60.2424685 ], [ 29.6425965, 60.2427014 ], [ 29.643239, 60.2419225 ], [ 29.6424269, 60.2415735 ], [ 29.6424506, 60.2415464 ], [ 29.642041, 60.2413702 ], [ 29.6420268, 60.241302 ], [ 29.6417971, 60.241181 ], [ 29.6412662, 60.2409708 ], [ 29.640828, 60.240871 ], [ 29.6398239, 60.2404041 ], [ 29.6373685, 60.2403489 ], [ 29.6367368, 60.24041 ], [ 29.6361883, 60.2405707 ], [ 29.6359528, 60.2406986 ], [ 29.6356685, 60.2408529 ], [ 29.6352962, 60.241055 ], [ 29.635663, 60.2411958 ], [ 29.635764, 60.2413925 ], [ 29.6358535, 60.2414434 ], [ 29.6350383, 60.2419622 ], [ 29.6346976, 60.2421473 ] ] ] } },
{ "type": "Feature", "properties": { "element_type": "relation", "osmid": 2416929, "barrier": null, "height": null, "note": null, "description": null, "landuse": "residential", "name": null, "source": null, "industrial": null, "layer": null, "addr:city": null, "official_name": null, "residential": "rural", "website": null, "old_name": null, "addr:housenumber": null, "addr:street": null, "name:ru": null, "leisure": null, "building:levels": null, "water": null, "place": null, "natural": null, "wood": null, "leaf_cycle": null, "man_made": null, "genus": null, "opening_hours": null, "type": "multipolygon", "phone": null, "amenity": null, "religion": null, "email": null, "internet_access": null, "name:en": null, "operator": null, "addr:country": null, "tourism": null, "url": null, "addr:district": null, "addr:region": null, "check_date": null, "building": null, "construction": null, "area:highway": null, "brand": null, "contact:phone": null, "contact:website": null, "fuel:diesel": null, "fuel:discount": null, "fuel:octane_92": null, "fuel:octane_95": null, "ref": null, "shop": null, "surface": null, "toilets": null }, "geometry": { "type": "Polygon", "coordinates": [ [ [ 29.5762052, 60.2466427 ], [ 29.5762176, 60.2468626 ], [ 29.5762527, 60.2470057 ], [ 29.5767081, 60.2473125 ], [ 29.57759, 60.2469319 ], [ 29.5775936, 60.2468547 ], [ 29.5774537, 60.2466697 ], [ 29.5771966, 60.2464978 ], [ 29.5768879, 60.2463102 ], [ 29.5765644, 60.2466868 ], [ 29.5763155, 60.2467362 ], [ 29.5762052, 60.2466427 ] ] ] } },
{ "type": "Feature", "properties": { "element_type": "relation", "osmid": 2416930, "barrier": null, "height": null, "note": null, "description": null, "landuse": "residential", "name": null, "source": null, "industrial": null, "layer": null, "addr:city": null, "official_name": null, "residential": "rural", "website": null, "old_name": null, "addr:housenumber": null, "addr:street": null, "name:ru": null, "leisure": null, "building:levels": null, "water": null, "place": null, "natural": null, "wood": null, "leaf_cycle": null, "man_made": null, "genus": null, "opening_hours": null, "type": "multipolygon", "phone": null, "amenity": null, "religion": null, "email": null, "internet_access": null, "name:en": null, "operator": null, "addr:country": null, "tourism": null, "url": null, "addr:district": null, "addr:region": null, "check_date": null, "building": null, "construction": null, "area:highway": null, "brand": null, "contact:phone": null, "contact:website": null, "fuel:diesel": null, "fuel:discount": null, "fuel:octane_92": null, "fuel:octane_95": null, "ref": null, "shop": null, "surface": null, "toilets": null }, "geometry": { "type": "Polygon", "coordinates": [ [ [ 29.565631, 60.2490005 ], [ 29.5658977, 60.2491276 ], [ 29.5663806, 60.2492778 ], [ 29.5670694, 60.2494327 ], [ 29.5680545, 60.249626 ], [ 29.5697396, 60.2489809 ], [ 29.5695352, 60.2488843 ], [ 29.5689124, 60.2486139 ], [ 29.5685134, 60.2484352 ], [ 29.5677154, 60.2480682 ], [ 29.5676686, 60.2480347 ], [ 29.5671059, 60.2477781 ], [ 29.5668779, 60.2478158 ], [ 29.5665433, 60.2478309 ], [ 29.5663, 60.2477781 ], [ 29.5661176, 60.2478234 ], [ 29.5664065, 60.2479064 ], [ 29.5669539, 60.247929 ], [ 29.5671059, 60.2479894 ], [ 29.5671668, 60.2481101 ], [ 29.5670603, 60.248261 ], [ 29.5668474, 60.2483818 ], [ 29.5665585, 60.2485176 ], [ 29.5663152, 60.2486685 ], [ 29.5662544, 60.248495 ], [ 29.5660111, 60.2485629 ], [ 29.5660872, 60.2486534 ], [ 29.5658895, 60.2488722 ], [ 29.565631, 60.2490005 ] ] ] } },
{ "type": "Feature", "properties": { "element_type": "relation", "osmid": 2416931, "barrier": null, "height": null, "note": null, "description": null, "landuse": "residential", "name": null, "source": null, "industrial": null, "layer": null, "addr:city": null, "official_name": null, "residential": "rural", "website": null, "old_name": null, "addr:housenumber": null, "addr:street": null, "name:ru": null, "leisure": null, "building:levels": null, "water": null, "place": null, "natural": null, "wood": null, "leaf_cycle": null, "man_made": null, "genus": null, "opening_hours": null, "type": "multipolygon", "phone": null, "amenity": null, "religion": null, "email": null, "internet_access": null, "name:en": null, "operator": null, "addr:country": null, "tourism": null, "url": null, "addr:district": null, "addr:region": null, "check_date": null, "building": null, "construction": null, "area:highway": null, "brand": null, "contact:phone": null, "contact:website": null, "fuel:diesel": null, "fuel:discount": null, "fuel:octane_92": null, "fuel:octane_95": null, "ref": null, "shop": null, "surface": null, "toilets": null }, "geometry": { "type": "Polygon", "coordinates": [ [ [ 29.5741092, 60.2471844 ], [ 29.5743677, 60.2472084 ], [ 29.5749868, 60.2474624 ], [ 29.5754751, 60.2475424 ], [ 29.5758513, 60.2476108 ], [ 29.575544, 60.2473898 ], [ 29.5756915, 60.2473179 ], [ 29.5755306, 60.2472633 ], [ 29.5754424, 60.24717 ], [ 29.5754996, 60.2470839 ], [ 29.5753932, 60.2469933 ], [ 29.5752259, 60.246933 ], [ 29.5749674, 60.2468801 ], [ 29.5747849, 60.2468726 ], [ 29.5746937, 60.2469631 ], [ 29.5743896, 60.2469631 ], [ 29.5742375, 60.2468952 ], [ 29.5742162, 60.2469139 ], [ 29.57408, 60.247054 ], [ 29.5741092, 60.2471844 ] ] ] } },
{ "type": "Feature", "properties": { "element_type": "relation", "osmid": 2416940, "barrier": null, "height": null, "note": null, "description": null, "landuse": "residential", "name": null, "source": null, "industrial": null, "layer": null, "addr:city": null, "official_name": null, "residential": null, "website": null, "old_name": null, "addr:housenumber": null, "addr:street": null, "name:ru": null, "leisure": null, "building:levels": null, "water": null, "place": null, "natural": null, "wood": null, "leaf_cycle": null, "man_made": null, "genus": null, "opening_hours": null, "type": "multipolygon", "phone": null, "amenity": null, "religion": null, "email": null, "internet_access": null, "name:en": null, "operator": null, "addr:country": null, "tourism": null, "url": null, "addr:district": null, "addr:region": null, "check_date": null, "building": null, "construction": null, "area:highway": null, "brand": null, "contact:phone": null, "contact:website": null, "fuel:diesel": null, "fuel:discount": null, "fuel:octane_92": null, "fuel:octane_95": null, "ref": null, "shop": null, "surface": null, "toilets": null }, "geometry": { "type": "Polygon", "coordinates": [ [ [ 29.5819061, 60.245538 ], [ 29.5816279, 60.2454155 ], [ 29.5801253, 60.2462696 ], [ 29.5801861, 60.2463571 ], [ 29.583317, 60.2466921 ], [ 29.5842357, 60.2468215 ], [ 29.5852843, 60.2468864 ], [ 29.5878976, 60.2469684 ], [ 29.5943914, 60.2466551 ], [ 29.5959787, 60.2466062 ], [ 29.5993366, 60.2465689 ], [ 29.6012526, 60.2466038 ], [ 29.6009004, 60.2463591 ], [ 29.5995526, 60.2456459 ], [ 29.5995745, 60.2455652 ], [ 29.5998039, 60.2448871 ], [ 29.5970895, 60.2439264 ], [ 29.5959399, 60.2435887 ], [ 29.5959045, 60.2435081 ], [ 29.5951872, 60.2432012 ], [ 29.5944862, 60.2429058 ], [ 29.5923971, 60.2419323 ], [ 29.5930883, 60.2415133 ], [ 29.5940731, 60.2409567 ], [ 29.5950421, 60.2413777 ], [ 29.5954387, 60.2411611 ], [ 29.596514, 60.2405741 ], [ 29.5978083, 60.2410775 ], [ 29.5979186, 60.2411163 ], [ 29.5979958, 60.2411544 ], [ 29.5979928, 60.2411082 ], [ 29.5979432, 60.2408724 ], [ 29.5979738, 60.2406426 ], [ 29.5981272, 60.2404287 ], [ 29.5982685, 60.2402896 ], [ 29.5984715, 60.2401597 ], [ 29.5989215, 60.2399636 ], [ 29.600863, 60.2405412 ], [ 29.6038471, 60.2404522 ], [ 29.6034014, 60.2399363 ], [ 29.6028301, 60.2397539 ], [ 29.6028757, 60.23926 ], [ 29.6016365, 60.2385676 ], [ 29.6024922, 60.2380111 ], [ 29.6012087, 60.2374777 ], [ 29.6014219, 60.2369459 ], [ 29.6014655, 60.2366936 ], [ 29.6018922, 60.2362275 ], [ 29.6023345, 60.235867 ], [ 29.6028284, 60.2353344 ], [ 29.6028734, 60.235289 ], [ 29.6022454, 60.2349447 ], [ 29.6014354, 60.2346104 ], [ 29.6013493, 60.2346492 ], [ 29.6005288, 60.2350672 ], [ 29.5995503, 60.2356087 ], [ 29.598544, 60.2361378 ], [ 29.5984206, 60.2362189 ], [ 29.5965007, 60.2372756 ], [ 29.596366, 60.2372389 ], [ 29.5963392, 60.2372748 ], [ 29.5962775, 60.2373014 ], [ 29.5962386, 60.2372861 ], [ 29.5961809, 60.2373041 ], [ 29.5962118, 60.2373247 ], [ 29.5960663, 60.2374206 ], [ 29.5960795, 60.237504 ], [ 29.595248, 60.237955 ], [ 29.5925546, 60.2396101 ], [ 29.5920879, 60.2398125 ], [ 29.5904624, 60.2407937 ], [ 29.5900869, 60.2410267 ], [ 29.5898589, 60.2411239 ], [ 29.5894003, 60.2414567 ], [ 29.5843532, 60.2438739 ], [ 29.5852557, 60.244253 ], [ 29.586128, 60.244657 ], [ 29.5859027, 60.2447515 ], [ 29.5856801, 60.244874 ], [ 29.5866, 60.2452653 ], [ 29.5857163, 60.2454683 ], [ 29.5855393, 60.2454058 ], [ 29.5846957, 60.2450524 ], [ 29.5844811, 60.2450963 ], [ 29.5842665, 60.2450217 ], [ 29.5840414, 60.2450397 ], [ 29.5840211, 60.2452066 ], [ 29.5839129, 60.2452861 ], [ 29.5830301, 60.2457877 ], [ 29.5830575, 60.2457979 ], [ 29.5831481, 60.2458317 ], [ 29.582857, 60.245984 ], [ 29.5827453, 60.2459316 ], [ 29.5819061, 60.245538 ] ] ] } },
{ "type": "Feature", "properties": { "element_type": "relation", "osmid": 2417238, "barrier": null, "height": null, "note": null, "description": null, "landuse": "residential", "name": null, "source": null, "industrial": null, "layer": null, "addr:city": null, "official_name": null, "residential": "rural", "website": null, "old_name": null, "addr:housenumber": null, "addr:street": null, "name:ru": null, "leisure": null, "building:levels": null, "water": null, "place": null, "natural": null, "wood": null, "leaf_cycle": null, "man_made": null, "genus": null, "opening_hours": null, "type": "multipolygon", "phone": null, "amenity": null, "religion": null, "email": null, "internet_access": null, "name:en": null, "operator": null, "addr:country": null, "tourism": null, "url": null, "addr:district": null, "addr:region": null, "check_date": null, "building": null, "construction": null, "area:highway": null, "brand": null, "contact:phone": null, "contact:website": null, "fuel:diesel": null, "fuel:discount": null, "fuel:octane_92": null, "fuel:octane_95": null, "ref": null, "shop": null, "surface": null, "toilets": null }, "geometry": { "type": "Polygon", "coordinates": [ [ [ 29.5780214, 60.2567756 ], [ 29.5782724, 60.2568344 ], [ 29.5787092, 60.2567431 ], [ 29.5786205, 60.256654 ], [ 29.5789753, 60.2565264 ], [ 29.578326, 60.2559587 ], [ 29.5777284, 60.2561875 ], [ 29.5775369, 60.2562749 ], [ 29.5778427, 60.2564584 ], [ 29.5780214, 60.2567756 ] ] ] } },
{ "type": "Feature", "properties": { "element_type": "relation", "osmid": 2437767, "barrier": null, "height": null, "note": null, "description": null, "landuse": "industrial", "name": "ООО «Солитар»", "source": null, "industrial": null, "layer": null, "addr:city": null, "official_name": null, "residential": null, "website": null, "old_name": null, "addr:housenumber": null, "addr:street": null, "name:ru": null, "leisure": null, "building:levels": null, "water": null, "place": null, "natural": null, "wood": null, "leaf_cycle": null, "man_made": null, "genus": null, "opening_hours": null, "type": "multipolygon", "phone": null, "amenity": null, "religion": null, "email": null, "internet_access": null, "name:en": null, "operator": null, "addr:country": null, "tourism": null, "url": null, "addr:district": null, "addr:region": null, "check_date": null, "building": null, "construction": null, "area:highway": null, "brand": null, "contact:phone": null, "contact:website": null, "fuel:diesel": null, "fuel:discount": null, "fuel:octane_92": null, "fuel:octane_95": null, "ref": null, "shop": null, "surface": null, "toilets": null }, "geometry": { "type": "Polygon", "coordinates": [ [ [ 29.628422, 60.2602476 ], [ 29.6291987, 60.2600365 ], [ 29.6295195, 60.2602924 ], [ 29.6295498, 60.2603165 ], [ 29.6298875, 60.2603834 ], [ 29.6302114, 60.26025 ], [ 29.6306656, 60.2600144 ], [ 29.6307061, 60.2598201 ], [ 29.6300692, 60.2593031 ], [ 29.6279836, 60.2596332 ], [ 29.6278793, 60.2596884 ], [ 29.628422, 60.2602476 ] ] ] } },
{ "type": "Feature", "properties": { "element_type": "relation", "osmid": 2437768, "barrier": null, "height": null, "note": null, "description": null, "landuse": "residential", "name": null, "source": "survey", "industrial": null, "layer": null, "addr:city": null, "official_name": null, "residential": "rural", "website": null, "old_name": null, "addr:housenumber": null, "addr:street": null, "name:ru": null, "leisure": null, "building:levels": null, "water": null, "place": null, "natural": null, "wood": null, "leaf_cycle": null, "man_made": null, "genus": null, "opening_hours": null, "type": "multipolygon", "phone": null, "amenity": null, "religion": null, "email": null, "internet_access": null, "name:en": null, "operator": null, "addr:country": null, "tourism": null, "url": null, "addr:district": null, "addr:region": null, "check_date": null, "building": null, "construction": null, "area:highway": null, "brand": null, "contact:phone": null, "contact:website": null, "fuel:diesel": null, "fuel:discount": null, "fuel:octane_92": null, "fuel:octane_95": null, "ref": null, "shop": null, "surface": null, "toilets": null }, "geometry": { "type": "Polygon", "coordinates": [ [ [ 29.6275292, 60.2593196 ], [ 29.6277234, 60.2595016 ], [ 29.6299087, 60.2592075 ], [ 29.6300692, 60.2593031 ], [ 29.6307061, 60.2598201 ], [ 29.6306656, 60.2600144 ], [ 29.6302114, 60.26025 ], [ 29.6298875, 60.2603834 ], [ 29.6295498, 60.2603165 ], [ 29.6295195, 60.2602924 ], [ 29.6291987, 60.2600365 ], [ 29.628422, 60.2602476 ], [ 29.6288461, 60.2605419 ], [ 29.629046, 60.2606658 ], [ 29.6298407, 60.2613031 ], [ 29.6304823, 60.2612782 ], [ 29.6308739, 60.2613016 ], [ 29.6316974, 60.2608808 ], [ 29.6319274, 60.2608097 ], [ 29.6322437, 60.2608065 ], [ 29.6323181, 60.2606137 ], [ 29.6322327, 60.2603937 ], [ 29.6322378, 60.2601735 ], [ 29.6324068, 60.2601642 ], [ 29.6324964, 60.2600936 ], [ 29.6324589, 60.2599658 ], [ 29.6326263, 60.2598099 ], [ 29.6329557, 60.2595959 ], [ 29.6330535, 60.2597377 ], [ 29.6327904, 60.2598092 ], [ 29.6326309, 60.2599388 ], [ 29.6325773, 60.2600889 ], [ 29.6327841, 60.2603252 ], [ 29.6330461, 60.2604233 ], [ 29.6337889, 60.2604503 ], [ 29.6340153, 60.2605298 ], [ 29.6343615, 60.2607966 ], [ 29.6346859, 60.2608156 ], [ 29.6349339, 60.2607988 ], [ 29.6350918, 60.2607077 ], [ 29.6354622, 60.2606349 ], [ 29.6358481, 60.2606245 ], [ 29.6362281, 60.2606891 ], [ 29.6365072, 60.2608206 ], [ 29.6369337, 60.2607228 ], [ 29.6376105, 60.260757 ], [ 29.6382637, 60.2609179 ], [ 29.6388135, 60.2609218 ], [ 29.6390113, 60.2609996 ], [ 29.6392008, 60.2610132 ], [ 29.6393965, 60.2609327 ], [ 29.6395526, 60.2608492 ], [ 29.6400873, 60.2607775 ], [ 29.640255, 60.2607882 ], [ 29.6403314, 60.2607356 ], [ 29.6402872, 60.2606732 ], [ 29.6407703, 60.2606585 ], [ 29.641758, 60.2607393 ], [ 29.6420605, 60.2606562 ], [ 29.6428452, 60.2605088 ], [ 29.6429036, 60.2605972 ], [ 29.6431853, 60.2607614 ], [ 29.6435219, 60.2608254 ], [ 29.643835, 60.2608389 ], [ 29.6442434, 60.260735 ], [ 29.6444017, 60.2606086 ], [ 29.64434, 60.2604036 ], [ 29.6445626, 60.2603957 ], [ 29.6446511, 60.2604795 ], [ 29.6448037, 60.2604695 ], [ 29.6447826, 60.2602602 ], [ 29.6446957, 60.2593977 ], [ 29.6446618, 60.2590611 ], [ 29.6446289, 60.2587083 ], [ 29.6445965, 60.2583609 ], [ 29.6445641, 60.2580133 ], [ 29.640542, 60.2582854 ], [ 29.6388414, 60.2583333 ], [ 29.6352191, 60.2584271 ], [ 29.6347712, 60.2584517 ], [ 29.6347994, 60.2585475 ], [ 29.6346706, 60.2585621 ], [ 29.6346223, 60.2584643 ], [ 29.6339893, 60.2584836 ], [ 29.6326668, 60.2585728 ], [ 29.6279945, 60.2586889 ], [ 29.6276517, 60.2590425 ], [ 29.6274152, 60.2592128 ], [ 29.6275292, 60.2593196 ] ] ] } },
{ "type": "Feature", "properties": { "element_type": "relation", "osmid": 2437774, "barrier": null, "height": null, "note": null, "description": null, "landuse": "residential", "name": null, "source": "survey", "industrial": null, "layer": null, "addr:city": null, "official_name": null, "residential": "rural", "website": null, "old_name": null, "addr:housenumber": null, "addr:street": null, "name:ru": null, "leisure": null, "building:levels": null, "water": null, "place": null, "natural": null, "wood": null, "leaf_cycle": null, "man_made": null, "genus": null, "opening_hours": null, "type": "multipolygon", "phone": null, "amenity": null, "religion": null, "email": null, "internet_access": null, "name:en": null, "operator": null, "addr:country": null, "tourism": null, "url": null, "addr:district": null, "addr:region": null, "check_date": null, "building": null, "construction": null, "area:highway": null, "brand": null, "contact:phone": null, "contact:website": null, "fuel:diesel": null, "fuel:discount": null, "fuel:octane_92": null, "fuel:octane_95": null, "ref": null, "shop": null, "surface": null, "toilets": null }, "geometry": { "type": "Polygon", "coordinates": [ [ [ 29.611281, 60.2599271 ], [ 29.6106762, 60.2606055 ], [ 29.6120295, 60.2610266 ], [ 29.6129781, 60.2613202 ], [ 29.6136308, 60.2616979 ], [ 29.6138723, 60.2619138 ], [ 29.6143079, 60.2620968 ], [ 29.6147209, 60.2622079 ], [ 29.6153324, 60.2623328 ], [ 29.6188617, 60.2628331 ], [ 29.6192318, 60.2629276 ], [ 29.6197414, 60.2629914 ], [ 29.6200901, 60.263042 ], [ 29.6209431, 60.2630806 ], [ 29.6220347, 60.2631963 ], [ 29.6245881, 60.2634637 ], [ 29.6249758, 60.2635469 ], [ 29.6249838, 60.2635682 ], [ 29.6252802, 60.2636586 ], [ 29.625885, 60.2638363 ], [ 29.6259921, 60.2638658 ], [ 29.6264214, 60.2639753 ], [ 29.6268412, 60.2640591 ], [ 29.6273482, 60.2641915 ], [ 29.6274072, 60.2642314 ], [ 29.6276835, 60.2647675 ], [ 29.6277645, 60.2649345 ], [ 29.6279383, 60.2651573 ], [ 29.6280375, 60.2651813 ], [ 29.6281394, 60.265462 ], [ 29.627839, 60.2654566 ], [ 29.6281272, 60.2663802 ], [ 29.6298989, 60.2668725 ], [ 29.6301545, 60.2663526 ], [ 29.629477, 60.2654856 ], [ 29.6296447, 60.265109 ], [ 29.6294202, 60.2647948 ], [ 29.6294934, 60.2644198 ], [ 29.6291743, 60.2642289 ], [ 29.6289491, 60.2641405 ], [ 29.6288989, 60.2638415 ], [ 29.6286793, 60.2633981 ], [ 29.6286812, 60.2630646 ], [ 29.6286636, 60.262925 ], [ 29.6284479, 60.2627496 ], [ 29.6283937, 60.2626908 ], [ 29.6282333, 60.2625883 ], [ 29.6280724, 60.2625737 ], [ 29.6275781, 60.2624859 ], [ 29.6272711, 60.2624655 ], [ 29.6268505, 60.2624595 ], [ 29.6264048, 60.2624996 ], [ 29.626031, 60.2623839 ], [ 29.6254242, 60.2623076 ], [ 29.6250249, 60.2623963 ], [ 29.6244692, 60.2624372 ], [ 29.6242199, 60.2623711 ], [ 29.623956, 60.2624002 ], [ 29.623543, 60.2623044 ], [ 29.6231108, 60.2619471 ], [ 29.6226785, 60.2616204 ], [ 29.622164, 60.2614264 ], [ 29.6211273, 60.2612788 ], [ 29.6200752, 60.2611953 ], [ 29.6189726, 60.2609108 ], [ 29.6185613, 60.2607948 ], [ 29.6178843, 60.2606218 ], [ 29.6165922, 60.2603443 ], [ 29.6163484, 60.2603105 ], [ 29.6161634, 60.2603391 ], [ 29.6158988, 60.2603979 ], [ 29.6153131, 60.2603904 ], [ 29.6150876, 60.2602486 ], [ 29.6148491, 60.2601961 ], [ 29.6147016, 60.2602373 ], [ 29.6146476, 60.260214 ], [ 29.6142907, 60.2602447 ], [ 29.6131387, 60.2600552 ], [ 29.6125124, 60.2599524 ], [ 29.6117656, 60.2597618 ], [ 29.611281, 60.2599271 ] ] ] } },
{ "type": "Feature", "properties": { "element_type": "relation", "osmid": 2437781, "barrier": null, "height": null, "note": null, "description": null, "landuse": "residential", "name": null, "source": "survey", "industrial": null, "layer": null, "addr:city": null, "official_name": null, "residential": null, "website": null, "old_name": null, "addr:housenumber": null, "addr:street": null, "name:ru": null, "leisure": null, "building:levels": null, "water": null, "place": null, "natural": null, "wood": null, "leaf_cycle": null, "man_made": null, "genus": null, "opening_hours": null, "type": "multipolygon", "phone": null, "amenity": null, "religion": null, "email": null, "internet_access": null, "name:en": null, "operator": null, "addr:country": null, "tourism": null, "url": null, "addr:district": null, "addr:region": null, "check_date": null, "building": null, "construction": null, "area:highway": null, "brand": null, "contact:phone": null, "contact:website": null, "fuel:diesel": null, "fuel:discount": null, "fuel:octane_92": null, "fuel:octane_95": null, "ref": null, "shop": null, "surface": null, "toilets": null }, "geometry": { "type": "Polygon", "coordinates": [ [ [ 29.6417192, 60.2410237 ], [ 29.6418999, 60.2411314 ], [ 29.6425856, 60.2415327 ], [ 29.6432146, 60.241807 ], [ 29.6436624, 60.24149 ], [ 29.6439796, 60.2412239 ], [ 29.6443231, 60.2410026 ], [ 29.6447988, 60.240696 ], [ 29.644989, 60.2405359 ], [ 29.6444271, 60.2403831 ], [ 29.6441187, 60.240452 ], [ 29.6437178, 60.2403142 ], [ 29.6436715, 60.2401152 ], [ 29.6435327, 60.2400004 ], [ 29.6433323, 60.2402989 ], [ 29.6417192, 60.2410237 ] ] ] } },
{ "type": "Feature", "properties": { "element_type": "relation", "osmid": 2515460, "barrier": null, "height": null, "note": null, "description": null, "landuse": "meadow", "name": null, "source": null, "industrial": null, "layer": null, "addr:city": null, "official_name": null, "residential": null, "website": null, "old_name": null, "addr:housenumber": null, "addr:street": null, "name:ru": null, "leisure": null, "building:levels": null, "water": null, "place": null, "natural": null, "wood": null, "leaf_cycle": null, "man_made": null, "genus": null, "opening_hours": null, "type": "multipolygon", "phone": null, "amenity": null, "religion": null, "email": null, "internet_access": null, "name:en": null, "operator": null, "addr:country": null, "tourism": null, "url": null, "addr:district": null, "addr:region": null, "check_date": null, "building": null, "construction": null, "area:highway": null, "brand": null, "contact:phone": null, "contact:website": null, "fuel:diesel": null, "fuel:discount": null, "fuel:octane_92": null, "fuel:octane_95": null, "ref": null, "shop": null, "surface": null, "toilets": null }, "geometry": { "type": "Polygon", "coordinates": [ [ [ 29.5962087, 60.2607125 ], [ 29.5963018, 60.260802 ], [ 29.5972035, 60.2609607 ], [ 29.5980878, 60.2610848 ], [ 29.5983205, 60.2610646 ], [ 29.5985997, 60.2608727 ], [ 29.5988208, 60.2607428 ], [ 29.5996934, 60.2605322 ], [ 29.6007638, 60.260512 ], [ 29.601299, 60.260372 ], [ 29.6014648, 60.2602479 ], [ 29.6014182, 60.2602003 ], [ 29.6012553, 60.2601368 ], [ 29.6010459, 60.260131 ], [ 29.6007463, 60.2601815 ], [ 29.6004642, 60.2603143 ], [ 29.6000935, 60.2603441 ], [ 29.599961, 60.2603547 ], [ 29.5995828, 60.2603071 ], [ 29.5993879, 60.2601613 ], [ 29.5994636, 60.2600647 ], [ 29.5994229, 60.2598006 ], [ 29.5989865, 60.2598525 ], [ 29.5962087, 60.2607125 ] ] ] } },
{ "type": "Feature", "properties": { "element_type": "relation", "osmid": 2622915, "barrier": null, "height": null, "note": null, "description": null, "landuse": "residential", "name": null, "source": null, "industrial": null, "layer": null, "addr:city": null, "official_name": null, "residential": "rural", "website": null, "old_name": null, "addr:housenumber": null, "addr:street": null, "name:ru": null, "leisure": null, "building:levels": null, "water": null, "place": null, "natural": null, "wood": null, "leaf_cycle": null, "man_made": null, "genus": null, "opening_hours": null, "type": "multipolygon", "phone": null, "amenity": null, "religion": null, "email": null, "internet_access": null, "name:en": null, "operator": null, "addr:country": null, "tourism": null, "url": null, "addr:district": null, "addr:region": null, "check_date": null, "building": null, "construction": null, "area:highway": null, "brand": null, "contact:phone": null, "contact:website": null, "fuel:diesel": null, "fuel:discount": null, "fuel:octane_92": null, "fuel:octane_95": null, "ref": null, "shop": null, "surface": null, "toilets": null }, "geometry": { "type": "Polygon", "coordinates": [ [ [ 29.6035803, 60.2571418 ], [ 29.6035852, 60.2572283 ], [ 29.6036259, 60.2573472 ], [ 29.6039011, 60.2573019 ], [ 29.6039232, 60.2572731 ], [ 29.6039162, 60.2572057 ], [ 29.6038604, 60.2571328 ], [ 29.6035803, 60.2571418 ] ] ] } },
{ "type": "Feature", "properties": { "element_type": "relation", "osmid": 2622916, "barrier": null, "height": null, "note": null, "description": null, "landuse": "religious", "name": "Церковь Николая Чудотворца", "source": null, "industrial": null, "layer": null, "addr:city": null, "official_name": null, "residential": null, "website": null, "old_name": null, "addr:housenumber": null, "addr:street": null, "name:ru": null, "leisure": null, "building:levels": null, "water": null, "place": null, "natural": null, "wood": null, "leaf_cycle": null, "man_made": null, "genus": null, "opening_hours": null, "type": "multipolygon", "phone": null, "amenity": "place_of_worship", "religion": "christian", "email": null, "internet_access": null, "name:en": null, "operator": null, "addr:country": null, "tourism": null, "url": null, "addr:district": null, "addr:region": null, "check_date": null, "building": null, "construction": null, "area:highway": null, "brand": null, "contact:phone": null, "contact:website": null, "fuel:diesel": null, "fuel:discount": null, "fuel:octane_92": null, "fuel:octane_95": null, "ref": null, "shop": null, "surface": null, "toilets": null }, "geometry": { "type": "Polygon", "coordinates": [ [ [ 29.6035803, 60.2571418 ], [ 29.6038604, 60.2571328 ], [ 29.6039162, 60.2572057 ], [ 29.6039232, 60.2572731 ], [ 29.6039011, 60.2573019 ], [ 29.6036259, 60.2573472 ], [ 29.6037394, 60.2579727 ], [ 29.6043331, 60.2579776 ], [ 29.6046057, 60.2579075 ], [ 29.6051574, 60.2577546 ], [ 29.6046951, 60.2569135 ], [ 29.604099, 60.2569997 ], [ 29.6036064, 60.2570568 ], [ 29.603554, 60.2570904 ], [ 29.6035803, 60.2571418 ] ] ] } },
{ "type": "Feature", "properties": { "element_type": "relation", "osmid": 2623788, "barrier": null, "height": null, "note": null, "description": null, "landuse": "residential", "name": null, "source": null, "industrial": null, "layer": null, "addr:city": null, "official_name": null, "residential": "rural", "website": null, "old_name": null, "addr:housenumber": null, "addr:street": null, "name:ru": null, "leisure": null, "building:levels": null, "water": null, "place": null, "natural": null, "wood": null, "leaf_cycle": null, "man_made": null, "genus": null, "opening_hours": null, "type": "multipolygon", "phone": null, "amenity": null, "religion": null, "email": null, "internet_access": null, "name:en": null, "operator": null, "addr:country": null, "tourism": null, "url": null, "addr:district": null, "addr:region": null, "check_date": null, "building": null, "construction": null, "area:highway": null, "brand": null, "contact:phone": null, "contact:website": null, "fuel:diesel": null, "fuel:discount": null, "fuel:octane_92": null, "fuel:octane_95": null, "ref": null, "shop": null, "surface": null, "toilets": null }, "geometry": { "type": "Polygon", "coordinates": [ [ [ 29.6100421, 60.2553594 ], [ 29.610292, 60.2557099 ], [ 29.6106194, 60.2556709 ], [ 29.6111195, 60.255612 ], [ 29.611263, 60.2555921 ], [ 29.6111423, 60.2553672 ], [ 29.6109178, 60.2553658 ], [ 29.6108949, 60.2553293 ], [ 29.6105239, 60.2554006 ], [ 29.6104689, 60.2552719 ], [ 29.6100587, 60.2553386 ], [ 29.6100421, 60.2553594 ] ] ] } },
{ "type": "Feature", "properties": { "element_type": "relation", "osmid": 2967005, "barrier": null, "height": null, "note": null, "description": null, "landuse": "residential", "name": null, "source": null, "industrial": null, "layer": null, "addr:city": null, "official_name": null, "residential": "rural", "website": null, "old_name": null, "addr:housenumber": null, "addr:street": null, "name:ru": null, "leisure": null, "building:levels": null, "water": null, "place": null, "natural": null, "wood": null, "leaf_cycle": null, "man_made": null, "genus": null, "opening_hours": null, "type": "multipolygon", "phone": null, "amenity": null, "religion": null, "email": null, "internet_access": null, "name:en": null, "operator": null, "addr:country": null, "tourism": null, "url": null, "addr:district": null, "addr:region": null, "check_date": null, "building": null, "construction": null, "area:highway": null, "brand": null, "contact:phone": null, "contact:website": null, "fuel:diesel": null, "fuel:discount": null, "fuel:octane_92": null, "fuel:octane_95": null, "ref": null, "shop": null, "surface": null, "toilets": null }, "geometry": { "type": "Polygon", "coordinates": [ [ [ 29.6030208, 60.2601468 ], [ 29.6018283, 60.2609769 ], [ 29.6024698, 60.261175 ], [ 29.6027966, 60.261151 ], [ 29.6049408, 60.2617875 ], [ 29.6066916, 60.2600339 ], [ 29.6066617, 60.259855 ], [ 29.6062177, 60.2596073 ], [ 29.6057555, 60.2594318 ], [ 29.6049613, 60.2590617 ], [ 29.6045765, 60.2592987 ], [ 29.6043152, 60.2594393 ], [ 29.6039481, 60.2596495 ], [ 29.6034658, 60.259902 ], [ 29.6030208, 60.2601468 ] ] ] } },
{ "type": "Feature", "properties": { "element_type": "relation", "osmid": 4456055, "barrier": null, "height": null, "note": null, "description": "Старое кладбище", "landuse": "cemetery", "name": null, "source": null, "industrial": null, "layer": null, "addr:city": null, "official_name": null, "residential": null, "website": null, "old_name": null, "addr:housenumber": null, "addr:street": null, "name:ru": null, "leisure": null, "building:levels": null, "water": null, "place": null, "natural": null, "wood": null, "leaf_cycle": null, "man_made": null, "genus": null, "opening_hours": null, "type": "multipolygon", "phone": null, "amenity": null, "religion": null, "email": null, "internet_access": null, "name:en": null, "operator": null, "addr:country": null, "tourism": null, "url": null, "addr:district": null, "addr:region": null, "check_date": null, "building": null, "construction": null, "area:highway": null, "brand": null, "contact:phone": null, "contact:website": null, "fuel:diesel": null, "fuel:discount": null, "fuel:octane_92": null, "fuel:octane_95": null, "ref": null, "shop": null, "surface": null, "toilets": null }, "geometry": { "type": "Polygon", "coordinates": [ [ [ 29.5881921, 60.2597164 ], [ 29.5878639, 60.259977 ], [ 29.5882462, 60.2601278 ], [ 29.5890407, 60.2601232 ], [ 29.5895312, 60.2600946 ], [ 29.590107, 60.2605562 ], [ 29.5903787, 60.2604465 ], [ 29.5906297, 60.2606064 ], [ 29.5906574, 60.2608269 ], [ 29.5911479, 60.2611673 ], [ 29.5926195, 60.2605607 ], [ 29.5928521, 60.2602032 ], [ 29.59273, 60.2595977 ], [ 29.5923316, 60.25948 ], [ 29.5920486, 60.2595054 ], [ 29.5917426, 60.2595757 ], [ 29.5914629, 60.2595576 ], [ 29.5891417, 60.2589551 ], [ 29.5881921, 60.2597164 ] ] ] } },
{ "type": "Feature", "properties": { "element_type": "relation", "osmid": 9212772, "barrier": null, "height": null, "note": null, "description": null, "landuse": "commercial", "name": "Райвола", "source": null, "industrial": null, "layer": null, "addr:city": null, "official_name": null, "residential": null, "website": "https://www.raivola.spb.ru/", "old_name": "пионерлагерь Юнга", "addr:housenumber": null, "addr:street": null, "name:ru": null, "leisure": "resort", "building:levels": null, "water": null, "place": null, "natural": null, "wood": null, "leaf_cycle": null, "man_made": null, "genus": null, "opening_hours": "24/7", "type": "multipolygon", "phone": "+7 812 3225060", "amenity": null, "religion": null, "email": "reserve@raivola.spb.ru", "internet_access": "wlan", "name:en": "Raivola", "operator": "ООО \"Навигатор\"", "addr:country": null, "tourism": null, "url": null, "addr:district": null, "addr:region": null, "check_date": null, "building": null, "construction": null, "area:highway": null, "brand": null, "contact:phone": null, "contact:website": null, "fuel:diesel": null, "fuel:discount": null, "fuel:octane_92": null, "fuel:octane_95": null, "ref": null, "shop": null, "surface": null, "toilets": null }, "geometry": { "type": "Polygon", "coordinates": [ [ [ 29.6011862, 60.2657447 ], [ 29.6011215, 60.2658066 ], [ 29.604445, 60.2666685 ], [ 29.6060546, 60.26706 ], [ 29.6062866, 60.2671164 ], [ 29.6076516, 60.2674497 ], [ 29.6084082, 60.2667741 ], [ 29.6090596, 60.2661182 ], [ 29.6056973, 60.265418 ], [ 29.6093489, 60.2618744 ], [ 29.6092559, 60.2618469 ], [ 29.6091454, 60.2618168 ], [ 29.609036, 60.2617921 ], [ 29.6060783, 60.2610529 ], [ 29.605802, 60.2613224 ], [ 29.6054538, 60.2616619 ], [ 29.6011862, 60.2657447 ] ] ] } },
{ "type": "Feature", "properties": { "element_type": "relation", "osmid": 12747373, "barrier": null, "height": null, "note": null, "description": null, "landuse": "residential", "name": null, "source": null, "industrial": null, "layer": null, "addr:city": null, "official_name": null, "residential": null, "website": null, "old_name": null, "addr:housenumber": null, "addr:street": null, "name:ru": null, "leisure": null, "building:levels": null, "water": null, "place": null, "natural": null, "wood": null, "leaf_cycle": null, "man_made": null, "genus": null, "opening_hours": null, "type": "multipolygon", "phone": null, "amenity": null, "religion": null, "email": null, "internet_access": null, "name:en": null, "operator": null, "addr:country": null, "tourism": null, "url": null, "addr:district": null, "addr:region": null, "check_date": null, "building": null, "construction": null, "area:highway": null, "brand": null, "contact:phone": null, "contact:website": null, "fuel:diesel": null, "fuel:discount": null, "fuel:octane_92": null, "fuel:octane_95": null, "ref": null, "shop": null, "surface": null, "toilets": null }, "geometry": { "type": "Polygon", "coordinates": [ [ [ 29.6494764, 60.2578197 ], [ 29.6505359, 60.2579341 ], [ 29.6512058, 60.2579889 ], [ 29.6515478, 60.2580769 ], [ 29.651684, 60.2580882 ], [ 29.6544561, 60.2583481 ], [ 29.655014, 60.2583732 ], [ 29.6555462, 60.2583972 ], [ 29.6569372, 60.258487 ], [ 29.6576225, 60.2585313 ], [ 29.6587783, 60.2585608 ], [ 29.6592665, 60.2582628 ], [ 29.6592085, 60.2579033 ], [ 29.6591873, 60.2578044 ], [ 29.6591377, 60.2577159 ], [ 29.6589929, 60.2564677 ], [ 29.6589446, 60.2560206 ], [ 29.6584403, 60.2552887 ], [ 29.6553862, 60.2551336 ], [ 29.6528175, 60.255006 ], [ 29.6518797, 60.2550048 ], [ 29.6520379, 60.2552275 ], [ 29.6517456, 60.255648 ], [ 29.6514076, 60.2557691 ], [ 29.6509543, 60.256002 ], [ 29.6505101, 60.2562193 ], [ 29.6503749, 60.2562987 ], [ 29.6502623, 60.2563892 ], [ 29.6502381, 60.2564411 ], [ 29.6500906, 60.2570758 ], [ 29.6498036, 60.257511 ], [ 29.6494764, 60.2578197 ] ] ] } },
{ "type": "Feature", "properties": { "element_type": "relation", "osmid": 14484991, "barrier": null, "height": null, "note": null, "description": null, "landuse": "commercial", "name": "Центр семейного отдыха «Царство-Королевство»", "source": null, "industrial": null, "layer": null, "addr:city": "Рощино", "official_name": null, "residential": null, "website": null, "old_name": null, "addr:housenumber": "2", "addr:street": "Первомайская улица", "name:ru": null, "leisure": null, "building:levels": null, "water": null, "place": null, "natural": null, "wood": null, "leaf_cycle": null, "man_made": null, "genus": null, "opening_hours": null, "type": "multipolygon", "phone": null, "amenity": null, "religion": null, "email": null, "internet_access": null, "name:en": null, "operator": null, "addr:country": "RU", "tourism": "chalet", "url": "http://z-k.su/", "addr:district": null, "addr:region": null, "check_date": null, "building": null, "construction": null, "area:highway": null, "brand": null, "contact:phone": null, "contact:website": null, "fuel:diesel": null, "fuel:discount": null, "fuel:octane_92": null, "fuel:octane_95": null, "ref": null, "shop": null, "surface": null, "toilets": null }, "geometry": { "type": "Polygon", "coordinates": [ [ [ 29.6150335, 60.2646931 ], [ 29.6143623, 60.2653257 ], [ 29.6141033, 60.2655698 ], [ 29.6124103, 60.2672268 ], [ 29.6130577, 60.2674407 ], [ 29.6128643, 60.2676543 ], [ 29.6130252, 60.2678033 ], [ 29.6138272, 60.2680307 ], [ 29.6144897, 60.2681385 ], [ 29.6145647, 60.2682263 ], [ 29.6148866, 60.2680879 ], [ 29.6154664, 60.2682159 ], [ 29.6174243, 60.2664143 ], [ 29.618314, 60.2655386 ], [ 29.61891, 60.2649491 ], [ 29.6156651, 60.2640827 ], [ 29.6156127, 60.2641373 ], [ 29.6150335, 60.2646931 ] ] ] } },
{ "type": "Feature", "properties": { "element_type": "relation", "osmid": 16469884, "barrier": null, "height": null, "note": null, "description": null, "landuse": "railway", "name": null, "source": null, "industrial": null, "layer": null, "addr:city": null, "official_name": null, "residential": null, "website": null, "old_name": null, "addr:housenumber": null, "addr:street": null, "name:ru": null, "leisure": null, "building:levels": null, "water": null, "place": null, "natural": null, "wood": null, "leaf_cycle": null, "man_made": null, "genus": null, "opening_hours": null, "type": "multipolygon", "phone": null, "amenity": null, "religion": null, "email": null, "internet_access": null, "name:en": null, "operator": null, "addr:country": null, "tourism": null, "url": null, "addr:district": null, "addr:region": null, "check_date": null, "building": null, "construction": null, "area:highway": null, "brand": null, "contact:phone": null, "contact:website": null, "fuel:diesel": null, "fuel:discount": null, "fuel:octane_92": null, "fuel:octane_95": null, "ref": null, "shop": null, "surface": null, "toilets": null }, "geometry": { "type": "Polygon", "coordinates": [ [ [ 29.4801606, 60.3022807 ], [ 29.4815017, 60.3015046 ], [ 29.4836555, 60.3002781 ], [ 29.4860642, 60.2989292 ], [ 29.4890334, 60.2973051 ], [ 29.4901237, 60.2967469 ], [ 29.4916981, 60.2958458 ], [ 29.4939002, 60.2946842 ], [ 29.4937541, 60.294643 ], [ 29.4937997, 60.2945606 ], [ 29.4966119, 60.2930041 ], [ 29.4987188, 60.2918723 ], [ 29.4996858, 60.2913186 ], [ 29.5016826, 60.2901803 ], [ 29.5021774, 60.2899019 ], [ 29.5155704, 60.2823632 ], [ 29.5326772, 60.2727316 ], [ 29.5327787, 60.2726766 ], [ 29.5338305, 60.2721627 ], [ 29.5349634, 60.271525 ], [ 29.5350763, 60.2714843 ], [ 29.5371455, 60.2702843 ], [ 29.5394702, 60.2689889 ], [ 29.5399615, 60.268696 ], [ 29.5401801, 60.2687047 ], [ 29.5424366, 60.2674081 ], [ 29.5430847, 60.2671255 ], [ 29.5452807, 60.2659084 ], [ 29.5484195, 60.2640594 ], [ 29.5484787, 60.2640245 ], [ 29.5486299, 60.2637257 ], [ 29.5513202, 60.2622168 ], [ 29.5535188, 60.2609619 ], [ 29.5545294, 60.2603878 ], [ 29.5583975, 60.2582098 ], [ 29.5585299, 60.2582503 ], [ 29.5586741, 60.2582945 ], [ 29.5590725, 60.2580623 ], [ 29.5635801, 60.2554354 ], [ 29.568618, 60.2524912 ], [ 29.5702622, 60.25158 ], [ 29.5708505, 60.2512405 ], [ 29.5725748, 60.250267 ], [ 29.5729255, 60.250041 ], [ 29.5726526, 60.2505602 ], [ 29.5728913, 60.2506028 ], [ 29.57302, 60.2504351 ], [ 29.5731356, 60.2500453 ], [ 29.5741039, 60.2493671 ], [ 29.5745947, 60.2495428 ], [ 29.575261, 60.2491794 ], [ 29.5754608, 60.2490256 ], [ 29.5752758, 60.2489358 ], [ 29.5755118, 60.2487428 ], [ 29.5754059, 60.2486879 ], [ 29.5782396, 60.2470384 ], [ 29.5782745, 60.2470158 ], [ 29.5783999, 60.2469391 ], [ 29.5785563, 60.2468493 ], [ 29.5789541, 60.2466097 ], [ 29.5790054, 60.2465028 ], [ 29.5914791, 60.2395203 ], [ 29.6008326, 60.2343141 ], [ 29.6010561, 60.2342007 ], [ 29.6006876, 60.234024 ], [ 29.5873144, 60.2414627 ], [ 29.5846144, 60.242951 ], [ 29.5820638, 60.244433 ], [ 29.5816781, 60.244643 ], [ 29.5805832, 60.2451802 ], [ 29.5796559, 60.2458477 ], [ 29.5787782, 60.2462664 ], [ 29.5785803, 60.2462277 ], [ 29.5784113, 60.2464248 ], [ 29.5779137, 60.2468214 ], [ 29.5779969, 60.246884 ], [ 29.577911, 60.2469165 ], [ 29.5761019, 60.2477199 ], [ 29.575505, 60.2476949 ], [ 29.5729515, 60.2492036 ], [ 29.5728744, 60.2491993 ], [ 29.5728419, 60.2491925 ], [ 29.5726238, 60.2493243 ], [ 29.5714139, 60.2500411 ], [ 29.5709917, 60.2502614 ], [ 29.570345, 60.2506338 ], [ 29.5702455, 60.2506938 ], [ 29.5697453, 60.2509723 ], [ 29.5696311, 60.2510363 ], [ 29.568994, 60.2514533 ], [ 29.5685804, 60.251927 ], [ 29.5667417, 60.2531298 ], [ 29.5653073, 60.2539893 ], [ 29.563015, 60.2552408 ], [ 29.5583573, 60.2579304 ], [ 29.5526872, 60.2611969 ], [ 29.5483005, 60.2636405 ], [ 29.5481933, 60.2637002 ], [ 29.5431025, 60.2666455 ], [ 29.5417093, 60.2673405 ], [ 29.5377756, 60.2695953 ], [ 29.5362451, 60.2704635 ], [ 29.5353429, 60.2709848 ], [ 29.5337512, 60.2718845 ], [ 29.532413, 60.2725941 ], [ 29.5323822, 60.2726115 ], [ 29.5276455, 60.2752752 ], [ 29.5152963, 60.2822493 ], [ 29.5113078, 60.2844668 ], [ 29.5091929, 60.285672 ], [ 29.5089984, 60.2857877 ], [ 29.5089944, 60.2858429 ], [ 29.5072952, 60.2867895 ], [ 29.5042294, 60.2884366 ], [ 29.5003858, 60.2906407 ], [ 29.4963062, 60.2928473 ], [ 29.4934309, 60.294534 ], [ 29.4922426, 60.2952398 ], [ 29.4895577, 60.2967204 ], [ 29.4887477, 60.2971643 ], [ 29.4857946, 60.2987843 ], [ 29.4833994, 60.3001186 ], [ 29.4811946, 60.3013903 ], [ 29.478794, 60.3027803 ], [ 29.4791052, 60.3028547 ], [ 29.4801606, 60.3022807 ] ] ] } },
{ "type": "Feature", "properties": { "element_type": "relation", "osmid": 16486356, "barrier": null, "height": null, "note": null, "description": null, "landuse": "residential", "name": "Корабельные сосны", "source": null, "industrial": null, "layer": null, "addr:city": "Рощино", "official_name": null, "residential": "cottage", "website": null, "old_name": null, "addr:housenumber": null, "addr:street": null, "name:ru": null, "leisure": null, "building:levels": null, "water": null, "place": null, "natural": null, "wood": null, "leaf_cycle": null, "man_made": null, "genus": null, "opening_hours": null, "type": "multipolygon", "phone": null, "amenity": null, "religion": null, "email": null, "internet_access": null, "name:en": null, "operator": null, "addr:country": "RU", "tourism": null, "url": null, "addr:district": "Выборгский район", "addr:region": "Ленинградская область", "check_date": null, "building": null, "construction": null, "area:highway": null, "brand": null, "contact:phone": null, "contact:website": null, "fuel:diesel": null, "fuel:discount": null, "fuel:octane_92": null, "fuel:octane_95": null, "ref": null, "shop": null, "surface": null, "toilets": null }, "geometry": { "type": "Polygon", "coordinates": [ [ [ 29.6514023, 60.2791881 ], [ 29.6554564, 60.2794384 ], [ 29.6559307, 60.2779891 ], [ 29.6558344, 60.2769335 ], [ 29.655965, 60.2758159 ], [ 29.6569065, 60.2746239 ], [ 29.6516492, 60.2745648 ], [ 29.6515256, 60.2752278 ], [ 29.6515149, 60.2764007 ], [ 29.6512896, 60.2768875 ], [ 29.6518797, 60.2774859 ], [ 29.6513808, 60.2777279 ], [ 29.6508765, 60.2784886 ], [ 29.6514023, 60.2791881 ] ] ] } },
{ "type": "Feature", "properties": { "element_type": "relation", "osmid": 16700019, "barrier": null, "height": null, "note": null, "description": null, "landuse": "residential", "name": "КП «Достоевский»", "source": null, "industrial": null, "layer": null, "addr:city": null, "official_name": null, "residential": "detached", "website": null, "old_name": null, "addr:housenumber": null, "addr:street": null, "name:ru": null, "leisure": null, "building:levels": null, "water": null, "place": null, "natural": null, "wood": null, "leaf_cycle": null, "man_made": null, "genus": null, "opening_hours": null, "type": "multipolygon", "phone": null, "amenity": null, "religion": null, "email": null, "internet_access": null, "name:en": null, "operator": null, "addr:country": null, "tourism": null, "url": null, "addr:district": null, "addr:region": null, "check_date": null, "building": null, "construction": null, "area:highway": null, "brand": null, "contact:phone": null, "contact:website": null, "fuel:diesel": null, "fuel:discount": null, "fuel:octane_92": null, "fuel:octane_95": null, "ref": null, "shop": null, "surface": null, "toilets": null }, "geometry": { "type": "Polygon", "coordinates": [ [ [ 29.5923971, 60.2419323 ], [ 29.5944862, 60.2429058 ], [ 29.5951872, 60.2432012 ], [ 29.5959045, 60.2435081 ], [ 29.5964313, 60.242842 ], [ 29.59602, 60.2426776 ], [ 29.5962863, 60.2420032 ], [ 29.5950421, 60.2413777 ], [ 29.5940731, 60.2409567 ], [ 29.5930883, 60.2415133 ], [ 29.5923971, 60.2419323 ] ] ] } },
{ "type": "Feature", "properties": { "element_type": "relation", "osmid": 16700020, "barrier": null, "height": null, "note": null, "description": null, "landuse": "allotments", "name": "СНТ \"Дорожник\"", "source": null, "industrial": null, "layer": null, "addr:city": "Рощино", "official_name": null, "residential": null, "website": null, "old_name": null, "addr:housenumber": null, "addr:street": null, "name:ru": null, "leisure": null, "building:levels": null, "water": null, "place": "allotments", "natural": null, "wood": null, "leaf_cycle": null, "man_made": null, "genus": null, "opening_hours": null, "type": "multipolygon", "phone": null, "amenity": null, "religion": null, "email": null, "internet_access": null, "name:en": null, "operator": null, "addr:country": null, "tourism": null, "url": null, "addr:district": null, "addr:region": null, "check_date": null, "building": null, "construction": null, "area:highway": null, "brand": null, "contact:phone": null, "contact:website": null, "fuel:diesel": null, "fuel:discount": null, "fuel:octane_92": null, "fuel:octane_95": null, "ref": null, "shop": null, "surface": null, "toilets": null }, "geometry": { "type": "Polygon", "coordinates": [ [ [ 29.5950421, 60.2413777 ], [ 29.5962863, 60.2420032 ], [ 29.59602, 60.2426776 ], [ 29.5964313, 60.242842 ], [ 29.5959045, 60.2435081 ], [ 29.595919, 60.2435525 ], [ 29.5970867, 60.2438994 ], [ 29.59777, 60.2441485 ], [ 29.598515, 60.2437431 ], [ 29.5984194, 60.2434412 ], [ 29.5979893, 60.2433075 ], [ 29.5980593, 60.2432235 ], [ 29.5972247, 60.2428614 ], [ 29.597429, 60.2427658 ], [ 29.5972889, 60.2426586 ], [ 29.5979718, 60.2424993 ], [ 29.5983745, 60.2427803 ], [ 29.5985671, 60.2427426 ], [ 29.5989056, 60.2428788 ], [ 29.5993237, 60.2428874 ], [ 29.5989743, 60.2422838 ], [ 29.598528, 60.2414768 ], [ 29.5982891, 60.2413076 ], [ 29.5979958, 60.2411544 ], [ 29.5979186, 60.2411163 ], [ 29.5978083, 60.2410775 ], [ 29.596514, 60.2405741 ], [ 29.5954387, 60.2411611 ], [ 29.5950421, 60.2413777 ] ] ] } },
{ "type": "Feature", "properties": { "element_type": "relation", "osmid": 16700135, "barrier": null, "height": null, "note": null, "description": null, "landuse": "allotments", "name": "СНТ \"Родник\"", "source": null, "industrial": null, "layer": null, "addr:city": "Рощино", "official_name": null, "residential": null, "website": null, "old_name": null, "addr:housenumber": null, "addr:street": null, "name:ru": null, "leisure": null, "building:levels": null, "water": null, "place": "neighbourhood", "natural": null, "wood": null, "leaf_cycle": null, "man_made": null, "genus": null, "opening_hours": null, "type": "multipolygon", "phone": null, "amenity": null, "religion": null, "email": null, "internet_access": null, "name:en": null, "operator": null, "addr:country": null, "tourism": null, "url": null, "addr:district": null, "addr:region": null, "check_date": null, "building": null, "construction": null, "area:highway": null, "brand": null, "contact:phone": null, "contact:website": null, "fuel:diesel": null, "fuel:discount": null, "fuel:octane_92": null, "fuel:octane_95": null, "ref": null, "shop": null, "surface": null, "toilets": null }, "geometry": { "type": "Polygon", "coordinates": [ [ [ 29.6074886, 60.2378276 ], [ 29.611148, 60.2396297 ], [ 29.6092004, 60.2402479 ], [ 29.6098677, 60.2408303 ], [ 29.6084563, 60.2412373 ], [ 29.6097356, 60.2422691 ], [ 29.6097689, 60.242296 ], [ 29.6108461, 60.2423075 ], [ 29.6123202, 60.2432443 ], [ 29.6135135, 60.2427684 ], [ 29.6134579, 60.2426947 ], [ 29.6133706, 60.2424206 ], [ 29.6130877, 60.2417585 ], [ 29.612967, 60.2414882 ], [ 29.6127771, 60.2411013 ], [ 29.6124619, 60.2404407 ], [ 29.6122272, 60.2399637 ], [ 29.612061, 60.2396962 ], [ 29.611763, 60.2395574 ], [ 29.6124055, 60.2393059 ], [ 29.6128078, 60.2392896 ], [ 29.6132936, 60.2387349 ], [ 29.6134366, 60.2387305 ], [ 29.6138121, 60.2386166 ], [ 29.6141548, 60.2385455 ], [ 29.6133681, 60.2380041 ], [ 29.6119591, 60.2373885 ], [ 29.6114566, 60.2371918 ], [ 29.61069, 60.2380388 ], [ 29.6094311, 60.2374038 ], [ 29.6089635, 60.2368872 ], [ 29.6087304, 60.2368721 ], [ 29.6079093, 60.2369627 ], [ 29.6079448, 60.2373752 ], [ 29.6075394, 60.2377904 ], [ 29.6074886, 60.2378276 ] ] ] } },
{ "type": "Feature", "properties": { "element_type": "relation", "osmid": 19914913, "barrier": null, "height": null, "note": null, "description": null, "landuse": "construction", "name": null, "source": null, "industrial": null, "layer": null, "addr:city": null, "official_name": null, "residential": null, "website": null, "old_name": null, "addr:housenumber": null, "addr:street": null, "name:ru": null, "leisure": null, "building:levels": null, "water": null, "place": null, "natural": null, "wood": null, "leaf_cycle": null, "man_made": null, "genus": null, "opening_hours": null, "type": "multipolygon", "phone": null, "amenity": null, "religion": null, "email": null, "internet_access": null, "name:en": null, "operator": null, "addr:country": null, "tourism": null, "url": null, "addr:district": null, "addr:region": null, "check_date": null, "building": null, "construction": null, "area:highway": null, "brand": null, "contact:phone": null, "contact:website": null, "fuel:diesel": null, "fuel:discount": null, "fuel:octane_92": null, "fuel:octane_95": null, "ref": null, "shop": null, "surface": null, "toilets": null }, "geometry": { "type": "Polygon", "coordinates": [ [ [ 29.5863742, 60.2470565 ], [ 29.5868293, 60.2478196 ], [ 29.5885045, 60.2478017 ], [ 29.5884956, 60.2474412 ], [ 29.5882067, 60.2474058 ], [ 29.5881809, 60.2470712 ], [ 29.5881826, 60.2470424 ], [ 29.5863742, 60.2470565 ] ] ] } },
{ "type": "Feature", "properties": { "element_type": "relation", "osmid": 19914914, "barrier": null, "height": null, "note": null, "description": null, "landuse": "residential", "name": null, "source": null, "industrial": null, "layer": null, "addr:city": null, "official_name": null, "residential": "rural", "website": null, "old_name": null, "addr:housenumber": null, "addr:street": null, "name:ru": null, "leisure": null, "building:levels": null, "water": null, "place": null, "natural": null, "wood": null, "leaf_cycle": null, "man_made": null, "genus": null, "opening_hours": null, "type": "multipolygon", "phone": null, "amenity": null, "religion": null, "email": null, "internet_access": null, "name:en": null, "operator": null, "addr:country": null, "tourism": null, "url": null, "addr:district": null, "addr:region": null, "check_date": null, "building": null, "construction": null, "area:highway": null, "brand": null, "contact:phone": null, "contact:website": null, "fuel:diesel": null, "fuel:discount": null, "fuel:octane_92": null, "fuel:octane_95": null, "ref": null, "shop": null, "surface": null, "toilets": null }, "geometry": { "type": "Polygon", "coordinates": [ [ [ 29.5761877, 60.2522944 ], [ 29.576696, 60.2524874 ], [ 29.5772204, 60.2527442 ], [ 29.5775677, 60.2525772 ], [ 29.5778963, 60.2527209 ], [ 29.5774792, 60.2529172 ], [ 29.5778418, 60.2531199 ], [ 29.5781364, 60.2532845 ], [ 29.5779067, 60.2534171 ], [ 29.5782473, 60.2535711 ], [ 29.5785814, 60.2537222 ], [ 29.5790212, 60.2539247 ], [ 29.5801149, 60.2544156 ], [ 29.5805758, 60.2541655 ], [ 29.5811536, 60.2544173 ], [ 29.5811713, 60.254425 ], [ 29.5810787, 60.2545015 ], [ 29.5816628, 60.2546486 ], [ 29.5817599, 60.2545768 ], [ 29.5821664, 60.2547205 ], [ 29.5823997, 60.2548263 ], [ 29.5824507, 60.2548489 ], [ 29.5821919, 60.2550232 ], [ 29.5819663, 60.2551731 ], [ 29.582505, 60.2553724 ], [ 29.583824, 60.2556879 ], [ 29.5839469, 60.2556435 ], [ 29.5841646, 60.2553007 ], [ 29.5844058, 60.2551144 ], [ 29.5846716, 60.2550079 ], [ 29.5849217, 60.2551486 ], [ 29.5858215, 60.2546604 ], [ 29.5877814, 60.253516 ], [ 29.5879583, 60.2535296 ], [ 29.58824, 60.2533792 ], [ 29.5885278, 60.2532255 ], [ 29.5886546, 60.2531621 ], [ 29.5888826, 60.253037 ], [ 29.5891535, 60.2529066 ], [ 29.589241, 60.2528132 ], [ 29.5894495, 60.2526964 ], [ 29.5896763, 60.2525693 ], [ 29.5897863, 60.2525076 ], [ 29.590008, 60.2523912 ], [ 29.5902533, 60.2522679 ], [ 29.5904026, 60.2522244 ], [ 29.5906252, 60.2521036 ], [ 29.590923, 60.2519422 ], [ 29.5910544, 60.2518746 ], [ 29.5908229, 60.2517609 ], [ 29.5905518, 60.2516356 ], [ 29.5905434, 60.2516021 ], [ 29.5902653, 60.2514579 ], [ 29.5898254, 60.2512769 ], [ 29.589594, 60.2511919 ], [ 29.589289, 60.2509914 ], [ 29.5890382, 60.2508976 ], [ 29.5888545, 60.2508098 ], [ 29.5886546, 60.250696 ], [ 29.5885903, 60.2506694 ], [ 29.5883341, 60.2505416 ], [ 29.5878862, 60.250334 ], [ 29.5875824, 60.2502654 ], [ 29.587457, 60.2502235 ], [ 29.5874222, 60.250197 ], [ 29.5870614, 60.2500791 ], [ 29.5860062, 60.2495787 ], [ 29.5863574, 60.2493622 ], [ 29.5865263, 60.2492778 ], [ 29.5873729, 60.2487907 ], [ 29.5878417, 60.2487771 ], [ 29.5879823, 60.248773 ], [ 29.5881733, 60.2487675 ], [ 29.5886888, 60.2487527 ], [ 29.5887978, 60.2487656 ], [ 29.5888947, 60.2487702 ], [ 29.5889752, 60.248767 ], [ 29.5890657, 60.2487635 ], [ 29.5891469, 60.2487603 ], [ 29.5892338, 60.2487569 ], [ 29.5893179, 60.2487536 ], [ 29.5895944, 60.2487384 ], [ 29.5898952, 60.2487667 ], [ 29.5899609, 60.2487588 ], [ 29.5899622, 60.2487355 ], [ 29.5900545, 60.2487316 ], [ 29.590154, 60.2487275 ], [ 29.5901607, 60.2487608 ], [ 29.5902384, 60.2487578 ], [ 29.5903319, 60.2487543 ], [ 29.5904283, 60.2487507 ], [ 29.5905151, 60.2487475 ], [ 29.5905161, 60.2487474 ], [ 29.5905094, 60.2487155 ], [ 29.5906042, 60.2487087 ], [ 29.5906892, 60.2487026 ], [ 29.5907534, 60.248698 ], [ 29.5908621, 60.2486902 ], [ 29.5908715, 60.2487434 ], [ 29.5909519, 60.2487388 ], [ 29.5909439, 60.2487095 ], [ 29.5910357, 60.2487039 ], [ 29.5911303, 60.2486982 ], [ 29.591137, 60.2487208 ], [ 29.59131, 60.2487062 ], [ 29.5911718, 60.2482268 ], [ 29.5909363, 60.2473322 ], [ 29.590856, 60.2469065 ], [ 29.5881826, 60.2470424 ], [ 29.5881809, 60.2470712 ], [ 29.5882067, 60.2474058 ], [ 29.5884956, 60.2474412 ], [ 29.5885045, 60.2478017 ], [ 29.5868293, 60.2478196 ], [ 29.5863742, 60.2470565 ], [ 29.5844797, 60.2469172 ], [ 29.5830826, 60.2467616 ], [ 29.5804879, 60.2464739 ], [ 29.5797824, 60.2469542 ], [ 29.5797498, 60.2469718 ], [ 29.5793408, 60.2472248 ], [ 29.5789987, 60.2474422 ], [ 29.5784461, 60.2472154 ], [ 29.5775919, 60.2476221 ], [ 29.5778821, 60.2477708 ], [ 29.5776764, 60.248239 ], [ 29.5784082, 60.2485297 ], [ 29.5789311, 60.2488374 ], [ 29.5756568, 60.2506125 ], [ 29.5771741, 60.2515041 ], [ 29.577156, 60.2516396 ], [ 29.5761877, 60.2522944 ] ] ] } },
{ "type": "Feature", "properties": { "element_type": "relation", "osmid": 19914915, "barrier": null, "height": null, "note": null, "description": null, "landuse": "construction", "name": null, "source": "Esri", "industrial": null, "layer": null, "addr:city": null, "official_name": null, "residential": null, "website": null, "old_name": null, "addr:housenumber": null, "addr:street": null, "name:ru": null, "leisure": null, "building:levels": null, "water": null, "place": null, "natural": null, "wood": null, "leaf_cycle": null, "man_made": null, "genus": null, "opening_hours": null, "type": "multipolygon", "phone": null, "amenity": null, "religion": null, "email": null, "internet_access": null, "name:en": null, "operator": null, "addr:country": null, "tourism": null, "url": null, "addr:district": null, "addr:region": null, "check_date": "2025-12-03", "building": null, "construction": null, "area:highway": null, "brand": null, "contact:phone": null, "contact:website": null, "fuel:diesel": null, "fuel:discount": null, "fuel:octane_92": null, "fuel:octane_95": null, "ref": null, "shop": null, "surface": null, "toilets": null }, "geometry": { "type": "Polygon", "coordinates": [ [ [ 29.5840264, 60.2448864 ], [ 29.5840386, 60.2449805 ], [ 29.5840414, 60.2450397 ], [ 29.5842665, 60.2450217 ], [ 29.5844811, 60.2450963 ], [ 29.5846957, 60.2450524 ], [ 29.5855393, 60.2454058 ], [ 29.5857163, 60.2454683 ], [ 29.5866, 60.2452653 ], [ 29.5856801, 60.244874 ], [ 29.5859027, 60.2447515 ], [ 29.5854601, 60.2445492 ], [ 29.585377, 60.2445285 ], [ 29.5850739, 60.2443954 ], [ 29.5842504, 60.24486 ], [ 29.5842223, 60.2448673 ], [ 29.5841861, 60.2448913 ], [ 29.5840264, 60.2448864 ] ] ] } },
{ "type": "Feature", "properties": { "element_type": "relation", "osmid": 19914918, "barrier": null, "height": null, "note": null, "description": null, "landuse": "industrial", "name": null, "source": null, "industrial": null, "layer": null, "addr:city": null, "official_name": null, "residential": null, "website": null, "old_name": null, "addr:housenumber": null, "addr:street": null, "name:ru": null, "leisure": null, "building:levels": "1", "water": null, "place": null, "natural": null, "wood": null, "leaf_cycle": null, "man_made": null, "genus": null, "opening_hours": null, "type": "multipolygon", "phone": null, "amenity": null, "religion": null, "email": null, "internet_access": null, "name:en": null, "operator": null, "addr:country": null, "tourism": null, "url": null, "addr:district": null, "addr:region": null, "check_date": null, "building": "service", "construction": null, "area:highway": null, "brand": null, "contact:phone": null, "contact:website": null, "fuel:diesel": null, "fuel:discount": null, "fuel:octane_92": null, "fuel:octane_95": null, "ref": null, "shop": null, "surface": null, "toilets": null }, "geometry": { "type": "Polygon", "coordinates": [ [ [ 29.5826617, 60.2451211 ], [ 29.5828478, 60.2451943 ], [ 29.5835408, 60.2448444 ], [ 29.5833841, 60.2447671 ], [ 29.5833361, 60.2447466 ], [ 29.5826617, 60.2451211 ] ] ] } },
{ "type": "Feature", "properties": { "element_type": "relation", "osmid": 19914919, "barrier": null, "height": null, "note": null, "description": null, "landuse": "industrial", "name": "ДРЭУ", "source": null, "industrial": null, "layer": null, "addr:city": null, "official_name": "ЛО ГП \"Рощинское дорожное ремонтно-эксплуатационное управление\".", "residential": null, "website": null, "old_name": null, "addr:housenumber": null, "addr:street": null, "name:ru": null, "leisure": null, "building:levels": null, "water": null, "place": null, "natural": null, "wood": null, "leaf_cycle": null, "man_made": null, "genus": null, "opening_hours": null, "type": "multipolygon", "phone": "+7 81378 64244", "amenity": null, "religion": null, "email": null, "internet_access": null, "name:en": null, "operator": null, "addr:country": null, "tourism": null, "url": null, "addr:district": null, "addr:region": null, "check_date": null, "building": null, "construction": null, "area:highway": null, "brand": null, "contact:phone": null, "contact:website": null, "fuel:diesel": null, "fuel:discount": null, "fuel:octane_92": null, "fuel:octane_95": null, "ref": null, "shop": null, "surface": null, "toilets": null }, "geometry": { "type": "Polygon", "coordinates": [ [ [ 29.5819061, 60.245538 ], [ 29.5827453, 60.2459316 ], [ 29.582857, 60.245984 ], [ 29.5831481, 60.2458317 ], [ 29.5830575, 60.2457979 ], [ 29.5830301, 60.2457877 ], [ 29.5839129, 60.2452861 ], [ 29.5840211, 60.2452066 ], [ 29.5840414, 60.2450397 ], [ 29.5840386, 60.2449805 ], [ 29.5840264, 60.2448864 ], [ 29.5835383, 60.2446794 ], [ 29.5833841, 60.2447671 ], [ 29.5833361, 60.2447466 ], [ 29.5826617, 60.2451211 ], [ 29.5824833, 60.2452194 ], [ 29.5822786, 60.2453333 ], [ 29.5820054, 60.2454856 ], [ 29.5819061, 60.245538 ] ] ] } },
{ "type": "Feature", "properties": { "element_type": "relation", "osmid": 19930857, "barrier": null, "height": null, "note": null, "description": null, "landuse": "retail", "name": null, "source": "Esri", "industrial": null, "layer": null, "addr:city": null, "official_name": null, "residential": null, "website": null, "old_name": null, "addr:housenumber": null, "addr:street": null, "name:ru": null, "leisure": null, "building:levels": null, "water": null, "place": null, "natural": null, "wood": null, "leaf_cycle": null, "man_made": null, "genus": null, "opening_hours": null, "type": "multipolygon", "phone": null, "amenity": null, "religion": null, "email": null, "internet_access": null, "name:en": null, "operator": null, "addr:country": null, "tourism": null, "url": null, "addr:district": null, "addr:region": null, "check_date": null, "building": null, "construction": null, "area:highway": null, "brand": null, "contact:phone": null, "contact:website": null, "fuel:diesel": null, "fuel:discount": null, "fuel:octane_92": null, "fuel:octane_95": null, "ref": null, "shop": null, "surface": null, "toilets": null }, "geometry": { "type": "Polygon", "coordinates": [ [ [ 29.5947952, 60.2579153 ], [ 29.5950182, 60.2579567 ], [ 29.5951174, 60.25796 ], [ 29.5951228, 60.257972 ], [ 29.5956097, 60.258053 ], [ 29.5956858, 60.2580352 ], [ 29.5958617, 60.258 ], [ 29.5959953, 60.2582615 ], [ 29.5962788, 60.2581856 ], [ 29.5965658, 60.2580692 ], [ 29.5969185, 60.2579514 ], [ 29.5969863, 60.2579278 ], [ 29.5970171, 60.2579128 ], [ 29.5970272, 60.2578895 ], [ 29.5970124, 60.2578709 ], [ 29.5969708, 60.2578543 ], [ 29.5968716, 60.2578429 ], [ 29.5966879, 60.2578117 ], [ 29.5962909, 60.2577265 ], [ 29.5950692, 60.2575183 ], [ 29.5947952, 60.2579153 ] ] ] } },
{ "type": "Feature", "properties": { "element_type": "relation", "osmid": 19930858, "barrier": null, "height": null, "note": null, "description": null, "landuse": "retail", "name": null, "source": "Esri", "industrial": null, "layer": null, "addr:city": null, "official_name": null, "residential": null, "website": null, "old_name": null, "addr:housenumber": null, "addr:street": null, "name:ru": null, "leisure": null, "building:levels": null, "water": null, "place": null, "natural": null, "wood": null, "leaf_cycle": null, "man_made": null, "genus": null, "opening_hours": null, "type": "multipolygon", "phone": null, "amenity": null, "religion": null, "email": null, "internet_access": null, "name:en": null, "operator": null, "addr:country": null, "tourism": null, "url": null, "addr:district": null, "addr:region": null, "check_date": null, "building": null, "construction": null, "area:highway": null, "brand": null, "contact:phone": null, "contact:website": null, "fuel:diesel": null, "fuel:discount": null, "fuel:octane_92": null, "fuel:octane_95": null, "ref": null, "shop": null, "surface": null, "toilets": null }, "geometry": { "type": "Polygon", "coordinates": [ [ [ 29.5957008, 60.2571597 ], [ 29.5954876, 60.2574595 ], [ 29.5968622, 60.2577239 ], [ 29.597236, 60.2577429 ], [ 29.5972985, 60.2575732 ], [ 29.5979626, 60.2575869 ], [ 29.599329, 60.2573976 ], [ 29.5968944, 60.2572275 ], [ 29.5968716, 60.257169 ], [ 29.5968059, 60.2571071 ], [ 29.5962908, 60.2570466 ], [ 29.5961903, 60.2571816 ], [ 29.5961729, 60.257179 ], [ 29.5961193, 60.2572502 ], [ 29.5959583, 60.2572182 ], [ 29.5958269, 60.2571956 ], [ 29.5958336, 60.2571809 ], [ 29.5957008, 60.2571597 ] ] ] } },
{ "type": "Feature", "properties": { "element_type": "relation", "osmid": 19930859, "barrier": null, "height": null, "note": null, "description": null, "landuse": "residential", "name": null, "source": null, "industrial": null, "layer": null, "addr:city": null, "official_name": null, "residential": "urban", "website": null, "old_name": null, "addr:housenumber": null, "addr:street": null, "name:ru": null, "leisure": null, "building:levels": null, "water": null, "place": null, "natural": null, "wood": null, "leaf_cycle": null, "man_made": null, "genus": null, "opening_hours": null, "type": "multipolygon", "phone": null, "amenity": null, "religion": null, "email": null, "internet_access": null, "name:en": null, "operator": null, "addr:country": null, "tourism": null, "url": null, "addr:district": null, "addr:region": null, "check_date": null, "building": null, "construction": null, "area:highway": null, "brand": null, "contact:phone": null, "contact:website": null, "fuel:diesel": null, "fuel:discount": null, "fuel:octane_92": null, "fuel:octane_95": null, "ref": null, "shop": null, "surface": null, "toilets": null }, "geometry": { "type": "Polygon", "coordinates": [ [ [ 29.5904188, 60.2565904 ], [ 29.5929592, 60.2570174 ], [ 29.5932926, 60.2569834 ], [ 29.5938523, 60.2560751 ], [ 29.5950029, 60.2553394 ], [ 29.5955613, 60.2555628 ], [ 29.5957813, 60.2555535 ], [ 29.5958081, 60.2556294 ], [ 29.596285, 60.2558023 ], [ 29.5959062, 60.2566356 ], [ 29.595865, 60.2566598 ], [ 29.595906, 60.2567917 ], [ 29.5959838, 60.2567904 ], [ 29.5963258, 60.2568549 ], [ 29.5962201, 60.2569982 ], [ 29.5963177, 60.2570166 ], [ 29.5962908, 60.2570466 ], [ 29.5968059, 60.2571071 ], [ 29.5968716, 60.257169 ], [ 29.5968944, 60.2572275 ], [ 29.599329, 60.2573976 ], [ 29.5981502, 60.2546241 ], [ 29.5979458, 60.2543228 ], [ 29.5973948, 60.2541847 ], [ 29.5943169, 60.2548196 ], [ 29.5938274, 60.2549681 ], [ 29.5933009, 60.255165 ], [ 29.5908176, 60.2562389 ], [ 29.5909982, 60.2563316 ], [ 29.5904188, 60.2565904 ] ] ] } },
{ "type": "Feature", "properties": { "element_type": "relation", "osmid": 19930860, "barrier": null, "height": null, "note": null, "description": null, "landuse": "retail", "name": null, "source": "Esri", "industrial": null, "layer": null, "addr:city": null, "official_name": null, "residential": null, "website": null, "old_name": null, "addr:housenumber": null, "addr:street": null, "name:ru": null, "leisure": null, "building:levels": null, "water": null, "place": null, "natural": null, "wood": null, "leaf_cycle": null, "man_made": null, "genus": null, "opening_hours": null, "type": "multipolygon", "phone": null, "amenity": null, "religion": null, "email": null, "internet_access": null, "name:en": null, "operator": null, "addr:country": null, "tourism": null, "url": null, "addr:district": null, "addr:region": null, "check_date": null, "building": null, "construction": null, "area:highway": null, "brand": null, "contact:phone": null, "contact:website": null, "fuel:diesel": null, "fuel:discount": null, "fuel:octane_92": null, "fuel:octane_95": null, "ref": null, "shop": null, "surface": null, "toilets": null }, "geometry": { "type": "Polygon", "coordinates": [ [ [ 29.5975502, 60.2578569 ], [ 29.597579, 60.2579148 ], [ 29.597905, 60.2584543 ], [ 29.5980048, 60.2586047 ], [ 29.5984796, 60.2585449 ], [ 29.5986443, 60.2587882 ], [ 29.6000163, 60.258487 ], [ 29.5998197, 60.2581526 ], [ 29.5997979, 60.2581064 ], [ 29.5997362, 60.257996 ], [ 29.5996812, 60.2580035 ], [ 29.5995055, 60.2576527 ], [ 29.598564, 60.2577891 ], [ 29.5975502, 60.2578569 ] ] ] } },
{ "type": "Feature", "properties": { "element_type": "relation", "osmid": 19930862, "barrier": null, "height": null, "note": null, "description": null, "landuse": "retail", "name": null, "source": "Esri", "industrial": null, "layer": null, "addr:city": null, "official_name": null, "residential": null, "website": null, "old_name": null, "addr:housenumber": null, "addr:street": null, "name:ru": null, "leisure": null, "building:levels": null, "water": null, "place": null, "natural": null, "wood": null, "leaf_cycle": null, "man_made": null, "genus": null, "opening_hours": null, "type": "multipolygon", "phone": null, "amenity": null, "religion": null, "email": null, "internet_access": null, "name:en": null, "operator": null, "addr:country": null, "tourism": null, "url": null, "addr:district": null, "addr:region": null, "check_date": null, "building": null, "construction": null, "area:highway": null, "brand": null, "contact:phone": null, "contact:website": null, "fuel:diesel": null, "fuel:discount": null, "fuel:octane_92": null, "fuel:octane_95": null, "ref": null, "shop": null, "surface": null, "toilets": null }, "geometry": { "type": "Polygon", "coordinates": [ [ [ 29.6005581, 60.2574695 ], [ 29.6006053, 60.257524 ], [ 29.6006198, 60.2575422 ], [ 29.6007208, 60.2576797 ], [ 29.6009252, 60.2576448 ], [ 29.600996, 60.257611 ], [ 29.6010572, 60.2577185 ], [ 29.6010142, 60.2577219 ], [ 29.601107, 60.2578779 ], [ 29.6011135, 60.2578895 ], [ 29.6007685, 60.2579695 ], [ 29.6009579, 60.2582907 ], [ 29.601135, 60.2582588 ], [ 29.6013898, 60.2581896 ], [ 29.6021837, 60.2579275 ], [ 29.6027623, 60.2579914 ], [ 29.6029803, 60.2580632 ], [ 29.6031429, 60.2580196 ], [ 29.6033526, 60.2579806 ], [ 29.6034386, 60.2578986 ], [ 29.6033656, 60.2574901 ], [ 29.6033451, 60.2574138 ], [ 29.6033162, 60.2572619 ], [ 29.6032419, 60.2570915 ], [ 29.603107, 60.2570705 ], [ 29.6024737, 60.2571781 ], [ 29.6017735, 60.2572656 ], [ 29.6018438, 60.2574091 ], [ 29.6011657, 60.2575202 ], [ 29.6011073, 60.2574377 ], [ 29.6010961, 60.2574178 ], [ 29.6011497, 60.2573805 ], [ 29.6005581, 60.2574695 ] ] ] } },
{ "type": "Feature", "properties": { "element_type": "relation", "osmid": 19930863, "barrier": null, "height": null, "note": null, "description": null, "landuse": "grass", "name": null, "source": "Esri", "industrial": null, "layer": null, "addr:city": null, "official_name": null, "residential": null, "website": null, "old_name": null, "addr:housenumber": null, "addr:street": null, "name:ru": null, "leisure": null, "building:levels": null, "water": null, "place": null, "natural": null, "wood": null, "leaf_cycle": null, "man_made": null, "genus": null, "opening_hours": null, "type": "multipolygon", "phone": null, "amenity": null, "religion": null, "email": null, "internet_access": null, "name:en": null, "operator": null, "addr:country": null, "tourism": null, "url": null, "addr:district": null, "addr:region": null, "check_date": null, "building": null, "construction": null, "area:highway": null, "brand": null, "contact:phone": null, "contact:website": null, "fuel:diesel": null, "fuel:discount": null, "fuel:octane_92": null, "fuel:octane_95": null, "ref": null, "shop": null, "surface": null, "toilets": null }, "geometry": { "type": "Polygon", "coordinates": [ [ [ 29.5923842, 60.2518288 ], [ 29.5925527, 60.2517655 ], [ 29.5928222, 60.2519421 ], [ 29.5928469, 60.2519577 ], [ 29.5928644, 60.2519517 ], [ 29.5927235, 60.2518552 ], [ 29.5926837, 60.2517083 ], [ 29.5925961, 60.2517155 ], [ 29.5925854, 60.2516443 ], [ 29.5925559, 60.2516103 ], [ 29.5922595, 60.2516256 ], [ 29.592285, 60.2518426 ], [ 29.5923762, 60.2521327 ], [ 29.5926536, 60.2520053 ], [ 29.5923842, 60.2518288 ] ], [ [ 29.5924605, 60.2519756 ], [ 29.5925385, 60.2519719 ], [ 29.5925458, 60.2520097 ], [ 29.5924678, 60.2520134 ], [ 29.5924605, 60.2519756 ] ] ] } },
{ "type": "Feature", "properties": { "element_type": "relation", "osmid": 19930865, "barrier": null, "height": null, "note": null, "description": null, "landuse": "grass", "name": null, "source": "Esri", "industrial": null, "layer": null, "addr:city": null, "official_name": null, "residential": null, "website": null, "old_name": null, "addr:housenumber": null, "addr:street": null, "name:ru": null, "leisure": null, "building:levels": null, "water": null, "place": null, "natural": null, "wood": null, "leaf_cycle": null, "man_made": null, "genus": null, "opening_hours": null, "type": "multipolygon", "phone": null, "amenity": null, "religion": null, "email": null, "internet_access": null, "name:en": null, "operator": null, "addr:country": null, "tourism": null, "url": null, "addr:district": null, "addr:region": null, "check_date": null, "building": null, "construction": null, "area:highway": null, "brand": null, "contact:phone": null, "contact:website": null, "fuel:diesel": null, "fuel:discount": null, "fuel:octane_92": null, "fuel:octane_95": null, "ref": null, "shop": null, "surface": null, "toilets": null }, "geometry": { "type": "Polygon", "coordinates": [ [ [ 29.5920503, 60.2523583 ], [ 29.5920959, 60.2523756 ], [ 29.5921335, 60.2523796 ], [ 29.5921871, 60.2523782 ], [ 29.5922703, 60.2523383 ], [ 29.592112, 60.2516556 ], [ 29.5920798, 60.2516396 ], [ 29.5920154, 60.2516329 ], [ 29.5915031, 60.2516715 ], [ 29.5915192, 60.2517048 ], [ 29.5920356, 60.2516649 ], [ 29.5920812, 60.2518545 ], [ 29.5913704, 60.2519024 ], [ 29.5913771, 60.2519271 ], [ 29.5911947, 60.2519424 ], [ 29.5920503, 60.2523583 ] ], [ [ 29.5915455, 60.2519446 ], [ 29.5920731, 60.2518988 ], [ 29.5921383, 60.2521216 ], [ 29.5919988, 60.2522095 ], [ 29.5915777, 60.2520564 ], [ 29.5915455, 60.2519446 ] ] ] } },
{ "type": "Feature", "properties": { "element_type": "relation", "osmid": 19932970, "barrier": null, "height": null, "note": null, "description": null, "landuse": "grass", "name": null, "source": "Esri", "industrial": null, "layer": null, "addr:city": null, "official_name": null, "residential": null, "website": null, "old_name": null, "addr:housenumber": null, "addr:street": null, "name:ru": null, "leisure": null, "building:levels": null, "water": null, "place": null, "natural": null, "wood": null, "leaf_cycle": null, "man_made": null, "genus": null, "opening_hours": null, "type": "multipolygon", "phone": null, "amenity": null, "religion": null, "email": null, "internet_access": null, "name:en": null, "operator": null, "addr:country": null, "tourism": null, "url": null, "addr:district": null, "addr:region": null, "check_date": null, "building": null, "construction": null, "area:highway": null, "brand": null, "contact:phone": null, "contact:website": null, "fuel:diesel": null, "fuel:discount": null, "fuel:octane_92": null, "fuel:octane_95": null, "ref": null, "shop": null, "surface": null, "toilets": null }, "geometry": { "type": "Polygon", "coordinates": [ [ [ 29.5968716, 60.2578429 ], [ 29.5969185, 60.2579514 ], [ 29.5969863, 60.2579278 ], [ 29.5970171, 60.2579128 ], [ 29.5970272, 60.2578895 ], [ 29.5970124, 60.2578709 ], [ 29.5969708, 60.2578543 ], [ 29.5968716, 60.2578429 ] ] ] } },
{ "type": "Feature", "properties": { "element_type": "relation", "osmid": 19932971, "barrier": null, "height": null, "note": null, "description": null, "landuse": "brownfield", "name": null, "source": null, "industrial": null, "layer": null, "addr:city": null, "official_name": null, "residential": null, "website": null, "old_name": null, "addr:housenumber": null, "addr:street": null, "name:ru": null, "leisure": null, "building:levels": null, "water": null, "place": null, "natural": null, "wood": null, "leaf_cycle": null, "man_made": null, "genus": null, "opening_hours": null, "type": "multipolygon", "phone": null, "amenity": null, "religion": null, "email": null, "internet_access": null, "name:en": null, "operator": null, "addr:country": null, "tourism": null, "url": null, "addr:district": null, "addr:region": null, "check_date": null, "building": null, "construction": null, "area:highway": null, "brand": null, "contact:phone": null, "contact:website": null, "fuel:diesel": null, "fuel:discount": null, "fuel:octane_92": null, "fuel:octane_95": null, "ref": null, "shop": null, "surface": null, "toilets": null }, "geometry": { "type": "Polygon", "coordinates": [ [ [ 29.5986443, 60.2587882 ], [ 29.5987705, 60.2590475 ], [ 29.6007425, 60.2584644 ], [ 29.6010355, 60.2585889 ], [ 29.6013091, 60.2584637 ], [ 29.601135, 60.2582588 ], [ 29.6009579, 60.2582907 ], [ 29.6000163, 60.258487 ], [ 29.5986443, 60.2587882 ] ] ] } },
{ "type": "Feature", "properties": { "element_type": "relation", "osmid": 19932973, "barrier": null, "height": null, "note": null, "description": null, "landuse": "residential", "name": null, "source": "Esri", "industrial": null, "layer": null, "addr:city": null, "official_name": null, "residential": null, "website": null, "old_name": null, "addr:housenumber": null, "addr:street": null, "name:ru": null, "leisure": null, "building:levels": null, "water": null, "place": null, "natural": null, "wood": null, "leaf_cycle": null, "man_made": null, "genus": null, "opening_hours": null, "type": "multipolygon", "phone": null, "amenity": null, "religion": null, "email": null, "internet_access": null, "name:en": null, "operator": null, "addr:country": null, "tourism": null, "url": null, "addr:district": null, "addr:region": null, "check_date": null, "building": null, "construction": null, "area:highway": null, "brand": null, "contact:phone": null, "contact:website": null, "fuel:diesel": null, "fuel:discount": null, "fuel:octane_92": null, "fuel:octane_95": null, "ref": null, "shop": null, "surface": null, "toilets": null }, "geometry": { "type": "Polygon", "coordinates": [ [ [ 29.601135, 60.2582588 ], [ 29.6013091, 60.2584637 ], [ 29.6015963, 60.2588017 ], [ 29.6019173, 60.2587811 ], [ 29.6020523, 60.258787 ], [ 29.6022843, 60.2587518 ], [ 29.6023634, 60.2587524 ], [ 29.6024626, 60.2583453 ], [ 29.6027845, 60.2582255 ], [ 29.6030447, 60.2581856 ], [ 29.6029803, 60.2580632 ], [ 29.6027623, 60.2579914 ], [ 29.6021837, 60.2579275 ], [ 29.6013898, 60.2581896 ], [ 29.601135, 60.2582588 ] ] ] } },
{ "type": "Feature", "properties": { "element_type": "relation", "osmid": 19949492, "barrier": null, "height": null, "note": null, "description": null, "landuse": "residential", "name": null, "source": null, "industrial": null, "layer": null, "addr:city": null, "official_name": null, "residential": null, "website": null, "old_name": null, "addr:housenumber": null, "addr:street": null, "name:ru": null, "leisure": null, "building:levels": null, "water": null, "place": null, "natural": null, "wood": null, "leaf_cycle": null, "man_made": null, "genus": null, "opening_hours": null, "type": "multipolygon", "phone": null, "amenity": null, "religion": null, "email": null, "internet_access": null, "name:en": null, "operator": null, "addr:country": null, "tourism": null, "url": null, "addr:district": null, "addr:region": null, "check_date": null, "building": null, "construction": null, "area:highway": null, "brand": null, "contact:phone": null, "contact:website": null, "fuel:diesel": null, "fuel:discount": null, "fuel:octane_92": null, "fuel:octane_95": null, "ref": null, "shop": null, "surface": null, "toilets": null }, "geometry": { "type": "Polygon", "coordinates": [ [ [ 29.6090596, 60.2661182 ], [ 29.6124584, 60.2626632 ], [ 29.6093489, 60.2618744 ], [ 29.6056973, 60.265418 ], [ 29.6090596, 60.2661182 ] ] ] } },
{ "type": "Feature", "properties": { "element_type": "relation", "osmid": 19949494, "barrier": null, "height": null, "note": null, "description": null, "landuse": "residential", "name": null, "source": null, "industrial": null, "layer": null, "addr:city": null, "official_name": null, "residential": "rural", "website": null, "old_name": null, "addr:housenumber": null, "addr:street": null, "name:ru": null, "leisure": null, "building:levels": null, "water": null, "place": null, "natural": null, "wood": null, "leaf_cycle": null, "man_made": null, "genus": null, "opening_hours": null, "type": "multipolygon", "phone": null, "amenity": null, "religion": null, "email": null, "internet_access": null, "name:en": null, "operator": null, "addr:country": null, "tourism": null, "url": null, "addr:district": null, "addr:region": null, "check_date": null, "building": null, "construction": null, "area:highway": null, "brand": null, "contact:phone": null, "contact:website": null, "fuel:diesel": null, "fuel:discount": null, "fuel:octane_92": null, "fuel:octane_95": null, "ref": null, "shop": null, "surface": null, "toilets": null }, "geometry": { "type": "Polygon", "coordinates": [ [ [ 29.6154664, 60.2682159 ], [ 29.6153245, 60.2683523 ], [ 29.6156859, 60.2685056 ], [ 29.6160062, 60.2685785 ], [ 29.6168581, 60.2687723 ], [ 29.6176694, 60.2689868 ], [ 29.6185666, 60.2692239 ], [ 29.622488, 60.2652651 ], [ 29.6194196, 60.2644403 ], [ 29.6189862, 60.2648736 ], [ 29.6189441, 60.2649157 ], [ 29.61891, 60.2649491 ], [ 29.618314, 60.2655386 ], [ 29.6174243, 60.2664143 ], [ 29.6154664, 60.2682159 ] ] ] } },
{ "type": "Feature", "properties": { "element_type": "relation", "osmid": 19949496, "barrier": null, "height": null, "note": null, "description": null, "landuse": "residential", "name": null, "source": null, "industrial": null, "layer": null, "addr:city": null, "official_name": null, "residential": "rural", "website": null, "old_name": null, "addr:housenumber": null, "addr:street": null, "name:ru": null, "leisure": null, "building:levels": null, "water": null, "place": null, "natural": null, "wood": null, "leaf_cycle": null, "man_made": null, "genus": null, "opening_hours": null, "type": "multipolygon", "phone": null, "amenity": null, "religion": null, "email": null, "internet_access": null, "name:en": null, "operator": null, "addr:country": null, "tourism": null, "url": null, "addr:district": null, "addr:region": null, "check_date": null, "building": null, "construction": null, "area:highway": null, "brand": null, "contact:phone": null, "contact:website": null, "fuel:diesel": null, "fuel:discount": null, "fuel:octane_92": null, "fuel:octane_95": null, "ref": null, "shop": null, "surface": null, "toilets": null }, "geometry": { "type": "Polygon", "coordinates": [ [ [ 29.6085834, 60.2615865 ], [ 29.6092826, 60.2617417 ], [ 29.6096231, 60.2613996 ], [ 29.6098521, 60.2611275 ], [ 29.610238, 60.2606705 ], [ 29.6091261, 60.2604359 ], [ 29.6070276, 60.2599933 ], [ 29.606067, 60.2608943 ], [ 29.6085834, 60.2615865 ] ] ] } },
{ "type": "Feature", "properties": { "element_type": "relation", "osmid": 19953210, "barrier": null, "height": null, "note": null, "description": null, "landuse": "residential", "name": null, "source": null, "industrial": null, "layer": null, "addr:city": null, "official_name": null, "residential": "rural", "website": null, "old_name": null, "addr:housenumber": null, "addr:street": null, "name:ru": null, "leisure": null, "building:levels": null, "water": null, "place": null, "natural": null, "wood": null, "leaf_cycle": null, "man_made": null, "genus": null, "opening_hours": null, "type": "multipolygon", "phone": null, "amenity": null, "religion": null, "email": null, "internet_access": null, "name:en": null, "operator": null, "addr:country": null, "tourism": null, "url": null, "addr:district": null, "addr:region": null, "check_date": null, "building": null, "construction": null, "area:highway": null, "brand": null, "contact:phone": null, "contact:website": null, "fuel:diesel": null, "fuel:discount": null, "fuel:octane_92": null, "fuel:octane_95": null, "ref": null, "shop": null, "surface": null, "toilets": null }, "geometry": { "type": "Polygon", "coordinates": [ [ [ 29.6023239, 60.2507575 ], [ 29.6027043, 60.2509364 ], [ 29.6032861, 60.2511858 ], [ 29.6036414, 60.2513534 ], [ 29.6043449, 60.2515963 ], [ 29.6054925, 60.2509953 ], [ 29.6048759, 60.2507353 ], [ 29.6044172, 60.2505638 ], [ 29.6041068, 60.2504231 ], [ 29.6037662, 60.2503912 ], [ 29.6036023, 60.2503326 ], [ 29.6038267, 60.2501661 ], [ 29.6041445, 60.249908 ], [ 29.6044204, 60.2496338 ], [ 29.6045657, 60.2494895 ], [ 29.6047527, 60.2493037 ], [ 29.6047623, 60.2492531 ], [ 29.6048284, 60.2489064 ], [ 29.6040856, 60.2488224 ], [ 29.6035337, 60.2487858 ], [ 29.603322, 60.2487696 ], [ 29.603283, 60.2491146 ], [ 29.6030935, 60.2493401 ], [ 29.602854, 60.2495976 ], [ 29.6025913, 60.249841 ], [ 29.6023146, 60.250085 ], [ 29.6020918, 60.2503176 ], [ 29.6019928, 60.2504202 ], [ 29.601957, 60.2505287 ], [ 29.6019718, 60.2506041 ], [ 29.6020871, 60.250664 ], [ 29.6023239, 60.2507575 ] ] ] } },
{ "type": "Feature", "properties": { "element_type": "relation", "osmid": 19953211, "barrier": null, "height": null, "note": null, "description": null, "landuse": "residential", "name": null, "source": null, "industrial": null, "layer": null, "addr:city": null, "official_name": null, "residential": "rural", "website": null, "old_name": null, "addr:housenumber": null, "addr:street": null, "name:ru": null, "leisure": null, "building:levels": null, "water": null, "place": null, "natural": null, "wood": null, "leaf_cycle": null, "man_made": null, "genus": null, "opening_hours": null, "type": "multipolygon", "phone": null, "amenity": null, "religion": null, "email": null, "internet_access": null, "name:en": null, "operator": null, "addr:country": null, "tourism": null, "url": null, "addr:district": null, "addr:region": null, "check_date": null, "building": null, "construction": null, "area:highway": null, "brand": null, "contact:phone": null, "contact:website": null, "fuel:diesel": null, "fuel:discount": null, "fuel:octane_92": null, "fuel:octane_95": null, "ref": null, "shop": null, "surface": null, "toilets": null }, "geometry": { "type": "Polygon", "coordinates": [ [ [ 29.6002592, 60.2504724 ], [ 29.6002136, 60.2506554 ], [ 29.6002914, 60.2507705 ], [ 29.6003786, 60.2509129 ], [ 29.6006361, 60.2511378 ], [ 29.6013576, 60.2514533 ], [ 29.6017379, 60.2516529 ], [ 29.602054, 60.2518788 ], [ 29.6023284, 60.2521261 ], [ 29.6025686, 60.2523408 ], [ 29.6031035, 60.2521921 ], [ 29.6031799, 60.2521367 ], [ 29.6035337, 60.2520343 ], [ 29.6036539, 60.2519848 ], [ 29.6038682, 60.251884 ], [ 29.6041808, 60.2517135 ], [ 29.6037621, 60.2515273 ], [ 29.6032261, 60.2512904 ], [ 29.60274, 60.2511141 ], [ 29.6022132, 60.2508144 ], [ 29.6020764, 60.2507399 ], [ 29.6018136, 60.2505868 ], [ 29.6017519, 60.2504511 ], [ 29.6018565, 60.2503619 ], [ 29.6026558, 60.2495753 ], [ 29.6030125, 60.249212 ], [ 29.6031198, 60.2487554 ], [ 29.602291, 60.2487208 ], [ 29.601599, 60.2487381 ], [ 29.6015882, 60.2489551 ], [ 29.601489, 60.2490908 ], [ 29.6012449, 60.2492998 ], [ 29.6004912, 60.250123 ], [ 29.6002592, 60.2504724 ] ] ] } },
{ "type": "Feature", "properties": { "element_type": "relation", "osmid": 19953212, "barrier": null, "height": null, "note": null, "description": null, "landuse": "residential", "name": null, "source": null, "industrial": null, "layer": null, "addr:city": null, "official_name": null, "residential": "rural", "website": null, "old_name": null, "addr:housenumber": null, "addr:street": null, "name:ru": null, "leisure": null, "building:levels": null, "water": null, "place": null, "natural": null, "wood": null, "leaf_cycle": null, "man_made": null, "genus": null, "opening_hours": null, "type": "multipolygon", "phone": null, "amenity": null, "religion": null, "email": null, "internet_access": null, "name:en": null, "operator": null, "addr:country": null, "tourism": null, "url": null, "addr:district": null, "addr:region": null, "check_date": null, "building": null, "construction": null, "area:highway": null, "brand": null, "contact:phone": null, "contact:website": null, "fuel:diesel": null, "fuel:discount": null, "fuel:octane_92": null, "fuel:octane_95": null, "ref": null, "shop": null, "surface": null, "toilets": null }, "geometry": { "type": "Polygon", "coordinates": [ [ [ 29.6028121, 60.2463551 ], [ 29.6023954, 60.2465985 ], [ 29.6023936, 60.2466319 ], [ 29.602468, 60.2466803 ], [ 29.6025939, 60.246725 ], [ 29.6025063, 60.2467877 ], [ 29.6027967, 60.2468981 ], [ 29.603252, 60.2470712 ], [ 29.6032751, 60.2472356 ], [ 29.6033289, 60.2477312 ], [ 29.6034004, 60.2480966 ], [ 29.6033641, 60.2483345 ], [ 29.6032847, 60.2486553 ], [ 29.6039564, 60.2487277 ], [ 29.6047918, 60.2488036 ], [ 29.605076, 60.2488192 ], [ 29.6050939, 60.2491095 ], [ 29.6050767, 60.2492804 ], [ 29.6048166, 60.2495211 ], [ 29.6044421, 60.2498575 ], [ 29.6040103, 60.2502315 ], [ 29.6043808, 60.2503846 ], [ 29.6048364, 60.2505847 ], [ 29.6052188, 60.2507239 ], [ 29.6056151, 60.2509102 ], [ 29.606257, 60.250583 ], [ 29.6065544, 60.2504116 ], [ 29.6068508, 60.2502075 ], [ 29.6071525, 60.2500185 ], [ 29.6077624, 60.249703 ], [ 29.6092147, 60.2493734 ], [ 29.6099935, 60.2492858 ], [ 29.6108657, 60.2489663 ], [ 29.6132815, 60.2482278 ], [ 29.615057, 60.2475717 ], [ 29.6159535, 60.2470925 ], [ 29.6161369, 60.2468366 ], [ 29.6157925, 60.2467713 ], [ 29.6135462, 60.2458804 ], [ 29.612159, 60.2453014 ], [ 29.608334, 60.2437452 ], [ 29.6053229, 60.2446144 ], [ 29.6050148, 60.2446539 ], [ 29.6041426, 60.2450232 ], [ 29.6036754, 60.2456777 ], [ 29.603575, 60.2458615 ], [ 29.6028121, 60.2463551 ] ] ] } },
{ "type": "Feature", "properties": { "element_type": "relation", "osmid": 19953213, "barrier": null, "height": null, "note": null, "description": null, "landuse": "residential", "name": null, "source": null, "industrial": null, "layer": null, "addr:city": null, "official_name": null, "residential": "rural", "website": null, "old_name": null, "addr:housenumber": null, "addr:street": null, "name:ru": null, "leisure": null, "building:levels": null, "water": null, "place": null, "natural": null, "wood": null, "leaf_cycle": null, "man_made": null, "genus": null, "opening_hours": null, "type": "multipolygon", "phone": null, "amenity": null, "religion": null, "email": null, "internet_access": null, "name:en": null, "operator": null, "addr:country": null, "tourism": null, "url": null, "addr:district": null, "addr:region": null, "check_date": null, "building": null, "construction": null, "area:highway": null, "brand": null, "contact:phone": null, "contact:website": null, "fuel:diesel": null, "fuel:discount": null, "fuel:octane_92": null, "fuel:octane_95": null, "ref": null, "shop": null, "surface": null, "toilets": null }, "geometry": { "type": "Polygon", "coordinates": [ [ [ 29.604559, 60.2516989 ], [ 29.6041618, 60.2519142 ], [ 29.6048078, 60.252213 ], [ 29.6049546, 60.2522312 ], [ 29.605749, 60.2522364 ], [ 29.6067038, 60.2521928 ], [ 29.607567, 60.2521439 ], [ 29.6074851, 60.2516932 ], [ 29.6074612, 60.2514763 ], [ 29.6074217, 60.2512586 ], [ 29.6073572, 60.2508439 ], [ 29.6067669, 60.2505472 ], [ 29.606604, 60.2506348 ], [ 29.6064241, 60.2507198 ], [ 29.6060857, 60.2508799 ], [ 29.6058019, 60.251038 ], [ 29.605492, 60.2511995 ], [ 29.6051788, 60.2513689 ], [ 29.6048384, 60.2515486 ], [ 29.604559, 60.2516989 ] ] ] } },
{ "type": "Feature", "properties": { "element_type": "relation", "osmid": 19953214, "barrier": null, "height": null, "note": null, "description": null, "landuse": "residential", "name": null, "source": null, "industrial": null, "layer": null, "addr:city": null, "official_name": null, "residential": "rural", "website": null, "old_name": null, "addr:housenumber": null, "addr:street": null, "name:ru": null, "leisure": null, "building:levels": null, "water": null, "place": null, "natural": null, "wood": null, "leaf_cycle": null, "man_made": null, "genus": null, "opening_hours": null, "type": "multipolygon", "phone": null, "amenity": null, "religion": null, "email": null, "internet_access": null, "name:en": null, "operator": null, "addr:country": null, "tourism": null, "url": null, "addr:district": null, "addr:region": null, "check_date": null, "building": null, "construction": null, "area:highway": null, "brand": null, "contact:phone": null, "contact:website": null, "fuel:diesel": null, "fuel:discount": null, "fuel:octane_92": null, "fuel:octane_95": null, "ref": null, "shop": null, "surface": null, "toilets": null }, "geometry": { "type": "Polygon", "coordinates": [ [ [ 29.6116527, 60.2525411 ], [ 29.6121214, 60.2528886 ], [ 29.6124276, 60.2527035 ], [ 29.6139193, 60.2518897 ], [ 29.6146026, 60.2515169 ], [ 29.6134681, 60.2509333 ], [ 29.6116665, 60.2520086 ], [ 29.6113027, 60.2522123 ], [ 29.6116527, 60.2525411 ] ] ] } },
{ "type": "Feature", "properties": { "element_type": "relation", "osmid": 19953215, "barrier": null, "height": null, "note": null, "description": null, "landuse": "residential", "name": null, "source": null, "industrial": null, "layer": null, "addr:city": null, "official_name": null, "residential": "rural", "website": null, "old_name": null, "addr:housenumber": null, "addr:street": null, "name:ru": null, "leisure": null, "building:levels": null, "water": null, "place": null, "natural": null, "wood": null, "leaf_cycle": null, "man_made": null, "genus": null, "opening_hours": null, "type": "multipolygon", "phone": null, "amenity": null, "religion": null, "email": null, "internet_access": null, "name:en": null, "operator": null, "addr:country": null, "tourism": null, "url": null, "addr:district": null, "addr:region": null, "check_date": null, "building": null, "construction": null, "area:highway": null, "brand": null, "contact:phone": null, "contact:website": null, "fuel:diesel": null, "fuel:discount": null, "fuel:octane_92": null, "fuel:octane_95": null, "ref": null, "shop": null, "surface": null, "toilets": null }, "geometry": { "type": "Polygon", "coordinates": [ [ [ 29.6092862, 60.2494648 ], [ 29.6093827, 60.2498003 ], [ 29.6093667, 60.2500917 ], [ 29.6095946, 60.250322 ], [ 29.6097797, 60.2505762 ], [ 29.6103993, 60.2512603 ], [ 29.6110363, 60.2509369 ], [ 29.611263, 60.2508264 ], [ 29.611427, 60.2507282 ], [ 29.6118101, 60.2505443 ], [ 29.6121624, 60.2503482 ], [ 29.6111071, 60.2499322 ], [ 29.610545, 60.249646 ], [ 29.6101159, 60.2493844 ], [ 29.6092862, 60.2494648 ] ] ] } },
{ "type": "Feature", "properties": { "element_type": "relation", "osmid": 19953216, "barrier": null, "height": null, "note": null, "description": null, "landuse": "residential", "name": null, "source": null, "industrial": null, "layer": null, "addr:city": null, "official_name": null, "residential": "rural", "website": null, "old_name": null, "addr:housenumber": null, "addr:street": null, "name:ru": null, "leisure": null, "building:levels": null, "water": null, "place": null, "natural": null, "wood": null, "leaf_cycle": null, "man_made": null, "genus": null, "opening_hours": null, "type": "multipolygon", "phone": null, "amenity": null, "religion": null, "email": null, "internet_access": null, "name:en": null, "operator": null, "addr:country": null, "tourism": null, "url": null, "addr:district": null, "addr:region": null, "check_date": null, "building": null, "construction": null, "area:highway": null, "brand": null, "contact:phone": null, "contact:website": null, "fuel:diesel": null, "fuel:discount": null, "fuel:octane_92": null, "fuel:octane_95": null, "ref": null, "shop": null, "surface": null, "toilets": null }, "geometry": { "type": "Polygon", "coordinates": [ [ [ 29.607465, 60.2501623 ], [ 29.6073845, 60.2502168 ], [ 29.6074972, 60.2505735 ], [ 29.6075428, 60.2508131 ], [ 29.6075803, 60.2510447 ], [ 29.6076715, 60.2516862 ], [ 29.607752, 60.2521054 ], [ 29.6086049, 60.2520761 ], [ 29.6094149, 60.2520488 ], [ 29.6095912, 60.2520807 ], [ 29.6100681, 60.2520744 ], [ 29.6108311, 60.2520657 ], [ 29.6103845, 60.251606 ], [ 29.610115, 60.2513285 ], [ 29.6097743, 60.2509728 ], [ 29.6095571, 60.2507 ], [ 29.6094605, 60.2505855 ], [ 29.6095571, 60.2505709 ], [ 29.6093935, 60.250342 ], [ 29.6093234, 60.2502564 ], [ 29.6092755, 60.2501396 ], [ 29.6092607, 60.2500418 ], [ 29.6092527, 60.2499167 ], [ 29.6090927, 60.2495057 ], [ 29.6078217, 60.2498382 ], [ 29.607465, 60.2501623 ] ] ] } },
{ "type": "Feature", "properties": { "element_type": "relation", "osmid": 19953218, "barrier": null, "height": null, "note": null, "description": null, "landuse": "residential", "name": null, "source": null, "industrial": null, "layer": null, "addr:city": null, "official_name": null, "residential": "rural", "website": null, "old_name": null, "addr:housenumber": null, "addr:street": null, "name:ru": null, "leisure": null, "building:levels": null, "water": null, "place": null, "natural": null, "wood": null, "leaf_cycle": null, "man_made": null, "genus": null, "opening_hours": null, "type": "multipolygon", "phone": null, "amenity": null, "religion": null, "email": null, "internet_access": null, "name:en": null, "operator": null, "addr:country": null, "tourism": null, "url": null, "addr:district": null, "addr:region": null, "check_date": null, "building": null, "construction": null, "area:highway": null, "brand": null, "contact:phone": null, "contact:website": null, "fuel:diesel": null, "fuel:discount": null, "fuel:octane_92": null, "fuel:octane_95": null, "ref": null, "shop": null, "surface": null, "toilets": null }, "geometry": { "type": "Polygon", "coordinates": [ [ [ 29.6110139, 60.2497222 ], [ 29.6113408, 60.2498777 ], [ 29.6116684, 60.2500124 ], [ 29.6119698, 60.250147 ], [ 29.6123484, 60.2503119 ], [ 29.6136689, 60.2509316 ], [ 29.6140149, 60.2510593 ], [ 29.6147237, 60.2513992 ], [ 29.6150154, 60.251219 ], [ 29.6152782, 60.2510567 ], [ 29.6155384, 60.2508783 ], [ 29.6158498, 60.2506995 ], [ 29.6152005, 60.2504032 ], [ 29.6148732, 60.2502554 ], [ 29.6141782, 60.2499368 ], [ 29.6139145, 60.2498131 ], [ 29.6135293, 60.2496965 ], [ 29.6136089, 60.2496283 ], [ 29.6132713, 60.2494751 ], [ 29.6129748, 60.2493176 ], [ 29.6127247, 60.2491955 ], [ 29.612601, 60.2492438 ], [ 29.6125407, 60.2492166 ], [ 29.6125338, 60.2491965 ], [ 29.6122792, 60.2490845 ], [ 29.6121686, 60.2490926 ], [ 29.6117023, 60.2488465 ], [ 29.6115905, 60.248824 ], [ 29.6101399, 60.2493146 ], [ 29.6106075, 60.2495825 ], [ 29.6110139, 60.2497222 ] ] ] } },
{ "type": "Feature", "properties": { "element_type": "relation", "osmid": 19970851, "barrier": null, "height": null, "note": null, "description": null, "landuse": "residential", "name": null, "source": null, "industrial": null, "layer": null, "addr:city": null, "official_name": null, "residential": "rural", "website": null, "old_name": null, "addr:housenumber": null, "addr:street": null, "name:ru": null, "leisure": null, "building:levels": null, "water": null, "place": null, "natural": null, "wood": null, "leaf_cycle": null, "man_made": null, "genus": null, "opening_hours": null, "type": "multipolygon", "phone": null, "amenity": null, "religion": null, "email": null, "internet_access": null, "name:en": null, "operator": null, "addr:country": null, "tourism": null, "url": null, "addr:district": null, "addr:region": null, "check_date": null, "building": null, "construction": null, "area:highway": null, "brand": null, "contact:phone": null, "contact:website": null, "fuel:diesel": null, "fuel:discount": null, "fuel:octane_92": null, "fuel:octane_95": null, "ref": null, "shop": null, "surface": null, "toilets": null }, "geometry": { "type": "Polygon", "coordinates": [ [ [ 29.6119925, 60.2572568 ], [ 29.6122614, 60.2577829 ], [ 29.6123359, 60.2578649 ], [ 29.6127481, 60.2580488 ], [ 29.6137922, 60.2579941 ], [ 29.614501, 60.257945 ], [ 29.6149752, 60.2579674 ], [ 29.6154285, 60.2579052 ], [ 29.6154304, 60.2578436 ], [ 29.6162711, 60.2576448 ], [ 29.6163942, 60.2576525 ], [ 29.6168233, 60.2575935 ], [ 29.6169501, 60.257589 ], [ 29.6176087, 60.2576144 ], [ 29.6177378, 60.2575549 ], [ 29.6178076, 60.2576573 ], [ 29.6191266, 60.2578647 ], [ 29.6194653, 60.2579054 ], [ 29.6194354, 60.2580402 ], [ 29.6195322, 60.2580858 ], [ 29.6196042, 60.2581914 ], [ 29.6196932, 60.2582082 ], [ 29.6197978, 60.2581377 ], [ 29.6200476, 60.2581844 ], [ 29.621094, 60.2588553 ], [ 29.6214366, 60.2591875 ], [ 29.621678, 60.2592647 ], [ 29.6218201, 60.2593845 ], [ 29.6221313, 60.2593785 ], [ 29.6227227, 60.2595112 ], [ 29.6230617, 60.2592519 ], [ 29.6234078, 60.2591989 ], [ 29.6237948, 60.2592088 ], [ 29.6239096, 60.2591756 ], [ 29.6240357, 60.2591929 ], [ 29.6240035, 60.2592514 ], [ 29.6240678, 60.2593199 ], [ 29.6241343, 60.25944 ], [ 29.6243173, 60.2595235 ], [ 29.624549, 60.2598042 ], [ 29.6247609, 60.2601066 ], [ 29.6247326, 60.2602388 ], [ 29.6246821, 60.2605906 ], [ 29.6247458, 60.2608159 ], [ 29.6252064, 60.2609862 ], [ 29.6257161, 60.2611093 ], [ 29.6257764, 60.2610317 ], [ 29.6265617, 60.2610396 ], [ 29.6282244, 60.2616316 ], [ 29.6284815, 60.2616233 ], [ 29.6286039, 60.26158 ], [ 29.6285873, 60.2614379 ], [ 29.6289788, 60.2614038 ], [ 29.6293638, 60.2612645 ], [ 29.6293987, 60.261252 ], [ 29.6283893, 60.2605065 ], [ 29.6278444, 60.2603037 ], [ 29.6276523, 60.2604112 ], [ 29.6275339, 60.2603569 ], [ 29.6273463, 60.2603602 ], [ 29.6268885, 60.2601243 ], [ 29.6267501, 60.259885 ], [ 29.6250796, 60.2593776 ], [ 29.6243232, 60.2590872 ], [ 29.6233007, 60.2587232 ], [ 29.6227777, 60.2585462 ], [ 29.6205149, 60.2576758 ], [ 29.6204683, 60.2576913 ], [ 29.620361, 60.257662 ], [ 29.6203448, 60.2576768 ], [ 29.6193014, 60.2574794 ], [ 29.6184285, 60.2573244 ], [ 29.6177781, 60.2571477 ], [ 29.6171301, 60.2570175 ], [ 29.6168715, 60.257004 ], [ 29.6167286, 60.2570111 ], [ 29.6165055, 60.2568457 ], [ 29.6158274, 60.2565494 ], [ 29.6155315, 60.2566419 ], [ 29.6153318, 60.2566489 ], [ 29.6152036, 60.2566646 ], [ 29.6147961, 60.2567402 ], [ 29.6141127, 60.2568566 ], [ 29.6140599, 60.2568791 ], [ 29.6142962, 60.2572854 ], [ 29.6140031, 60.2573084 ], [ 29.6137799, 60.2569983 ], [ 29.6136661, 60.2570468 ], [ 29.6133945, 60.2570809 ], [ 29.6122398, 60.2572258 ], [ 29.6119925, 60.2572568 ] ] ] } },
{ "type": "Feature", "properties": { "element_type": "relation", "osmid": 19970853, "barrier": null, "height": null, "note": null, "description": null, "landuse": "residential", "name": null, "source": null, "industrial": null, "layer": null, "addr:city": null, "official_name": null, "residential": "rural", "website": null, "old_name": null, "addr:housenumber": null, "addr:street": null, "name:ru": null, "leisure": null, "building:levels": null, "water": null, "place": null, "natural": null, "wood": null, "leaf_cycle": null, "man_made": null, "genus": null, "opening_hours": null, "type": "multipolygon", "phone": null, "amenity": null, "religion": null, "email": null, "internet_access": null, "name:en": null, "operator": null, "addr:country": null, "tourism": null, "url": null, "addr:district": null, "addr:region": null, "check_date": null, "building": null, "construction": null, "area:highway": null, "brand": null, "contact:phone": null, "contact:website": null, "fuel:diesel": null, "fuel:discount": null, "fuel:octane_92": null, "fuel:octane_95": null, "ref": null, "shop": null, "surface": null, "toilets": null }, "geometry": { "type": "Polygon", "coordinates": [ [ [ 29.617774, 60.2513495 ], [ 29.6181048, 60.2515108 ], [ 29.6186039, 60.2517542 ], [ 29.6190387, 60.2515504 ], [ 29.6195955, 60.2513339 ], [ 29.6202118, 60.2509621 ], [ 29.6174657, 60.2499541 ], [ 29.6160779, 60.2506881 ], [ 29.617774, 60.2513495 ] ] ] } },
{ "type": "Feature", "properties": { "element_type": "relation", "osmid": 19970854, "barrier": null, "height": null, "note": null, "description": null, "landuse": "residential", "name": null, "source": null, "industrial": null, "layer": null, "addr:city": null, "official_name": null, "residential": "rural", "website": null, "old_name": null, "addr:housenumber": null, "addr:street": null, "name:ru": null, "leisure": null, "building:levels": null, "water": null, "place": null, "natural": null, "wood": null, "leaf_cycle": null, "man_made": null, "genus": null, "opening_hours": null, "type": "multipolygon", "phone": null, "amenity": null, "religion": null, "email": null, "internet_access": null, "name:en": null, "operator": null, "addr:country": null, "tourism": null, "url": null, "addr:district": null, "addr:region": null, "check_date": null, "building": null, "construction": null, "area:highway": null, "brand": null, "contact:phone": null, "contact:website": null, "fuel:diesel": null, "fuel:discount": null, "fuel:octane_92": null, "fuel:octane_95": null, "ref": null, "shop": null, "surface": null, "toilets": null }, "geometry": { "type": "Polygon", "coordinates": [ [ [ 29.6172682, 60.2534803 ], [ 29.6175811, 60.2536996 ], [ 29.6179011, 60.2537949 ], [ 29.6180669, 60.2537833 ], [ 29.6184888, 60.2537536 ], [ 29.618734, 60.2540167 ], [ 29.6189797, 60.254244 ], [ 29.6190038, 60.254242 ], [ 29.6192274, 60.2544415 ], [ 29.6194701, 60.2546417 ], [ 29.6195973, 60.2548311 ], [ 29.619728, 60.2550292 ], [ 29.6197798, 60.2553273 ], [ 29.6201095, 60.2554877 ], [ 29.6204871, 60.2554829 ], [ 29.6208808, 60.2553956 ], [ 29.6215273, 60.2549621 ], [ 29.6207258, 60.2542746 ], [ 29.6205017, 60.2540773 ], [ 29.6202925, 60.2538801 ], [ 29.6199812, 60.2536376 ], [ 29.6195678, 60.2533335 ], [ 29.6189314, 60.2528653 ], [ 29.6188736, 60.2528168 ], [ 29.6181894, 60.2522423 ], [ 29.6180516, 60.2522491 ], [ 29.6179323, 60.2522711 ], [ 29.6176634, 60.2524329 ], [ 29.6173154, 60.2526159 ], [ 29.6169281, 60.2528356 ], [ 29.6165862, 60.253034 ], [ 29.6172682, 60.2534803 ] ] ] } },
{ "type": "Feature", "properties": { "element_type": "relation", "osmid": 19970855, "barrier": null, "height": null, "note": null, "description": null, "landuse": "residential", "name": null, "source": null, "industrial": null, "layer": null, "addr:city": null, "official_name": null, "residential": "rural", "website": null, "old_name": null, "addr:housenumber": null, "addr:street": null, "name:ru": null, "leisure": null, "building:levels": null, "water": null, "place": null, "natural": null, "wood": null, "leaf_cycle": null, "man_made": null, "genus": null, "opening_hours": null, "type": "multipolygon", "phone": null, "amenity": null, "religion": null, "email": null, "internet_access": null, "name:en": null, "operator": null, "addr:country": null, "tourism": null, "url": null, "addr:district": null, "addr:region": null, "check_date": null, "building": null, "construction": null, "area:highway": null, "brand": null, "contact:phone": null, "contact:website": null, "fuel:diesel": null, "fuel:discount": null, "fuel:octane_92": null, "fuel:octane_95": null, "ref": null, "shop": null, "surface": null, "toilets": null }, "geometry": { "type": "Polygon", "coordinates": [ [ [ 29.6159783, 60.2536785 ], [ 29.6162765, 60.2538724 ], [ 29.6163994, 60.2539789 ], [ 29.6165389, 60.254103 ], [ 29.6167091, 60.2542868 ], [ 29.6172046, 60.2553036 ], [ 29.6172644, 60.2553719 ], [ 29.6172094, 60.2553865 ], [ 29.6173765, 60.2556351 ], [ 29.6174374, 60.2556427 ], [ 29.6189584, 60.2552744 ], [ 29.6194079, 60.2552194 ], [ 29.6195782, 60.2551891 ], [ 29.6195108, 60.254948 ], [ 29.6194031, 60.2547517 ], [ 29.6190477, 60.2544468 ], [ 29.6187077, 60.2542237 ], [ 29.6182308, 60.253895 ], [ 29.6178029, 60.2538459 ], [ 29.617341, 60.2536802 ], [ 29.6173368, 60.2536086 ], [ 29.6170677, 60.2534297 ], [ 29.6165456, 60.2530592 ], [ 29.6161982, 60.2532692 ], [ 29.6157218, 60.2535224 ], [ 29.6159783, 60.2536785 ] ] ] } },
{ "type": "Feature", "properties": { "element_type": "relation", "osmid": 19979832, "barrier": null, "height": null, "note": null, "description": null, "landuse": "education", "name": "Детский сад 1 «Аистёнок»", "source": null, "industrial": null, "layer": null, "addr:city": null, "official_name": null, "residential": null, "website": null, "old_name": null, "addr:housenumber": "12", "addr:street": "Детская улица", "name:ru": null, "leisure": null, "building:levels": null, "water": null, "place": null, "natural": null, "wood": null, "leaf_cycle": null, "man_made": null, "genus": null, "opening_hours": null, "type": "multipolygon", "phone": null, "amenity": "kindergarten", "religion": null, "email": null, "internet_access": null, "name:en": null, "operator": null, "addr:country": null, "tourism": null, "url": null, "addr:district": null, "addr:region": null, "check_date": null, "building": null, "construction": null, "area:highway": null, "brand": null, "contact:phone": null, "contact:website": null, "fuel:diesel": null, "fuel:discount": null, "fuel:octane_92": null, "fuel:octane_95": null, "ref": null, "shop": null, "surface": null, "toilets": null }, "geometry": { "type": "Polygon", "coordinates": [ [ [ 29.636811, 60.2530676 ], [ 29.6368459, 60.2531089 ], [ 29.638946, 60.2531275 ], [ 29.6386357, 60.2524065 ], [ 29.6385383, 60.2522238 ], [ 29.6380073, 60.252317 ], [ 29.636744, 60.252514 ], [ 29.636811, 60.2530676 ] ] ] } },
{ "type": "Feature", "properties": { "element_type": "relation", "osmid": 19979833, "barrier": null, "height": null, "note": null, "description": null, "landuse": "residential", "name": "КП «Еловая Аллея»", "source": null, "industrial": null, "layer": null, "addr:city": "Рощино", "official_name": null, "residential": null, "website": null, "old_name": null, "addr:housenumber": null, "addr:street": null, "name:ru": null, "leisure": null, "building:levels": null, "water": null, "place": "neighbourhood", "natural": null, "wood": null, "leaf_cycle": null, "man_made": null, "genus": null, "opening_hours": null, "type": "multipolygon", "phone": null, "amenity": null, "religion": null, "email": null, "internet_access": null, "name:en": null, "operator": null, "addr:country": null, "tourism": null, "url": null, "addr:district": null, "addr:region": null, "check_date": null, "building": null, "construction": null, "area:highway": null, "brand": null, "contact:phone": null, "contact:website": null, "fuel:diesel": null, "fuel:discount": null, "fuel:octane_92": null, "fuel:octane_95": null, "ref": null, "shop": null, "surface": null, "toilets": null }, "geometry": { "type": "Polygon", "coordinates": [ [ [ 29.6361391, 60.2532246 ], [ 29.6362102, 60.2535687 ], [ 29.636296, 60.2539326 ], [ 29.6364369, 60.2546339 ], [ 29.636524, 60.2550678 ], [ 29.6365321, 60.2550984 ], [ 29.6365667, 60.255232 ], [ 29.6366048, 60.2553788 ], [ 29.6366368, 60.2555024 ], [ 29.6366984, 60.2557398 ], [ 29.6367091, 60.255821 ], [ 29.6368244, 60.2558729 ], [ 29.6370457, 60.2559068 ], [ 29.63709, 60.2558928 ], [ 29.6377136, 60.2560938 ], [ 29.6379108, 60.2560871 ], [ 29.6380274, 60.2560652 ], [ 29.6386738, 60.255982 ], [ 29.6394369, 60.2559061 ], [ 29.6397072, 60.2558832 ], [ 29.6401289, 60.2558476 ], [ 29.6414137, 60.2557385 ], [ 29.6432926, 60.2557425 ], [ 29.6440664, 60.2557571 ], [ 29.6434667, 60.2531433 ], [ 29.6427065, 60.2531608 ], [ 29.6417463, 60.2531701 ], [ 29.641006, 60.2531679 ], [ 29.6408317, 60.2531674 ], [ 29.6407271, 60.2531689 ], [ 29.6386642, 60.2531995 ], [ 29.6371328, 60.2532087 ], [ 29.6370202, 60.25321 ], [ 29.6361391, 60.2532246 ] ] ] } },
{ "type": "Feature", "properties": { "element_type": "relation", "osmid": 19979835, "barrier": null, "height": null, "note": null, "description": null, "landuse": "residential", "name": null, "source": null, "industrial": null, "layer": null, "addr:city": null, "official_name": null, "residential": "rural", "website": null, "old_name": null, "addr:housenumber": null, "addr:street": null, "name:ru": null, "leisure": null, "building:levels": null, "water": null, "place": null, "natural": null, "wood": null, "leaf_cycle": null, "man_made": null, "genus": null, "opening_hours": null, "type": "multipolygon", "phone": null, "amenity": null, "religion": null, "email": null, "internet_access": null, "name:en": null, "operator": null, "addr:country": null, "tourism": null, "url": null, "addr:district": null, "addr:region": null, "check_date": null, "building": null, "construction": null, "area:highway": null, "brand": null, "contact:phone": null, "contact:website": null, "fuel:diesel": null, "fuel:discount": null, "fuel:octane_92": null, "fuel:octane_95": null, "ref": null, "shop": null, "surface": null, "toilets": null }, "geometry": { "type": "Polygon", "coordinates": [ [ [ 29.6183108, 60.2521287 ], [ 29.6185063, 60.2523097 ], [ 29.618796, 60.2525514 ], [ 29.6187983, 60.2525535 ], [ 29.6187846, 60.2525579 ], [ 29.6188449, 60.2526069 ], [ 29.6188545, 60.252603 ], [ 29.6190595, 60.2527625 ], [ 29.6193456, 60.2529825 ], [ 29.6199756, 60.2534724 ], [ 29.621686, 60.2528493 ], [ 29.6207553, 60.2523915 ], [ 29.6206339, 60.2523293 ], [ 29.6205166, 60.2522651 ], [ 29.6200781, 60.2520429 ], [ 29.6197447, 60.2518877 ], [ 29.6192719, 60.2516315 ], [ 29.6188548, 60.2518189 ], [ 29.6184888, 60.2520043 ], [ 29.6183108, 60.2521287 ] ] ] } },
{ "type": "Feature", "properties": { "element_type": "relation", "osmid": 19979836, "barrier": null, "height": null, "note": null, "description": null, "landuse": "residential", "name": null, "source": null, "industrial": null, "layer": null, "addr:city": null, "official_name": null, "residential": "rural", "website": null, "old_name": null, "addr:housenumber": null, "addr:street": null, "name:ru": null, "leisure": null, "building:levels": null, "water": null, "place": null, "natural": null, "wood": null, "leaf_cycle": null, "man_made": null, "genus": null, "opening_hours": null, "type": "multipolygon", "phone": null, "amenity": null, "religion": null, "email": null, "internet_access": null, "name:en": null, "operator": null, "addr:country": null, "tourism": null, "url": null, "addr:district": null, "addr:region": null, "check_date": null, "building": null, "construction": null, "area:highway": null, "brand": null, "contact:phone": null, "contact:website": null, "fuel:diesel": null, "fuel:discount": null, "fuel:octane_92": null, "fuel:octane_95": null, "ref": null, "shop": null, "surface": null, "toilets": null }, "geometry": { "type": "Polygon", "coordinates": [ [ [ 29.6200821, 60.2535653 ], [ 29.6210718, 60.2544064 ], [ 29.6220172, 60.2550504 ], [ 29.6223888, 60.255282 ], [ 29.6231585, 60.2558421 ], [ 29.6236038, 60.2561137 ], [ 29.6241223, 60.2564854 ], [ 29.625185, 60.2570619 ], [ 29.6255967, 60.2572615 ], [ 29.6258569, 60.257354 ], [ 29.6264328, 60.2579373 ], [ 29.6268532, 60.2583751 ], [ 29.6269539, 60.2583679 ], [ 29.6269878, 60.2581655 ], [ 29.6271873, 60.2576986 ], [ 29.6273966, 60.2571838 ], [ 29.6277284, 60.2568428 ], [ 29.6281422, 60.2561625 ], [ 29.628703, 60.255228 ], [ 29.6287817, 60.2549099 ], [ 29.6287458, 60.2544704 ], [ 29.6288613, 60.2542839 ], [ 29.6295021, 60.2534021 ], [ 29.6298164, 60.2528969 ], [ 29.6298745, 60.252429 ], [ 29.6298358, 60.2520942 ], [ 29.6295529, 60.2512267 ], [ 29.6294827, 60.2509454 ], [ 29.629311, 60.250079 ], [ 29.6293074, 60.2499974 ], [ 29.6293328, 60.2498714 ], [ 29.6294965, 60.2495943 ], [ 29.6290755, 60.2495394 ], [ 29.6283317, 60.2493194 ], [ 29.6282281, 60.2492844 ], [ 29.6271926, 60.2499706 ], [ 29.6249476, 60.2513055 ], [ 29.624835, 60.2513668 ], [ 29.6243334, 60.2516915 ], [ 29.6241, 60.2518432 ], [ 29.6238613, 60.2520056 ], [ 29.6236776, 60.2521046 ], [ 29.6236119, 60.25214 ], [ 29.6233276, 60.2522797 ], [ 29.6221956, 60.2527882 ], [ 29.62156, 60.2530303 ], [ 29.6200821, 60.2535653 ] ] ] } },
{ "type": "Feature", "properties": { "element_type": "relation", "osmid": 19979837, "barrier": null, "height": null, "note": null, "description": null, "landuse": "grass", "name": null, "source": null, "industrial": null, "layer": null, "addr:city": null, "official_name": null, "residential": null, "website": null, "old_name": null, "addr:housenumber": null, "addr:street": null, "name:ru": null, "leisure": null, "building:levels": null, "water": null, "place": null, "natural": null, "wood": null, "leaf_cycle": null, "man_made": null, "genus": null, "opening_hours": null, "type": "multipolygon", "phone": null, "amenity": null, "religion": null, "email": null, "internet_access": null, "name:en": null, "operator": null, "addr:country": null, "tourism": null, "url": null, "addr:district": null, "addr:region": null, "check_date": null, "building": null, "construction": null, "area:highway": null, "brand": null, "contact:phone": null, "contact:website": null, "fuel:diesel": null, "fuel:discount": null, "fuel:octane_92": null, "fuel:octane_95": null, "ref": null, "shop": null, "surface": null, "toilets": null }, "geometry": { "type": "Polygon", "coordinates": [ [ [ 29.620109, 60.2573613 ], [ 29.6200546, 60.2574028 ], [ 29.6202537, 60.2574451 ], [ 29.6203637, 60.2574102 ], [ 29.6204951, 60.257325 ], [ 29.6205164, 60.2573143 ], [ 29.6205397, 60.2572974 ], [ 29.6205045, 60.2572847 ], [ 29.6205602, 60.2572488 ], [ 29.620529, 60.2572409 ], [ 29.6203503, 60.2573586 ], [ 29.620109, 60.2573613 ] ] ] } },
{ "type": "Feature", "properties": { "element_type": "relation", "osmid": 19979956, "barrier": null, "height": null, "note": null, "description": null, "landuse": "residential", "name": "Клубный посёлок «Рощино Парк-2»", "source": null, "industrial": null, "layer": null, "addr:city": null, "official_name": null, "residential": "rural", "website": null, "old_name": null, "addr:housenumber": null, "addr:street": null, "name:ru": null, "leisure": null, "building:levels": null, "water": null, "place": null, "natural": null, "wood": null, "leaf_cycle": null, "man_made": null, "genus": null, "opening_hours": null, "type": "multipolygon", "phone": null, "amenity": null, "religion": null, "email": null, "internet_access": null, "name:en": null, "operator": null, "addr:country": null, "tourism": null, "url": null, "addr:district": null, "addr:region": null, "check_date": null, "building": null, "construction": null, "area:highway": null, "brand": null, "contact:phone": null, "contact:website": null, "fuel:diesel": null, "fuel:discount": null, "fuel:octane_92": null, "fuel:octane_95": null, "ref": null, "shop": null, "surface": null, "toilets": null }, "geometry": { "type": "Polygon", "coordinates": [ [ [ 29.6478912, 60.2554657 ], [ 29.6472767, 60.2554885 ], [ 29.6455571, 60.2555551 ], [ 29.6447396, 60.2555868 ], [ 29.6447497, 60.2557866 ], [ 29.6447759, 60.2560817 ], [ 29.6448012, 60.2563679 ], [ 29.6448112, 60.2564804 ], [ 29.6448513, 60.2566665 ], [ 29.644917, 60.2569718 ], [ 29.6450873, 60.2577622 ], [ 29.64582, 60.257769 ], [ 29.6459465, 60.2577699 ], [ 29.646668, 60.2577747 ], [ 29.6482609, 60.2577854 ], [ 29.6492055, 60.257829 ], [ 29.6493101, 60.2578245 ], [ 29.6498465, 60.257165 ], [ 29.6498626, 60.2565848 ], [ 29.6501255, 60.2562149 ], [ 29.6509945, 60.2558582 ], [ 29.651826, 60.2552967 ], [ 29.6515739, 60.2550044 ], [ 29.6514237, 60.2549187 ], [ 29.6501282, 60.254948 ], [ 29.6498073, 60.2550851 ], [ 29.6493036, 60.2548762 ], [ 29.6478912, 60.2554657 ] ] ] } },
{ "type": "Feature", "properties": { "element_type": "relation", "osmid": 19989680, "barrier": null, "height": null, "note": null, "description": null, "landuse": "residential", "name": "Клубный посёлок «Балаково»", "source": null, "industrial": null, "layer": null, "addr:city": null, "official_name": null, "residential": "gated", "website": null, "old_name": null, "addr:housenumber": null, "addr:street": null, "name:ru": null, "leisure": null, "building:levels": null, "water": null, "place": "allotments", "natural": null, "wood": null, "leaf_cycle": null, "man_made": null, "genus": null, "opening_hours": null, "type": "multipolygon", "phone": null, "amenity": null, "religion": null, "email": null, "internet_access": null, "name:en": null, "operator": null, "addr:country": null, "tourism": null, "url": null, "addr:district": null, "addr:region": null, "check_date": null, "building": null, "construction": null, "area:highway": null, "brand": null, "contact:phone": null, "contact:website": null, "fuel:diesel": null, "fuel:discount": null, "fuel:octane_92": null, "fuel:octane_95": null, "ref": null, "shop": null, "surface": null, "toilets": null }, "geometry": { "type": "Polygon", "coordinates": [ [ [ 29.649657, 60.2867779 ], [ 29.6499956, 60.2880688 ], [ 29.6501248, 60.2889375 ], [ 29.6526155, 60.2887587 ], [ 29.6573988, 60.2884153 ], [ 29.6573623, 60.288301 ], [ 29.6573342, 60.2882131 ], [ 29.6569288, 60.286944 ], [ 29.6567499, 60.2863907 ], [ 29.6538109, 60.286594 ], [ 29.6506538, 60.2867376 ], [ 29.6505619, 60.2867319 ], [ 29.64979, 60.2867718 ], [ 29.649657, 60.2867779 ] ] ] } },
{ "type": "Feature", "properties": { "element_type": "relation", "osmid": 19989681, "barrier": null, "height": null, "note": null, "description": null, "landuse": "residential", "name": null, "source": "Esri", "industrial": null, "layer": null, "addr:city": null, "official_name": null, "residential": "rural", "website": null, "old_name": null, "addr:housenumber": null, "addr:street": null, "name:ru": null, "leisure": null, "building:levels": null, "water": null, "place": null, "natural": null, "wood": null, "leaf_cycle": null, "man_made": null, "genus": null, "opening_hours": null, "type": "multipolygon", "phone": null, "amenity": null, "religion": null, "email": null, "internet_access": null, "name:en": null, "operator": null, "addr:country": null, "tourism": null, "url": null, "addr:district": null, "addr:region": null, "check_date": null, "building": null, "construction": null, "area:highway": null, "brand": null, "contact:phone": null, "contact:website": null, "fuel:diesel": null, "fuel:discount": null, "fuel:octane_92": null, "fuel:octane_95": null, "ref": null, "shop": null, "surface": null, "toilets": null }, "geometry": { "type": "Polygon", "coordinates": [ [ [ 29.6391875, 60.2624229 ], [ 29.6391437, 60.2624731 ], [ 29.6390733, 60.2626294 ], [ 29.6400674, 60.2627142 ], [ 29.6404856, 60.2627214 ], [ 29.6408354, 60.2627011 ], [ 29.6412361, 60.2626637 ], [ 29.6420283, 60.262504 ], [ 29.6426132, 60.2623753 ], [ 29.6428087, 60.2623435 ], [ 29.6429617, 60.2623204 ], [ 29.6432163, 60.2622848 ], [ 29.6438393, 60.2622921 ], [ 29.6454763, 60.2624905 ], [ 29.6453941, 60.2619005 ], [ 29.6453031, 60.2611468 ], [ 29.6445046, 60.2613392 ], [ 29.6442137, 60.2613801 ], [ 29.6438041, 60.2613094 ], [ 29.6424235, 60.2614235 ], [ 29.6423458, 60.2614341 ], [ 29.6423618, 60.2614727 ], [ 29.6423122, 60.2614774 ], [ 29.6422975, 60.2614561 ], [ 29.6422277, 60.2614262 ], [ 29.6419448, 60.2614681 ], [ 29.6415827, 60.2615828 ], [ 29.6412411, 60.2615975 ], [ 29.6409202, 60.261657 ], [ 29.6407633, 60.2617531 ], [ 29.6407143, 60.2617757 ], [ 29.6406969, 60.2617644 ], [ 29.6405809, 60.2617678 ], [ 29.6405654, 60.2617844 ], [ 29.6405125, 60.2617731 ], [ 29.6401777, 60.261785 ], [ 29.6400364, 60.26179 ], [ 29.639879, 60.2617837 ], [ 29.6394905, 60.2617568 ], [ 29.6394838, 60.2617922 ], [ 29.6391875, 60.2624229 ] ] ] } },
{ "type": "Feature", "properties": { "element_type": "relation", "osmid": 19989682, "barrier": null, "height": null, "note": null, "description": null, "landuse": "residential", "name": "КП «Ривер Парк»", "source": null, "industrial": null, "layer": null, "addr:city": null, "official_name": null, "residential": "rural", "website": null, "old_name": null, "addr:housenumber": null, "addr:street": null, "name:ru": null, "leisure": null, "building:levels": null, "water": null, "place": null, "natural": null, "wood": null, "leaf_cycle": null, "man_made": null, "genus": null, "opening_hours": null, "type": "multipolygon", "phone": null, "amenity": null, "religion": null, "email": null, "internet_access": null, "name:en": null, "operator": null, "addr:country": null, "tourism": null, "url": null, "addr:district": null, "addr:region": null, "check_date": null, "building": null, "construction": null, "area:highway": null, "brand": null, "contact:phone": null, "contact:website": null, "fuel:diesel": null, "fuel:discount": null, "fuel:octane_92": null, "fuel:octane_95": null, "ref": null, "shop": null, "surface": null, "toilets": null }, "geometry": { "type": "Polygon", "coordinates": [ [ [ 29.6445641, 60.2580133 ], [ 29.6445965, 60.2583609 ], [ 29.6446289, 60.2587083 ], [ 29.6446618, 60.2590611 ], [ 29.6446957, 60.2593977 ], [ 29.6447826, 60.2602602 ], [ 29.6454374, 60.260277 ], [ 29.6460673, 60.2602932 ], [ 29.6460646, 60.2603292 ], [ 29.6462428, 60.2603219 ], [ 29.6463329, 60.2603212 ], [ 29.6469122, 60.2603824 ], [ 29.6469592, 60.2604069 ], [ 29.6472378, 60.2605409 ], [ 29.6472555, 60.2606352 ], [ 29.6471965, 60.2606791 ], [ 29.6472975, 60.2608212 ], [ 29.6479794, 60.2610247 ], [ 29.6483955, 60.2610184 ], [ 29.6485484, 60.2610782 ], [ 29.6487254, 60.2610796 ], [ 29.6508182, 60.2609207 ], [ 29.6517402, 60.2608507 ], [ 29.6517377, 60.2593911 ], [ 29.6517376, 60.2593199 ], [ 29.6517375, 60.2592887 ], [ 29.6515099, 60.2585119 ], [ 29.6513888, 60.2583665 ], [ 29.651182, 60.2582049 ], [ 29.6509126, 60.258129 ], [ 29.6504753, 60.2580923 ], [ 29.6494783, 60.2580231 ], [ 29.6494442, 60.2581776 ], [ 29.6491609, 60.2581517 ], [ 29.6491492, 60.2579953 ], [ 29.6482721, 60.2579421 ], [ 29.647558, 60.2579452 ], [ 29.6474433, 60.2579458 ], [ 29.6468371, 60.2579487 ], [ 29.6461531, 60.2579509 ], [ 29.6460368, 60.2579533 ], [ 29.645901, 60.257956 ], [ 29.6452004, 60.2579845 ], [ 29.6445641, 60.2580133 ] ] ] } },
{ "type": "Feature", "properties": { "element_type": "relation", "osmid": 19993849, "barrier": null, "height": null, "note": null, "description": null, "landuse": "retail", "name": null, "source": null, "industrial": null, "layer": null, "addr:city": null, "official_name": null, "residential": null, "website": null, "old_name": null, "addr:housenumber": null, "addr:street": null, "name:ru": null, "leisure": null, "building:levels": null, "water": null, "place": null, "natural": null, "wood": null, "leaf_cycle": null, "man_made": null, "genus": null, "opening_hours": null, "type": "multipolygon", "phone": null, "amenity": null, "religion": null, "email": null, "internet_access": null, "name:en": null, "operator": null, "addr:country": null, "tourism": null, "url": null, "addr:district": null, "addr:region": null, "check_date": null, "building": null, "construction": null, "area:highway": null, "brand": null, "contact:phone": null, "contact:website": null, "fuel:diesel": null, "fuel:discount": null, "fuel:octane_92": null, "fuel:octane_95": null, "ref": null, "shop": null, "surface": null, "toilets": null }, "geometry": { "type": "Polygon", "coordinates": [ [ [ 29.6262619, 60.2594337 ], [ 29.6264094, 60.2595601 ], [ 29.627544, 60.259918 ], [ 29.6277961, 60.2597454 ], [ 29.6278793, 60.2596884 ], [ 29.6277234, 60.2595016 ], [ 29.6275292, 60.2593196 ], [ 29.62728, 60.2593334 ], [ 29.6262619, 60.2594337 ] ] ] } },
{ "type": "Feature", "properties": { "element_type": "relation", "osmid": 19993850, "barrier": null, "height": null, "note": null, "description": null, "landuse": "residential", "name": null, "source": null, "industrial": null, "layer": null, "addr:city": null, "official_name": null, "residential": "rural", "website": null, "old_name": null, "addr:housenumber": null, "addr:street": null, "name:ru": null, "leisure": null, "building:levels": null, "water": null, "place": null, "natural": null, "wood": null, "leaf_cycle": null, "man_made": null, "genus": null, "opening_hours": null, "type": "multipolygon", "phone": null, "amenity": null, "religion": null, "email": null, "internet_access": null, "name:en": null, "operator": null, "addr:country": null, "tourism": null, "url": null, "addr:district": null, "addr:region": null, "check_date": null, "building": null, "construction": null, "area:highway": null, "brand": null, "contact:phone": null, "contact:website": null, "fuel:diesel": null, "fuel:discount": null, "fuel:octane_92": null, "fuel:octane_95": null, "ref": null, "shop": null, "surface": null, "toilets": null }, "geometry": { "type": "Polygon", "coordinates": [ [ [ 29.6290272, 60.2543332 ], [ 29.6289468, 60.2546732 ], [ 29.6294033, 60.2546678 ], [ 29.6295798, 60.2550492 ], [ 29.6299479, 60.2550039 ], [ 29.6302235, 60.2549693 ], [ 29.6307278, 60.2549081 ], [ 29.6314412, 60.2547857 ], [ 29.6322942, 60.2547431 ], [ 29.631987, 60.2542201 ], [ 29.6319401, 60.2541189 ], [ 29.6316075, 60.2534615 ], [ 29.6315163, 60.2532712 ], [ 29.629789, 60.2532872 ], [ 29.6294215, 60.2536798 ], [ 29.6290541, 60.2542414 ], [ 29.6290272, 60.2543332 ] ] ] } },
{ "type": "Feature", "properties": { "element_type": "relation", "osmid": 19993852, "barrier": null, "height": null, "note": null, "description": null, "landuse": "residential", "name": null, "source": null, "industrial": null, "layer": null, "addr:city": null, "official_name": null, "residential": null, "website": null, "old_name": null, "addr:housenumber": null, "addr:street": null, "name:ru": null, "leisure": null, "building:levels": null, "water": null, "place": null, "natural": null, "wood": null, "leaf_cycle": null, "man_made": null, "genus": null, "opening_hours": null, "type": "multipolygon", "phone": null, "amenity": null, "religion": null, "email": null, "internet_access": null, "name:en": null, "operator": null, "addr:country": null, "tourism": null, "url": null, "addr:district": null, "addr:region": null, "check_date": null, "building": null, "construction": null, "area:highway": null, "brand": null, "contact:phone": null, "contact:website": null, "fuel:diesel": null, "fuel:discount": null, "fuel:octane_92": null, "fuel:octane_95": null, "ref": null, "shop": null, "surface": null, "toilets": null }, "geometry": { "type": "Polygon", "coordinates": [ [ [ 29.6338123, 60.2515744 ], [ 29.634102, 60.2518818 ], [ 29.6350381, 60.2527336 ], [ 29.6354893, 60.25265 ], [ 29.6347372, 60.251761 ], [ 29.6344579, 60.2514308 ], [ 29.6338123, 60.2515744 ] ] ] } },
{ "type": "Feature", "properties": { "element_type": "relation", "osmid": 19993853, "barrier": null, "height": null, "note": null, "description": null, "landuse": "residential", "name": null, "source": null, "industrial": null, "layer": null, "addr:city": null, "official_name": null, "residential": "rural", "website": null, "old_name": null, "addr:housenumber": null, "addr:street": null, "name:ru": null, "leisure": null, "building:levels": null, "water": null, "place": null, "natural": null, "wood": null, "leaf_cycle": null, "man_made": null, "genus": null, "opening_hours": null, "type": "multipolygon", "phone": null, "amenity": null, "religion": null, "email": null, "internet_access": null, "name:en": null, "operator": null, "addr:country": null, "tourism": null, "url": null, "addr:district": null, "addr:region": null, "check_date": null, "building": null, "construction": null, "area:highway": null, "brand": null, "contact:phone": null, "contact:website": null, "fuel:diesel": null, "fuel:discount": null, "fuel:octane_92": null, "fuel:octane_95": null, "ref": null, "shop": null, "surface": null, "toilets": null }, "geometry": { "type": "Polygon", "coordinates": [ [ [ 29.6288701, 60.2554399 ], [ 29.6285291, 60.2558843 ], [ 29.6282454, 60.2562541 ], [ 29.6277371, 60.2571185 ], [ 29.6298668, 60.2572555 ], [ 29.6302694, 60.2572737 ], [ 29.6306875, 60.2572927 ], [ 29.63065, 60.2568842 ], [ 29.6306714, 60.256815 ], [ 29.6306607, 60.2561191 ], [ 29.6308163, 60.255668 ], [ 29.6309155, 60.2553832 ], [ 29.6308691, 60.2553784 ], [ 29.6309933, 60.25498 ], [ 29.6303222, 60.255082 ], [ 29.6300277, 60.255117 ], [ 29.6297917, 60.255145 ], [ 29.629738, 60.255149 ], [ 29.6289418, 60.2552119 ], [ 29.6288701, 60.2554399 ] ] ] } },
{ "type": "Feature", "properties": { "element_type": "relation", "osmid": 19993854, "barrier": null, "height": null, "note": null, "description": null, "landuse": "residential", "name": null, "source": null, "industrial": null, "layer": null, "addr:city": null, "official_name": null, "residential": "rural", "website": null, "old_name": null, "addr:housenumber": null, "addr:street": null, "name:ru": null, "leisure": null, "building:levels": null, "water": null, "place": null, "natural": null, "wood": null, "leaf_cycle": null, "man_made": null, "genus": null, "opening_hours": null, "type": "multipolygon", "phone": null, "amenity": null, "religion": null, "email": null, "internet_access": null, "name:en": null, "operator": null, "addr:country": null, "tourism": null, "url": null, "addr:district": null, "addr:region": null, "check_date": null, "building": null, "construction": null, "area:highway": null, "brand": null, "contact:phone": null, "contact:website": null, "fuel:diesel": null, "fuel:discount": null, "fuel:octane_92": null, "fuel:octane_95": null, "ref": null, "shop": null, "surface": null, "toilets": null }, "geometry": { "type": "Polygon", "coordinates": [ [ [ 29.6322959, 60.2541241 ], [ 29.6320554, 60.2541589 ], [ 29.6322499, 60.2545348 ], [ 29.6323961, 60.2545109 ], [ 29.6324792, 60.254598 ], [ 29.632883, 60.2553469 ], [ 29.6334904, 60.2552754 ], [ 29.6340135, 60.2551649 ], [ 29.6346572, 60.2550838 ], [ 29.6344963, 60.254807 ], [ 29.633764, 60.2538914 ], [ 29.6332464, 60.2532592 ], [ 29.631924, 60.2532978 ], [ 29.6321011, 60.2536904 ], [ 29.6322959, 60.2541241 ] ] ] } },
{ "type": "Feature", "properties": { "element_type": "relation", "osmid": 19993855, "barrier": null, "height": null, "note": null, "description": null, "landuse": "residential", "name": null, "source": "Esri", "industrial": null, "layer": null, "addr:city": null, "official_name": null, "residential": "rural", "website": null, "old_name": null, "addr:housenumber": null, "addr:street": null, "name:ru": null, "leisure": null, "building:levels": null, "water": null, "place": null, "natural": null, "wood": null, "leaf_cycle": null, "man_made": null, "genus": null, "opening_hours": null, "type": "multipolygon", "phone": null, "amenity": null, "religion": null, "email": null, "internet_access": null, "name:en": null, "operator": null, "addr:country": null, "tourism": null, "url": null, "addr:district": null, "addr:region": null, "check_date": null, "building": null, "construction": null, "area:highway": null, "brand": null, "contact:phone": null, "contact:website": null, "fuel:diesel": null, "fuel:discount": null, "fuel:octane_92": null, "fuel:octane_95": null, "ref": null, "shop": null, "surface": null, "toilets": null }, "geometry": { "type": "Polygon", "coordinates": [ [ [ 29.6307734, 60.2573087 ], [ 29.6308807, 60.2574424 ], [ 29.6309021, 60.2575036 ], [ 29.6309718, 60.2579966 ], [ 29.631055, 60.2583712 ], [ 29.6311972, 60.2583692 ], [ 29.6316853, 60.2583586 ], [ 29.6318932, 60.2583559 ], [ 29.6325383, 60.2583433 ], [ 29.6333107, 60.25832 ], [ 29.6339518, 60.258306 ], [ 29.6338458, 60.2579494 ], [ 29.6336541, 60.2575083 ], [ 29.6335964, 60.2573872 ], [ 29.633245, 60.2569261 ], [ 29.6330962, 60.2566274 ], [ 29.6328712, 60.256112 ], [ 29.6327957, 60.2559361 ], [ 29.6326643, 60.255626 ], [ 29.6325262, 60.2551836 ], [ 29.6323666, 60.2548376 ], [ 29.6321185, 60.2548562 ], [ 29.6317859, 60.2548562 ], [ 29.6314412, 60.2548868 ], [ 29.6311837, 60.2549141 ], [ 29.6311086, 60.2552634 ], [ 29.6309531, 60.255658 ], [ 29.630878, 60.2560885 ], [ 29.6308699, 60.2564438 ], [ 29.6307948, 60.2568962 ], [ 29.6307734, 60.2573087 ] ] ] } },
{ "type": "Feature", "properties": { "element_type": "relation", "osmid": 19993856, "barrier": null, "height": null, "note": null, "description": null, "landuse": "residential", "name": null, "source": null, "industrial": null, "layer": null, "addr:city": null, "official_name": null, "residential": "rural", "website": null, "old_name": null, "addr:housenumber": null, "addr:street": null, "name:ru": null, "leisure": null, "building:levels": null, "water": null, "place": null, "natural": null, "wood": null, "leaf_cycle": null, "man_made": null, "genus": null, "opening_hours": null, "type": "multipolygon", "phone": null, "amenity": null, "religion": null, "email": null, "internet_access": null, "name:en": null, "operator": null, "addr:country": null, "tourism": null, "url": null, "addr:district": null, "addr:region": null, "check_date": null, "building": null, "construction": null, "area:highway": null, "brand": null, "contact:phone": null, "contact:website": null, "fuel:diesel": null, "fuel:discount": null, "fuel:octane_92": null, "fuel:octane_95": null, "ref": null, "shop": null, "surface": null, "toilets": null }, "geometry": { "type": "Polygon", "coordinates": [ [ [ 29.6357855, 60.2508082 ], [ 29.6358588, 60.2508876 ], [ 29.6361592, 60.251231 ], [ 29.6358481, 60.2512989 ], [ 29.6360707, 60.251591 ], [ 29.6366072, 60.2515052 ], [ 29.6371382, 60.251392 ], [ 29.6377202, 60.2512869 ], [ 29.6366555, 60.2505842 ], [ 29.6357855, 60.2508082 ] ] ] } },
{ "type": "Feature", "properties": { "element_type": "relation", "osmid": 19993857, "barrier": null, "height": null, "note": null, "description": null, "landuse": "residential", "name": null, "source": null, "industrial": null, "layer": null, "addr:city": null, "official_name": null, "residential": null, "website": null, "old_name": null, "addr:housenumber": null, "addr:street": null, "name:ru": null, "leisure": null, "building:levels": null, "water": null, "place": null, "natural": null, "wood": null, "leaf_cycle": null, "man_made": null, "genus": null, "opening_hours": null, "type": "multipolygon", "phone": null, "amenity": null, "religion": null, "email": null, "internet_access": null, "name:en": null, "operator": null, "addr:country": null, "tourism": null, "url": null, "addr:district": null, "addr:region": null, "check_date": null, "building": null, "construction": null, "area:highway": null, "brand": null, "contact:phone": null, "contact:website": null, "fuel:diesel": null, "fuel:discount": null, "fuel:octane_92": null, "fuel:octane_95": null, "ref": null, "shop": null, "surface": null, "toilets": null }, "geometry": { "type": "Polygon", "coordinates": [ [ [ 29.6311368, 60.2513409 ], [ 29.6305266, 60.2514919 ], [ 29.630768, 60.2517274 ], [ 29.6315297, 60.2515305 ], [ 29.6314502, 60.2514829 ], [ 29.6311368, 60.2513409 ] ] ] } },
{ "type": "Feature", "properties": { "element_type": "relation", "osmid": 19993859, "barrier": null, "height": null, "note": null, "description": null, "landuse": "residential", "name": null, "source": null, "industrial": null, "layer": null, "addr:city": null, "official_name": null, "residential": null, "website": null, "old_name": null, "addr:housenumber": null, "addr:street": null, "name:ru": null, "leisure": null, "building:levels": null, "water": null, "place": null, "natural": null, "wood": null, "leaf_cycle": null, "man_made": null, "genus": null, "opening_hours": null, "type": "multipolygon", "phone": null, "amenity": null, "religion": null, "email": null, "internet_access": null, "name:en": null, "operator": null, "addr:country": null, "tourism": null, "url": null, "addr:district": null, "addr:region": null, "check_date": null, "building": null, "construction": null, "area:highway": null, "brand": null, "contact:phone": null, "contact:website": null, "fuel:diesel": null, "fuel:discount": null, "fuel:octane_92": null, "fuel:octane_95": null, "ref": null, "shop": null, "surface": null, "toilets": null }, "geometry": { "type": "Polygon", "coordinates": [ [ [ 29.6381736, 60.251392 ], [ 29.6386591, 60.2516582 ], [ 29.6392089, 60.2519643 ], [ 29.639536, 60.2518006 ], [ 29.6397829, 60.2516769 ], [ 29.6398364, 60.2516502 ], [ 29.6403114, 60.2514061 ], [ 29.6398526, 60.251217 ], [ 29.6394946, 60.2512357 ], [ 29.6393591, 60.2511711 ], [ 29.6395026, 60.2509855 ], [ 29.639225, 60.2508916 ], [ 29.638464, 60.2512538 ], [ 29.6381736, 60.251392 ] ] ] } },
{ "type": "Feature", "properties": { "element_type": "relation", "osmid": 19993860, "barrier": null, "height": null, "note": null, "description": null, "landuse": "residential", "name": null, "source": null, "industrial": null, "layer": null, "addr:city": null, "official_name": null, "residential": null, "website": null, "old_name": null, "addr:housenumber": null, "addr:street": null, "name:ru": null, "leisure": null, "building:levels": null, "water": null, "place": null, "natural": null, "wood": null, "leaf_cycle": null, "man_made": null, "genus": null, "opening_hours": null, "type": "multipolygon", "phone": null, "amenity": null, "religion": null, "email": null, "internet_access": null, "name:en": null, "operator": null, "addr:country": null, "tourism": null, "url": null, "addr:district": null, "addr:region": null, "check_date": null, "building": null, "construction": null, "area:highway": null, "brand": null, "contact:phone": null, "contact:website": null, "fuel:diesel": null, "fuel:discount": null, "fuel:octane_92": null, "fuel:octane_95": null, "ref": null, "shop": null, "surface": null, "toilets": null }, "geometry": { "type": "Polygon", "coordinates": [ [ [ 29.6368191, 60.2523836 ], [ 29.637336, 60.2523016 ], [ 29.6378611, 60.2522184 ], [ 29.6382594, 60.2521553 ], [ 29.6383648, 60.2521385 ], [ 29.6389514, 60.2520455 ], [ 29.6385115, 60.2517434 ], [ 29.6379403, 60.2514067 ], [ 29.6372627, 60.2514846 ], [ 29.6368217, 60.2515383 ], [ 29.6366689, 60.2515637 ], [ 29.6363711, 60.2516103 ], [ 29.6366047, 60.2520135 ], [ 29.6368191, 60.2523836 ] ] ] } },
{ "type": "Feature", "properties": { "element_type": "relation", "osmid": 19993861, "barrier": null, "height": null, "note": null, "description": null, "landuse": "residential", "name": null, "source": null, "industrial": null, "layer": null, "addr:city": null, "official_name": null, "residential": null, "website": null, "old_name": null, "addr:housenumber": null, "addr:street": null, "name:ru": null, "leisure": null, "building:levels": null, "water": null, "place": null, "natural": null, "wood": null, "leaf_cycle": null, "man_made": null, "genus": null, "opening_hours": null, "type": "multipolygon", "phone": null, "amenity": null, "religion": null, "email": null, "internet_access": null, "name:en": null, "operator": null, "addr:country": null, "tourism": null, "url": null, "addr:district": null, "addr:region": null, "check_date": null, "building": null, "construction": null, "area:highway": null, "brand": null, "contact:phone": null, "contact:website": null, "fuel:diesel": null, "fuel:discount": null, "fuel:octane_92": null, "fuel:octane_95": null, "ref": null, "shop": null, "surface": null, "toilets": null }, "geometry": { "type": "Polygon", "coordinates": [ [ [ 29.6393001, 60.2520801 ], [ 29.6394235, 60.2524075 ], [ 29.6395093, 60.2527256 ], [ 29.6396513, 60.253147 ], [ 29.6407217, 60.2531302 ], [ 29.6407271, 60.2531689 ], [ 29.6408317, 60.2531674 ], [ 29.6408155, 60.2531048 ], [ 29.6407999, 60.2530606 ], [ 29.6407431, 60.2527069 ], [ 29.6406895, 60.2524342 ], [ 29.640668, 60.2523929 ], [ 29.6408654, 60.2522883 ], [ 29.641529, 60.251935 ], [ 29.6409939, 60.2517334 ], [ 29.6403998, 60.2515345 ], [ 29.6402512, 60.2516058 ], [ 29.639878, 60.2517919 ], [ 29.6396976, 60.2518781 ], [ 29.6396703, 60.2518911 ], [ 29.6393001, 60.2520801 ] ] ] } },
{ "type": "Feature", "properties": { "element_type": "relation", "osmid": 19993862, "barrier": null, "height": null, "note": null, "description": null, "landuse": "residential", "name": null, "source": null, "industrial": null, "layer": null, "addr:city": null, "official_name": null, "residential": "rural", "website": null, "old_name": null, "addr:housenumber": null, "addr:street": null, "name:ru": null, "leisure": null, "building:levels": null, "water": null, "place": "plot", "natural": null, "wood": null, "leaf_cycle": null, "man_made": null, "genus": null, "opening_hours": null, "type": "multipolygon", "phone": null, "amenity": null, "religion": null, "email": null, "internet_access": null, "name:en": null, "operator": null, "addr:country": null, "tourism": null, "url": null, "addr:district": null, "addr:region": null, "check_date": null, "building": null, "construction": null, "area:highway": null, "brand": null, "contact:phone": null, "contact:website": null, "fuel:diesel": null, "fuel:discount": null, "fuel:octane_92": null, "fuel:octane_95": null, "ref": null, "shop": null, "surface": null, "toilets": null }, "geometry": { "type": "Polygon", "coordinates": [ [ [ 29.6412903, 60.2521972 ], [ 29.6421191, 60.2526178 ], [ 29.6425054, 60.2524315 ], [ 29.6416655, 60.2520044 ], [ 29.6412903, 60.2521972 ] ] ] } },
{ "type": "Feature", "properties": { "element_type": "relation", "osmid": 19993864, "barrier": null, "height": null, "note": null, "description": null, "landuse": "residential", "name": null, "source": "Esri", "industrial": null, "layer": null, "addr:city": null, "official_name": null, "residential": "rural", "website": null, "old_name": null, "addr:housenumber": null, "addr:street": null, "name:ru": null, "leisure": null, "building:levels": null, "water": null, "place": null, "natural": null, "wood": null, "leaf_cycle": null, "man_made": null, "genus": null, "opening_hours": null, "type": "multipolygon", "phone": null, "amenity": null, "religion": null, "email": null, "internet_access": null, "name:en": null, "operator": null, "addr:country": null, "tourism": null, "url": null, "addr:district": null, "addr:region": null, "check_date": null, "building": null, "construction": null, "area:highway": null, "brand": null, "contact:phone": null, "contact:website": null, "fuel:diesel": null, "fuel:discount": null, "fuel:octane_92": null, "fuel:octane_95": null, "ref": null, "shop": null, "surface": null, "toilets": null }, "geometry": { "type": "Polygon", "coordinates": [ [ [ 29.6336836, 60.256674 ], [ 29.6337965, 60.2570021 ], [ 29.6339356, 60.2573224 ], [ 29.6344866, 60.2573029 ], [ 29.6347645, 60.2572927 ], [ 29.6350909, 60.2572815 ], [ 29.6351641, 60.2572794 ], [ 29.6356637, 60.2572612 ], [ 29.6356121, 60.2569122 ], [ 29.6350676, 60.2569401 ], [ 29.6349576, 60.2569468 ], [ 29.6349308, 60.2566141 ], [ 29.6342951, 60.2566513 ], [ 29.6336836, 60.256674 ] ] ] } },
{ "type": "Feature", "properties": { "element_type": "relation", "osmid": 19993865, "barrier": null, "height": null, "note": null, "description": null, "landuse": "residential", "name": null, "source": null, "industrial": null, "layer": null, "addr:city": null, "official_name": null, "residential": null, "website": null, "old_name": null, "addr:housenumber": null, "addr:street": null, "name:ru": null, "leisure": null, "building:levels": null, "water": null, "place": null, "natural": null, "wood": null, "leaf_cycle": null, "man_made": null, "genus": null, "opening_hours": null, "type": "multipolygon", "phone": null, "amenity": null, "religion": null, "email": null, "internet_access": null, "name:en": null, "operator": null, "addr:country": null, "tourism": null, "url": null, "addr:district": null, "addr:region": null, "check_date": null, "building": null, "construction": null, "area:highway": null, "brand": null, "contact:phone": null, "contact:website": null, "fuel:diesel": null, "fuel:discount": null, "fuel:octane_92": null, "fuel:octane_95": null, "ref": null, "shop": null, "surface": null, "toilets": null }, "geometry": { "type": "Polygon", "coordinates": [ [ [ 29.6339974, 60.2574338 ], [ 29.6340001, 60.2575708 ], [ 29.6341664, 60.2578809 ], [ 29.6343005, 60.2581856 ], [ 29.6345848, 60.2582907 ], [ 29.6353546, 60.2582521 ], [ 29.6357194, 60.2582255 ], [ 29.6360614, 60.258217 ], [ 29.6361807, 60.2582135 ], [ 29.6365481, 60.258205 ], [ 29.637495, 60.2581816 ], [ 29.6375352, 60.25818 ], [ 29.6380207, 60.2581603 ], [ 29.6379214, 60.2577425 ], [ 29.6374655, 60.2577638 ], [ 29.6374091, 60.257306 ], [ 29.6365429, 60.2573385 ], [ 29.6355036, 60.2573774 ], [ 29.6351883, 60.2573899 ], [ 29.6348637, 60.2574013 ], [ 29.6339974, 60.2574338 ] ] ] } },
{ "type": "Feature", "properties": { "element_type": "relation", "osmid": 19993866, "barrier": null, "height": null, "note": null, "description": null, "landuse": "residential", "name": null, "source": null, "industrial": null, "layer": null, "addr:city": null, "official_name": null, "residential": "rural", "website": null, "old_name": null, "addr:housenumber": null, "addr:street": null, "name:ru": null, "leisure": null, "building:levels": null, "water": null, "place": null, "natural": null, "wood": null, "leaf_cycle": null, "man_made": null, "genus": null, "opening_hours": null, "type": "multipolygon", "phone": null, "amenity": null, "religion": null, "email": null, "internet_access": null, "name:en": null, "operator": null, "addr:country": null, "tourism": null, "url": null, "addr:district": null, "addr:region": null, "check_date": null, "building": null, "construction": null, "area:highway": null, "brand": null, "contact:phone": null, "contact:website": null, "fuel:diesel": null, "fuel:discount": null, "fuel:octane_92": null, "fuel:octane_95": null, "ref": null, "shop": null, "surface": null, "toilets": null }, "geometry": { "type": "Polygon", "coordinates": [ [ [ 29.6378504, 60.2565009 ], [ 29.6379054, 60.256803 ], [ 29.6379939, 60.2571903 ], [ 29.6380025, 60.2572381 ], [ 29.6380606, 60.2575621 ], [ 29.6381682, 60.2581616 ], [ 29.6389277, 60.2581254 ], [ 29.6387822, 60.2575229 ], [ 29.6386881, 60.2571331 ], [ 29.6386235, 60.2568656 ], [ 29.6386, 60.2567684 ], [ 29.6385732, 60.2565555 ], [ 29.6385598, 60.256479 ], [ 29.6385518, 60.2564278 ], [ 29.6384056, 60.2563293 ], [ 29.638388, 60.2562321 ], [ 29.6383707, 60.256137 ], [ 29.6378557, 60.2561457 ], [ 29.6378521, 60.2563865 ], [ 29.6378504, 60.2565009 ] ] ] } },
{ "type": "Feature", "properties": { "element_type": "relation", "osmid": 19993869, "barrier": null, "height": null, "note": null, "description": null, "landuse": "commercial", "name": "Рощино Вилладж", "source": null, "industrial": null, "layer": null, "addr:city": null, "official_name": null, "residential": null, "website": "https://roshino-village.ru/", "old_name": null, "addr:housenumber": null, "addr:street": null, "name:ru": null, "leisure": "resort", "building:levels": null, "water": null, "place": null, "natural": null, "wood": null, "leaf_cycle": null, "man_made": null, "genus": null, "opening_hours": null, "type": "multipolygon", "phone": null, "amenity": null, "religion": null, "email": null, "internet_access": null, "name:en": null, "operator": null, "addr:country": null, "tourism": null, "url": null, "addr:district": null, "addr:region": null, "check_date": null, "building": null, "construction": null, "area:highway": null, "brand": null, "contact:phone": null, "contact:website": null, "fuel:diesel": null, "fuel:discount": null, "fuel:octane_92": null, "fuel:octane_95": null, "ref": null, "shop": null, "surface": null, "toilets": null }, "geometry": { "type": "Polygon", "coordinates": [ [ [ 29.6349308, 60.2566141 ], [ 29.6349576, 60.2569468 ], [ 29.6350676, 60.2569401 ], [ 29.6356121, 60.2569122 ], [ 29.6356637, 60.2572612 ], [ 29.636465, 60.2572328 ], [ 29.6377739, 60.2571903 ], [ 29.6376452, 60.2567006 ], [ 29.63676, 60.2567472 ], [ 29.6367252, 60.2564797 ], [ 29.6364114, 60.256501 ], [ 29.6358374, 60.2565409 ], [ 29.6349308, 60.2566141 ] ] ] } },
{ "type": "Feature", "properties": { "element_type": "relation", "osmid": 19994103, "barrier": null, "height": null, "note": null, "description": null, "landuse": "garages", "name": null, "source": null, "industrial": null, "layer": null, "addr:city": null, "official_name": null, "residential": null, "website": null, "old_name": null, "addr:housenumber": null, "addr:street": null, "name:ru": null, "leisure": null, "building:levels": null, "water": null, "place": null, "natural": null, "wood": null, "leaf_cycle": null, "man_made": null, "genus": null, "opening_hours": null, "type": "multipolygon", "phone": null, "amenity": null, "religion": null, "email": null, "internet_access": null, "name:en": null, "operator": null, "addr:country": null, "tourism": null, "url": null, "addr:district": null, "addr:region": null, "check_date": null, "building": null, "construction": null, "area:highway": null, "brand": null, "contact:phone": null, "contact:website": null, "fuel:diesel": null, "fuel:discount": null, "fuel:octane_92": null, "fuel:octane_95": null, "ref": null, "shop": null, "surface": null, "toilets": null }, "geometry": { "type": "Polygon", "coordinates": [ [ [ 29.6085792, 60.2554623 ], [ 29.6086871, 60.2556087 ], [ 29.6094168, 60.2554972 ], [ 29.6093182, 60.2553567 ], [ 29.6085792, 60.2554623 ] ] ] } },
{ "type": "Feature", "properties": { "element_type": "relation", "osmid": 19994104, "barrier": null, "height": null, "note": null, "description": null, "landuse": "residential", "name": null, "source": null, "industrial": null, "layer": null, "addr:city": null, "official_name": null, "residential": "urban", "website": null, "old_name": null, "addr:housenumber": null, "addr:street": null, "name:ru": null, "leisure": null, "building:levels": null, "water": null, "place": null, "natural": null, "wood": null, "leaf_cycle": null, "man_made": null, "genus": null, "opening_hours": null, "type": "multipolygon", "phone": null, "amenity": null, "religion": null, "email": null, "internet_access": null, "name:en": null, "operator": null, "addr:country": null, "tourism": null, "url": null, "addr:district": null, "addr:region": null, "check_date": null, "building": null, "construction": null, "area:highway": null, "brand": null, "contact:phone": null, "contact:website": null, "fuel:diesel": null, "fuel:discount": null, "fuel:octane_92": null, "fuel:octane_95": null, "ref": null, "shop": null, "surface": null, "toilets": null }, "geometry": { "type": "Polygon", "coordinates": [ [ [ 29.6111195, 60.255612 ], [ 29.611287, 60.2559951 ], [ 29.6126014, 60.2558436 ], [ 29.6128857, 60.2558263 ], [ 29.6133551, 60.255821 ], [ 29.6138737, 60.2558502 ], [ 29.6143209, 60.2558955 ], [ 29.6144897, 60.255833 ], [ 29.6145674, 60.2557402 ], [ 29.6143691, 60.2554024 ], [ 29.6140766, 60.2554218 ], [ 29.6140124, 60.2553552 ], [ 29.6134463, 60.2554423 ], [ 29.6133591, 60.255282 ], [ 29.6129769, 60.2553672 ], [ 29.6129501, 60.2553393 ], [ 29.6123841, 60.255451 ], [ 29.6120146, 60.2551977 ], [ 29.6116233, 60.2552249 ], [ 29.611679, 60.2552731 ], [ 29.6115559, 60.2552811 ], [ 29.6115818, 60.2553064 ], [ 29.6114483, 60.2553249 ], [ 29.6111423, 60.2553672 ], [ 29.611263, 60.2555921 ], [ 29.6111195, 60.255612 ] ] ] } },
{ "type": "Feature", "properties": { "element_type": "relation", "osmid": 19994106, "barrier": null, "height": null, "note": null, "description": null, "landuse": "residential", "name": null, "source": null, "industrial": null, "layer": null, "addr:city": null, "official_name": null, "residential": null, "website": null, "old_name": null, "addr:housenumber": null, "addr:street": null, "name:ru": null, "leisure": null, "building:levels": null, "water": null, "place": null, "natural": null, "wood": null, "leaf_cycle": null, "man_made": null, "genus": null, "opening_hours": null, "type": "multipolygon", "phone": null, "amenity": null, "religion": null, "email": null, "internet_access": null, "name:en": null, "operator": null, "addr:country": null, "tourism": null, "url": null, "addr:district": null, "addr:region": null, "check_date": null, "building": null, "construction": null, "area:highway": null, "brand": null, "contact:phone": null, "contact:website": null, "fuel:diesel": null, "fuel:discount": null, "fuel:octane_92": null, "fuel:octane_95": null, "ref": null, "shop": null, "surface": null, "toilets": null }, "geometry": { "type": "Polygon", "coordinates": [ [ [ 29.6272516, 60.2579181 ], [ 29.6279356, 60.2579248 ], [ 29.6279892, 60.2584836 ], [ 29.6283057, 60.258469 ], [ 29.6285793, 60.258461 ], [ 29.629738, 60.2584278 ], [ 29.6302959, 60.2584131 ], [ 29.6308713, 60.2583978 ], [ 29.6308324, 60.2580778 ], [ 29.6307278, 60.2578476 ], [ 29.6306902, 60.2573779 ], [ 29.629966, 60.2573366 ], [ 29.6277103, 60.2571756 ], [ 29.6272516, 60.2579181 ] ] ] } },
{ "type": "Feature", "properties": { "element_type": "relation", "osmid": 19994107, "barrier": null, "height": null, "note": null, "description": null, "landuse": "residential", "name": null, "source": "Esri", "industrial": null, "layer": null, "addr:city": null, "official_name": null, "residential": null, "website": null, "old_name": null, "addr:housenumber": null, "addr:street": null, "name:ru": null, "leisure": null, "building:levels": null, "water": null, "place": null, "natural": null, "wood": null, "leaf_cycle": null, "man_made": null, "genus": null, "opening_hours": null, "type": "multipolygon", "phone": null, "amenity": null, "religion": null, "email": null, "internet_access": null, "name:en": null, "operator": null, "addr:country": null, "tourism": null, "url": null, "addr:district": null, "addr:region": null, "check_date": null, "building": null, "construction": null, "area:highway": null, "brand": null, "contact:phone": null, "contact:website": null, "fuel:diesel": null, "fuel:discount": null, "fuel:octane_92": null, "fuel:octane_95": null, "ref": null, "shop": null, "surface": null, "toilets": null }, "geometry": { "type": "Polygon", "coordinates": [ [ [ 29.633241, 60.2559288 ], [ 29.6333873, 60.2562225 ], [ 29.6335092, 60.2564464 ], [ 29.6335843, 60.2565795 ], [ 29.6346545, 60.2565529 ], [ 29.6346545, 60.2565183 ], [ 29.6352446, 60.2564823 ], [ 29.6355114, 60.2564606 ], [ 29.635883, 60.2564304 ], [ 29.6365249, 60.2563943 ], [ 29.6367332, 60.2563825 ], [ 29.6370685, 60.2560405 ], [ 29.6364861, 60.2558472 ], [ 29.6364382, 60.2558277 ], [ 29.6360867, 60.255822 ], [ 29.6358535, 60.2558183 ], [ 29.6351898, 60.2558419 ], [ 29.6345821, 60.2558636 ], [ 29.6339303, 60.2558835 ], [ 29.6336577, 60.2558945 ], [ 29.6332732, 60.2559101 ], [ 29.633241, 60.2559288 ] ] ] } },
{ "type": "Feature", "properties": { "element_type": "relation", "osmid": 19994108, "barrier": null, "height": null, "note": null, "description": null, "landuse": "residential", "name": null, "source": "Esri", "industrial": null, "layer": null, "addr:city": null, "official_name": null, "residential": null, "website": null, "old_name": null, "addr:housenumber": null, "addr:street": null, "name:ru": null, "leisure": null, "building:levels": null, "water": null, "place": null, "natural": null, "wood": null, "leaf_cycle": null, "man_made": null, "genus": null, "opening_hours": null, "type": "multipolygon", "phone": null, "amenity": null, "religion": null, "email": null, "internet_access": null, "name:en": null, "operator": null, "addr:country": null, "tourism": null, "url": null, "addr:district": null, "addr:region": null, "check_date": null, "building": null, "construction": null, "area:highway": null, "brand": null, "contact:phone": null, "contact:website": null, "fuel:diesel": null, "fuel:discount": null, "fuel:octane_92": null, "fuel:octane_95": null, "ref": null, "shop": null, "surface": null, "toilets": null }, "geometry": { "type": "Polygon", "coordinates": [ [ [ 29.6367252, 60.2564797 ], [ 29.63676, 60.2567472 ], [ 29.6376452, 60.2567006 ], [ 29.6376076, 60.2564517 ], [ 29.6367252, 60.2564797 ] ] ] } },
{ "type": "Feature", "properties": { "element_type": "relation", "osmid": 19994222, "barrier": null, "height": null, "note": null, "description": null, "landuse": "residential", "name": null, "source": null, "industrial": null, "layer": null, "addr:city": null, "official_name": null, "residential": "rural", "website": null, "old_name": null, "addr:housenumber": null, "addr:street": null, "name:ru": null, "leisure": null, "building:levels": null, "water": null, "place": null, "natural": null, "wood": null, "leaf_cycle": null, "man_made": null, "genus": null, "opening_hours": null, "type": "multipolygon", "phone": null, "amenity": null, "religion": null, "email": null, "internet_access": null, "name:en": null, "operator": null, "addr:country": null, "tourism": null, "url": null, "addr:district": null, "addr:region": null, "check_date": null, "building": null, "construction": null, "area:highway": null, "brand": null, "contact:phone": null, "contact:website": null, "fuel:diesel": null, "fuel:discount": null, "fuel:octane_92": null, "fuel:octane_95": null, "ref": null, "shop": null, "surface": null, "toilets": null }, "geometry": { "type": "Polygon", "coordinates": [ [ [ 29.6218269, 60.2501004 ], [ 29.6223566, 60.2502834 ], [ 29.6227321, 60.2504152 ], [ 29.6233027, 60.2506459 ], [ 29.6242024, 60.2510097 ], [ 29.6243548, 60.2510713 ], [ 29.6247679, 60.2512363 ], [ 29.6255189, 60.2507585 ], [ 29.6258783, 60.2505469 ], [ 29.6250553, 60.2502145 ], [ 29.6225575, 60.2492057 ], [ 29.6224236, 60.2496024 ], [ 29.6222147, 60.2498269 ], [ 29.6218269, 60.2501004 ] ] ] } },
{ "type": "Feature", "properties": { "element_type": "relation", "osmid": 19994223, "barrier": null, "height": null, "note": null, "description": null, "landuse": "residential", "name": null, "source": null, "industrial": null, "layer": null, "addr:city": null, "official_name": null, "residential": "rural", "website": null, "old_name": null, "addr:housenumber": null, "addr:street": null, "name:ru": null, "leisure": null, "building:levels": null, "water": null, "place": null, "natural": null, "wood": null, "leaf_cycle": null, "man_made": null, "genus": null, "opening_hours": null, "type": "multipolygon", "phone": null, "amenity": null, "religion": null, "email": null, "internet_access": null, "name:en": null, "operator": null, "addr:country": null, "tourism": null, "url": null, "addr:district": null, "addr:region": null, "check_date": null, "building": null, "construction": null, "area:highway": null, "brand": null, "contact:phone": null, "contact:website": null, "fuel:diesel": null, "fuel:discount": null, "fuel:octane_92": null, "fuel:octane_95": null, "ref": null, "shop": null, "surface": null, "toilets": null }, "geometry": { "type": "Polygon", "coordinates": [ [ [ 29.622619, 60.2491072 ], [ 29.6260178, 60.2504684 ], [ 29.6269754, 60.2498948 ], [ 29.62616, 60.24957 ], [ 29.6244487, 60.2488486 ], [ 29.6234243, 60.2484554 ], [ 29.6230054, 60.2486581 ], [ 29.6227551, 60.2488494 ], [ 29.622619, 60.2491072 ] ] ] } },
{ "type": "Feature", "properties": { "element_type": "relation", "osmid": 19994224, "barrier": null, "height": null, "note": null, "description": null, "landuse": "residential", "name": null, "source": null, "industrial": null, "layer": null, "addr:city": null, "official_name": null, "residential": "rural", "website": null, "old_name": null, "addr:housenumber": null, "addr:street": null, "name:ru": null, "leisure": null, "building:levels": null, "water": null, "place": null, "natural": null, "wood": null, "leaf_cycle": null, "man_made": null, "genus": null, "opening_hours": null, "type": "multipolygon", "phone": null, "amenity": null, "religion": null, "email": null, "internet_access": null, "name:en": null, "operator": null, "addr:country": null, "tourism": null, "url": null, "addr:district": null, "addr:region": null, "check_date": null, "building": null, "construction": null, "area:highway": null, "brand": null, "contact:phone": null, "contact:website": null, "fuel:diesel": null, "fuel:discount": null, "fuel:octane_92": null, "fuel:octane_95": null, "ref": null, "shop": null, "surface": null, "toilets": null }, "geometry": { "type": "Polygon", "coordinates": [ [ [ 29.6236575, 60.2484094 ], [ 29.6245345, 60.2487674 ], [ 29.6262968, 60.2495154 ], [ 29.6271604, 60.2498389 ], [ 29.6280375, 60.2492798 ], [ 29.6263772, 60.2485624 ], [ 29.6249532, 60.2480106 ], [ 29.6236575, 60.2484094 ] ] ] } },
{ "type": "Feature", "properties": { "element_type": "relation", "osmid": 19994225, "barrier": null, "height": null, "note": null, "description": null, "landuse": "residential", "name": null, "source": null, "industrial": null, "layer": null, "addr:city": null, "official_name": null, "residential": "rural", "website": null, "old_name": null, "addr:housenumber": null, "addr:street": null, "name:ru": null, "leisure": null, "building:levels": null, "water": null, "place": null, "natural": null, "wood": null, "leaf_cycle": null, "man_made": null, "genus": null, "opening_hours": null, "type": "multipolygon", "phone": null, "amenity": null, "religion": null, "email": null, "internet_access": null, "name:en": null, "operator": null, "addr:country": null, "tourism": null, "url": null, "addr:district": null, "addr:region": null, "check_date": null, "building": null, "construction": null, "area:highway": null, "brand": null, "contact:phone": null, "contact:website": null, "fuel:diesel": null, "fuel:discount": null, "fuel:octane_92": null, "fuel:octane_95": null, "ref": null, "shop": null, "surface": null, "toilets": null }, "geometry": { "type": "Polygon", "coordinates": [ [ [ 29.6205222, 60.2509532 ], [ 29.6212202, 60.2512038 ], [ 29.6215369, 60.2513175 ], [ 29.6225121, 60.2516675 ], [ 29.6228231, 60.2517792 ], [ 29.6234724, 60.2520122 ], [ 29.6237835, 60.2518485 ], [ 29.6246754, 60.2512894 ], [ 29.6239686, 60.251026 ], [ 29.6227428, 60.2505602 ], [ 29.6223961, 60.2504311 ], [ 29.6217081, 60.250175 ], [ 29.6214701, 60.2503283 ], [ 29.6212488, 60.2504817 ], [ 29.6210106, 60.2506333 ], [ 29.6207741, 60.2507838 ], [ 29.6205222, 60.2509532 ] ] ] } },
{ "type": "Feature", "properties": { "element_type": "relation", "osmid": 19994226, "barrier": null, "height": null, "note": null, "description": null, "landuse": "residential", "name": null, "source": null, "industrial": null, "layer": null, "addr:city": null, "official_name": null, "residential": "rural", "website": null, "old_name": null, "addr:housenumber": null, "addr:street": null, "name:ru": null, "leisure": null, "building:levels": null, "water": null, "place": null, "natural": null, "wood": null, "leaf_cycle": null, "man_made": null, "genus": null, "opening_hours": null, "type": "multipolygon", "phone": null, "amenity": null, "religion": null, "email": null, "internet_access": null, "name:en": null, "operator": null, "addr:country": null, "tourism": null, "url": null, "addr:district": null, "addr:region": null, "check_date": null, "building": null, "construction": null, "area:highway": null, "brand": null, "contact:phone": null, "contact:website": null, "fuel:diesel": null, "fuel:discount": null, "fuel:octane_92": null, "fuel:octane_95": null, "ref": null, "shop": null, "surface": null, "toilets": null }, "geometry": { "type": "Polygon", "coordinates": [ [ [ 29.6193911, 60.2515723 ], [ 29.6200172, 60.2518873 ], [ 29.6207231, 60.2522425 ], [ 29.621019, 60.2523911 ], [ 29.621399, 60.2525739 ], [ 29.6218336, 60.2528001 ], [ 29.622253, 60.2526239 ], [ 29.6226862, 60.252442 ], [ 29.623459, 60.2521174 ], [ 29.6227053, 60.2518525 ], [ 29.6223615, 60.2517255 ], [ 29.6220388, 60.2516063 ], [ 29.6213001, 60.2513333 ], [ 29.6209296, 60.2511965 ], [ 29.6204469, 60.2510181 ], [ 29.6202986, 60.2511016 ], [ 29.6199885, 60.2512762 ], [ 29.6193911, 60.2515723 ] ] ] } },
{ "type": "Feature", "properties": { "element_type": "relation", "osmid": 19994227, "barrier": null, "height": null, "note": null, "description": null, "landuse": "residential", "name": null, "source": null, "industrial": null, "layer": null, "addr:city": null, "official_name": null, "residential": "rural", "website": null, "old_name": null, "addr:housenumber": null, "addr:street": null, "name:ru": null, "leisure": null, "building:levels": null, "water": null, "place": null, "natural": null, "wood": null, "leaf_cycle": null, "man_made": null, "genus": null, "opening_hours": null, "type": "multipolygon", "phone": null, "amenity": null, "religion": null, "email": null, "internet_access": null, "name:en": null, "operator": null, "addr:country": null, "tourism": null, "url": null, "addr:district": null, "addr:region": null, "check_date": null, "building": null, "construction": null, "area:highway": null, "brand": null, "contact:phone": null, "contact:website": null, "fuel:diesel": null, "fuel:discount": null, "fuel:octane_92": null, "fuel:octane_95": null, "ref": null, "shop": null, "surface": null, "toilets": null }, "geometry": { "type": "Polygon", "coordinates": [ [ [ 29.6329562, 60.2554915 ], [ 29.6331525, 60.2558503 ], [ 29.6334395, 60.2558369 ], [ 29.6346049, 60.2557771 ], [ 29.6358334, 60.2557278 ], [ 29.6357931, 60.2555469 ], [ 29.6357287, 60.2555508 ], [ 29.6356281, 60.255157 ], [ 29.6346907, 60.2551371 ], [ 29.6346854, 60.2551616 ], [ 29.6339786, 60.2552508 ], [ 29.6331257, 60.2553858 ], [ 29.633123, 60.2553755 ], [ 29.6329594, 60.2553945 ], [ 29.6329103, 60.2553988 ], [ 29.6329438, 60.2554926 ], [ 29.6329562, 60.2554915 ] ] ] } },
{ "type": "Feature", "properties": { "element_type": "relation", "osmid": 19994229, "barrier": null, "height": null, "note": null, "description": null, "landuse": "residential", "name": null, "source": null, "industrial": null, "layer": null, "addr:city": null, "official_name": null, "residential": null, "website": null, "old_name": null, "addr:housenumber": null, "addr:street": null, "name:ru": null, "leisure": null, "building:levels": null, "water": null, "place": null, "natural": null, "wood": null, "leaf_cycle": null, "man_made": null, "genus": null, "opening_hours": null, "type": "multipolygon", "phone": null, "amenity": null, "religion": null, "email": null, "internet_access": null, "name:en": null, "operator": null, "addr:country": null, "tourism": null, "url": null, "addr:district": null, "addr:region": null, "check_date": null, "building": null, "construction": null, "area:highway": null, "brand": null, "contact:phone": null, "contact:website": null, "fuel:diesel": null, "fuel:discount": null, "fuel:octane_92": null, "fuel:octane_95": null, "ref": null, "shop": null, "surface": null, "toilets": null }, "geometry": { "type": "Polygon", "coordinates": [ [ [ 29.6332464, 60.2532592 ], [ 29.633764, 60.2538914 ], [ 29.6344963, 60.254807 ], [ 29.6355718, 60.2548349 ], [ 29.6352325, 60.2532187 ], [ 29.6332464, 60.2532592 ] ] ] } },
{ "type": "Feature", "properties": { "element_type": "relation", "osmid": 19994230, "barrier": null, "height": null, "note": null, "description": null, "landuse": "residential", "name": null, "source": null, "industrial": null, "layer": null, "addr:city": null, "official_name": null, "residential": "rural", "website": null, "old_name": null, "addr:housenumber": null, "addr:street": null, "name:ru": null, "leisure": null, "building:levels": null, "water": null, "place": null, "natural": null, "wood": null, "leaf_cycle": null, "man_made": null, "genus": null, "opening_hours": null, "type": "multipolygon", "phone": null, "amenity": null, "religion": null, "email": null, "internet_access": null, "name:en": null, "operator": null, "addr:country": null, "tourism": null, "url": null, "addr:district": null, "addr:region": null, "check_date": null, "building": null, "construction": null, "area:highway": null, "brand": null, "contact:phone": null, "contact:website": null, "fuel:diesel": null, "fuel:discount": null, "fuel:octane_92": null, "fuel:octane_95": null, "ref": null, "shop": null, "surface": null, "toilets": null }, "geometry": { "type": "Polygon", "coordinates": [ [ [ 29.6353304, 60.25322 ], [ 29.6355718, 60.2540431 ], [ 29.6357167, 60.2546592 ], [ 29.6358266, 60.2551104 ], [ 29.6358458, 60.2551816 ], [ 29.6358617, 60.2552404 ], [ 29.6358989, 60.255378 ], [ 29.6359325, 60.2555024 ], [ 29.6359406, 60.2555342 ], [ 29.6359929, 60.2557265 ], [ 29.6366984, 60.2557398 ], [ 29.6366368, 60.2555024 ], [ 29.6366048, 60.2553788 ], [ 29.6365667, 60.255232 ], [ 29.6365321, 60.2550984 ], [ 29.636524, 60.2550678 ], [ 29.6364369, 60.2546339 ], [ 29.636296, 60.2539326 ], [ 29.6362102, 60.2535687 ], [ 29.6361391, 60.2532246 ], [ 29.6353304, 60.25322 ] ] ] } },
{ "type": "Feature", "properties": { "element_type": "relation", "osmid": 19998402, "barrier": null, "height": null, "note": null, "description": null, "landuse": "grass", "name": null, "source": "Esri", "industrial": null, "layer": null, "addr:city": null, "official_name": null, "residential": null, "website": null, "old_name": null, "addr:housenumber": null, "addr:street": null, "name:ru": null, "leisure": null, "building:levels": null, "water": null, "place": null, "natural": null, "wood": null, "leaf_cycle": null, "man_made": null, "genus": null, "opening_hours": null, "type": "multipolygon", "phone": null, "amenity": null, "religion": null, "email": null, "internet_access": null, "name:en": null, "operator": null, "addr:country": null, "tourism": null, "url": null, "addr:district": null, "addr:region": null, "check_date": null, "building": null, "construction": null, "area:highway": null, "brand": null, "contact:phone": null, "contact:website": null, "fuel:diesel": null, "fuel:discount": null, "fuel:octane_92": null, "fuel:octane_95": null, "ref": null, "shop": null, "surface": null, "toilets": null }, "geometry": { "type": "Polygon", "coordinates": [ [ [ 29.6410543, 60.2622597 ], [ 29.6417624, 60.2621652 ], [ 29.6425255, 60.2620462 ], [ 29.6426381, 60.2620668 ], [ 29.6427067, 60.2621867 ], [ 29.6427642, 60.2621746 ], [ 29.642673, 60.2620269 ], [ 29.6426408, 60.2620109 ], [ 29.6425831, 60.2619983 ], [ 29.6410274, 60.2622351 ], [ 29.6410543, 60.2622597 ] ] ] } },
{ "type": "Feature", "properties": { "element_type": "relation", "osmid": 19998403, "barrier": null, "height": null, "note": null, "description": null, "landuse": "grass", "name": null, "source": "Esri", "industrial": null, "layer": null, "addr:city": null, "official_name": null, "residential": null, "website": null, "old_name": null, "addr:housenumber": null, "addr:street": null, "name:ru": null, "leisure": null, "building:levels": null, "water": null, "place": null, "natural": null, "wood": null, "leaf_cycle": null, "man_made": null, "genus": null, "opening_hours": null, "type": "multipolygon", "phone": null, "amenity": null, "religion": null, "email": null, "internet_access": null, "name:en": null, "operator": null, "addr:country": null, "tourism": null, "url": null, "addr:district": null, "addr:region": null, "check_date": null, "building": null, "construction": null, "area:highway": null, "brand": null, "contact:phone": null, "contact:website": null, "fuel:diesel": null, "fuel:discount": null, "fuel:octane_92": null, "fuel:octane_95": null, "ref": null, "shop": null, "surface": null, "toilets": null }, "geometry": { "type": "Polygon", "coordinates": [ [ [ 29.6416628, 60.2620732 ], [ 29.6416725, 60.2620901 ], [ 29.6425228, 60.261965 ], [ 29.6425831, 60.2619231 ], [ 29.6423444, 60.2615479 ], [ 29.6423002, 60.2615565 ], [ 29.6425281, 60.2619477 ], [ 29.6416628, 60.2620732 ] ] ] } },
{ "type": "Feature", "properties": { "element_type": "relation", "osmid": 19999768, "barrier": null, "height": null, "note": null, "description": null, "landuse": "industrial", "name": null, "source": null, "industrial": null, "layer": null, "addr:city": null, "official_name": null, "residential": null, "website": null, "old_name": null, "addr:housenumber": null, "addr:street": null, "name:ru": null, "leisure": null, "building:levels": null, "water": null, "place": null, "natural": null, "wood": null, "leaf_cycle": null, "man_made": null, "genus": null, "opening_hours": null, "type": "multipolygon", "phone": null, "amenity": null, "religion": null, "email": null, "internet_access": null, "name:en": null, "operator": null, "addr:country": null, "tourism": null, "url": null, "addr:district": null, "addr:region": null, "check_date": null, "building": null, "construction": null, "area:highway": null, "brand": null, "contact:phone": null, "contact:website": null, "fuel:diesel": null, "fuel:discount": null, "fuel:octane_92": null, "fuel:octane_95": null, "ref": null, "shop": null, "surface": null, "toilets": null }, "geometry": { "type": "Polygon", "coordinates": [ [ [ 29.5728419, 60.2491925 ], [ 29.5728744, 60.2491993 ], [ 29.5729515, 60.2492036 ], [ 29.575505, 60.2476949 ], [ 29.5751322, 60.2476098 ], [ 29.5748479, 60.2476044 ], [ 29.5743865, 60.2478254 ], [ 29.5737892, 60.2479843 ], [ 29.5729006, 60.2482207 ], [ 29.5719846, 60.2487178 ], [ 29.5724654, 60.2489841 ], [ 29.5728419, 60.2491925 ] ] ] } },
{ "type": "Feature", "properties": { "element_type": "relation", "osmid": 19999769, "barrier": null, "height": null, "note": null, "description": null, "landuse": "industrial", "name": null, "source": null, "industrial": null, "layer": null, "addr:city": null, "official_name": null, "residential": null, "website": null, "old_name": null, "addr:housenumber": null, "addr:street": null, "name:ru": null, "leisure": null, "building:levels": null, "water": null, "place": null, "natural": null, "wood": null, "leaf_cycle": null, "man_made": null, "genus": null, "opening_hours": null, "type": "multipolygon", "phone": null, "amenity": null, "religion": null, "email": null, "internet_access": null, "name:en": null, "operator": null, "addr:country": null, "tourism": null, "url": null, "addr:district": null, "addr:region": null, "check_date": null, "building": null, "construction": null, "area:highway": null, "brand": null, "contact:phone": null, "contact:website": null, "fuel:diesel": null, "fuel:discount": null, "fuel:octane_92": null, "fuel:octane_95": null, "ref": null, "shop": null, "surface": null, "toilets": null }, "geometry": { "type": "Polygon", "coordinates": [ [ [ 29.5714139, 60.2500411 ], [ 29.5726238, 60.2493243 ], [ 29.5717729, 60.2488576 ], [ 29.5703918, 60.2495961 ], [ 29.5714139, 60.2500411 ] ] ] } },
{ "type": "Feature", "properties": { "element_type": "relation", "osmid": 19999771, "barrier": null, "height": null, "note": null, "description": "склад-магазин \"Стройудача\"", "landuse": "retail", "name": null, "source": null, "industrial": null, "layer": null, "addr:city": null, "official_name": null, "residential": null, "website": null, "old_name": null, "addr:housenumber": null, "addr:street": null, "name:ru": null, "leisure": null, "building:levels": null, "water": null, "place": null, "natural": null, "wood": null, "leaf_cycle": null, "man_made": null, "genus": null, "opening_hours": null, "type": "multipolygon", "phone": null, "amenity": null, "religion": null, "email": null, "internet_access": null, "name:en": null, "operator": null, "addr:country": null, "tourism": null, "url": null, "addr:district": null, "addr:region": null, "check_date": null, "building": null, "construction": null, "area:highway": null, "brand": null, "contact:phone": null, "contact:website": null, "fuel:diesel": null, "fuel:discount": null, "fuel:octane_92": null, "fuel:octane_95": null, "ref": null, "shop": null, "surface": null, "toilets": null }, "geometry": { "type": "Polygon", "coordinates": [ [ [ 29.5744953, 60.2507299 ], [ 29.5742456, 60.2508784 ], [ 29.5746757, 60.2510639 ], [ 29.5745829, 60.251137 ], [ 29.5755486, 60.2515758 ], [ 29.5746625, 60.2519702 ], [ 29.5757422, 60.2524827 ], [ 29.5758571, 60.2524149 ], [ 29.5764963, 60.2519299 ], [ 29.5770667, 60.2515392 ], [ 29.575862, 60.2508564 ], [ 29.5757202, 60.250776 ], [ 29.5755746, 60.2507684 ], [ 29.5754746, 60.2506021 ], [ 29.5752597, 60.2506494 ], [ 29.5749821, 60.2507898 ], [ 29.5746119, 60.2506587 ], [ 29.5744953, 60.2507299 ] ] ] } },
{ "type": "Feature", "properties": { "element_type": "relation", "osmid": 19999772, "barrier": null, "height": null, "note": null, "description": null, "landuse": "retail", "name": null, "source": null, "industrial": null, "layer": null, "addr:city": null, "official_name": null, "residential": null, "website": null, "old_name": null, "addr:housenumber": null, "addr:street": null, "name:ru": null, "leisure": null, "building:levels": null, "water": null, "place": null, "natural": null, "wood": null, "leaf_cycle": null, "man_made": null, "genus": null, "opening_hours": null, "type": "multipolygon", "phone": null, "amenity": null, "religion": null, "email": null, "internet_access": null, "name:en": null, "operator": null, "addr:country": null, "tourism": null, "url": null, "addr:district": null, "addr:region": null, "check_date": null, "building": null, "construction": null, "area:highway": null, "brand": null, "contact:phone": null, "contact:website": null, "fuel:diesel": null, "fuel:discount": null, "fuel:octane_92": null, "fuel:octane_95": null, "ref": null, "shop": null, "surface": null, "toilets": null }, "geometry": { "type": "Polygon", "coordinates": [ [ [ 29.5801149, 60.2544156 ], [ 29.5812242, 60.2549173 ], [ 29.5819663, 60.2551731 ], [ 29.5821919, 60.2550232 ], [ 29.5824507, 60.2548489 ], [ 29.5823997, 60.2548263 ], [ 29.5821664, 60.2547205 ], [ 29.5817599, 60.2545768 ], [ 29.5816628, 60.2546486 ], [ 29.5810787, 60.2545015 ], [ 29.5811713, 60.254425 ], [ 29.5811536, 60.2544173 ], [ 29.5805758, 60.2541655 ], [ 29.5801149, 60.2544156 ] ] ] } },
{ "type": "Feature", "properties": { "element_type": "relation", "osmid": 19999773, "barrier": null, "height": null, "note": null, "description": null, "landuse": "industrial", "name": null, "source": null, "industrial": null, "layer": null, "addr:city": null, "official_name": null, "residential": null, "website": null, "old_name": null, "addr:housenumber": null, "addr:street": null, "name:ru": null, "leisure": null, "building:levels": null, "water": null, "place": null, "natural": null, "wood": null, "leaf_cycle": null, "man_made": null, "genus": null, "opening_hours": null, "type": "multipolygon", "phone": null, "amenity": null, "religion": null, "email": null, "internet_access": null, "name:en": null, "operator": null, "addr:country": null, "tourism": null, "url": null, "addr:district": null, "addr:region": null, "check_date": null, "building": null, "construction": null, "area:highway": null, "brand": null, "contact:phone": null, "contact:website": null, "fuel:diesel": null, "fuel:discount": null, "fuel:octane_92": null, "fuel:octane_95": null, "ref": null, "shop": null, "surface": null, "toilets": null }, "geometry": { "type": "Polygon", "coordinates": [ [ [ 29.5761877, 60.2522944 ], [ 29.5758323, 60.2525121 ], [ 29.5762995, 60.2527159 ], [ 29.5769548, 60.2530164 ], [ 29.577038, 60.253013 ], [ 29.5771117, 60.2530683 ], [ 29.5779067, 60.2534171 ], [ 29.5781364, 60.2532845 ], [ 29.5778418, 60.2531199 ], [ 29.5774792, 60.2529172 ], [ 29.5778963, 60.2527209 ], [ 29.5775677, 60.2525772 ], [ 29.5772204, 60.2527442 ], [ 29.576696, 60.2524874 ], [ 29.5761877, 60.2522944 ] ] ] } },
{ "type": "Feature", "properties": { "element_type": "relation", "osmid": 19999774, "barrier": null, "height": null, "note": null, "description": null, "landuse": "grass", "name": null, "source": "Esri", "industrial": null, "layer": null, "addr:city": null, "official_name": null, "residential": null, "website": null, "old_name": null, "addr:housenumber": null, "addr:street": null, "name:ru": null, "leisure": null, "building:levels": null, "water": null, "place": null, "natural": null, "wood": null, "leaf_cycle": null, "man_made": null, "genus": null, "opening_hours": null, "type": "multipolygon", "phone": null, "amenity": null, "religion": null, "email": null, "internet_access": null, "name:en": null, "operator": null, "addr:country": null, "tourism": null, "url": null, "addr:district": null, "addr:region": null, "check_date": null, "building": null, "construction": null, "area:highway": null, "brand": null, "contact:phone": null, "contact:website": null, "fuel:diesel": null, "fuel:discount": null, "fuel:octane_92": null, "fuel:octane_95": null, "ref": null, "shop": null, "surface": null, "toilets": null }, "geometry": { "type": "Polygon", "coordinates": [ [ [ 29.5754608, 60.2490256 ], [ 29.5756969, 60.2487894 ], [ 29.5759222, 60.2484626 ], [ 29.5758082, 60.2485258 ], [ 29.5755118, 60.2487428 ], [ 29.5752758, 60.2489358 ], [ 29.5754608, 60.2490256 ] ] ] } },
{ "type": "Feature", "properties": { "element_type": "relation", "osmid": 20003368, "barrier": null, "height": null, "note": null, "description": null, "landuse": "residential", "name": null, "source": "Esri", "industrial": null, "layer": null, "addr:city": null, "official_name": null, "residential": "rural", "website": null, "old_name": null, "addr:housenumber": null, "addr:street": null, "name:ru": null, "leisure": null, "building:levels": null, "water": null, "place": null, "natural": null, "wood": null, "leaf_cycle": null, "man_made": null, "genus": null, "opening_hours": null, "type": "multipolygon", "phone": null, "amenity": null, "religion": null, "email": null, "internet_access": null, "name:en": null, "operator": null, "addr:country": null, "tourism": null, "url": null, "addr:district": null, "addr:region": null, "check_date": null, "building": null, "construction": null, "area:highway": null, "brand": null, "contact:phone": null, "contact:website": null, "fuel:diesel": null, "fuel:discount": null, "fuel:octane_92": null, "fuel:octane_95": null, "ref": null, "shop": null, "surface": null, "toilets": null }, "geometry": { "type": "Polygon", "coordinates": [ [ [ 29.5892793, 60.2576515 ], [ 29.5890797, 60.257946 ], [ 29.5888821, 60.258232 ], [ 29.5894433, 60.2583209 ], [ 29.5900427, 60.2584404 ], [ 29.5901674, 60.2582109 ], [ 29.5903525, 60.2579521 ], [ 29.5906636, 60.2575216 ], [ 29.590846, 60.2573659 ], [ 29.5910928, 60.2569414 ], [ 29.5910418, 60.2568842 ], [ 29.590787, 60.256839 ], [ 29.5902009, 60.2567392 ], [ 29.5898107, 60.2566899 ], [ 29.5896926, 60.2567006 ], [ 29.5894224, 60.2573223 ], [ 29.5892793, 60.2576515 ] ] ] } },
{ "type": "Feature", "properties": { "element_type": "relation", "osmid": 20003373, "barrier": null, "height": null, "note": null, "description": null, "landuse": "grass", "name": null, "source": "Esri", "industrial": null, "layer": null, "addr:city": null, "official_name": null, "residential": null, "website": null, "old_name": null, "addr:housenumber": null, "addr:street": null, "name:ru": null, "leisure": null, "building:levels": null, "water": null, "place": null, "natural": null, "wood": null, "leaf_cycle": null, "man_made": null, "genus": null, "opening_hours": null, "type": "multipolygon", "phone": null, "amenity": null, "religion": null, "email": null, "internet_access": null, "name:en": null, "operator": null, "addr:country": null, "tourism": null, "url": null, "addr:district": null, "addr:region": null, "check_date": null, "building": null, "construction": null, "area:highway": null, "brand": null, "contact:phone": null, "contact:website": null, "fuel:diesel": null, "fuel:discount": null, "fuel:octane_92": null, "fuel:octane_95": null, "ref": null, "shop": null, "surface": null, "toilets": null }, "geometry": { "type": "Polygon", "coordinates": [ [ [ 29.592226, 60.2565156 ], [ 29.592572, 60.2565622 ], [ 29.5926552, 60.2564457 ], [ 29.5927611, 60.2564584 ], [ 29.5928322, 60.2563473 ], [ 29.5929314, 60.2563593 ], [ 29.5929877, 60.2562388 ], [ 29.5928885, 60.2561643 ], [ 29.5923722, 60.2562235 ], [ 29.5921804, 60.256167 ], [ 29.5917191, 60.2563746 ], [ 29.5917177, 60.2564211 ], [ 29.5917445, 60.2564717 ], [ 29.5917982, 60.2564983 ], [ 29.5921509, 60.2565509 ], [ 29.592226, 60.2565156 ] ], [ [ 29.5921019, 60.2563915 ], [ 29.5921901, 60.2564531 ], [ 29.5921322, 60.2565078 ], [ 29.5920187, 60.2565062 ], [ 29.5919311, 60.2564667 ], [ 29.5919948, 60.2564005 ], [ 29.5921019, 60.2563915 ] ] ] } },
{ "type": "Feature", "properties": { "element_type": "relation", "osmid": 20003374, "barrier": null, "height": null, "note": null, "description": null, "landuse": "construction", "name": null, "source": null, "industrial": null, "layer": null, "addr:city": null, "official_name": null, "residential": null, "website": null, "old_name": null, "addr:housenumber": null, "addr:street": null, "name:ru": null, "leisure": null, "building:levels": null, "water": null, "place": null, "natural": null, "wood": null, "leaf_cycle": null, "man_made": null, "genus": null, "opening_hours": null, "type": "multipolygon", "phone": null, "amenity": null, "religion": null, "email": null, "internet_access": null, "name:en": null, "operator": null, "addr:country": null, "tourism": null, "url": null, "addr:district": null, "addr:region": null, "check_date": null, "building": null, "construction": "residential", "area:highway": null, "brand": null, "contact:phone": null, "contact:website": null, "fuel:diesel": null, "fuel:discount": null, "fuel:octane_92": null, "fuel:octane_95": null, "ref": null, "shop": null, "surface": null, "toilets": null }, "geometry": { "type": "Polygon", "coordinates": [ [ [ 29.590508, 60.2552827 ], [ 29.5908326, 60.255453 ], [ 29.5917499, 60.2550924 ], [ 29.5926015, 60.2547857 ], [ 29.5930199, 60.2547398 ], [ 29.5934263, 60.2546699 ], [ 29.592804, 60.2538668 ], [ 29.5908916, 60.2541422 ], [ 29.5910928, 60.2545235 ], [ 29.590508, 60.2552827 ] ] ] } },
{ "type": "Feature", "properties": { "element_type": "relation", "osmid": 20003375, "barrier": null, "height": null, "note": null, "description": null, "landuse": "residential", "name": null, "source": "Esri", "industrial": null, "layer": null, "addr:city": null, "official_name": null, "residential": "rural", "website": null, "old_name": null, "addr:housenumber": null, "addr:street": null, "name:ru": null, "leisure": null, "building:levels": null, "water": null, "place": null, "natural": null, "wood": null, "leaf_cycle": null, "man_made": null, "genus": null, "opening_hours": null, "type": "multipolygon", "phone": null, "amenity": null, "religion": null, "email": null, "internet_access": null, "name:en": null, "operator": null, "addr:country": null, "tourism": null, "url": null, "addr:district": null, "addr:region": null, "check_date": null, "building": null, "construction": null, "area:highway": null, "brand": null, "contact:phone": null, "contact:website": null, "fuel:diesel": null, "fuel:discount": null, "fuel:octane_92": null, "fuel:octane_95": null, "ref": null, "shop": null, "surface": null, "toilets": null }, "geometry": { "type": "Polygon", "coordinates": [ [ [ 29.5864525, 60.256509 ], [ 29.5862601, 60.2567711 ], [ 29.5873135, 60.2569787 ], [ 29.5874597, 60.2570266 ], [ 29.5881665, 60.2571663 ], [ 29.5891616, 60.2572947 ], [ 29.5892152, 60.2572847 ], [ 29.5893735, 60.2568995 ], [ 29.5895036, 60.2566806 ], [ 29.5894459, 60.256646 ], [ 29.5890301, 60.2565941 ], [ 29.5889899, 60.2566187 ], [ 29.5886533, 60.2565575 ], [ 29.5886171, 60.2565775 ], [ 29.5885366, 60.2565628 ], [ 29.5885809, 60.2565196 ], [ 29.5878929, 60.2564058 ], [ 29.5874758, 60.2563559 ], [ 29.5866483, 60.2562422 ], [ 29.5864525, 60.256509 ] ] ] } },
{ "type": "Feature", "properties": { "element_type": "relation", "osmid": 20003376, "barrier": null, "height": null, "note": null, "description": null, "landuse": "residential", "name": null, "source": "Esri", "industrial": null, "layer": null, "addr:city": null, "official_name": null, "residential": "rural", "website": null, "old_name": null, "addr:housenumber": null, "addr:street": null, "name:ru": null, "leisure": null, "building:levels": null, "water": null, "place": null, "natural": null, "wood": null, "leaf_cycle": null, "man_made": null, "genus": null, "opening_hours": null, "type": "multipolygon", "phone": null, "amenity": null, "religion": null, "email": null, "internet_access": null, "name:en": null, "operator": null, "addr:country": null, "tourism": null, "url": null, "addr:district": null, "addr:region": null, "check_date": null, "building": null, "construction": null, "area:highway": null, "brand": null, "contact:phone": null, "contact:website": null, "fuel:diesel": null, "fuel:discount": null, "fuel:octane_92": null, "fuel:octane_95": null, "ref": null, "shop": null, "surface": null, "toilets": null }, "geometry": { "type": "Polygon", "coordinates": [ [ [ 29.5863828, 60.2573499 ], [ 29.5866859, 60.2574644 ], [ 29.5873176, 60.257676 ], [ 29.5873605, 60.257644 ], [ 29.5882416, 60.2578782 ], [ 29.5883274, 60.2578995 ], [ 29.5882255, 60.2580352 ], [ 29.5887324, 60.2581749 ], [ 29.5889188, 60.2579015 ], [ 29.5889738, 60.2577777 ], [ 29.5891468, 60.2573992 ], [ 29.5878339, 60.2571809 ], [ 29.5870668, 60.2570505 ], [ 29.5867396, 60.2569819 ], [ 29.5862165, 60.2568722 ], [ 29.586077, 60.2570319 ], [ 29.5859295, 60.2571437 ], [ 29.5863828, 60.2573499 ] ] ] } },
{ "type": "Feature", "properties": { "element_type": "relation", "osmid": 20003377, "barrier": null, "height": null, "note": null, "description": null, "landuse": "industrial", "name": null, "source": null, "industrial": null, "layer": null, "addr:city": null, "official_name": null, "residential": null, "website": null, "old_name": null, "addr:housenumber": null, "addr:street": null, "name:ru": null, "leisure": null, "building:levels": null, "water": null, "place": null, "natural": null, "wood": null, "leaf_cycle": null, "man_made": null, "genus": null, "opening_hours": null, "type": "multipolygon", "phone": null, "amenity": null, "religion": null, "email": null, "internet_access": null, "name:en": null, "operator": null, "addr:country": null, "tourism": null, "url": null, "addr:district": null, "addr:region": null, "check_date": null, "building": null, "construction": null, "area:highway": null, "brand": null, "contact:phone": null, "contact:website": null, "fuel:diesel": null, "fuel:discount": null, "fuel:octane_92": null, "fuel:octane_95": null, "ref": null, "shop": null, "surface": null, "toilets": null }, "geometry": { "type": "Polygon", "coordinates": [ [ [ 29.5792401, 60.2566247 ], [ 29.5789692, 60.2570545 ], [ 29.5799231, 60.2574067 ], [ 29.5818861, 60.2563173 ], [ 29.5820899, 60.2564118 ], [ 29.5821714, 60.2564019 ], [ 29.5822702, 60.2563341 ], [ 29.582956, 60.2559528 ], [ 29.5818435, 60.255478 ], [ 29.5817607, 60.255526 ], [ 29.581715, 60.2555028 ], [ 29.5816524, 60.2554779 ], [ 29.5815817, 60.2554371 ], [ 29.5808749, 60.2551556 ], [ 29.5805851, 60.2552254 ], [ 29.5805302, 60.2551982 ], [ 29.5801182, 60.2553438 ], [ 29.5801225, 60.2554151 ], [ 29.5786336, 60.2559275 ], [ 29.579287, 60.2565416 ], [ 29.5792401, 60.2566247 ] ] ] } },
{ "type": "Feature", "properties": { "element_type": "relation", "osmid": 20003379, "barrier": null, "height": null, "note": null, "description": null, "landuse": "retail", "name": "Роснефть", "source": null, "industrial": null, "layer": null, "addr:city": null, "official_name": null, "residential": null, "website": null, "old_name": null, "addr:housenumber": null, "addr:street": null, "name:ru": "Роснефть", "leisure": null, "building:levels": null, "water": null, "place": null, "natural": null, "wood": null, "leaf_cycle": null, "man_made": null, "genus": null, "opening_hours": "24/7", "type": "multipolygon", "phone": null, "amenity": "fuel", "religion": null, "email": null, "internet_access": null, "name:en": null, "operator": "ООО \"РН-Северо-Запад\"", "addr:country": null, "tourism": null, "url": null, "addr:district": null, "addr:region": null, "check_date": null, "building": null, "construction": null, "area:highway": "service", "brand": "Роснефть", "contact:phone": "+7 800 7757588", "contact:website": "https://rosneft-azs.ru", "fuel:diesel": "yes", "fuel:discount": "Семейная команда", "fuel:octane_92": "yes", "fuel:octane_95": "yes", "ref": "340", "shop": "yes", "surface": "asphalt", "toilets": "yes" }, "geometry": { "type": "Polygon", "coordinates": [ [ [ 29.5836118, 60.2567616 ], [ 29.5835673, 60.2567286 ], [ 29.5835498, 60.2567138 ], [ 29.5835344, 60.2567016 ], [ 29.5835765, 60.2567015 ], [ 29.5836445, 60.2566673 ], [ 29.583736, 60.2566504 ], [ 29.5838498, 60.2566577 ], [ 29.5838702, 60.2566706 ], [ 29.5842117, 60.2564801 ], [ 29.5838819, 60.2563502 ], [ 29.5832638, 60.2560725 ], [ 29.5830577, 60.2559771 ], [ 29.5830006, 60.2561301 ], [ 29.5829562, 60.2563115 ], [ 29.5829164, 60.256354 ], [ 29.5828743, 60.2563734 ], [ 29.58286, 60.2564321 ], [ 29.5829657, 60.256493 ], [ 29.5829851, 60.2565829 ], [ 29.5835276, 60.2567917 ], [ 29.5836118, 60.2567616 ] ] ] } },
{ "type": "Feature", "properties": { "element_type": "relation", "osmid": 20078799, "barrier": null, "height": null, "note": null, "description": null, "landuse": "residential", "name": null, "source": null, "industrial": null, "layer": null, "addr:city": null, "official_name": null, "residential": "urban", "website": null, "old_name": null, "addr:housenumber": null, "addr:street": null, "name:ru": null, "leisure": null, "building:levels": null, "water": null, "place": null, "natural": null, "wood": null, "leaf_cycle": null, "man_made": null, "genus": null, "opening_hours": null, "type": "multipolygon", "phone": null, "amenity": null, "religion": null, "email": null, "internet_access": null, "name:en": null, "operator": null, "addr:country": null, "tourism": null, "url": null, "addr:district": null, "addr:region": null, "check_date": null, "building": null, "construction": null, "area:highway": null, "brand": null, "contact:phone": null, "contact:website": null, "fuel:diesel": null, "fuel:discount": null, "fuel:octane_92": null, "fuel:octane_95": null, "ref": null, "shop": null, "surface": null, "toilets": null }, "geometry": { "type": "Polygon", "coordinates": [ [ [ 29.6299486, 60.245672 ], [ 29.6296254, 60.2455402 ], [ 29.6294931, 60.2455045 ], [ 29.6291989, 60.2454224 ], [ 29.6290554, 60.2455475 ], [ 29.628877, 60.2456301 ], [ 29.628586, 60.245901 ], [ 29.6287765, 60.2459755 ], [ 29.6290643, 60.2460991 ], [ 29.62997, 60.2464807 ], [ 29.6302718, 60.2466277 ], [ 29.6303469, 60.2466178 ], [ 29.6304823, 60.2466717 ], [ 29.6305196, 60.2466454 ], [ 29.6305373, 60.2465871 ], [ 29.630656, 60.2465961 ], [ 29.6307298, 60.2463544 ], [ 29.6306111, 60.2463455 ], [ 29.6306746, 60.2461167 ], [ 29.6307601, 60.2461226 ], [ 29.6308233, 60.2458948 ], [ 29.6303563, 60.2457758 ], [ 29.6299486, 60.245672 ] ] ] } },
{ "type": "Feature", "properties": { "element_type": "relation", "osmid": 20078800, "barrier": null, "height": null, "note": null, "description": null, "landuse": "industrial", "name": null, "source": null, "industrial": null, "layer": null, "addr:city": null, "official_name": null, "residential": null, "website": null, "old_name": null, "addr:housenumber": null, "addr:street": null, "name:ru": null, "leisure": null, "building:levels": null, "water": null, "place": null, "natural": null, "wood": null, "leaf_cycle": null, "man_made": null, "genus": null, "opening_hours": null, "type": "multipolygon", "phone": null, "amenity": null, "religion": null, "email": null, "internet_access": null, "name:en": null, "operator": null, "addr:country": null, "tourism": null, "url": null, "addr:district": null, "addr:region": null, "check_date": null, "building": null, "construction": null, "area:highway": null, "brand": null, "contact:phone": null, "contact:website": null, "fuel:diesel": null, "fuel:discount": null, "fuel:octane_92": null, "fuel:octane_95": null, "ref": null, "shop": null, "surface": null, "toilets": null }, "geometry": { "type": "Polygon", "coordinates": [ [ [ 29.6299716, 60.2455972 ], [ 29.6307385, 60.2450896 ], [ 29.6308206, 60.2450235 ], [ 29.6306004, 60.2448123 ], [ 29.6302262, 60.244645 ], [ 29.629883, 60.2448308 ], [ 29.6292279, 60.2453821 ], [ 29.6294993, 60.2454597 ], [ 29.6299716, 60.2455972 ] ] ] } },
{ "type": "Feature", "properties": { "element_type": "relation", "osmid": 20078802, "barrier": null, "height": null, "note": null, "description": null, "landuse": "allotments", "name": "СНТ \"Коммунальщик\"", "source": null, "industrial": null, "layer": null, "addr:city": null, "official_name": null, "residential": "rural", "website": null, "old_name": null, "addr:housenumber": "128А", "addr:street": "Социалистическая улица", "name:ru": null, "leisure": null, "building:levels": null, "water": null, "place": "allotments", "natural": null, "wood": null, "leaf_cycle": null, "man_made": null, "genus": null, "opening_hours": null, "type": "multipolygon", "phone": null, "amenity": null, "religion": null, "email": null, "internet_access": null, "name:en": null, "operator": null, "addr:country": null, "tourism": null, "url": null, "addr:district": null, "addr:region": null, "check_date": null, "building": null, "construction": null, "area:highway": null, "brand": null, "contact:phone": null, "contact:website": null, "fuel:diesel": null, "fuel:discount": null, "fuel:octane_92": null, "fuel:octane_95": null, "ref": null, "shop": null, "surface": null, "toilets": null }, "geometry": { "type": "Polygon", "coordinates": [ [ [ 29.6402326, 60.2459294 ], [ 29.640276, 60.2459407 ], [ 29.6403032, 60.2459797 ], [ 29.6403737, 60.2460808 ], [ 29.6407767, 60.2461958 ], [ 29.6411898, 60.2460008 ], [ 29.6411313, 60.2456997 ], [ 29.641111, 60.2455951 ], [ 29.6410286, 60.2451708 ], [ 29.6410588, 60.2447958 ], [ 29.6406135, 60.2445888 ], [ 29.6401621, 60.2443858 ], [ 29.6393259, 60.2447458 ], [ 29.6390783, 60.2450052 ], [ 29.6387869, 60.2452625 ], [ 29.6388386, 60.2453136 ], [ 29.6390714, 60.2454062 ], [ 29.6402326, 60.2459294 ] ] ] } }
]
}
