{
"type": "FeatureCollection",
"name": "roads",
"crs": { "type": "name", "properties": { "name": "urn:ogc:def:crs:OGC:1.3:CRS84" } },
"features": [
{ "type": "Feature", "properties": { "u": 230184, "v": 297815079, "key": 0, "osmid": "54905412", "lanes": "2", "ref": "41К-090", "name": "Песочная улица", "highway": "primary", "maxspeed": "40", "oneway": false, "reversed": "0", "length": 126.387, "bridge": null, "width": null, "access": null, "service": null }, "geometry": { "type": "LineString", "coordinates": [ [ 29.6068573, 60.2599126 ], [ 29.6068403, 60.2599835 ], [ 29.6067849, 60.2600492 ], [ 29.6059181, 60.2609454 ] ] } },
{ "type": "Feature", "properties": { "u": 230184, "v": 297815077, "key": 0, "osmid": "164736477", "lanes": "2", "ref": null, "name": "улица Кирова", "highway": "primary", "maxspeed": "RU:urban", "oneway": false, "reversed": "1", "length": 76.619, "bridge": null, "width": null, "access": null, "service": null }, "geometry": { "type": "LineString", "coordinates": [ [ 29.6068573, 60.2599126 ], [ 29.6068346, 60.2598262 ], [ 29.606722, 60.2597597 ], [ 29.606347, 60.2595926 ], [ 29.6059585, 60.2594107 ] ] } },
{ "type": "Feature", "properties": { "u": 230184, "v": 1426466958, "key": 0, "osmid": "180017040", "lanes": "2", "ref": null, "name": "улица Кирова", "highway": "tertiary", "maxspeed": null, "oneway": false, "reversed": "0", "length": 210.892, "bridge": null, "width": null, "access": null, "service": null }, "geometry": { "type": "LineString", "coordinates": [ [ 29.6068573, 60.2599126 ], [ 29.6092769, 60.2604286 ], [ 29.610393, 60.2606328 ] ] } },
{ "type": "Feature", "properties": { "u": 230187, "v": 230193, "key": 0, "ref": null, "name": "улица Кирова", "highway": "primary", "maxspeed": "RU:urban", "oneway": false, "reversed": "0", "length": 249.222, "bridge": "yes", "width": null, "access": null, "service": null }, "geometry": { "type": "LineString", "coordinates": [ [ 29.6033568, 60.2569302 ], [ 29.6033864, 60.2570196 ], [ 29.6033968, 60.2570629 ], [ 29.6034333, 60.2572238 ], [ 29.6034901, 60.257474 ], [ 29.6035804, 60.2579309 ], [ 29.6036315, 60.2580067 ], [ 29.603855, 60.2582279 ], [ 29.6041593, 60.2584878 ], [ 29.6043858, 60.2586699 ], [ 29.6046304, 60.2588165 ], [ 29.6049215, 60.2589579 ] ] } },
{ "type": "Feature", "properties": { "u": 230187, "v": 98154679, "key": 0, "osmid": "162341865", "lanes": "4", "ref": "41А-025", "name": "Советская улица", "highway": "primary", "maxspeed": "40", "oneway": false, "reversed": "1", "length": 36.156, "bridge": null, "width": null, "access": null, "service": null }, "geometry": { "type": "LineString", "coordinates": [ [ 29.6033568, 60.2569302 ], [ 29.6030937, 60.2569593 ], [ 29.6027172, 60.2570012 ] ] } },
{ "type": "Feature", "properties": { "u": 230187, "v": 98154720, "key": 0, "ref": "41А-025", "name": "Советская улица", "highway": "primary", "oneway": false, "reversed": "0", "length": 130.553, "bridge": null, "width": null, "access": null, "service": null }, "geometry": { "type": "LineString", "coordinates": [ [ 29.6033568, 60.2569302 ], [ 29.6036356, 60.2568973 ], [ 29.6048153, 60.2567656 ], [ 29.6055172, 60.2566857 ], [ 29.605665, 60.2566712 ] ] } },
{ "type": "Feature", "properties": { "u": 230188, "v": 858468554, "key": 0, "lanes": "2", "ref": "41А-025", "name": "Советская улица", "highway": "primary", "maxspeed": "RU:urban", "oneway": false, "reversed": "0", "length": 126.173, "bridge": null, "width": null, "access": null, "service": null }, "geometry": { "type": "LineString", "coordinates": [ [ 29.5972121, 60.2578094 ], [ 29.5975706, 60.2578067 ], [ 29.5979524, 60.2577812 ], [ 29.5982436, 60.2577609 ], [ 29.5983544, 60.2577519 ], [ 29.5983769, 60.2577493 ], [ 29.5994567, 60.2576134 ] ] } },
{ "type": "Feature", "properties": { "u": 230188, "v": 297815051, "key": 0, "osmid": "110562134", "lanes": "2", "ref": null, "name": "Советская улица", "highway": "residential", "maxspeed": "RU:urban", "oneway": false, "reversed": "0", "length": 261.5, "bridge": null, "width": null, "access": null, "service": null }, "geometry": { "type": "LineString", "coordinates": [ [ 29.5972121, 60.2578094 ], [ 29.5972033, 60.2578601 ], [ 29.5971952, 60.2579065 ], [ 29.5966231, 60.2580602 ], [ 29.5963418, 60.2581776 ], [ 29.5955167, 60.2584136 ], [ 29.5934021, 60.2588562 ], [ 29.5931982, 60.2589502 ] ] } },
{ "type": "Feature", "properties": { "u": 230188, "v": 497961270, "key": 0, "lanes": "2", "ref": "41А-025", "name": "Железнодорожная улица", "highway": "primary", "maxspeed": "40", "oneway": false, "reversed": "1", "length": 273.349, "bridge": null, "width": null, "access": null, "service": null }, "geometry": { "type": "LineString", "coordinates": [ [ 29.5972121, 60.2578094 ], [ 29.5970427, 60.2577965 ], [ 29.5966484, 60.2577482 ], [ 29.595332, 60.2575388 ], [ 29.5950146, 60.2574859 ], [ 29.5948226, 60.2574539 ], [ 29.5945984, 60.2573779 ], [ 29.5944181, 60.2573465 ], [ 29.5937046, 60.2572157 ], [ 29.5934647, 60.2571774 ], [ 29.5931709, 60.2571299 ], [ 29.5929844, 60.2571037 ], [ 29.5925261, 60.2570333 ] ] } },
{ "type": "Feature", "properties": { "u": 230193, "v": 297815082, "key": 0, "lanes": "2", "ref": null, "name": "Заречная улица", "oneway": false, "length": 172.678, "bridge": null, "width": null, "access": null, "service": null }, "geometry": { "type": "LineString", "coordinates": [ [ 29.6049215, 60.2589579 ], [ 29.6048676, 60.2589903 ], [ 29.6048519, 60.2590019 ], [ 29.6041281, 60.2594353 ], [ 29.6029065, 60.2601462 ] ] } },
{ "type": "Feature", "properties": { "u": 230193, "v": 297815077, "key": 0, "osmid": "164736477", "lanes": "2", "ref": null, "name": "улица Кирова", "highway": "primary", "maxspeed": "RU:urban", "oneway": false, "reversed": "0", "length": 76.206, "bridge": null, "width": null, "access": null, "service": null }, "geometry": { "type": "LineString", "coordinates": [ [ 29.6049215, 60.2589579 ], [ 29.6056453, 60.2592721 ], [ 29.6057891, 60.2593365 ], [ 29.6059585, 60.2594107 ] ] } },
{ "type": "Feature", "properties": { "u": 230193, "v": 230187, "key": 0, "ref": null, "name": "улица Кирова", "highway": "primary", "maxspeed": "RU:urban", "oneway": false, "reversed": "1", "length": 249.222, "bridge": "yes", "width": null, "access": null, "service": null }, "geometry": { "type": "LineString", "coordinates": [ [ 29.6049215, 60.2589579 ], [ 29.6046304, 60.2588165 ], [ 29.6043858, 60.2586699 ], [ 29.6041593, 60.2584878 ], [ 29.603855, 60.2582279 ], [ 29.6036315, 60.2580067 ], [ 29.6035804, 60.2579309 ], [ 29.6034901, 60.257474 ], [ 29.6034333, 60.2572238 ], [ 29.6033968, 60.2570629 ], [ 29.6033864, 60.2570196 ], [ 29.6033568, 60.2569302 ] ] } },
{ "type": "Feature", "properties": { "u": 230199, "v": 528145794, "key": 0, "osmid": "174308222", "lanes": "1", "ref": null, "name": "Учебная улица", "highway": "residential", "maxspeed": null, "oneway": false, "reversed": "1", "length": 270.409, "bridge": null, "width": null, "access": null, "service": null }, "geometry": { "type": "LineString", "coordinates": [ [ 29.5763226, 60.2482964 ], [ 29.576394, 60.248326 ], [ 29.5765172, 60.2483724 ], [ 29.5771712, 60.2486189 ], [ 29.5774402, 60.2487203 ], [ 29.5784247, 60.24881 ], [ 29.5787302, 60.2488178 ], [ 29.5792407, 60.2488982 ], [ 29.5794479, 60.2489482 ], [ 29.5806209, 60.2493462 ] ] } },
{ "type": "Feature", "properties": { "u": 230199, "v": 298018367, "key": 0, "lanes": "2", "ref": "41А-025", "name": "Привокзальная улица", "highway": "primary", "maxspeed": "RU:urban", "oneway": false, "reversed": "0", "length": 178.277, "bridge": null, "width": null, "access": null, "service": null }, "geometry": { "type": "LineString", "coordinates": [ [ 29.5763226, 60.2482964 ], [ 29.5761867, 60.2484203 ], [ 29.5761014, 60.2485011 ], [ 29.5760192, 60.2485944 ], [ 29.5758958, 60.2487733 ], [ 29.5758085, 60.2488799 ], [ 29.5757198, 60.2489672 ], [ 29.5756153, 60.2490832 ], [ 29.5755426, 60.249141 ], [ 29.5754549, 60.2491983 ], [ 29.5753294, 60.2492805 ], [ 29.57496, 60.2494995 ], [ 29.5748455, 60.249572 ], [ 29.5746928, 60.2496641 ] ] } },
{ "type": "Feature", "properties": { "u": 230199, "v": 237117, "key": 0, "osmid": "209040116", "lanes": "2", "ref": "41А-025", "name": "Привокзальная улица", "highway": "primary", "maxspeed": "RU:urban", "oneway": false, "reversed": "1", "length": 196.141, "bridge": null, "width": null, "access": null, "service": null }, "geometry": { "type": "LineString", "coordinates": [ [ 29.5763226, 60.2482964 ], [ 29.5764183, 60.2482204 ], [ 29.5764973, 60.2481729 ], [ 29.5775206, 60.247594 ], [ 29.5782654, 60.247184 ], [ 29.5784245, 60.2470828 ], [ 29.5786331, 60.2469578 ] ] } },
{ "type": "Feature", "properties": { "u": 237117, "v": 925959966, "key": 0, "osmid": "158413615", "lanes": "2", "ref": "41К-210", "name": "улица Сухотского", "highway": "tertiary", "maxspeed": "RU:urban", "oneway": false, "reversed": "0", "length": 130.506, "bridge": null, "width": null, "access": null, "service": null }, "geometry": { "type": "LineString", "coordinates": [ [ 29.5786331, 60.2469578 ], [ 29.5783664, 60.2468576 ], [ 29.5783121, 60.2468371 ], [ 29.5782593, 60.2468148 ], [ 29.5781055, 60.2468553 ], [ 29.5779049, 60.2468924 ], [ 29.5778727, 60.2469051 ], [ 29.5775006, 60.2470627 ], [ 29.5767531, 60.2473729 ] ] } },
{ "type": "Feature", "properties": { "u": 237117, "v": 230199, "key": 0, "osmid": "209040116", "lanes": "2", "ref": "41А-025", "name": "Привокзальная улица", "highway": "primary", "maxspeed": "RU:urban", "oneway": false, "reversed": "0", "length": 196.141, "bridge": null, "width": null, "access": null, "service": null }, "geometry": { "type": "LineString", "coordinates": [ [ 29.5786331, 60.2469578 ], [ 29.5784245, 60.2470828 ], [ 29.5782654, 60.247184 ], [ 29.5775206, 60.247594 ], [ 29.5764973, 60.2481729 ], [ 29.5764183, 60.2482204 ], [ 29.5763226, 60.2482964 ] ] } },
{ "type": "Feature", "properties": { "u": 237117, "v": 298011427, "key": 0, "osmid": "799453265", "lanes": "2", "ref": "41А-025", "name": "Привокзальная улица", "highway": "primary", "maxspeed": "RU:urban", "oneway": false, "reversed": "1", "length": 92.859, "bridge": null, "width": null, "access": null, "service": null }, "geometry": { "type": "LineString", "coordinates": [ [ 29.5786331, 60.2469578 ], [ 29.5787077, 60.2469116 ], [ 29.5791228, 60.2466983 ], [ 29.5797478, 60.2463328 ] ] } },
{ "type": "Feature", "properties": { "u": 6353731, "v": 883156116, "key": 0, "osmid": "160401561", "lanes": "2", "ref": "41А-025", "name": "Советская улица", "highway": "primary", "maxspeed": "40", "oneway": false, "reversed": "0", "length": 79.58, "bridge": null, "width": null, "access": null, "service": null }, "geometry": { "type": "LineString", "coordinates": [ [ 29.6279772, 60.2602002 ], [ 29.628449, 60.260465 ], [ 29.6288709, 60.2607607 ] ] } },
{ "type": "Feature", "properties": { "u": 6353731, "v": 859349668, "key": 0, "osmid": "160401561", "lanes": "2", "ref": "41А-025", "name": "Советская улица", "highway": "primary", "maxspeed": "40", "oneway": false, "reversed": "1", "length": 123.968, "bridge": null, "width": null, "access": null, "service": null }, "geometry": { "type": "LineString", "coordinates": [ [ 29.6279772, 60.2602002 ], [ 29.6277928, 60.2601155 ], [ 29.6270184, 60.2598664 ], [ 29.6269311, 60.2598379 ], [ 29.6265298, 60.2597176 ], [ 29.6261006, 60.2595906 ] ] } },
{ "type": "Feature", "properties": { "u": 6353731, "v": 496246345, "key": 0, "osmid": "1215468990", "lanes": "2", "ref": null, "name": "Лесная улица", "highway": "tertiary", "maxspeed": "RU:urban", "oneway": false, "reversed": "1", "length": 20.328, "bridge": null, "width": null, "access": null, "service": null }, "geometry": { "type": "LineString", "coordinates": [ [ 29.6279772, 60.2602002 ], [ 29.6280001, 60.2601691 ], [ 29.6281326, 60.2600346 ] ] } },
{ "type": "Feature", "properties": { "u": 98154623, "v": 1080626248, "key": 0, "osmid": "107948763", "lanes": "1", "ref": null, "name": "Молодёжная улица", "highway": "residential", "maxspeed": null, "oneway": true, "reversed": "0", "length": 92.535, "bridge": null, "width": null, "access": null, "service": null }, "geometry": { "type": "LineString", "coordinates": [ [ 29.622001, 60.2397535 ], [ 29.6211884, 60.2390256 ] ] } },
{ "type": "Feature", "properties": { "u": 98154623, "v": 98154624, "key": 0, "osmid": "126547072", "lanes": "1", "ref": null, "name": "улица Верхнее Рощино", "highway": "tertiary", "maxspeed": "RU:urban", "oneway": false, "reversed": "0", "length": 76.54, "bridge": null, "width": null, "access": null, "service": null }, "geometry": { "type": "LineString", "coordinates": [ [ 29.622001, 60.2397535 ], [ 29.6215151, 60.2403982 ] ] } },
{ "type": "Feature", "properties": { "u": 98154623, "v": 672555617, "key": 0, "osmid": "126547072", "lanes": "1", "ref": null, "name": "улица Верхнее Рощино", "highway": "tertiary", "maxspeed": "RU:urban", "oneway": false, "reversed": "1", "length": 111.259, "bridge": null, "width": null, "access": null, "service": null }, "geometry": { "type": "LineString", "coordinates": [ [ 29.622001, 60.2397535 ], [ 29.6226219, 60.2394846 ], [ 29.6234326, 60.2392278 ], [ 29.6236023, 60.2391507 ] ] } },
{ "type": "Feature", "properties": { "u": 98154624, "v": 98154623, "key": 0, "osmid": "126547072", "lanes": "1", "ref": null, "name": "улица Верхнее Рощино", "highway": "tertiary", "maxspeed": "RU:urban", "oneway": false, "reversed": "1", "length": 76.54, "bridge": null, "width": null, "access": null, "service": null }, "geometry": { "type": "LineString", "coordinates": [ [ 29.6215151, 60.2403982 ], [ 29.622001, 60.2397535 ] ] } },
{ "type": "Feature", "properties": { "u": 98154624, "v": 1080626269, "key": 0, "osmid": "93220610", "lanes": null, "ref": null, "name": "переулок Титова", "highway": "residential", "maxspeed": null, "oneway": false, "reversed": "1", "length": 255.634, "bridge": null, "width": null, "access": null, "service": null }, "geometry": { "type": "LineString", "coordinates": [ [ 29.6215151, 60.2403982 ], [ 29.6206157, 60.2401548 ], [ 29.6203957, 60.2401441 ], [ 29.6196078, 60.2398563 ], [ 29.6194409, 60.2397953 ], [ 29.6173245, 60.2400946 ] ] } },
{ "type": "Feature", "properties": { "u": 98154624, "v": 98154627, "key": 0, "osmid": "126547072", "lanes": "1", "ref": null, "name": "улица Верхнее Рощино", "highway": "tertiary", "maxspeed": "RU:urban", "oneway": false, "reversed": "0", "length": 153.379, "bridge": null, "width": null, "access": null, "service": null }, "geometry": { "type": "LineString", "coordinates": [ [ 29.6215151, 60.2403982 ], [ 29.621671, 60.2407077 ], [ 29.621649, 60.24087 ], [ 29.6215018, 60.2417647 ] ] } },
{ "type": "Feature", "properties": { "u": 98154627, "v": 858872390, "key": 0, "osmid": "126547072", "lanes": "1", "ref": null, "name": "улица Верхнее Рощино", "highway": "tertiary", "maxspeed": "RU:urban", "oneway": false, "reversed": "0", "length": 20.524, "bridge": null, "width": null, "access": null, "service": null }, "geometry": { "type": "LineString", "coordinates": [ [ 29.6215018, 60.2417647 ], [ 29.6214599, 60.2419481 ] ] } },
{ "type": "Feature", "properties": { "u": 98154627, "v": 1080608874, "key": 0, "osmid": "93219121", "lanes": "1", "ref": null, "name": "Светлая улица", "highway": "residential", "maxspeed": null, "oneway": false, "reversed": "1", "length": 290.538, "bridge": null, "width": "2", "access": null, "service": null }, "geometry": { "type": "LineString", "coordinates": [ [ 29.6215018, 60.2417647 ], [ 29.6212655, 60.2415886 ], [ 29.6210284, 60.2414876 ], [ 29.6203077, 60.2412071 ], [ 29.619785, 60.2410036 ], [ 29.6195313, 60.2409048 ], [ 29.6193356, 60.2408476 ], [ 29.6190995, 60.240851 ], [ 29.6184002, 60.2408955 ], [ 29.6182474, 60.2408742 ], [ 29.6181616, 60.24083 ], [ 29.618027, 60.2403999 ], [ 29.6177628, 60.2403346 ] ] } },
{ "type": "Feature", "properties": { "u": 98154627, "v": 98154624, "key": 0, "osmid": "126547072", "lanes": "1", "ref": null, "name": "улица Верхнее Рощино", "highway": "tertiary", "maxspeed": "RU:urban", "oneway": false, "reversed": "1", "length": 153.379, "bridge": null, "width": null, "access": null, "service": null }, "geometry": { "type": "LineString", "coordinates": [ [ 29.6215018, 60.2417647 ], [ 29.621649, 60.24087 ], [ 29.621671, 60.2407077 ], [ 29.6215151, 60.2403982 ] ] } },
{ "type": "Feature", "properties": { "u": 98154627, "v": 858872392, "key": 0, "lanes": null, "ref": null, "name": null, "highway": "residential", "maxspeed": "60", "oneway": false, "reversed": "0", "length": 279.835, "bridge": null, "width": null, "access": null, "service": null }, "geometry": { "type": "LineString", "coordinates": [ [ 29.6215018, 60.2417647 ], [ 29.621624, 60.2418253 ], [ 29.6232439, 60.2418975 ], [ 29.6241836, 60.2418643 ], [ 29.6250178, 60.241723 ], [ 29.6252509, 60.2416804 ], [ 29.6261967, 60.2416334 ], [ 29.6264453, 60.2416297 ] ] } },
{ "type": "Feature", "properties": { "u": 98154628, "v": 7393456394, "key": 0, "osmid": "122239837", "lanes": null, "ref": null, "name": "Подгорная улица", "highway": "residential", "maxspeed": "RU:urban", "oneway": false, "reversed": "0", "length": 298.864, "bridge": null, "width": null, "access": null, "service": null }, "geometry": { "type": "LineString", "coordinates": [ [ 29.6211939, 60.2429493 ], [ 29.6213284, 60.2430714 ], [ 29.6221899, 60.2438179 ], [ 29.6227914, 60.2442184 ], [ 29.6228426, 60.2442476 ], [ 29.6241284, 60.2452044 ] ] } },
{ "type": "Feature", "properties": { "u": 98154628, "v": 1495262646, "key": 0, "osmid": "126547072", "lanes": "1", "ref": null, "name": "улица Верхнее Рощино", "highway": "tertiary", "maxspeed": "RU:urban", "oneway": false, "reversed": "0", "length": 137.058, "bridge": null, "width": null, "access": null, "service": null }, "geometry": { "type": "LineString", "coordinates": [ [ 29.6211939, 60.2429493 ], [ 29.6208161, 60.2432236 ], [ 29.620344, 60.2434805 ], [ 29.619577, 60.243801 ], [ 29.6194954, 60.2438382 ] ] } },
{ "type": "Feature", "properties": { "u": 98154628, "v": 858872390, "key": 0, "osmid": "126547072", "lanes": "1", "ref": null, "name": "улица Верхнее Рощино", "highway": "tertiary", "maxspeed": "RU:urban", "oneway": false, "reversed": "1", "length": 112.318, "bridge": null, "width": null, "access": null, "service": null }, "geometry": { "type": "LineString", "coordinates": [ [ 29.6211939, 60.2429493 ], [ 29.6213654, 60.242386 ], [ 29.6214599, 60.2419481 ] ] } },
{ "type": "Feature", "properties": { "u": 98154633, "v": 1366581002, "key": 0, "osmid": "122239844", "lanes": null, "ref": null, "name": "Травяная улица", "highway": "residential", "maxspeed": null, "oneway": false, "reversed": "0", "length": 148.167, "bridge": null, "width": null, "access": null, "service": null }, "geometry": { "type": "LineString", "coordinates": [ [ 29.6184297, 60.244323 ], [ 29.6199358, 60.2454261 ] ] } },
{ "type": "Feature", "properties": { "u": 98154633, "v": 1239558361, "key": 0, "osmid": "126547072", "lanes": "1", "ref": null, "name": "улица Верхнее Рощино", "highway": "tertiary", "maxspeed": "RU:urban", "oneway": false, "reversed": "1", "length": 35.104, "bridge": null, "width": null, "access": null, "service": null }, "geometry": { "type": "LineString", "coordinates": [ [ 29.6184297, 60.244323 ], [ 29.6188981, 60.2441094 ] ] } },
{ "type": "Feature", "properties": { "u": 98154633, "v": 499052717, "key": 0, "osmid": "126547072", "lanes": "1", "ref": null, "name": "улица Верхнее Рощино", "highway": "tertiary", "maxspeed": "RU:urban", "oneway": false, "reversed": "0", "length": 308.858, "bridge": null, "width": null, "access": null, "service": null }, "geometry": { "type": "LineString", "coordinates": [ [ 29.6184297, 60.244323 ], [ 29.616649, 60.2457004 ], [ 29.6162941, 60.2466535 ], [ 29.6161868, 60.2468169 ] ] } },
{ "type": "Feature", "properties": { "u": 98154645, "v": 502894684, "key": 0, "osmid": "54649451", "lanes": null, "ref": null, "name": "Наклонная улица", "highway": "residential", "maxspeed": null, "oneway": false, "reversed": "1", "length": 149.71, "bridge": null, "width": null, "access": null, "service": null }, "geometry": { "type": "LineString", "coordinates": [ [ 29.6130537, 60.2483329 ], [ 29.6126151, 60.2481013 ], [ 29.6110346, 60.2474359 ] ] } },
{ "type": "Feature", "properties": { "u": 98154645, "v": 98154646, "key": 0, "osmid": "126547072", "lanes": "1", "ref": null, "name": "улица Верхнее Рощино", "highway": "tertiary", "maxspeed": "RU:urban", "oneway": false, "reversed": "0", "length": 84.015, "bridge": null, "width": null, "access": null, "service": null }, "geometry": { "type": "LineString", "coordinates": [ [ 29.6130537, 60.2483329 ], [ 29.6128939, 60.2483805 ], [ 29.6117478, 60.2487214 ] ] } },
{ "type": "Feature", "properties": { "u": 98154645, "v": 502896865, "key": 0, "osmid": "126547072", "lanes": "1", "ref": null, "name": "улица Верхнее Рощино", "highway": "tertiary", "maxspeed": "RU:urban", "oneway": false, "reversed": "1", "length": 139.375, "bridge": null, "width": null, "access": null, "service": null }, "geometry": { "type": "LineString", "coordinates": [ [ 29.6130537, 60.2483329 ], [ 29.6131295, 60.2483147 ], [ 29.6132956, 60.2482746 ], [ 29.6140201, 60.2480168 ], [ 29.6140547, 60.2480035 ], [ 29.6151021, 60.2476035 ] ] } },
{ "type": "Feature", "properties": { "u": 98154646, "v": 1461327562, "key": 0, "osmid": "126547072", "lanes": "1", "ref": null, "name": "улица Верхнее Рощино", "highway": "tertiary", "maxspeed": "RU:urban", "oneway": false, "reversed": "0", "length": 57.764, "bridge": null, "width": null, "access": null, "service": null }, "geometry": { "type": "LineString", "coordinates": [ [ 29.6117478, 60.2487214 ], [ 29.6108668, 60.249002 ] ] } },
{ "type": "Feature", "properties": { "u": 98154646, "v": 1074637565, "key": 0, "osmid": "27162128", "lanes": null, "ref": null, "name": "улица Гоголя", "highway": "residential", "maxspeed": null, "oneway": false, "reversed": "1", "length": 563.58, "bridge": null, "width": null, "access": null, "service": null }, "geometry": { "type": "LineString", "coordinates": [ [ 29.6117478, 60.2487214 ], [ 29.6084382, 60.2474383 ], [ 29.6073144, 60.24707 ], [ 29.6057074, 60.2463596 ], [ 29.6046194, 60.2459742 ], [ 29.6036671, 60.2456303 ] ] } },
{ "type": "Feature", "properties": { "u": 98154646, "v": 98154645, "key": 0, "osmid": "126547072", "lanes": "1", "ref": null, "name": "улица Верхнее Рощино", "highway": "tertiary", "maxspeed": "RU:urban", "oneway": false, "reversed": "1", "length": 84.015, "bridge": null, "width": null, "access": null, "service": null }, "geometry": { "type": "LineString", "coordinates": [ [ 29.6117478, 60.2487214 ], [ 29.6128939, 60.2483805 ], [ 29.6130537, 60.2483329 ] ] } },
{ "type": "Feature", "properties": { "u": 98154646, "v": 478230425, "key": 0, "osmid": "143180154", "lanes": "2", "ref": null, "name": "улица Гоголя", "highway": "tertiary", "maxspeed": null, "oneway": false, "reversed": "0", "length": 321.245, "bridge": null, "width": null, "access": null, "service": null }, "geometry": { "type": "LineString", "coordinates": [ [ 29.6117478, 60.2487214 ], [ 29.6135334, 60.2495648 ], [ 29.6143139, 60.2499334 ], [ 29.6160066, 60.2506909 ] ] } },
{ "type": "Feature", "properties": { "u": 98154652, "v": 4692616389, "key": 0, "osmid": "126547072", "lanes": "1", "ref": null, "name": "улица Верхнее Рощино", "highway": "tertiary", "maxspeed": "RU:urban", "oneway": false, "reversed": "0", "length": 131.566, "bridge": null, "width": null, "access": null, "service": null }, "geometry": { "type": "LineString", "coordinates": [ [ 29.6072256, 60.2501232 ], [ 29.6056283, 60.2510017 ] ] } },
{ "type": "Feature", "properties": { "u": 98154652, "v": 5714228690, "key": 0, "osmid": "126547072", "lanes": "1", "ref": null, "name": "улица Верхнее Рощино", "highway": "tertiary", "maxspeed": "RU:urban", "oneway": false, "reversed": "1", "length": 32.176, "bridge": null, "width": null, "access": null, "service": null }, "geometry": { "type": "LineString", "coordinates": [ [ 29.6072256, 60.2501232 ], [ 29.6075616, 60.2498867 ] ] } },
{ "type": "Feature", "properties": { "u": 98154652, "v": 690988225, "key": 0, "osmid": "157607179", "lanes": "1", "ref": null, "name": "Школьная улица", "highway": "residential", "maxspeed": null, "oneway": false, "reversed": "0", "length": 232.072, "bridge": null, "width": null, "access": null, "service": null }, "geometry": { "type": "LineString", "coordinates": [ [ 29.6072256, 60.2501232 ], [ 29.6073752, 60.2506603 ], [ 29.6074498, 60.2508504 ], [ 29.6074892, 60.2512719 ], [ 29.6076782, 60.2521964 ] ] } },
{ "type": "Feature", "properties": { "u": 98154661, "v": 506294409, "key": 0, "osmid": "71792679", "lanes": "2", "ref": null, "name": "Садовая улица", "highway": "residential", "maxspeed": null, "oneway": false, "reversed": "0", "length": 73.497, "bridge": null, "width": null, "access": null, "service": null }, "geometry": { "type": "LineString", "coordinates": [ [ 29.6029091, 60.2538609 ], [ 29.6042355, 60.2537994 ] ] } },
{ "type": "Feature", "properties": { "u": 98154661, "v": 98154663, "key": 0, "osmid": "54905363", "lanes": "2", "ref": null, "name": "Садовая улица", "highway": "tertiary", "maxspeed": "RU:urban", "oneway": false, "reversed": "1", "length": 85.476, "bridge": null, "width": null, "access": null, "service": null }, "geometry": { "type": "LineString", "coordinates": [ [ 29.6029091, 60.2538609 ], [ 29.6020744, 60.253913 ], [ 29.601408, 60.2539505 ], [ 29.6013711, 60.2539534 ] ] } },
{ "type": "Feature", "properties": { "u": 98154661, "v": 498391529, "key": 0, "osmid": "183990367", "lanes": "2", "ref": null, "name": "улица Шалавина", "highway": "tertiary", "maxspeed": "60", "oneway": false, "reversed": "1", "length": 159.462, "bridge": null, "width": null, "access": null, "service": null }, "geometry": { "type": "LineString", "coordinates": [ [ 29.6029091, 60.2538609 ], [ 29.602917, 60.2538112 ], [ 29.602987, 60.253607 ], [ 29.6029086, 60.2532185 ], [ 29.602749, 60.2529976 ], [ 29.6026382, 60.2528442 ], [ 29.6023736, 60.252478 ] ] } },
{ "type": "Feature", "properties": { "u": 98154663, "v": 98154679, "key": 0, "lanes": "2", "ref": null, "name": "улица Шалавина", "highway": "tertiary", "maxspeed": null, "oneway": false, "reversed": "0", "length": 347.061, "bridge": null, "width": null, "access": null, "service": null }, "geometry": { "type": "LineString", "coordinates": [ [ 29.6013711, 60.2539534 ], [ 29.6013872, 60.2539928 ], [ 29.6014353, 60.25411 ], [ 29.6014744, 60.2542053 ], [ 29.6017354, 60.2548415 ], [ 29.601833, 60.2550796 ], [ 29.6018801, 60.2551946 ], [ 29.6019608, 60.2553914 ], [ 29.6019718, 60.2554181 ], [ 29.6020476, 60.2556029 ], [ 29.6020765, 60.2556733 ], [ 29.60216, 60.2558768 ], [ 29.6023128, 60.2561644 ], [ 29.6023495, 60.2562434 ], [ 29.6023821, 60.2563308 ], [ 29.6025375, 60.2566799 ], [ 29.6026112, 60.2568225 ], [ 29.6026673, 60.256917 ], [ 29.6026854, 60.2569475 ], [ 29.6027172, 60.2570012 ] ] } },
{ "type": "Feature", "properties": { "u": 98154663, "v": 98154661, "key": 0, "osmid": "54905363", "lanes": "2", "ref": null, "name": "Садовая улица", "highway": "tertiary", "maxspeed": "RU:urban", "oneway": false, "reversed": "0", "length": 85.476, "bridge": null, "width": null, "access": null, "service": null }, "geometry": { "type": "LineString", "coordinates": [ [ 29.6013711, 60.2539534 ], [ 29.601408, 60.2539505 ], [ 29.6020744, 60.253913 ], [ 29.6029091, 60.2538609 ] ] } },
{ "type": "Feature", "properties": { "u": 98154663, "v": 98154664, "key": 0, "osmid": "54905363", "lanes": "2", "ref": null, "name": "Садовая улица", "highway": "tertiary", "maxspeed": "RU:urban", "oneway": false, "reversed": "1", "length": 138.128, "bridge": null, "width": null, "access": null, "service": null }, "geometry": { "type": "LineString", "coordinates": [ [ 29.6013711, 60.2539534 ], [ 29.6004512, 60.2539831 ], [ 29.6002945, 60.2539827 ], [ 29.5999588, 60.2539734 ], [ 29.5994301, 60.2539465 ], [ 29.599356, 60.2539433 ], [ 29.5988747, 60.2539228 ] ] } },
{ "type": "Feature", "properties": { "u": 98154664, "v": 506725915, "key": 0, "osmid": "27162127", "lanes": "2", "ref": null, "name": "Солнечная улица", "highway": "residential", "maxspeed": null, "oneway": false, "reversed": "0", "length": 117.329, "bridge": null, "width": null, "access": null, "service": null }, "geometry": { "type": "LineString", "coordinates": [ [ 29.5988747, 60.2539228 ], [ 29.5988098, 60.2538583 ], [ 29.598103, 60.2529399 ] ] } },
{ "type": "Feature", "properties": { "u": 98154664, "v": 98154663, "key": 0, "osmid": "54905363", "lanes": "2", "ref": null, "name": "Садовая улица", "highway": "tertiary", "maxspeed": "RU:urban", "oneway": false, "reversed": "0", "length": 138.128, "bridge": null, "width": null, "access": null, "service": null }, "geometry": { "type": "LineString", "coordinates": [ [ 29.5988747, 60.2539228 ], [ 29.599356, 60.2539433 ], [ 29.5994301, 60.2539465 ], [ 29.5999588, 60.2539734 ], [ 29.6002945, 60.2539827 ], [ 29.6004512, 60.2539831 ], [ 29.6013711, 60.2539534 ] ] } },
{ "type": "Feature", "properties": { "u": 98154664, "v": 506726738, "key": 0, "osmid": "54905363", "lanes": "2", "ref": null, "name": "Садовая улица", "highway": "tertiary", "maxspeed": "RU:urban", "oneway": false, "reversed": "1", "length": 60.305, "bridge": null, "width": null, "access": null, "service": null }, "geometry": { "type": "LineString", "coordinates": [ [ 29.5988747, 60.2539228 ], [ 29.5985867, 60.2539442 ], [ 29.5984063, 60.2539648 ], [ 29.5982634, 60.2539863 ], [ 29.5978281, 60.2540708 ] ] } },
{ "type": "Feature", "properties": { "u": 98154671, "v": 497961248, "key": 0, "osmid": "31387359", "lanes": "2", "ref": "41А-025", "name": "Железнодорожная улица", "highway": "primary", "maxspeed": "RU:urban", "oneway": false, "reversed": "0", "length": 11.504, "bridge": null, "width": null, "access": null, "service": null }, "geometry": { "type": "LineString", "coordinates": [ [ 29.5894311, 60.2565663 ], [ 29.5896308, 60.2565961 ] ] } },
{ "type": "Feature", "properties": { "u": 98154671, "v": 1797527484, "key": 0, "osmid": "31387359", "lanes": "2", "ref": "41А-025", "name": "Железнодорожная улица", "highway": "primary", "maxspeed": "RU:urban", "oneway": false, "reversed": "1", "length": 160.665, "bridge": null, "width": null, "access": null, "service": null }, "geometry": { "type": "LineString", "coordinates": [ [ 29.5894311, 60.2565663 ], [ 29.5891569, 60.2565254 ], [ 29.5889707, 60.2564977 ], [ 29.5866421, 60.2561502 ] ] } },
{ "type": "Feature", "properties": { "u": 98154671, "v": 620964701, "key": 0, "osmid": "54905363", "lanes": "2", "ref": null, "name": "Садовая улица", "highway": "tertiary", "maxspeed": "RU:urban", "oneway": false, "reversed": "0", "length": 406.004, "bridge": null, "width": null, "access": null, "service": null }, "geometry": { "type": "LineString", "coordinates": [ [ 29.5894311, 60.2565663 ], [ 29.5894967, 60.2564743 ], [ 29.5895587, 60.2564522 ], [ 29.59082, 60.2562042 ], [ 29.59104, 60.2561259 ], [ 29.5916721, 60.255859 ], [ 29.5920018, 60.2557051 ], [ 29.5923401, 60.2555571 ], [ 29.5925196, 60.2554786 ], [ 29.5933608, 60.2551219 ], [ 29.5934607, 60.2550785 ], [ 29.5938073, 60.2549495 ], [ 29.5942979, 60.2547988 ], [ 29.5952469, 60.2545896 ], [ 29.5954288, 60.2545511 ] ] } },
{ "type": "Feature", "properties": { "u": 98154679, "v": 230187, "key": 0, "osmid": "162341865", "lanes": "4", "ref": "41А-025", "name": "Советская улица", "highway": "primary", "maxspeed": "40", "oneway": false, "reversed": "0", "length": 36.156, "bridge": null, "width": null, "access": null, "service": null }, "geometry": { "type": "LineString", "coordinates": [ [ 29.6027172, 60.2570012 ], [ 29.6030937, 60.2569593 ], [ 29.6033568, 60.2569302 ] ] } },
{ "type": "Feature", "properties": { "u": 98154679, "v": 98154663, "key": 0, "lanes": "2", "ref": null, "name": "улица Шалавина", "highway": "tertiary", "maxspeed": null, "oneway": false, "reversed": "1", "length": 347.061, "bridge": null, "width": null, "access": null, "service": null }, "geometry": { "type": "LineString", "coordinates": [ [ 29.6027172, 60.2570012 ], [ 29.6026854, 60.2569475 ], [ 29.6026673, 60.256917 ], [ 29.6026112, 60.2568225 ], [ 29.6025375, 60.2566799 ], [ 29.6023821, 60.2563308 ], [ 29.6023495, 60.2562434 ], [ 29.6023128, 60.2561644 ], [ 29.60216, 60.2558768 ], [ 29.6020765, 60.2556733 ], [ 29.6020476, 60.2556029 ], [ 29.6019718, 60.2554181 ], [ 29.6019608, 60.2553914 ], [ 29.6018801, 60.2551946 ], [ 29.601833, 60.2550796 ], [ 29.6017354, 60.2548415 ], [ 29.6014744, 60.2542053 ], [ 29.6014353, 60.25411 ], [ 29.6013872, 60.2539928 ], [ 29.6013711, 60.2539534 ] ] } },
{ "type": "Feature", "properties": { "u": 98154679, "v": 858468554, "key": 0, "ref": "41А-025", "name": "Советская улица", "highway": "primary", "maxspeed": "40", "oneway": false, "reversed": "1", "length": 192.415, "bridge": null, "width": null, "access": null, "service": null }, "geometry": { "type": "LineString", "coordinates": [ [ 29.6027172, 60.2570012 ], [ 29.6021285, 60.2571068 ], [ 29.601906, 60.2571476 ], [ 29.6015791, 60.257225 ], [ 29.6010559, 60.2573228 ], [ 29.6006504, 60.2573998 ], [ 29.6004803, 60.2574328 ], [ 29.6001048, 60.2575027 ], [ 29.5998309, 60.2575532 ], [ 29.5997669, 60.2575635 ], [ 29.5997241, 60.2575704 ], [ 29.5994567, 60.2576134 ] ] } },
{ "type": "Feature", "properties": { "u": 98154687, "v": 506727211, "key": 0, "osmid": "157607178", "lanes": "1", "ref": null, "name": "Луговая улица", "highway": "residential", "maxspeed": null, "oneway": false, "reversed": "1", "length": 157.46, "bridge": null, "width": null, "access": null, "service": null }, "geometry": { "type": "LineString", "coordinates": [ [ 29.6097557, 60.2535436 ], [ 29.6095217, 60.2521323 ] ] } },
{ "type": "Feature", "properties": { "u": 98154687, "v": 1462867342, "key": 0, "osmid": "71792679", "lanes": "2", "ref": null, "name": "Садовая улица", "highway": "residential", "maxspeed": null, "oneway": false, "reversed": "0", "length": 130.656, "bridge": null, "width": null, "access": null, "service": null }, "geometry": { "type": "LineString", "coordinates": [ [ 29.6097557, 60.2535436 ], [ 29.6101878, 60.2535084 ], [ 29.6105938, 60.2534617 ], [ 29.6111311, 60.2533967 ], [ 29.611316, 60.2533786 ], [ 29.611787, 60.2532505 ], [ 29.6119785, 60.253183 ] ] } },
{ "type": "Feature", "properties": { "u": 98154687, "v": 478230422, "key": 0, "osmid": "71792679", "lanes": "2", "ref": null, "name": "Садовая улица", "highway": "residential", "maxspeed": null, "oneway": false, "reversed": "1", "length": 102.146, "bridge": null, "width": null, "access": null, "service": null }, "geometry": { "type": "LineString", "coordinates": [ [ 29.6097557, 60.2535436 ], [ 29.6089679, 60.2535801 ], [ 29.6079123, 60.2536291 ] ] } },
{ "type": "Feature", "properties": { "u": 98154695, "v": 98154720, "key": 0, "osmid": "145388716", "lanes": "2", "ref": null, "name": "Социалистическая улица", "highway": "tertiary", "maxspeed": "RU:urban", "oneway": false, "reversed": "0", "length": 558.921, "bridge": null, "width": null, "access": null, "service": null }, "geometry": { "type": "LineString", "coordinates": [ [ 29.6130579, 60.2541788 ], [ 29.6125645, 60.2542534 ], [ 29.6117936, 60.2543711 ], [ 29.6111971, 60.2544702 ], [ 29.6101311, 60.2546248 ], [ 29.6096718, 60.2547163 ], [ 29.6091977, 60.2547617 ], [ 29.608187, 60.2549589 ], [ 29.607344, 60.2551786 ], [ 29.6066586, 60.2554059 ], [ 29.6066228, 60.2554178 ], [ 29.606573, 60.255436 ], [ 29.6063073, 60.2555581 ], [ 29.6059736, 60.2557115 ], [ 29.6052438, 60.2560777 ], [ 29.605373, 60.256247 ], [ 29.6054268, 60.2563134 ], [ 29.6054674, 60.2563699 ], [ 29.6056226, 60.2566079 ], [ 29.6056365, 60.2566292 ], [ 29.605665, 60.2566712 ] ] } },
{ "type": "Feature", "properties": { "u": 98154695, "v": 297815099, "key": 0, "osmid": "145388716", "lanes": "2", "ref": null, "name": "Социалистическая улица", "highway": "tertiary", "maxspeed": "RU:urban", "oneway": false, "reversed": "1", "length": 43.886, "bridge": null, "width": null, "access": null, "service": null }, "geometry": { "type": "LineString", "coordinates": [ [ 29.6130579, 60.2541788 ], [ 29.6136038, 60.2540918 ], [ 29.6138171, 60.2540611 ] ] } },
{ "type": "Feature", "properties": { "u": 98154695, "v": 1462867342, "key": 0, "osmid": "185282693", "lanes": "2", "ref": null, "name": "Нагорная улица", "highway": "residential", "maxspeed": null, "oneway": false, "reversed": "1", "length": 125.726, "bridge": null, "width": null, "access": null, "service": null }, "geometry": { "type": "LineString", "coordinates": [ [ 29.6130579, 60.2541788 ], [ 29.6130078, 60.2541326 ], [ 29.6119785, 60.253183 ] ] } },
{ "type": "Feature", "properties": { "u": 98154720, "v": 98154695, "key": 0, "osmid": "145388716", "lanes": "2", "ref": null, "name": "Социалистическая улица", "highway": "tertiary", "maxspeed": "RU:urban", "oneway": false, "reversed": "1", "length": 558.921, "bridge": null, "width": null, "access": null, "service": null }, "geometry": { "type": "LineString", "coordinates": [ [ 29.605665, 60.2566712 ], [ 29.6056365, 60.2566292 ], [ 29.6056226, 60.2566079 ], [ 29.6054674, 60.2563699 ], [ 29.6054268, 60.2563134 ], [ 29.605373, 60.256247 ], [ 29.6052438, 60.2560777 ], [ 29.6059736, 60.2557115 ], [ 29.6063073, 60.2555581 ], [ 29.606573, 60.255436 ], [ 29.6066228, 60.2554178 ], [ 29.6066586, 60.2554059 ], [ 29.607344, 60.2551786 ], [ 29.608187, 60.2549589 ], [ 29.6091977, 60.2547617 ], [ 29.6096718, 60.2547163 ], [ 29.6101311, 60.2546248 ], [ 29.6111971, 60.2544702 ], [ 29.6117936, 60.2543711 ], [ 29.6125645, 60.2542534 ], [ 29.6130579, 60.2541788 ] ] } },
{ "type": "Feature", "properties": { "u": 98154720, "v": 1760693203, "key": 0, "lanes": "2", "ref": "41А-025", "name": "Советская улица", "highway": "primary", "maxspeed": "40", "oneway": false, "reversed": "0", "length": 516.661, "bridge": null, "width": null, "access": null, "service": null }, "geometry": { "type": "LineString", "coordinates": [ [ 29.605665, 60.2566712 ], [ 29.6062853, 60.2566089 ], [ 29.6065249, 60.2565869 ], [ 29.6066818, 60.2565722 ], [ 29.6070432, 60.2565392 ], [ 29.6076093, 60.256489 ], [ 29.6079852, 60.2564476 ], [ 29.6083901, 60.2564059 ], [ 29.6097483, 60.2562376 ], [ 29.610294, 60.2561775 ], [ 29.6105024, 60.25616 ], [ 29.6112611, 60.2560638 ], [ 29.6121468, 60.2559566 ], [ 29.6122228, 60.2559536 ], [ 29.6125685, 60.2559241 ], [ 29.6128227, 60.2559024 ], [ 29.613004, 60.2558947 ], [ 29.613216, 60.2558936 ], [ 29.6133846, 60.2558982 ], [ 29.6135067, 60.2558967 ], [ 29.6135831, 60.2559024 ], [ 29.6137779, 60.2559117 ], [ 29.6138958, 60.2559202 ], [ 29.6141332, 60.2559457 ], [ 29.6143712, 60.255981 ], [ 29.6148018, 60.2560743 ] ] } },
{ "type": "Feature", "properties": { "u": 98154720, "v": 230187, "key": 0, "ref": "41А-025", "name": "Советская улица", "highway": "primary", "oneway": false, "reversed": "1", "length": 130.553, "bridge": null, "width": null, "access": null, "service": null }, "geometry": { "type": "LineString", "coordinates": [ [ 29.605665, 60.2566712 ], [ 29.6055172, 60.2566857 ], [ 29.6048153, 60.2567656 ], [ 29.6036356, 60.2568973 ], [ 29.6033568, 60.2569302 ] ] } },
{ "type": "Feature", "properties": { "u": 297815051, "v": 497961320, "key": 0, "osmid": "155288887", "lanes": "2", "ref": null, "name": "Северный переулок", "highway": "residential", "maxspeed": "RU:urban", "oneway": false, "reversed": "0", "length": 57.908, "bridge": null, "width": null, "access": null, "service": null }, "geometry": { "type": "LineString", "coordinates": [ [ 29.5931982, 60.2589502 ], [ 29.5921816, 60.2588203 ] ] } },
{ "type": "Feature", "properties": { "u": 297815051, "v": 872288105, "key": 0, "osmid": "73598226", "lanes": null, "ref": null, "name": "2-я Советская улица", "highway": "residential", "maxspeed": "RU:urban", "oneway": false, "reversed": "0", "length": 130.624, "bridge": null, "width": null, "access": null, "service": null }, "geometry": { "type": "LineString", "coordinates": [ [ 29.5931982, 60.2589502 ], [ 29.5934777, 60.2590882 ], [ 29.5937875, 60.2593328 ], [ 29.5938749, 60.2595412 ], [ 29.5942928, 60.2599712 ] ] } },
{ "type": "Feature", "properties": { "u": 297815051, "v": 230188, "key": 0, "osmid": "110562134", "lanes": "2", "ref": null, "name": "Советская улица", "highway": "residential", "maxspeed": "RU:urban", "oneway": false, "reversed": "1", "length": 261.5, "bridge": null, "width": null, "access": null, "service": null }, "geometry": { "type": "LineString", "coordinates": [ [ 29.5931982, 60.2589502 ], [ 29.5934021, 60.2588562 ], [ 29.5955167, 60.2584136 ], [ 29.5963418, 60.2581776 ], [ 29.5966231, 60.2580602 ], [ 29.5971952, 60.2579065 ], [ 29.5972033, 60.2578601 ], [ 29.5972121, 60.2578094 ] ] } },
{ "type": "Feature", "properties": { "u": 297815069, "v": 1080634461, "key": 0, "osmid": "155288887", "lanes": "2", "ref": null, "name": "Северный переулок", "highway": "residential", "maxspeed": "RU:urban", "oneway": false, "reversed": "1", "length": 80.503, "bridge": null, "width": null, "access": null, "service": null }, "geometry": { "type": "LineString", "coordinates": [ [ 29.5887769, 60.2582798 ], [ 29.5901346, 60.2585453 ] ] } },
{ "type": "Feature", "properties": { "u": 297815069, "v": 497961172, "key": 0, "osmid": "39841874", "lanes": "2", "ref": null, "name": "Железнодорожный переулок", "highway": "residential", "maxspeed": "RU:urban", "oneway": false, "reversed": "0", "length": 104.383, "bridge": null, "width": null, "access": null, "service": null }, "geometry": { "type": "LineString", "coordinates": [ [ 29.5887769, 60.2582798 ], [ 29.589006, 60.2579274 ], [ 29.5892894, 60.2573766 ] ] } },
{ "type": "Feature", "properties": { "u": 297815069, "v": 477646868, "key": 0, "osmid": "155288887", "lanes": "2", "ref": null, "name": "Северный переулок", "highway": "residential", "maxspeed": "RU:urban", "oneway": false, "reversed": "0", "length": 400.209, "bridge": null, "width": null, "access": null, "service": null }, "geometry": { "type": "LineString", "coordinates": [ [ 29.5887769, 60.2582798 ], [ 29.5877454, 60.2579442 ], [ 29.5869848, 60.2577003 ], [ 29.5858481, 60.2571642 ], [ 29.5850755, 60.2567634 ], [ 29.5841191, 60.2564166 ], [ 29.5831924, 60.2560043 ] ] } },
{ "type": "Feature", "properties": { "u": 297815077, "v": 1836221808, "key": 0, "osmid": "172758838", "lanes": null, "ref": null, "name": "Дачный переулок", "highway": "residential", "maxspeed": null, "oneway": false, "reversed": "1", "length": 114.122, "bridge": null, "width": null, "access": null, "service": null }, "geometry": { "type": "LineString", "coordinates": [ [ 29.6059585, 60.2594107 ], [ 29.6042526, 60.2599914 ] ] } },
{ "type": "Feature", "properties": { "u": 297815077, "v": 230184, "key": 0, "osmid": "164736477", "lanes": "2", "ref": null, "name": "улица Кирова", "highway": "primary", "maxspeed": "RU:urban", "oneway": false, "reversed": "0", "length": 76.619, "bridge": null, "width": null, "access": null, "service": null }, "geometry": { "type": "LineString", "coordinates": [ [ 29.6059585, 60.2594107 ], [ 29.606347, 60.2595926 ], [ 29.606722, 60.2597597 ], [ 29.6068346, 60.2598262 ], [ 29.6068573, 60.2599126 ] ] } },
{ "type": "Feature", "properties": { "u": 297815077, "v": 230193, "key": 0, "osmid": "164736477", "lanes": "2", "ref": null, "name": "улица Кирова", "highway": "primary", "maxspeed": "RU:urban", "oneway": false, "reversed": "1", "length": 76.206, "bridge": null, "width": null, "access": null, "service": null }, "geometry": { "type": "LineString", "coordinates": [ [ 29.6059585, 60.2594107 ], [ 29.6057891, 60.2593365 ], [ 29.6056453, 60.2592721 ], [ 29.6049215, 60.2589579 ] ] } },
{ "type": "Feature", "properties": { "u": 297815079, "v": 858468953, "key": 0, "osmid": "54905412", "lanes": "2", "ref": "41К-090", "name": "Песочная улица", "highway": "primary", "maxspeed": "40", "oneway": false, "reversed": "0", "length": 109.113, "bridge": null, "width": null, "access": null, "service": null }, "geometry": { "type": "LineString", "coordinates": [ [ 29.6059181, 60.2609454 ], [ 29.6050416, 60.2618251 ] ] } },
{ "type": "Feature", "properties": { "u": 297815079, "v": 230184, "key": 0, "osmid": "54905412", "lanes": "2", "ref": "41К-090", "name": "Песочная улица", "highway": "primary", "maxspeed": "40", "oneway": false, "reversed": "1", "length": 126.387, "bridge": null, "width": null, "access": null, "service": null }, "geometry": { "type": "LineString", "coordinates": [ [ 29.6059181, 60.2609454 ], [ 29.6067849, 60.2600492 ], [ 29.6068403, 60.2599835 ], [ 29.6068573, 60.2599126 ] ] } },
{ "type": "Feature", "properties": { "u": 297815079, "v": 297815082, "key": 0, "osmid": "172758842", "lanes": null, "ref": null, "name": "Пионерская улица", "highway": "residential", "maxspeed": null, "oneway": false, "reversed": "1", "length": 188.529, "bridge": null, "width": null, "access": null, "service": null }, "geometry": { "type": "LineString", "coordinates": [ [ 29.6059181, 60.2609454 ], [ 29.6049061, 60.2606551 ], [ 29.6039808, 60.2604422 ], [ 29.6035989, 60.2603376 ], [ 29.6029065, 60.2601462 ] ] } },
{ "type": "Feature", "properties": { "u": 297815082, "v": 230193, "key": 0, "lanes": "2", "ref": null, "name": "Заречная улица", "oneway": false, "length": 172.678, "bridge": null, "width": null, "access": null, "service": null }, "geometry": { "type": "LineString", "coordinates": [ [ 29.6029065, 60.2601462 ], [ 29.6041281, 60.2594353 ], [ 29.6048519, 60.2590019 ], [ 29.6048676, 60.2589903 ], [ 29.6049215, 60.2589579 ] ] } },
{ "type": "Feature", "properties": { "u": 297815082, "v": 858194561, "key": 0, "osmid": "72235475", "lanes": "2", "ref": null, "name": "Заречная улица", "highway": "unclassified", "maxspeed": "RU:urban", "oneway": false, "reversed": "1", "length": 149.997, "bridge": null, "width": null, "access": null, "service": null }, "geometry": { "type": "LineString", "coordinates": [ [ 29.6029065, 60.2601462 ], [ 29.602234, 60.2606556 ], [ 29.6018005, 60.2609508 ], [ 29.6013557, 60.2612538 ] ] } },
{ "type": "Feature", "properties": { "u": 297815082, "v": 297815079, "key": 0, "osmid": "172758842", "lanes": null, "ref": null, "name": "Пионерская улица", "highway": "residential", "maxspeed": null, "oneway": false, "reversed": "0", "length": 188.529, "bridge": null, "width": null, "access": null, "service": null }, "geometry": { "type": "LineString", "coordinates": [ [ 29.6029065, 60.2601462 ], [ 29.6035989, 60.2603376 ], [ 29.6039808, 60.2604422 ], [ 29.6049061, 60.2606551 ], [ 29.6059181, 60.2609454 ] ] } },
{ "type": "Feature", "properties": { "u": 297815099, "v": 1760693203, "key": 0, "osmid": "31398014", "lanes": "2", "ref": null, "name": "улица Филиппова", "highway": "tertiary", "maxspeed": "RU:urban", "oneway": false, "reversed": "0", "length": 231.139, "bridge": null, "width": null, "access": null, "service": null }, "geometry": { "type": "LineString", "coordinates": [ [ 29.6138171, 60.2540611 ], [ 29.6139213, 60.254252 ], [ 29.6142597, 60.2548121 ], [ 29.6147075, 60.2555919 ], [ 29.6147603, 60.2557426 ], [ 29.6147669, 60.2557834 ], [ 29.6147987, 60.2560063 ], [ 29.6148018, 60.2560743 ] ] } },
{ "type": "Feature", "properties": { "u": 297815099, "v": 98154695, "key": 0, "osmid": "145388716", "lanes": "2", "ref": null, "name": "Социалистическая улица", "highway": "tertiary", "maxspeed": "RU:urban", "oneway": false, "reversed": "0", "length": 43.886, "bridge": null, "width": null, "access": null, "service": null }, "geometry": { "type": "LineString", "coordinates": [ [ 29.6138171, 60.2540611 ], [ 29.6136038, 60.2540918 ], [ 29.6130579, 60.2541788 ] ] } },
{ "type": "Feature", "properties": { "u": 297815099, "v": 498366248, "key": 0, "osmid": "164428730", "lanes": "2", "ref": null, "name": "Социалистическая улица", "highway": "tertiary", "maxspeed": "RU:urban", "oneway": false, "reversed": "1", "length": 60.288, "bridge": null, "width": null, "access": null, "service": null }, "geometry": { "type": "LineString", "coordinates": [ [ 29.6138171, 60.2540611 ], [ 29.6141294, 60.2540135 ], [ 29.6145102, 60.2539209 ], [ 29.6148049, 60.2538348 ] ] } },
{ "type": "Feature", "properties": { "u": 297819227, "v": 858468953, "key": 0, "osmid": "54905412", "lanes": "2", "ref": "41К-090", "name": "Песочная улица", "highway": "primary", "maxspeed": "40", "oneway": false, "reversed": "1", "length": 498.987, "bridge": null, "width": null, "access": null, "service": null }, "geometry": { "type": "LineString", "coordinates": [ [ 29.6009576, 60.2658287 ], [ 29.6023908, 60.2645008 ], [ 29.6050416, 60.2618251 ] ] } },
{ "type": "Feature", "properties": { "u": 297819227, "v": 1404558863, "key": 0, "osmid": "172653023", "lanes": null, "ref": null, "name": null, "highway": "unclassified", "maxspeed": null, "oneway": false, "reversed": "0", "length": 233.664, "bridge": null, "width": null, "access": null, "service": null }, "geometry": { "type": "LineString", "coordinates": [ [ 29.6009576, 60.2658287 ], [ 29.600746, 60.2658531 ], [ 29.5992553, 60.2655052 ], [ 29.5990498, 60.2654558 ], [ 29.5971242, 60.2649885 ] ] } },
{ "type": "Feature", "properties": { "u": 298009672, "v": 500315727, "key": 0, "osmid": "41054159", "lanes": null, "ref": null, "name": "переулок Связи", "highway": "residential", "maxspeed": null, "oneway": false, "reversed": "0", "length": 268.373, "bridge": null, "width": null, "access": null, "service": null }, "geometry": { "type": "LineString", "coordinates": [ [ 29.615585, 60.2535057 ], [ 29.6156531, 60.2535314 ], [ 29.6160927, 60.2537787 ], [ 29.6163752, 60.2539882 ], [ 29.6166471, 60.2542952 ], [ 29.6167627, 60.2545339 ], [ 29.6168692, 60.2548036 ], [ 29.6170515, 60.2553177 ], [ 29.6172977, 60.2557108 ] ] } },
{ "type": "Feature", "properties": { "u": 298009672, "v": 498366248, "key": 0, "osmid": "164428730", "lanes": "2", "ref": null, "name": "Социалистическая улица", "highway": "tertiary", "maxspeed": "RU:urban", "oneway": false, "reversed": "0", "length": 56.598, "bridge": null, "width": null, "access": null, "service": null }, "geometry": { "type": "LineString", "coordinates": [ [ 29.615585, 60.2535057 ], [ 29.6153222, 60.2536303 ], [ 29.6150348, 60.2537551 ], [ 29.6148049, 60.2538348 ] ] } },
{ "type": "Feature", "properties": { "u": 298009672, "v": 498349007, "key": 0, "osmid": "164428730", "lanes": "2", "ref": null, "name": "Социалистическая улица", "highway": "tertiary", "maxspeed": "RU:urban", "oneway": false, "reversed": "1", "length": 46.406, "bridge": null, "width": null, "access": null, "service": null }, "geometry": { "type": "LineString", "coordinates": [ [ 29.615585, 60.2535057 ], [ 29.6157892, 60.2534004 ], [ 29.6161459, 60.2531949 ] ] } },
{ "type": "Feature", "properties": { "u": 298009688, "v": 478230437, "key": 0, "osmid": "85958828", "lanes": "2", "ref": null, "name": "Социалистическая улица", "highway": "tertiary", "maxspeed": "RU:urban", "oneway": false, "reversed": "0", "length": 99.74, "bridge": null, "width": null, "access": null, "service": null }, "geometry": { "type": "LineString", "coordinates": [ [ 29.628434, 60.2459038 ], [ 29.628336, 60.2459908 ], [ 29.6282281, 60.246111 ], [ 29.6281589, 60.2461975 ], [ 29.6280983, 60.2463006 ], [ 29.6280471, 60.2464059 ], [ 29.6278612, 60.2467507 ] ] } },
{ "type": "Feature", "properties": { "u": 298009688, "v": 883185909, "key": 0, "lanes": "2", "ref": null, "name": "Социалистическая улица", "highway": "tertiary", "oneway": false, "length": 197.836, "bridge": null, "width": null, "access": null, "service": null }, "geometry": { "type": "LineString", "coordinates": [ [ 29.628434, 60.2459038 ], [ 29.6285177, 60.2458301 ], [ 29.6286064, 60.245752 ], [ 29.628784, 60.2455998 ], [ 29.628903, 60.2454978 ], [ 29.6290129, 60.2454036 ], [ 29.6291488, 60.2452325 ], [ 29.6293254, 60.2450791 ], [ 29.6294878, 60.2449558 ], [ 29.6296946, 60.244815 ], [ 29.6298915, 60.244702 ], [ 29.6301386, 60.2445858 ], [ 29.6304531, 60.2444578 ] ] } },
{ "type": "Feature", "properties": { "u": 298009688, "v": 1214456775, "key": 0, "lanes": null, "ref": null, "highway": "unclassified", "maxspeed": null, "oneway": false, "length": 729.57, "bridge": null, "width": null, "access": null, "service": null }, "geometry": { "type": "LineString", "coordinates": [ [ 29.628434, 60.2459038 ], [ 29.6285987, 60.2459235 ], [ 29.6288164, 60.2460508 ], [ 29.6290701, 60.2461588 ], [ 29.6294253, 60.2463111 ], [ 29.6298802, 60.2465026 ], [ 29.6303352, 60.2467194 ], [ 29.6307837, 60.2469493 ], [ 29.6309389, 60.2470396 ], [ 29.6310811, 60.2471157 ], [ 29.6312503, 60.2471935 ], [ 29.6318121, 60.2474358 ], [ 29.63278, 60.2477994 ], [ 29.6330058, 60.2479307 ], [ 29.6332256, 60.2480289 ], [ 29.6334021, 60.2481052 ], [ 29.6335359, 60.2481644 ], [ 29.6337957, 60.2482764 ], [ 29.6369713, 60.249582 ], [ 29.6369523, 60.2497205 ], [ 29.6369533, 60.2501034 ], [ 29.6369424, 60.2502355 ], [ 29.6368353, 60.2503296 ], [ 29.6366357, 60.2504675 ] ] } },
{ "type": "Feature", "properties": { "u": 298009692, "v": 858872373, "key": 0, "osmid": "92644374", "lanes": null, "ref": null, "name": "Социалистическая улица", "highway": "residential", "maxspeed": null, "oneway": false, "reversed": "1", "length": 14.046, "bridge": null, "width": null, "access": null, "service": null }, "geometry": { "type": "LineString", "coordinates": [ [ 29.6337448, 60.2435567 ], [ 29.6334903, 60.2435556 ] ] } },
{ "type": "Feature", "properties": { "u": 298009692, "v": 883186091, "key": 0, "osmid": "41213989", "lanes": null, "ref": null, "name": "Боровая улица", "highway": "residential", "maxspeed": null, "oneway": false, "reversed": "1", "length": 95.696, "bridge": null, "width": null, "access": null, "service": null }, "geometry": { "type": "LineString", "coordinates": [ [ 29.6337448, 60.2435567 ], [ 29.6339412, 60.2436651 ], [ 29.6346037, 60.2439727 ], [ 29.6350086, 60.2441448 ] ] } },
{ "type": "Feature", "properties": { "u": 298009692, "v": 1685435070, "key": 0, "osmid": "173492747", "lanes": null, "ref": null, "name": "Социалистическая улица", "highway": "residential", "maxspeed": null, "oneway": false, "reversed": "0", "length": 172.612, "bridge": null, "width": null, "access": null, "service": null }, "geometry": { "type": "LineString", "coordinates": [ [ 29.6337448, 60.2435567 ], [ 29.6346125, 60.243559 ], [ 29.6368719, 60.2435853 ] ] } },
{ "type": "Feature", "properties": { "u": 298011427, "v": 527346506, "key": 0, "osmid": "54905305", "lanes": "2", "ref": null, "name": "Вокзальная улица", "highway": "tertiary", "maxspeed": "60", "oneway": false, "reversed": "0", "length": 234.65, "bridge": null, "width": null, "access": null, "service": null }, "geometry": { "type": "LineString", "coordinates": [ [ 29.5797478, 60.2463328 ], [ 29.5798783, 60.2463805 ], [ 29.5800126, 60.2463954 ], [ 29.5820431, 60.2466206 ], [ 29.5830842, 60.2467361 ], [ 29.5838716, 60.2468196 ] ] } },
{ "type": "Feature", "properties": { "u": 298011427, "v": 237117, "key": 0, "osmid": "799453265", "lanes": "2", "ref": "41А-025", "name": "Привокзальная улица", "highway": "primary", "maxspeed": "RU:urban", "oneway": false, "reversed": "0", "length": 92.859, "bridge": null, "width": null, "access": null, "service": null }, "geometry": { "type": "LineString", "coordinates": [ [ 29.5797478, 60.2463328 ], [ 29.5791228, 60.2466983 ], [ 29.5787077, 60.2469116 ], [ 29.5786331, 60.2469578 ] ] } },
{ "type": "Feature", "properties": { "u": 298011435, "v": 506291508, "key": 0, "osmid": "40963175", "lanes": "2", "ref": null, "name": "Южная улица", "highway": "residential", "maxspeed": null, "oneway": false, "reversed": "0", "length": 151.101, "bridge": null, "width": null, "access": null, "service": null }, "geometry": { "type": "LineString", "coordinates": [ [ 29.601405, 60.2466374 ], [ 29.6011982, 60.2465034 ], [ 29.6009456, 60.2463421 ], [ 29.6005009, 60.2461229 ], [ 29.6001238, 60.2458961 ], [ 29.5998395, 60.2457338 ], [ 29.5995954, 60.2456208 ] ] } },
{ "type": "Feature", "properties": { "u": 298011435, "v": 1835391266, "key": 0, "lanes": "2", "ref": null, "highway": "tertiary", "maxspeed": "60", "oneway": false, "reversed": "0", "length": 20.178, "bridge": null, "width": null, "access": null, "service": null }, "geometry": { "type": "LineString", "coordinates": [ [ 29.601405, 60.2466374 ], [ 29.6014961, 60.2466767 ], [ 29.6016676, 60.2467635 ] ] } },
{ "type": "Feature", "properties": { "u": 298011435, "v": 527346508, "key": 0, "osmid": "54905305", "lanes": "2", "ref": null, "name": "Вокзальная улица", "highway": "tertiary", "maxspeed": "60", "oneway": false, "reversed": "1", "length": 114.086, "bridge": null, "width": null, "access": null, "service": null }, "geometry": { "type": "LineString", "coordinates": [ [ 29.601405, 60.2466374 ], [ 29.6009149, 60.2466255 ], [ 29.6002615, 60.2466155 ], [ 29.5993386, 60.2466074 ] ] } },
{ "type": "Feature", "properties": { "u": 298011450, "v": 528141903, "key": 0, "osmid": "160219223", "lanes": "1", "ref": null, "name": "Кольцевая улица", "highway": "residential", "maxspeed": null, "oneway": false, "reversed": "0", "length": 43.391, "bridge": null, "width": null, "access": null, "service": null }, "geometry": { "type": "LineString", "coordinates": [ [ 29.6001833, 60.2507946 ], [ 29.5994589, 60.2509465 ] ] } },
{ "type": "Feature", "properties": { "u": 298011450, "v": 498391529, "key": 0, "osmid": "183990367", "lanes": "2", "ref": null, "name": "улица Шалавина", "highway": "tertiary", "maxspeed": "60", "oneway": false, "reversed": "0", "length": 226.138, "bridge": null, "width": null, "access": null, "service": null }, "geometry": { "type": "LineString", "coordinates": [ [ 29.6001833, 60.2507946 ], [ 29.6005503, 60.2511297 ], [ 29.6009915, 60.25135 ], [ 29.6012747, 60.2514822 ], [ 29.601618, 60.2516789 ], [ 29.6019023, 60.2518881 ], [ 29.6022397, 60.2522491 ], [ 29.6023736, 60.252478 ] ] } },
{ "type": "Feature", "properties": { "u": 298011450, "v": 528141776, "key": 0, "osmid": "183990367", "lanes": "2", "ref": null, "name": "улица Шалавина", "highway": "tertiary", "maxspeed": "60", "oneway": false, "reversed": "1", "length": 246.746, "bridge": null, "width": null, "access": null, "service": null }, "geometry": { "type": "LineString", "coordinates": [ [ 29.6001833, 60.2507946 ], [ 29.6001031, 60.2506655 ], [ 29.6001205, 60.2504627 ], [ 29.6003452, 60.2501095 ], [ 29.6007709, 60.2496318 ], [ 29.6010994, 60.2493049 ], [ 29.6014126, 60.2489717 ], [ 29.6014669, 60.2488835 ], [ 29.6014942, 60.248721 ] ] } },
{ "type": "Feature", "properties": { "u": 298011454, "v": 506725915, "key": 0, "osmid": "27162127", "lanes": "2", "ref": null, "name": "Солнечная улица", "highway": "residential", "maxspeed": null, "oneway": false, "reversed": "1", "length": 185.544, "bridge": null, "width": null, "access": null, "service": null }, "geometry": { "type": "LineString", "coordinates": [ [ 29.5970281, 60.2513588 ], [ 29.598103, 60.2529399 ] ] } },
{ "type": "Feature", "properties": { "u": 298011454, "v": 527345777, "key": 0, "osmid": "160219223", "lanes": "1", "ref": null, "name": "Кольцевая улица", "highway": "residential", "maxspeed": null, "oneway": false, "reversed": "1", "length": 51.292, "bridge": null, "width": null, "access": null, "service": null }, "geometry": { "type": "LineString", "coordinates": [ [ 29.5970281, 60.2513588 ], [ 29.597902, 60.2512015 ] ] } },
{ "type": "Feature", "properties": { "u": 298011454, "v": 854525478, "key": 0, "osmid": "160219223", "lanes": "1", "ref": null, "name": "Кольцевая улица", "highway": "residential", "maxspeed": null, "oneway": false, "reversed": "0", "length": 68.456, "bridge": null, "width": null, "access": null, "service": null }, "geometry": { "type": "LineString", "coordinates": [ [ 29.5970281, 60.2513588 ], [ 29.5963788, 60.2514536 ], [ 29.5958299, 60.2515177 ] ] } },
{ "type": "Feature", "properties": { "u": 298011457, "v": 478230425, "key": 0, "osmid": "143180154", "lanes": "2", "ref": null, "name": "улица Гоголя", "highway": "tertiary", "maxspeed": null, "oneway": false, "reversed": "1", "length": 191.483, "bridge": null, "width": null, "access": null, "service": null }, "geometry": { "type": "LineString", "coordinates": [ [ 29.6185516, 60.251861 ], [ 29.6174539, 60.2513294 ], [ 29.6160066, 60.2506909 ] ] } },
{ "type": "Feature", "properties": { "u": 298011457, "v": 499031142, "key": 0, "osmid": "164428730", "lanes": "2", "ref": null, "name": "Социалистическая улица", "highway": "tertiary", "maxspeed": "RU:urban", "oneway": false, "reversed": "0", "length": 40.693, "bridge": null, "width": null, "access": null, "service": null }, "geometry": { "type": "LineString", "coordinates": [ [ 29.6185516, 60.251861 ], [ 29.618539, 60.2518674 ], [ 29.6180377, 60.2521235 ] ] } },
{ "type": "Feature", "properties": { "u": 298011457, "v": 500841122, "key": 0, "osmid": "164428730", "lanes": "2", "ref": null, "name": "Социалистическая улица", "highway": "tertiary", "maxspeed": "RU:urban", "oneway": false, "reversed": "1", "length": 50.443, "bridge": null, "width": null, "access": null, "service": null }, "geometry": { "type": "LineString", "coordinates": [ [ 29.6185516, 60.251861 ], [ 29.6186637, 60.2518076 ], [ 29.6187834, 60.251753 ], [ 29.6192239, 60.2515536 ] ] } },
{ "type": "Feature", "properties": { "u": 298011459, "v": 1835391266, "key": 0, "osmid": "27162130", "lanes": null, "ref": null, "name": "Вокзальная улица", "highway": "residential", "maxspeed": "60", "oneway": false, "reversed": "0", "length": 16.53, "bridge": null, "width": null, "access": null, "service": null }, "geometry": { "type": "LineString", "coordinates": [ [ 29.601961, 60.246787 ], [ 29.601863, 60.2467835 ], [ 29.6017607, 60.2467798 ], [ 29.6016676, 60.2467635 ] ] } },
{ "type": "Feature", "properties": { "u": 298011459, "v": 1074637565, "key": 0, "osmid": "41745166", "lanes": null, "ref": null, "name": "Восточная улица", "highway": "residential", "maxspeed": "60", "oneway": false, "reversed": "0", "length": 160.605, "bridge": null, "width": null, "access": null, "service": null }, "geometry": { "type": "LineString", "coordinates": [ [ 29.601961, 60.246787 ], [ 29.6021319, 60.2466671 ], [ 29.6027793, 60.2462785 ], [ 29.6031386, 60.2460628 ], [ 29.6033059, 60.2459688 ], [ 29.6034773, 60.2458612 ], [ 29.6035602, 60.2457921 ], [ 29.6036076, 60.245731 ], [ 29.6036671, 60.2456303 ] ] } },
{ "type": "Feature", "properties": { "u": 298011459, "v": 1074637544, "key": 0, "osmid": "143323432", "lanes": null, "ref": null, "name": "Вокзальная улица", "highway": "residential", "maxspeed": null, "oneway": false, "reversed": "0", "length": 493.432, "bridge": null, "width": null, "access": null, "service": null }, "geometry": { "type": "LineString", "coordinates": [ [ 29.601961, 60.246787 ], [ 29.6021837, 60.2468411 ], [ 29.6032873, 60.2471526 ], [ 29.6056895, 60.2480189 ], [ 29.6065838, 60.2483923 ], [ 29.6070223, 60.2485732 ], [ 29.6072735, 60.2487512 ], [ 29.6077262, 60.2489733 ], [ 29.608487, 60.2492405 ], [ 29.6090857, 60.2494295 ] ] } },
{ "type": "Feature", "properties": { "u": 298011466, "v": 1301582912, "key": 0, "osmid": "41745166", "lanes": null, "ref": null, "name": "Восточная улица", "highway": "residential", "maxspeed": "60", "oneway": false, "reversed": "0", "length": 164.651, "bridge": null, "width": null, "access": null, "service": null }, "geometry": { "type": "LineString", "coordinates": [ [ 29.6046019, 60.2447756 ], [ 29.6049708, 60.2446294 ], [ 29.6054653, 60.2445353 ], [ 29.6059619, 60.2443991 ], [ 29.6062472, 60.2443133 ], [ 29.6064671, 60.2442472 ], [ 29.6068506, 60.2441239 ], [ 29.6071638, 60.2440291 ] ] } },
{ "type": "Feature", "properties": { "u": 298011466, "v": 1074637565, "key": 0, "osmid": "41745166", "lanes": null, "ref": null, "name": "Восточная улица", "highway": "residential", "maxspeed": "60", "oneway": false, "reversed": "1", "length": 111.935, "bridge": null, "width": null, "access": null, "service": null }, "geometry": { "type": "LineString", "coordinates": [ [ 29.6046019, 60.2447756 ], [ 29.604353, 60.2448949 ], [ 29.6041114, 60.2450033 ], [ 29.6039974, 60.2450721 ], [ 29.603895, 60.2451927 ], [ 29.6038214, 60.2453111 ], [ 29.6037721, 60.2454724 ], [ 29.6036671, 60.2456303 ] ] } },
{ "type": "Feature", "properties": { "u": 298011466, "v": 502893154, "key": 0, "osmid": "54649451", "lanes": null, "ref": null, "name": "Наклонная улица", "highway": "residential", "maxspeed": null, "oneway": false, "reversed": "0", "length": 264.21, "bridge": null, "width": null, "access": null, "service": null }, "geometry": { "type": "LineString", "coordinates": [ [ 29.6046019, 60.2447756 ], [ 29.6060166, 60.2453491 ], [ 29.6083007, 60.2462843 ] ] } },
{ "type": "Feature", "properties": { "u": 298018366, "v": 298018367, "key": 0, "osmid": "155288888", "lanes": null, "ref": null, "name": null, "highway": "unclassified", "maxspeed": null, "oneway": false, "reversed": "0", "length": 35.579, "bridge": null, "width": null, "access": null, "service": null }, "geometry": { "type": "LineString", "coordinates": [ [ 29.5741608, 60.2494848 ], [ 29.5743495, 60.2495573 ], [ 29.5745665, 60.2496167 ], [ 29.5746069, 60.249632 ], [ 29.5746928, 60.2496641 ] ] } },
{ "type": "Feature", "properties": { "u": 298018367, "v": 298018366, "key": 0, "osmid": "155288888", "lanes": null, "ref": null, "name": null, "highway": "unclassified", "maxspeed": null, "oneway": false, "reversed": "1", "length": 35.579, "bridge": null, "width": null, "access": null, "service": null }, "geometry": { "type": "LineString", "coordinates": [ [ 29.5746928, 60.2496641 ], [ 29.5746069, 60.249632 ], [ 29.5745665, 60.2496167 ], [ 29.5743495, 60.2495573 ], [ 29.5741608, 60.2494848 ] ] } },
{ "type": "Feature", "properties": { "u": 298018367, "v": 478230374, "key": 0, "lanes": "2", "ref": "41А-025", "name": "Привокзальная улица", "highway": "primary", "maxspeed": "RU:urban", "oneway": false, "reversed": "0", "length": 32.067, "bridge": null, "width": null, "access": null, "service": null }, "geometry": { "type": "LineString", "coordinates": [ [ 29.5746928, 60.2496641 ], [ 29.5745779, 60.249738 ], [ 29.5743372, 60.2498922 ] ] } },
{ "type": "Feature", "properties": { "u": 298018367, "v": 230199, "key": 0, "lanes": "2", "ref": "41А-025", "name": "Привокзальная улица", "highway": "primary", "maxspeed": "RU:urban", "oneway": false, "reversed": "1", "length": 178.277, "bridge": null, "width": null, "access": null, "service": null }, "geometry": { "type": "LineString", "coordinates": [ [ 29.5746928, 60.2496641 ], [ 29.5748455, 60.249572 ], [ 29.57496, 60.2494995 ], [ 29.5753294, 60.2492805 ], [ 29.5754549, 60.2491983 ], [ 29.5755426, 60.249141 ], [ 29.5756153, 60.2490832 ], [ 29.5757198, 60.2489672 ], [ 29.5758085, 60.2488799 ], [ 29.5758958, 60.2487733 ], [ 29.5760192, 60.2485944 ], [ 29.5761014, 60.2485011 ], [ 29.5761867, 60.2484203 ], [ 29.5763226, 60.2482964 ] ] } },
{ "type": "Feature", "properties": { "u": 477646868, "v": 1836221784, "key": 0, "osmid": "31374932", "lanes": "2", "ref": null, "name": null, "highway": "unclassified", "maxspeed": "RU:urban", "oneway": false, "reversed": "0", "length": 38.218, "bridge": null, "width": null, "access": null, "service": null }, "geometry": { "type": "LineString", "coordinates": [ [ 29.5831924, 60.2560043 ], [ 29.583455, 60.2557941 ], [ 29.5835689, 60.255716 ] ] } },
{ "type": "Feature", "properties": { "u": 477646868, "v": 297815069, "key": 0, "osmid": "155288887", "lanes": "2", "ref": null, "name": "Северный переулок", "highway": "residential", "maxspeed": "RU:urban", "oneway": false, "reversed": "1", "length": 400.209, "bridge": null, "width": null, "access": null, "service": null }, "geometry": { "type": "LineString", "coordinates": [ [ 29.5831924, 60.2560043 ], [ 29.5841191, 60.2564166 ], [ 29.5850755, 60.2567634 ], [ 29.5858481, 60.2571642 ], [ 29.5869848, 60.2577003 ], [ 29.5877454, 60.2579442 ], [ 29.5887769, 60.2582798 ] ] } },
{ "type": "Feature", "properties": { "u": 477646868, "v": 1482518882, "key": 0, "lanes": "2", "ref": null, "name": "Северный переулок", "highway": "residential", "maxspeed": "RU:urban", "oneway": false, "reversed": "0", "length": 114.514, "bridge": null, "width": null, "access": null, "service": null }, "geometry": { "type": "LineString", "coordinates": [ [ 29.5831924, 60.2560043 ], [ 29.5830325, 60.2559557 ], [ 29.5818237, 60.2554321 ], [ 29.5819733, 60.2553404 ], [ 29.5819971, 60.255321 ] ] } },
{ "type": "Feature", "properties": { "u": 477646871, "v": 1078494162, "key": 0, "osmid": "31387359", "lanes": "2", "ref": "41А-025", "name": "Железнодорожная улица", "highway": "primary", "maxspeed": "RU:urban", "oneway": false, "reversed": "0", "length": 14.866, "bridge": null, "width": null, "access": null, "service": null }, "geometry": { "type": "LineString", "coordinates": [ [ 29.580999, 60.2549508 ], [ 29.5812143, 60.2550312 ] ] } },
{ "type": "Feature", "properties": { "u": 477646871, "v": 528145784, "key": 0, "osmid": "31387359", "lanes": "2", "ref": "41А-025", "name": "Железнодорожная улица", "highway": "primary", "maxspeed": "RU:urban", "oneway": false, "reversed": "1", "length": 393.654, "bridge": null, "width": null, "access": null, "service": null }, "geometry": { "type": "LineString", "coordinates": [ [ 29.580999, 60.2549508 ], [ 29.580749, 60.2548424 ], [ 29.5805178, 60.2547416 ], [ 29.5791756, 60.2541563 ], [ 29.5782864, 60.2537597 ], [ 29.5773956, 60.2533652 ], [ 29.5756798, 60.2525913 ] ] } },
{ "type": "Feature", "properties": { "u": 477646871, "v": 1836221793, "key": 0, "osmid": "172758840", "lanes": "2", "ref": null, "name": "Круговая улица", "highway": "unclassified", "maxspeed": null, "oneway": false, "reversed": "0", "length": 391.341, "bridge": null, "width": null, "access": null, "service": null }, "geometry": { "type": "LineString", "coordinates": [ [ 29.580999, 60.2549508 ], [ 29.5809225, 60.2549869 ], [ 29.5793336, 60.255524 ], [ 29.5783162, 60.2558692 ], [ 29.5775328, 60.2561445 ], [ 29.5774208, 60.2562096 ], [ 29.577338, 60.2563038 ], [ 29.5771308, 60.2566212 ], [ 29.5769285, 60.2569426 ], [ 29.5768931, 60.2570303 ], [ 29.5768894, 60.257123 ], [ 29.5769504, 60.2573927 ], [ 29.5769667, 60.2575055 ] ] } },
{ "type": "Feature", "properties": { "u": 477646882, "v": 477646898, "key": 0, "osmid": "39841870", "lanes": "2", "ref": null, "name": "улица Суворова", "highway": "residential", "maxspeed": null, "oneway": false, "reversed": "1", "length": 223.82, "bridge": null, "width": null, "access": null, "service": null }, "geometry": { "type": "LineString", "coordinates": [ [ 29.5823939, 60.254243 ], [ 29.5795732, 60.2527963 ] ] } },
{ "type": "Feature", "properties": { "u": 477646882, "v": 477646884, "key": 0, "osmid": "160219224", "lanes": "1", "ref": null, "name": "Новый переулок", "highway": "residential", "maxspeed": "RU:urban", "oneway": false, "reversed": "1", "length": 73.741, "bridge": null, "width": null, "access": null, "service": null }, "geometry": { "type": "LineString", "coordinates": [ [ 29.5823939, 60.254243 ], [ 29.58321, 60.2537178 ] ] } },
{ "type": "Feature", "properties": { "u": 477646882, "v": 1078494162, "key": 0, "osmid": "199042510", "lanes": "2", "ref": null, "name": "Новый переулок", "highway": "residential", "maxspeed": "RU:urban", "oneway": false, "reversed": "0", "length": 109.309, "bridge": null, "width": null, "access": null, "service": null }, "geometry": { "type": "LineString", "coordinates": [ [ 29.5823939, 60.254243 ], [ 29.5819335, 60.2545316 ], [ 29.5818001, 60.2546119 ], [ 29.5814433, 60.2548774 ], [ 29.5812999, 60.2549625 ], [ 29.5812366, 60.2550095 ], [ 29.5812143, 60.2550312 ] ] } },
{ "type": "Feature", "properties": { "u": 477646884, "v": 477646882, "key": 0, "osmid": "160219224", "lanes": "1", "ref": null, "name": "Новый переулок", "highway": "residential", "maxspeed": "RU:urban", "oneway": false, "reversed": "0", "length": 73.741, "bridge": null, "width": null, "access": null, "service": null }, "geometry": { "type": "LineString", "coordinates": [ [ 29.58321, 60.2537178 ], [ 29.5823939, 60.254243 ] ] } },
{ "type": "Feature", "properties": { "u": 477646884, "v": 1078485311, "key": 0, "osmid": "128435416", "lanes": "1", "ref": null, "name": "Безымянный переулок", "highway": "residential", "maxspeed": null, "oneway": false, "reversed": "1", "length": 252.158, "bridge": null, "width": null, "access": null, "service": null }, "geometry": { "type": "LineString", "coordinates": [ [ 29.58321, 60.2537178 ], [ 29.5825289, 60.2533697 ], [ 29.5823002, 60.25294 ], [ 29.5821905, 60.2528763 ], [ 29.583559, 60.2521071 ], [ 29.5838581, 60.2519336 ] ] } },
{ "type": "Feature", "properties": { "u": 477646884, "v": 477646886, "key": 0, "osmid": "160219224", "lanes": "1", "ref": null, "name": "Новый переулок", "highway": "residential", "maxspeed": "RU:urban", "oneway": false, "reversed": "1", "length": 100.531, "bridge": null, "width": null, "access": null, "service": null }, "geometry": { "type": "LineString", "coordinates": [ [ 29.58321, 60.2537178 ], [ 29.5839239, 60.2532849 ], [ 29.5843724, 60.2530216 ] ] } },
{ "type": "Feature", "properties": { "u": 477646886, "v": 477646884, "key": 0, "osmid": "160219224", "lanes": "1", "ref": null, "name": "Новый переулок", "highway": "residential", "maxspeed": "RU:urban", "oneway": false, "reversed": "0", "length": 100.531, "bridge": null, "width": null, "access": null, "service": null }, "geometry": { "type": "LineString", "coordinates": [ [ 29.5843724, 60.2530216 ], [ 29.5839239, 60.2532849 ], [ 29.58321, 60.2537178 ] ] } },
{ "type": "Feature", "properties": { "u": 477646886, "v": 1451257275, "key": 0, "osmid": "166455299", "lanes": "1", "ref": null, "name": "Новый переулок", "highway": "residential", "maxspeed": null, "oneway": false, "reversed": "0", "length": 177.19, "bridge": null, "width": null, "access": null, "service": null }, "geometry": { "type": "LineString", "coordinates": [ [ 29.5843724, 60.2530216 ], [ 29.5848581, 60.2527317 ], [ 29.5865143, 60.2518347 ] ] } },
{ "type": "Feature", "properties": { "u": 477646886, "v": 477646889, "key": 0, "osmid": "1193424238", "lanes": "1", "ref": null, "name": "Новый переулок", "highway": "residential", "maxspeed": "RU:urban", "oneway": false, "reversed": "1", "length": 146.485, "bridge": null, "width": null, "access": null, "service": null }, "geometry": { "type": "LineString", "coordinates": [ [ 29.5843724, 60.2530216 ], [ 29.5848003, 60.2531035 ], [ 29.5850323, 60.2531608 ], [ 29.5851383, 60.2532193 ], [ 29.5851557, 60.2532805 ], [ 29.5850985, 60.2533214 ], [ 29.5840785, 60.253903 ] ] } },
{ "type": "Feature", "properties": { "u": 477646889, "v": 477646886, "key": 0, "osmid": "1193424238", "lanes": "1", "ref": null, "name": "Новый переулок", "highway": "residential", "maxspeed": "RU:urban", "oneway": false, "reversed": "0", "length": 146.485, "bridge": null, "width": null, "access": null, "service": null }, "geometry": { "type": "LineString", "coordinates": [ [ 29.5840785, 60.253903 ], [ 29.5850985, 60.2533214 ], [ 29.5851557, 60.2532805 ], [ 29.5851383, 60.2532193 ], [ 29.5850323, 60.2531608 ], [ 29.5848003, 60.2531035 ], [ 29.5843724, 60.2530216 ] ] } },
{ "type": "Feature", "properties": { "u": 477646898, "v": 477646882, "key": 0, "osmid": "39841870", "lanes": "2", "ref": null, "name": "улица Суворова", "highway": "residential", "maxspeed": null, "oneway": false, "reversed": "0", "length": 223.82, "bridge": null, "width": null, "access": null, "service": null }, "geometry": { "type": "LineString", "coordinates": [ [ 29.5795732, 60.2527963 ], [ 29.5823939, 60.254243 ] ] } },
{ "type": "Feature", "properties": { "u": 477646898, "v": 1835388509, "key": 0, "osmid": "39841870", "lanes": "2", "ref": null, "name": "улица Суворова", "highway": "residential", "maxspeed": null, "oneway": false, "reversed": "1", "length": 68.226, "bridge": null, "width": null, "access": null, "service": null }, "geometry": { "type": "LineString", "coordinates": [ [ 29.5795732, 60.2527963 ], [ 29.5787436, 60.2523413 ] ] } },
{ "type": "Feature", "properties": { "u": 477646898, "v": 528144771, "key": 0, "osmid": "42320619", "lanes": "1", "ref": null, "name": "Сосновый переулок", "highway": "residential", "maxspeed": null, "oneway": false, "reversed": "0", "length": 198.768, "bridge": null, "width": null, "access": null, "service": null }, "geometry": { "type": "LineString", "coordinates": [ [ 29.5795732, 60.2527963 ], [ 29.5820111, 60.2514802 ] ] } },
{ "type": "Feature", "properties": { "u": 477646907, "v": 528144793, "key": 0, "osmid": "39841871", "lanes": "1", "ref": null, "name": "переулок Суворова", "highway": "residential", "maxspeed": null, "oneway": false, "reversed": "0", "length": 35.063, "bridge": null, "width": null, "access": null, "service": null }, "geometry": { "type": "LineString", "coordinates": [ [ 29.5827219, 60.2500584 ], [ 29.5831264, 60.2498152 ] ] } },
{ "type": "Feature", "properties": { "u": 477646907, "v": 477646909, "key": 0, "osmid": "42320618", "lanes": "1", "ref": null, "name": "Прямой переулок", "highway": "residential", "maxspeed": null, "oneway": false, "reversed": "0", "length": 188.172, "bridge": null, "width": null, "access": null, "service": null }, "geometry": { "type": "LineString", "coordinates": [ [ 29.5827219, 60.2500584 ], [ 29.5851886, 60.251227 ] ] } },
{ "type": "Feature", "properties": { "u": 477646907, "v": 528144783, "key": 0, "osmid": "39841871", "lanes": "1", "ref": null, "name": "переулок Суворова", "highway": "residential", "maxspeed": null, "oneway": false, "reversed": "1", "length": 150.201, "bridge": null, "width": null, "access": null, "service": null }, "geometry": { "type": "LineString", "coordinates": [ [ 29.5827219, 60.2500584 ], [ 29.5826143, 60.2501347 ], [ 29.581785, 60.2506134 ], [ 29.5808927, 60.2510565 ] ] } },
{ "type": "Feature", "properties": { "u": 477646909, "v": 477646907, "key": 0, "osmid": "42320618", "lanes": "1", "ref": null, "name": "Прямой переулок", "highway": "residential", "maxspeed": null, "oneway": false, "reversed": "1", "length": 188.172, "bridge": null, "width": null, "access": null, "service": null }, "geometry": { "type": "LineString", "coordinates": [ [ 29.5851886, 60.251227 ], [ 29.5827219, 60.2500584 ] ] } },
{ "type": "Feature", "properties": { "u": 477646909, "v": 1078485311, "key": 0, "osmid": "128435416", "lanes": "1", "ref": null, "name": "Безымянный переулок", "highway": "residential", "maxspeed": null, "oneway": false, "reversed": "0", "length": 107.528, "bridge": null, "width": null, "access": null, "service": null }, "geometry": { "type": "LineString", "coordinates": [ [ 29.5851886, 60.251227 ], [ 29.5838581, 60.2519336 ] ] } },
{ "type": "Feature", "properties": { "u": 477646909, "v": 1451257275, "key": 0, "osmid": "131920845", "lanes": "1", "ref": null, "name": null, "highway": "residential", "maxspeed": null, "oneway": false, "reversed": "0", "length": 99.58, "bridge": null, "width": null, "access": null, "service": null }, "geometry": { "type": "LineString", "coordinates": [ [ 29.5851886, 60.251227 ], [ 29.5865143, 60.2518347 ] ] } },
{ "type": "Feature", "properties": { "u": 477646925, "v": 1080634461, "key": 0, "osmid": "93221247", "lanes": "1", "ref": null, "name": "Хвойный переулок", "highway": "residential", "maxspeed": "RU:urban", "oneway": false, "reversed": "0", "length": 200.125, "bridge": null, "width": null, "access": null, "service": null }, "geometry": { "type": "LineString", "coordinates": [ [ 29.5912423, 60.2568363 ], [ 29.5912161, 60.2568953 ], [ 29.5909568, 60.2572747 ], [ 29.5902689, 60.2581817 ], [ 29.5901346, 60.2585453 ] ] } },
{ "type": "Feature", "properties": { "u": 477646925, "v": 497961270, "key": 0, "osmid": "98192307", "lanes": "2", "ref": "41А-025", "name": "Железнодорожная улица", "highway": "primary", "maxspeed": "40", "oneway": false, "reversed": "0", "length": 74.131, "bridge": null, "width": null, "access": null, "service": null }, "geometry": { "type": "LineString", "coordinates": [ [ 29.5912423, 60.2568363 ], [ 29.5914187, 60.2568634 ], [ 29.5925261, 60.2570333 ] ] } },
{ "type": "Feature", "properties": { "u": 477646925, "v": 497961248, "key": 0, "lanes": "2", "ref": "41А-025", "name": "Железнодорожная улица", "highway": "primary", "maxspeed": "40", "oneway": false, "reversed": "1", "length": 92.825, "bridge": null, "width": null, "access": null, "service": null }, "geometry": { "type": "LineString", "coordinates": [ [ 29.5912423, 60.2568363 ], [ 29.5902238, 60.2566845 ], [ 29.5896308, 60.2565961 ] ] } },
{ "type": "Feature", "properties": { "u": 478230374, "v": 528145778, "key": 0, "osmid": "39841870", "lanes": "2", "ref": null, "name": "улица Суворова", "highway": "residential", "maxspeed": null, "oneway": false, "reversed": "0", "length": 242.019, "bridge": null, "width": null, "access": null, "service": null }, "geometry": { "type": "LineString", "coordinates": [ [ 29.5743372, 60.2498922 ], [ 29.5744903, 60.2499715 ], [ 29.5747569, 60.2501097 ], [ 29.5755653, 60.250603 ], [ 29.5761038, 60.2509364 ], [ 29.5771924, 60.2515431 ] ] } },
{ "type": "Feature", "properties": { "u": 478230374, "v": 528145784, "key": 0, "lanes": "2", "ref": "41А-025", "highway": "primary", "maxspeed": "RU:urban", "oneway": false, "reversed": "0", "length": 364.368, "bridge": null, "width": null, "access": null, "service": null }, "geometry": { "type": "LineString", "coordinates": [ [ 29.5743372, 60.2498922 ], [ 29.5740853, 60.2500574 ], [ 29.5739111, 60.2501705 ], [ 29.5737872, 60.2502714 ], [ 29.5736088, 60.2504502 ], [ 29.5734664, 60.2506262 ], [ 29.5733429, 60.250831 ], [ 29.573309, 60.2509557 ], [ 29.5733339, 60.2510855 ], [ 29.5733866, 60.2512294 ], [ 29.5734553, 60.2513437 ], [ 29.5735005, 60.2513978 ], [ 29.573582, 60.2514952 ], [ 29.5738242, 60.2516914 ], [ 29.5741474, 60.2518939 ], [ 29.5743428, 60.2519931 ], [ 29.5746507, 60.2521329 ], [ 29.5753301, 60.2524295 ], [ 29.5756798, 60.2525913 ] ] } },
{ "type": "Feature", "properties": { "u": 478230374, "v": 298018367, "key": 0, "lanes": "2", "ref": "41А-025", "name": "Привокзальная улица", "highway": "primary", "maxspeed": "RU:urban", "oneway": false, "reversed": "1", "length": 32.067, "bridge": null, "width": null, "access": null, "service": null }, "geometry": { "type": "LineString", "coordinates": [ [ 29.5743372, 60.2498922 ], [ 29.5745779, 60.249738 ], [ 29.5746928, 60.2496641 ] ] } },
{ "type": "Feature", "properties": { "u": 478230422, "v": 98154687, "key": 0, "osmid": "71792679", "lanes": "2", "ref": null, "name": "Садовая улица", "highway": "residential", "maxspeed": null, "oneway": false, "reversed": "0", "length": 102.146, "bridge": null, "width": null, "access": null, "service": null }, "geometry": { "type": "LineString", "coordinates": [ [ 29.6079123, 60.2536291 ], [ 29.6089679, 60.2535801 ], [ 29.6097557, 60.2535436 ] ] } },
{ "type": "Feature", "properties": { "u": 478230422, "v": 620965560, "key": 0, "osmid": "71792679", "lanes": "2", "ref": null, "name": "Садовая улица", "highway": "residential", "maxspeed": null, "oneway": false, "reversed": "1", "length": 103.068, "bridge": null, "width": null, "access": null, "service": null }, "geometry": { "type": "LineString", "coordinates": [ [ 29.6079123, 60.2536291 ], [ 29.6065711, 60.2536912 ], [ 29.6060522, 60.2537152 ] ] } },
{ "type": "Feature", "properties": { "u": 478230422, "v": 690988225, "key": 0, "osmid": "157607179", "lanes": "1", "ref": null, "name": "Школьная улица", "highway": "residential", "maxspeed": null, "oneway": false, "reversed": "1", "length": 159.852, "bridge": null, "width": null, "access": null, "service": null }, "geometry": { "type": "LineString", "coordinates": [ [ 29.6079123, 60.2536291 ], [ 29.6078163, 60.2529026 ], [ 29.6076782, 60.2521964 ] ] } },
{ "type": "Feature", "properties": { "u": 478230425, "v": 690988038, "key": 0, "osmid": "128487591", "lanes": "2", "ref": null, "name": "Садовая улица", "highway": "residential", "maxspeed": null, "oneway": false, "reversed": "1", "length": 117.403, "bridge": null, "width": null, "access": null, "service": null }, "geometry": { "type": "LineString", "coordinates": [ [ 29.6160066, 60.2506909 ], [ 29.614708, 60.2515273 ] ] } },
{ "type": "Feature", "properties": { "u": 478230425, "v": 506728989, "key": 0, "osmid": "128487591", "lanes": "2", "ref": null, "name": "Садовая улица", "highway": "residential", "maxspeed": null, "oneway": false, "reversed": "0", "length": 116.557, "bridge": null, "width": null, "access": null, "service": null }, "geometry": { "type": "LineString", "coordinates": [ [ 29.6160066, 60.2506909 ], [ 29.616252, 60.2505587 ], [ 29.6163904, 60.2504841 ], [ 29.6174373, 60.2499197 ] ] } },
{ "type": "Feature", "properties": { "u": 478230425, "v": 298011457, "key": 0, "osmid": "143180154", "lanes": "2", "ref": null, "name": "улица Гоголя", "highway": "tertiary", "maxspeed": null, "oneway": false, "reversed": "0", "length": 191.483, "bridge": null, "width": null, "access": null, "service": null }, "geometry": { "type": "LineString", "coordinates": [ [ 29.6160066, 60.2506909 ], [ 29.6174539, 60.2513294 ], [ 29.6185516, 60.251861 ] ] } },
{ "type": "Feature", "properties": { "u": 478230425, "v": 98154646, "key": 0, "osmid": "143180154", "lanes": "2", "ref": null, "name": "улица Гоголя", "highway": "tertiary", "maxspeed": null, "oneway": false, "reversed": "1", "length": 321.245, "bridge": null, "width": null, "access": null, "service": null }, "geometry": { "type": "LineString", "coordinates": [ [ 29.6160066, 60.2506909 ], [ 29.6143139, 60.2499334 ], [ 29.6135334, 60.2495648 ], [ 29.6117478, 60.2487214 ] ] } },
{ "type": "Feature", "properties": { "u": 478230432, "v": 7393456395, "key": 0, "osmid": "790867204", "lanes": null, "ref": null, "name": "Подгорная улица", "highway": "residential", "maxspeed": "RU:urban", "oneway": false, "reversed": "1", "length": 55.562, "bridge": null, "width": null, "access": null, "service": null }, "geometry": { "type": "LineString", "coordinates": [ [ 29.6248528, 60.2456826 ], [ 29.6242451, 60.2452842 ] ] } },
{ "type": "Feature", "properties": { "u": 478230432, "v": 500845328, "key": 0, "osmid": "128487591", "lanes": "2", "ref": null, "name": "Садовая улица", "highway": "residential", "maxspeed": null, "oneway": false, "reversed": "1", "length": 98.87, "bridge": null, "width": null, "access": null, "service": null }, "geometry": { "type": "LineString", "coordinates": [ [ 29.6248528, 60.2456826 ], [ 29.6244118, 60.2460545 ], [ 29.6237387, 60.2463673 ] ] } },
{ "type": "Feature", "properties": { "u": 478230432, "v": 478230437, "key": 0, "osmid": "790867205", "lanes": null, "ref": null, "name": "Подгорная улица", "highway": "residential", "maxspeed": "RU:urban", "oneway": false, "reversed": "0", "length": 204.125, "bridge": null, "width": null, "access": null, "service": null }, "geometry": { "type": "LineString", "coordinates": [ [ 29.6248528, 60.2456826 ], [ 29.6253996, 60.2458803 ], [ 29.6257939, 60.2460186 ], [ 29.6278612, 60.2467507 ] ] } },
{ "type": "Feature", "properties": { "u": 478230437, "v": 500845291, "key": 0, "osmid": "85958828", "lanes": "2", "ref": null, "name": "Социалистическая улица", "highway": "tertiary", "maxspeed": "RU:urban", "oneway": false, "reversed": "0", "length": 116.018, "bridge": null, "width": null, "access": null, "service": null }, "geometry": { "type": "LineString", "coordinates": [ [ 29.6278612, 60.2467507 ], [ 29.6278085, 60.2468395 ], [ 29.6277296, 60.2469383 ], [ 29.627665, 60.2470052 ], [ 29.6275548, 60.2470704 ], [ 29.6274955, 60.2471068 ], [ 29.6273311, 60.2471976 ], [ 29.6271386, 60.2472731 ], [ 29.626925, 60.2473449 ], [ 29.6264516, 60.2474709 ] ] } },
{ "type": "Feature", "properties": { "u": 478230437, "v": 298009688, "key": 0, "osmid": "85958828", "lanes": "2", "ref": null, "name": "Социалистическая улица", "highway": "tertiary", "maxspeed": "RU:urban", "oneway": false, "reversed": "1", "length": 99.74, "bridge": null, "width": null, "access": null, "service": null }, "geometry": { "type": "LineString", "coordinates": [ [ 29.6278612, 60.2467507 ], [ 29.6280471, 60.2464059 ], [ 29.6280983, 60.2463006 ], [ 29.6281589, 60.2461975 ], [ 29.6282281, 60.246111 ], [ 29.628336, 60.2459908 ], [ 29.628434, 60.2459038 ] ] } },
{ "type": "Feature", "properties": { "u": 478230437, "v": 478230432, "key": 0, "osmid": "790867205", "lanes": null, "ref": null, "name": "Подгорная улица", "highway": "residential", "maxspeed": "RU:urban", "oneway": false, "reversed": "1", "length": 204.125, "bridge": null, "width": null, "access": null, "service": null }, "geometry": { "type": "LineString", "coordinates": [ [ 29.6278612, 60.2467507 ], [ 29.6257939, 60.2460186 ], [ 29.6253996, 60.2458803 ], [ 29.6248528, 60.2456826 ] ] } },
{ "type": "Feature", "properties": { "u": 496246339, "v": 1414848793, "key": 0, "osmid": "41213556", "lanes": "1", "ref": null, "name": "Еловая аллея", "highway": "residential", "maxspeed": "60", "oneway": false, "reversed": "0", "length": 218.437, "bridge": null, "width": null, "access": null, "service": null }, "geometry": { "type": "LineString", "coordinates": [ [ 29.626999, 60.2585596 ], [ 29.6309504, 60.2584311 ] ] } },
{ "type": "Feature", "properties": { "u": 496246339, "v": 499031323, "key": 0, "osmid": "54905395", "lanes": "2", "ref": null, "name": "Красная улица", "highway": "residential", "maxspeed": "RU:urban", "oneway": false, "reversed": "1", "length": 242.845, "bridge": null, "width": null, "access": null, "service": null }, "geometry": { "type": "LineString", "coordinates": [ [ 29.626999, 60.2585596 ], [ 29.6257707, 60.2574108 ], [ 29.6245155, 60.256784 ] ] } },
{ "type": "Feature", "properties": { "u": 496246339, "v": 1426729054, "key": 0, "osmid": "130337506", "lanes": "2", "ref": null, "name": "Лесная улица", "highway": "tertiary", "maxspeed": "RU:urban", "oneway": false, "reversed": "0", "length": 100.382, "bridge": null, "width": null, "access": null, "service": null }, "geometry": { "type": "LineString", "coordinates": [ [ 29.626999, 60.2585596 ], [ 29.6270397, 60.2586783 ], [ 29.6271787, 60.2590605 ], [ 29.6271985, 60.2591148 ], [ 29.6273026, 60.2592341 ], [ 29.6275027, 60.2594178 ] ] } },
{ "type": "Feature", "properties": { "u": 496246339, "v": 1414848798, "key": 0, "osmid": "130337506", "lanes": "2", "ref": null, "name": "Лесная улица", "highway": "tertiary", "maxspeed": "RU:urban", "oneway": false, "reversed": "1", "length": 159.265, "bridge": null, "width": null, "access": null, "service": null }, "geometry": { "type": "LineString", "coordinates": [ [ 29.626999, 60.2585596 ], [ 29.6270693, 60.2581694 ], [ 29.6271881, 60.2578986 ], [ 29.6276111, 60.2571646 ] ] } },
{ "type": "Feature", "properties": { "u": 496246342, "v": 496246345, "key": 0, "osmid": "130337506", "lanes": "2", "ref": null, "name": "Лесная улица", "highway": "tertiary", "maxspeed": "RU:urban", "oneway": false, "reversed": "0", "length": 55.915, "bridge": null, "width": null, "access": null, "service": null }, "geometry": { "type": "LineString", "coordinates": [ [ 29.6277507, 60.2595688 ], [ 29.6281326, 60.2600346 ] ] } },
{ "type": "Feature", "properties": { "u": 496246342, "v": 1426729054, "key": 0, "osmid": "130337506", "lanes": "2", "ref": null, "name": "Лесная улица", "highway": "tertiary", "maxspeed": "RU:urban", "oneway": false, "reversed": "1", "length": 21.658, "bridge": null, "width": null, "access": null, "service": null }, "geometry": { "type": "LineString", "coordinates": [ [ 29.6277507, 60.2595688 ], [ 29.6275027, 60.2594178 ] ] } },
{ "type": "Feature", "properties": { "u": 496246342, "v": 883156145, "key": 0, "lanes": "1", "ref": null, "name": "Дорожный переулок", "highway": "residential", "maxspeed": "RU:urban", "oneway": false, "reversed": "1", "length": 419.07, "bridge": "yes", "width": null, "access": null, "service": null }, "geometry": { "type": "LineString", "coordinates": [ [ 29.6277507, 60.2595688 ], [ 29.6298551, 60.2592497 ], [ 29.6312863, 60.2592356 ], [ 29.6320595, 60.2592946 ], [ 29.6324296, 60.259304 ], [ 29.6326107, 60.2593226 ], [ 29.6328821, 60.2593991 ], [ 29.6330719, 60.2594884 ], [ 29.6332032, 60.2595396 ], [ 29.6334569, 60.2596619 ], [ 29.6336997, 60.2598142 ], [ 29.6338547, 60.2600074 ], [ 29.6340272, 60.2599955 ], [ 29.6345642, 60.259941 ] ] } },
{ "type": "Feature", "properties": { "u": 496246345, "v": 496246342, "key": 0, "osmid": "130337506", "lanes": "2", "ref": null, "name": "Лесная улица", "highway": "tertiary", "maxspeed": "RU:urban", "oneway": false, "reversed": "1", "length": 55.915, "bridge": null, "width": null, "access": null, "service": null }, "geometry": { "type": "LineString", "coordinates": [ [ 29.6281326, 60.2600346 ], [ 29.6277507, 60.2595688 ] ] } },
{ "type": "Feature", "properties": { "u": 496246345, "v": 11261590405, "key": 0, "osmid": "1215468989", "lanes": null, "ref": null, "name": null, "highway": "residential", "maxspeed": null, "oneway": false, "reversed": "0", "length": 89.943, "bridge": null, "width": null, "access": null, "service": null }, "geometry": { "type": "LineString", "coordinates": [ [ 29.6281326, 60.2600346 ], [ 29.6284184, 60.2603425 ], [ 29.6290197, 60.2607056 ] ] } },
{ "type": "Feature", "properties": { "u": 496246345, "v": 6353731, "key": 0, "osmid": "1215468990", "lanes": "2", "ref": null, "name": "Лесная улица", "highway": "tertiary", "maxspeed": "RU:urban", "oneway": false, "reversed": "0", "length": 20.328, "bridge": null, "width": null, "access": null, "service": null }, "geometry": { "type": "LineString", "coordinates": [ [ 29.6281326, 60.2600346 ], [ 29.6280001, 60.2601691 ], [ 29.6279772, 60.2602002 ] ] } },
{ "type": "Feature", "properties": { "u": 496249247, "v": 500840351, "key": 0, "osmid": "40814481", "lanes": "2", "ref": null, "name": "Тракторная улица", "highway": "tertiary", "maxspeed": "60", "oneway": false, "reversed": "0", "length": 213.419, "bridge": null, "width": null, "access": null, "service": null }, "geometry": { "type": "LineString", "coordinates": [ [ 29.625756, 60.2476744 ], [ 29.6259279, 60.2477087 ], [ 29.627076, 60.2482314 ], [ 29.6281535, 60.2486626 ], [ 29.6287136, 60.2489027 ] ] } },
{ "type": "Feature", "properties": { "u": 496249247, "v": 500845291, "key": 0, "osmid": "85958828", "lanes": "2", "ref": null, "name": "Социалистическая улица", "highway": "tertiary", "maxspeed": "RU:urban", "oneway": false, "reversed": "1", "length": 44.575, "bridge": null, "width": null, "access": null, "service": null }, "geometry": { "type": "LineString", "coordinates": [ [ 29.625756, 60.2476744 ], [ 29.6259234, 60.2476222 ], [ 29.6261016, 60.2475667 ], [ 29.6264516, 60.2474709 ] ] } },
{ "type": "Feature", "properties": { "u": 496249247, "v": 1760637584, "key": 0, "osmid": "164428730", "lanes": "2", "ref": null, "name": "Социалистическая улица", "highway": "tertiary", "maxspeed": "RU:urban", "oneway": false, "reversed": "0", "length": 51.007, "bridge": null, "width": null, "access": null, "service": null }, "geometry": { "type": "LineString", "coordinates": [ [ 29.625756, 60.2476744 ], [ 29.6254546, 60.2477708 ], [ 29.6252564, 60.2478349 ], [ 29.6249806, 60.2479241 ] ] } },
{ "type": "Feature", "properties": { "u": 497961172, "v": 497961248, "key": 0, "osmid": "39841874", "lanes": "2", "ref": null, "name": "Железнодорожный переулок", "highway": "residential", "maxspeed": "RU:urban", "oneway": false, "reversed": "0", "length": 88.878, "bridge": null, "width": null, "access": null, "service": null }, "geometry": { "type": "LineString", "coordinates": [ [ 29.5892894, 60.2573766 ], [ 29.5895813, 60.2566658 ], [ 29.5896308, 60.2565961 ] ] } },
{ "type": "Feature", "properties": { "u": 497961172, "v": 297815069, "key": 0, "osmid": "39841874", "lanes": "2", "ref": null, "name": "Железнодорожный переулок", "highway": "residential", "maxspeed": "RU:urban", "oneway": false, "reversed": "1", "length": 104.383, "bridge": null, "width": null, "access": null, "service": null }, "geometry": { "type": "LineString", "coordinates": [ [ 29.5892894, 60.2573766 ], [ 29.589006, 60.2579274 ], [ 29.5887769, 60.2582798 ] ] } },
{ "type": "Feature", "properties": { "u": 497961172, "v": 1797527484, "key": 0, "osmid": "74754862", "lanes": "1", "ref": null, "name": "Ключевой переулок", "highway": "residential", "maxspeed": "RU:urban", "oneway": false, "reversed": "0", "length": 260.681, "bridge": null, "width": null, "access": null, "service": null }, "geometry": { "type": "LineString", "coordinates": [ [ 29.5892894, 60.2573766 ], [ 29.5878151, 60.2571437 ], [ 29.5861792, 60.2568111 ], [ 29.5866421, 60.2561502 ] ] } },
{ "type": "Feature", "properties": { "u": 497961248, "v": 98154671, "key": 0, "osmid": "31387359", "lanes": "2", "ref": "41А-025", "name": "Железнодорожная улица", "highway": "primary", "maxspeed": "RU:urban", "oneway": false, "reversed": "1", "length": 11.504, "bridge": null, "width": null, "access": null, "service": null }, "geometry": { "type": "LineString", "coordinates": [ [ 29.5896308, 60.2565961 ], [ 29.5894311, 60.2565663 ] ] } },
{ "type": "Feature", "properties": { "u": 497961248, "v": 497961172, "key": 0, "osmid": "39841874", "lanes": "2", "ref": null, "name": "Железнодорожный переулок", "highway": "residential", "maxspeed": "RU:urban", "oneway": false, "reversed": "1", "length": 88.878, "bridge": null, "width": null, "access": null, "service": null }, "geometry": { "type": "LineString", "coordinates": [ [ 29.5896308, 60.2565961 ], [ 29.5895813, 60.2566658 ], [ 29.5892894, 60.2573766 ] ] } },
{ "type": "Feature", "properties": { "u": 497961248, "v": 477646925, "key": 0, "lanes": "2", "ref": "41А-025", "name": "Железнодорожная улица", "highway": "primary", "maxspeed": "40", "oneway": false, "reversed": "0", "length": 92.825, "bridge": null, "width": null, "access": null, "service": null }, "geometry": { "type": "LineString", "coordinates": [ [ 29.5896308, 60.2565961 ], [ 29.5902238, 60.2566845 ], [ 29.5912423, 60.2568363 ] ] } },
{ "type": "Feature", "properties": { "u": 497961270, "v": 497961320, "key": 0, "osmid": "93221246", "lanes": "1", "ref": null, "name": "Лиственный переулок", "highway": "residential", "maxspeed": "RU:urban", "oneway": false, "reversed": "1", "length": 200.396, "bridge": null, "width": null, "access": null, "service": null }, "geometry": { "type": "LineString", "coordinates": [ [ 29.5925261, 60.2570333 ], [ 29.5924914, 60.2571447 ], [ 29.5924217, 60.2574689 ], [ 29.5924245, 60.2575537 ], [ 29.592445, 60.2580577 ], [ 29.5923961, 60.2582958 ], [ 29.5921816, 60.2588203 ] ] } },
{ "type": "Feature", "properties": { "u": 497961270, "v": 230188, "key": 0, "lanes": "2", "ref": "41А-025", "name": "Железнодорожная улица", "highway": "primary", "maxspeed": "40", "oneway": false, "reversed": "0", "length": 273.349, "bridge": null, "width": null, "access": null, "service": null }, "geometry": { "type": "LineString", "coordinates": [ [ 29.5925261, 60.2570333 ], [ 29.5929844, 60.2571037 ], [ 29.5931709, 60.2571299 ], [ 29.5934647, 60.2571774 ], [ 29.5937046, 60.2572157 ], [ 29.5944181, 60.2573465 ], [ 29.5945984, 60.2573779 ], [ 29.5948226, 60.2574539 ], [ 29.5950146, 60.2574859 ], [ 29.595332, 60.2575388 ], [ 29.5966484, 60.2577482 ], [ 29.5970427, 60.2577965 ], [ 29.5972121, 60.2578094 ] ] } },
{ "type": "Feature", "properties": { "u": 497961270, "v": 477646925, "key": 0, "osmid": "98192307", "lanes": "2", "ref": "41А-025", "name": "Железнодорожная улица", "highway": "primary", "maxspeed": "40", "oneway": false, "reversed": "1", "length": 74.131, "bridge": null, "width": null, "access": null, "service": null }, "geometry": { "type": "LineString", "coordinates": [ [ 29.5925261, 60.2570333 ], [ 29.5914187, 60.2568634 ], [ 29.5912423, 60.2568363 ] ] } },
{ "type": "Feature", "properties": { "u": 497961320, "v": 297815051, "key": 0, "osmid": "155288887", "lanes": "2", "ref": null, "name": "Северный переулок", "highway": "residential", "maxspeed": "RU:urban", "oneway": false, "reversed": "1", "length": 57.908, "bridge": null, "width": null, "access": null, "service": null }, "geometry": { "type": "LineString", "coordinates": [ [ 29.5921816, 60.2588203 ], [ 29.5931982, 60.2589502 ] ] } },
{ "type": "Feature", "properties": { "u": 497961320, "v": 497961270, "key": 0, "osmid": "93221246", "lanes": "1", "ref": null, "name": "Лиственный переулок", "highway": "residential", "maxspeed": "RU:urban", "oneway": false, "reversed": "0", "length": 200.396, "bridge": null, "width": null, "access": null, "service": null }, "geometry": { "type": "LineString", "coordinates": [ [ 29.5921816, 60.2588203 ], [ 29.5923961, 60.2582958 ], [ 29.592445, 60.2580577 ], [ 29.5924245, 60.2575537 ], [ 29.5924217, 60.2574689 ], [ 29.5924914, 60.2571447 ], [ 29.5925261, 60.2570333 ] ] } },
{ "type": "Feature", "properties": { "u": 497961320, "v": 1080634461, "key": 0, "osmid": "155288887", "lanes": "2", "ref": null, "name": "Северный переулок", "highway": "residential", "maxspeed": "RU:urban", "oneway": false, "reversed": "0", "length": 117.981, "bridge": null, "width": null, "access": null, "service": null }, "geometry": { "type": "LineString", "coordinates": [ [ 29.5921816, 60.2588203 ], [ 29.5911758, 60.2587564 ], [ 29.5901346, 60.2585453 ] ] } },
{ "type": "Feature", "properties": { "u": 498348977, "v": 498355862, "key": 0, "osmid": "40814481", "lanes": "2", "ref": null, "name": "Тракторная улица", "highway": "tertiary", "maxspeed": "60", "oneway": false, "reversed": "1", "length": 5.152, "bridge": null, "width": null, "access": null, "service": null }, "geometry": { "type": "LineString", "coordinates": [ [ 29.6294098, 60.2504197 ], [ 29.6293987, 60.2503737 ] ] } },
{ "type": "Feature", "properties": { "u": 498348977, "v": 500320181, "key": 0, "osmid": "130337506", "lanes": "2", "ref": null, "name": "Лесная улица", "highway": "tertiary", "maxspeed": "RU:urban", "oneway": false, "reversed": "0", "length": 165.361, "bridge": null, "width": null, "access": null, "service": null }, "geometry": { "type": "LineString", "coordinates": [ [ 29.6294098, 60.2504197 ], [ 29.6295034, 60.2509412 ], [ 29.6295734, 60.251225 ], [ 29.6298156, 60.2518919 ] ] } },
{ "type": "Feature", "properties": { "u": 498348977, "v": 503576552, "key": 0, "lanes": "2", "ref": null, "highway": "unclassified", "maxspeed": "60", "oneway": false, "reversed": "0", "length": 394.955, "bridge": null, "width": null, "access": null, "service": null }, "geometry": { "type": "LineString", "coordinates": [ [ 29.6294098, 60.2504197 ], [ 29.6303952, 60.2509081 ], [ 29.6312553, 60.2513163 ], [ 29.6314595, 60.2513819 ], [ 29.6316859, 60.2515117 ], [ 29.6318124, 60.2515247 ], [ 29.6320329, 60.2515247 ], [ 29.6323562, 60.251482 ], [ 29.6326452, 60.251403 ], [ 29.6330389, 60.2512721 ], [ 29.6334407, 60.2511573 ], [ 29.6339242, 60.2511113 ], [ 29.6343562, 60.2510689 ], [ 29.6347845, 60.2510906 ], [ 29.635056, 60.2510068 ], [ 29.6353056, 60.2508841 ] ] } },
{ "type": "Feature", "properties": { "u": 498349007, "v": 498366336, "key": 0, "osmid": "40922832", "lanes": "1", "ref": null, "name": "улица Некрасова", "highway": "residential", "maxspeed": null, "oneway": false, "reversed": "0", "length": 182.071, "bridge": null, "width": null, "access": null, "service": null }, "geometry": { "type": "LineString", "coordinates": [ [ 29.6161459, 60.2531949 ], [ 29.6136085, 60.252148 ] ] } },
{ "type": "Feature", "properties": { "u": 498349007, "v": 500315766, "key": 0, "osmid": "164428730", "lanes": "2", "ref": null, "name": "Социалистическая улица", "highway": "tertiary", "maxspeed": "RU:urban", "oneway": false, "reversed": "1", "length": 27.464, "bridge": null, "width": null, "access": null, "service": null }, "geometry": { "type": "LineString", "coordinates": [ [ 29.6161459, 60.2531949 ], [ 29.6164637, 60.2530048 ] ] } },
{ "type": "Feature", "properties": { "u": 498349007, "v": 298009672, "key": 0, "osmid": "164428730", "lanes": "2", "ref": null, "name": "Социалистическая улица", "highway": "tertiary", "maxspeed": "RU:urban", "oneway": false, "reversed": "0", "length": 46.406, "bridge": null, "width": null, "access": null, "service": null }, "geometry": { "type": "LineString", "coordinates": [ [ 29.6161459, 60.2531949 ], [ 29.6157892, 60.2534004 ], [ 29.615585, 60.2535057 ] ] } },
{ "type": "Feature", "properties": { "u": 498355862, "v": 498348977, "key": 0, "osmid": "40814481", "lanes": "2", "ref": null, "name": "Тракторная улица", "highway": "tertiary", "maxspeed": "60", "oneway": false, "reversed": "0", "length": 5.152, "bridge": null, "width": null, "access": null, "service": null }, "geometry": { "type": "LineString", "coordinates": [ [ 29.6293987, 60.2503737 ], [ 29.6294098, 60.2504197 ] ] } },
{ "type": "Feature", "properties": { "u": 498355862, "v": 500844038, "key": 0, "osmid": "40814481", "lanes": "2", "ref": null, "name": "Тракторная улица", "highway": "tertiary", "maxspeed": "60", "oneway": false, "reversed": "1", "length": 90.719, "bridge": null, "width": null, "access": null, "service": null }, "geometry": { "type": "LineString", "coordinates": [ [ 29.6293987, 60.2503737 ], [ 29.6293592, 60.2502094 ], [ 29.6293264, 60.2500761 ], [ 29.6293242, 60.2499939 ], [ 29.6293339, 60.2499364 ], [ 29.629357, 60.2498743 ], [ 29.6293942, 60.2498179 ], [ 29.6295893, 60.2495834 ] ] } },
{ "type": "Feature", "properties": { "u": 498355862, "v": 500840350, "key": 0, "osmid": "40922398", "lanes": null, "ref": null, "name": "Рябиновая улица", "highway": "residential", "maxspeed": null, "oneway": false, "reversed": "1", "length": 136.169, "bridge": null, "width": null, "access": null, "service": null }, "geometry": { "type": "LineString", "coordinates": [ [ 29.6293987, 60.2503737 ], [ 29.6290953, 60.2503524 ], [ 29.6288555, 60.2503247 ], [ 29.6280317, 60.250162 ], [ 29.6273309, 60.2499627 ], [ 29.627144, 60.2499043 ] ] } },
{ "type": "Feature", "properties": { "u": 498355878, "v": 498355944, "key": 0, "osmid": "40922398", "lanes": null, "ref": null, "name": "Рябиновая улица", "highway": "residential", "maxspeed": null, "oneway": false, "reversed": "0", "length": 133.925, "bridge": null, "width": null, "access": null, "service": null }, "geometry": { "type": "LineString", "coordinates": [ [ 29.6215515, 60.2476145 ], [ 29.6233936, 60.2483987 ] ] } },
{ "type": "Feature", "properties": { "u": 498355878, "v": 500843942, "key": 0, "osmid": "128487591", "lanes": "2", "ref": null, "name": "Садовая улица", "highway": "residential", "maxspeed": null, "oneway": false, "reversed": "0", "length": 91.885, "bridge": null, "width": null, "access": null, "service": null }, "geometry": { "type": "LineString", "coordinates": [ [ 29.6215515, 60.2476145 ], [ 29.6226679, 60.2470014 ] ] } },
{ "type": "Feature", "properties": { "u": 498355878, "v": 500320232, "key": 0, "osmid": "128487591", "lanes": "2", "ref": null, "name": "Садовая улица", "highway": "residential", "maxspeed": null, "oneway": false, "reversed": "1", "length": 115.933, "bridge": null, "width": null, "access": null, "service": null }, "geometry": { "type": "LineString", "coordinates": [ [ 29.6215515, 60.2476145 ], [ 29.6202529, 60.2484341 ] ] } },
{ "type": "Feature", "properties": { "u": 498355944, "v": 498355878, "key": 0, "osmid": "40922398", "lanes": null, "ref": null, "name": "Рябиновая улица", "highway": "residential", "maxspeed": null, "oneway": false, "reversed": "1", "length": 133.925, "bridge": null, "width": null, "access": null, "service": null }, "geometry": { "type": "LineString", "coordinates": [ [ 29.6233936, 60.2483987 ], [ 29.6215515, 60.2476145 ] ] } },
{ "type": "Feature", "properties": { "u": 498355944, "v": 500840350, "key": 0, "osmid": "40922398", "lanes": null, "ref": null, "name": "Рябиновая улица", "highway": "residential", "maxspeed": null, "oneway": false, "reversed": "0", "length": 267.419, "bridge": null, "width": null, "access": null, "service": null }, "geometry": { "type": "LineString", "coordinates": [ [ 29.6233936, 60.2483987 ], [ 29.6235245, 60.2484064 ], [ 29.6269969, 60.2498584 ], [ 29.627144, 60.2499043 ] ] } },
{ "type": "Feature", "properties": { "u": 498355944, "v": 1760637635, "key": 0, "osmid": "164428730", "lanes": "2", "ref": null, "name": "Социалистическая улица", "highway": "tertiary", "maxspeed": "RU:urban", "oneway": false, "reversed": "0", "length": 103.197, "bridge": null, "width": null, "access": null, "service": null }, "geometry": { "type": "LineString", "coordinates": [ [ 29.6233936, 60.2483987 ], [ 29.6231316, 60.2484888 ], [ 29.6229434, 60.2485919 ], [ 29.6227911, 60.2486837 ], [ 29.6226767, 60.248769 ], [ 29.6226055, 60.2488375 ], [ 29.6225423, 60.2489092 ], [ 29.622468, 60.2490374 ], [ 29.6224083, 60.2491544 ] ] } },
{ "type": "Feature", "properties": { "u": 498355944, "v": 1760637584, "key": 0, "osmid": "164428730", "lanes": "2", "ref": null, "name": "Социалистическая улица", "highway": "tertiary", "maxspeed": "RU:urban", "oneway": false, "reversed": "1", "length": 102.254, "bridge": null, "width": null, "access": null, "service": null }, "geometry": { "type": "LineString", "coordinates": [ [ 29.6233936, 60.2483987 ], [ 29.6235403, 60.2483507 ], [ 29.6248929, 60.247952 ], [ 29.6249806, 60.2479241 ] ] } },
{ "type": "Feature", "properties": { "u": 498360759, "v": 498360839, "key": 0, "osmid": "128487590", "lanes": "1", "ref": null, "name": "Красноармейская улица", "highway": "residential", "maxspeed": "RU:urban", "oneway": false, "reversed": "1", "length": 213.505, "bridge": null, "width": null, "access": null, "service": null }, "geometry": { "type": "LineString", "coordinates": [ [ 29.6289225, 60.254282 ], [ 29.6286411, 60.2542883 ], [ 29.6283477, 60.2543265 ], [ 29.6277195, 60.254345 ], [ 29.6267942, 60.2543763 ], [ 29.6264711, 60.2543891 ], [ 29.6264265, 60.2543899 ], [ 29.6258055, 60.2544011 ], [ 29.6250725, 60.2544438 ] ] } },
{ "type": "Feature", "properties": { "u": 498360759, "v": 503580454, "key": 0, "osmid": "130337506", "lanes": "2", "ref": null, "name": "Лесная улица", "highway": "tertiary", "maxspeed": "RU:urban", "oneway": false, "reversed": "0", "length": 102.31, "bridge": null, "width": null, "access": null, "service": null }, "geometry": { "type": "LineString", "coordinates": [ [ 29.6289225, 60.254282 ], [ 29.6288471, 60.2544586 ], [ 29.6288361, 60.2546425 ], [ 29.628818, 60.2549075 ], [ 29.6287691, 60.2551219 ], [ 29.6287522, 60.2551961 ] ] } },
{ "type": "Feature", "properties": { "u": 498360759, "v": 500317957, "key": 0, "osmid": "130337506", "lanes": "2", "ref": null, "name": "Лесная улица", "highway": "tertiary", "maxspeed": "RU:urban", "oneway": false, "reversed": "1", "length": 159.241, "bridge": null, "width": null, "access": null, "service": null }, "geometry": { "type": "LineString", "coordinates": [ [ 29.6289225, 60.254282 ], [ 29.629052, 60.254055 ], [ 29.6295485, 60.2534155 ], [ 29.6298411, 60.2529257 ] ] } },
{ "type": "Feature", "properties": { "u": 498360768, "v": 498360810, "key": 0, "osmid": "40962190", "lanes": "1", "ref": null, "name": "Красноармейская улица", "highway": "residential", "maxspeed": "RU:urban", "oneway": false, "reversed": "0", "length": 128.849, "bridge": null, "width": null, "access": null, "service": null }, "geometry": { "type": "LineString", "coordinates": [ [ 29.6181398, 60.2571086 ], [ 29.6182388, 60.2570424 ], [ 29.6186273, 60.2567738 ], [ 29.6189448, 60.2566026 ], [ 29.6194414, 60.2565252 ], [ 29.6198662, 60.2563819 ] ] } },
{ "type": "Feature", "properties": { "u": 498360768, "v": 13397412142, "key": 0, "osmid": "160401561", "lanes": "2", "ref": "41А-025", "name": "Советская улица", "highway": "primary", "maxspeed": "40", "oneway": false, "reversed": "0", "length": 187.256, "bridge": null, "width": null, "access": null, "service": null }, "geometry": { "type": "LineString", "coordinates": [ [ 29.6181398, 60.2571086 ], [ 29.6195584, 60.25739 ], [ 29.6198863, 60.2574591 ], [ 29.6203913, 60.2575666 ], [ 29.6211649, 60.2578494 ] ] } },
{ "type": "Feature", "properties": { "u": 498360768, "v": 13397412145, "key": 0, "osmid": "160401561", "lanes": "2", "ref": "41А-025", "name": "Советская улица", "highway": "primary", "maxspeed": "40", "oneway": false, "reversed": "1", "length": 64.608, "bridge": null, "width": null, "access": null, "service": null }, "geometry": { "type": "LineString", "coordinates": [ [ 29.6181398, 60.2571086 ], [ 29.6172856, 60.2569511 ], [ 29.6170496, 60.2568971 ] ] } },
{ "type": "Feature", "properties": { "u": 498360810, "v": 499029569, "key": 0, "osmid": "40962190", "lanes": "1", "ref": null, "name": "Красноармейская улица", "highway": "residential", "maxspeed": "RU:urban", "oneway": false, "reversed": "0", "length": 98.338, "bridge": null, "width": null, "access": null, "service": null }, "geometry": { "type": "LineString", "coordinates": [ [ 29.6198662, 60.2563819 ], [ 29.6206553, 60.2555889 ] ] } },
{ "type": "Feature", "properties": { "u": 498360810, "v": 498360768, "key": 0, "osmid": "40962190", "lanes": "1", "ref": null, "name": "Красноармейская улица", "highway": "residential", "maxspeed": "RU:urban", "oneway": false, "reversed": "1", "length": 128.849, "bridge": null, "width": null, "access": null, "service": null }, "geometry": { "type": "LineString", "coordinates": [ [ 29.6198662, 60.2563819 ], [ 29.6194414, 60.2565252 ], [ 29.6189448, 60.2566026 ], [ 29.6186273, 60.2567738 ], [ 29.6182388, 60.2570424 ], [ 29.6181398, 60.2571086 ] ] } },
{ "type": "Feature", "properties": { "u": 498360810, "v": 13397412142, "key": 0, "osmid": "173398951", "lanes": null, "ref": null, "name": "Красноармейская улица", "highway": "residential", "maxspeed": null, "oneway": false, "reversed": "0", "length": 303.249, "bridge": null, "width": null, "access": null, "service": null }, "geometry": { "type": "LineString", "coordinates": [ [ 29.6198662, 60.2563819 ], [ 29.6209035, 60.2564771 ], [ 29.6218425, 60.2565654 ], [ 29.622256, 60.2566352 ], [ 29.6224165, 60.2567227 ], [ 29.6225662, 60.2568222 ], [ 29.6225721, 60.2569574 ], [ 29.6225263, 60.2570136 ], [ 29.6218024, 60.2574596 ], [ 29.6213246, 60.2577521 ], [ 29.6212696, 60.2577822 ], [ 29.6211649, 60.2578494 ] ] } },
{ "type": "Feature", "properties": { "u": 498360839, "v": 499029298, "key": 0, "osmid": "40962190", "lanes": "1", "ref": null, "name": "Красноармейская улица", "highway": "residential", "maxspeed": "RU:urban", "oneway": false, "reversed": "0", "length": 292.642, "bridge": null, "width": null, "access": null, "service": null }, "geometry": { "type": "LineString", "coordinates": [ [ 29.6250725, 60.2544438 ], [ 29.6256561, 60.2543203 ], [ 29.6257935, 60.2542479 ], [ 29.6259222, 60.2539924 ], [ 29.6260681, 60.2538519 ], [ 29.6268717, 60.2535103 ], [ 29.6270578, 60.2533419 ], [ 29.6275114, 60.2529512 ], [ 29.6280971, 60.2523943 ] ] } },
{ "type": "Feature", "properties": { "u": 498360839, "v": 499031092, "key": 0, "osmid": "40962190", "lanes": "1", "ref": null, "name": "Красноармейская улица", "highway": "residential", "maxspeed": "RU:urban", "oneway": false, "reversed": "1", "length": 191.18, "bridge": null, "width": null, "access": null, "service": null }, "geometry": { "type": "LineString", "coordinates": [ [ 29.6250725, 60.2544438 ], [ 29.6249431, 60.2544634 ], [ 29.6238657, 60.2545928 ], [ 29.6217407, 60.2549142 ] ] } },
{ "type": "Feature", "properties": { "u": 498360839, "v": 498360759, "key": 0, "osmid": "128487590", "lanes": "1", "ref": null, "name": "Красноармейская улица", "highway": "residential", "maxspeed": "RU:urban", "oneway": false, "reversed": "0", "length": 213.505, "bridge": null, "width": null, "access": null, "service": null }, "geometry": { "type": "LineString", "coordinates": [ [ 29.6250725, 60.2544438 ], [ 29.6258055, 60.2544011 ], [ 29.6264265, 60.2543899 ], [ 29.6264711, 60.2543891 ], [ 29.6267942, 60.2543763 ], [ 29.6277195, 60.254345 ], [ 29.6283477, 60.2543265 ], [ 29.6286411, 60.2542883 ], [ 29.6289225, 60.254282 ] ] } },
{ "type": "Feature", "properties": { "u": 498366189, "v": 1074637544, "key": 0, "osmid": "126547072", "lanes": "1", "ref": null, "name": "улица Верхнее Рощино", "highway": "tertiary", "maxspeed": "RU:urban", "oneway": false, "reversed": "0", "length": 53.574, "bridge": null, "width": null, "access": null, "service": null }, "geometry": { "type": "LineString", "coordinates": [ [ 29.6100265, 60.2493104 ], [ 29.6090857, 60.2494295 ] ] } },
{ "type": "Feature", "properties": { "u": 498366189, "v": 1461327562, "key": 0, "osmid": "126547072", "lanes": "1", "ref": null, "name": "улица Верхнее Рощино", "highway": "tertiary", "maxspeed": "RU:urban", "oneway": false, "reversed": "1", "length": 57.67, "bridge": null, "width": null, "access": null, "service": null }, "geometry": { "type": "LineString", "coordinates": [ [ 29.6100265, 60.2493104 ], [ 29.6108668, 60.249002 ] ] } },
{ "type": "Feature", "properties": { "u": 498366189, "v": 506728169, "key": 0, "osmid": "54905210", "lanes": "1", "ref": null, "name": "улица Короленко", "highway": "residential", "maxspeed": null, "oneway": false, "reversed": "1", "length": 167.224, "bridge": null, "width": null, "access": null, "service": null }, "geometry": { "type": "LineString", "coordinates": [ [ 29.6100265, 60.2493104 ], [ 29.6105706, 60.2496207 ], [ 29.611145, 60.2498904 ], [ 29.6122495, 60.2503261 ] ] } },
{ "type": "Feature", "properties": { "u": 498366248, "v": 498366285, "key": 0, "osmid": "40922830", "lanes": "1", "ref": null, "name": "Нагорный переулок", "highway": "residential", "maxspeed": null, "oneway": false, "reversed": "0", "length": 177.51, "bridge": null, "width": null, "access": null, "service": null }, "geometry": { "type": "LineString", "coordinates": [ [ 29.6148049, 60.2538348 ], [ 29.6140333, 60.2532799 ], [ 29.6134141, 60.252836 ], [ 29.6129182, 60.2525433 ] ] } },
{ "type": "Feature", "properties": { "u": 498366248, "v": 297815099, "key": 0, "osmid": "164428730", "lanes": "2", "ref": null, "name": "Социалистическая улица", "highway": "tertiary", "maxspeed": "RU:urban", "oneway": false, "reversed": "0", "length": 60.288, "bridge": null, "width": null, "access": null, "service": null }, "geometry": { "type": "LineString", "coordinates": [ [ 29.6148049, 60.2538348 ], [ 29.6145102, 60.2539209 ], [ 29.6141294, 60.2540135 ], [ 29.6138171, 60.2540611 ] ] } },
{ "type": "Feature", "properties": { "u": 498366248, "v": 298009672, "key": 0, "osmid": "164428730", "lanes": "2", "ref": null, "name": "Социалистическая улица", "highway": "tertiary", "maxspeed": "RU:urban", "oneway": false, "reversed": "1", "length": 56.598, "bridge": null, "width": null, "access": null, "service": null }, "geometry": { "type": "LineString", "coordinates": [ [ 29.6148049, 60.2538348 ], [ 29.6150348, 60.2537551 ], [ 29.6153222, 60.2536303 ], [ 29.615585, 60.2535057 ] ] } },
{ "type": "Feature", "properties": { "u": 498366285, "v": 498366336, "key": 0, "osmid": "128487591", "lanes": "2", "ref": null, "name": "Садовая улица", "highway": "residential", "maxspeed": null, "oneway": false, "reversed": "0", "length": 58.16, "bridge": null, "width": null, "access": null, "service": null }, "geometry": { "type": "LineString", "coordinates": [ [ 29.6129182, 60.2525433 ], [ 29.6136085, 60.252148 ] ] } },
{ "type": "Feature", "properties": { "u": 498366285, "v": 498366248, "key": 0, "osmid": "40922830", "lanes": "1", "ref": null, "name": "Нагорный переулок", "highway": "residential", "maxspeed": null, "oneway": false, "reversed": "1", "length": 177.51, "bridge": null, "width": null, "access": null, "service": null }, "geometry": { "type": "LineString", "coordinates": [ [ 29.6129182, 60.2525433 ], [ 29.6134141, 60.252836 ], [ 29.6140333, 60.2532799 ], [ 29.6148049, 60.2538348 ] ] } },
{ "type": "Feature", "properties": { "u": 498366285, "v": 1462867338, "key": 0, "osmid": "128487591", "lanes": "2", "ref": null, "name": "Садовая улица", "highway": "residential", "maxspeed": null, "oneway": false, "reversed": "1", "length": 82.007, "bridge": null, "width": null, "access": null, "service": null }, "geometry": { "type": "LineString", "coordinates": [ [ 29.6129182, 60.2525433 ], [ 29.6123942, 60.2528368 ], [ 29.6120259, 60.2530851 ], [ 29.6119805, 60.2531146 ] ] } },
{ "type": "Feature", "properties": { "u": 498366336, "v": 498349007, "key": 0, "osmid": "40922832", "lanes": "1", "ref": null, "name": "улица Некрасова", "highway": "residential", "maxspeed": null, "oneway": false, "reversed": "1", "length": 182.071, "bridge": null, "width": null, "access": null, "service": null }, "geometry": { "type": "LineString", "coordinates": [ [ 29.6136085, 60.252148 ], [ 29.6161459, 60.2531949 ] ] } },
{ "type": "Feature", "properties": { "u": 498366336, "v": 498366285, "key": 0, "osmid": "128487591", "lanes": "2", "ref": null, "name": "Садовая улица", "highway": "residential", "maxspeed": null, "oneway": false, "reversed": "1", "length": 58.16, "bridge": null, "width": null, "access": null, "service": null }, "geometry": { "type": "LineString", "coordinates": [ [ 29.6136085, 60.252148 ], [ 29.6129182, 60.2525433 ] ] } },
{ "type": "Feature", "properties": { "u": 498366336, "v": 690988038, "key": 0, "osmid": "128487591", "lanes": "2", "ref": null, "name": "Садовая улица", "highway": "residential", "maxspeed": null, "oneway": false, "reversed": "0", "length": 91.999, "bridge": null, "width": null, "access": null, "service": null }, "geometry": { "type": "LineString", "coordinates": [ [ 29.6136085, 60.252148 ], [ 29.6139794, 60.2519092 ], [ 29.614708, 60.2515273 ] ] } },
{ "type": "Feature", "properties": { "u": 498366358, "v": 500315766, "key": 0, "osmid": "164428730", "lanes": "2", "ref": null, "name": "Социалистическая улица", "highway": "tertiary", "maxspeed": "RU:urban", "oneway": false, "reversed": "0", "length": 65.389, "bridge": null, "width": null, "access": null, "service": null }, "geometry": { "type": "LineString", "coordinates": [ [ 29.6172445, 60.2525624 ], [ 29.6164637, 60.2530048 ] ] } },
{ "type": "Feature", "properties": { "u": 498366358, "v": 690988038, "key": 0, "osmid": "54905210", "lanes": "1", "ref": null, "name": "улица Короленко", "highway": "residential", "maxspeed": null, "oneway": false, "reversed": "0", "length": 181.289, "bridge": null, "width": null, "access": null, "service": null }, "geometry": { "type": "LineString", "coordinates": [ [ 29.6172445, 60.2525624 ], [ 29.6160105, 60.2520255 ], [ 29.614708, 60.2515273 ] ] } },
{ "type": "Feature", "properties": { "u": 498366358, "v": 499031142, "key": 0, "osmid": "164428730", "lanes": "2", "ref": null, "name": "Социалистическая улица", "highway": "tertiary", "maxspeed": "RU:urban", "oneway": false, "reversed": "1", "length": 65.556, "bridge": null, "width": null, "access": null, "service": null }, "geometry": { "type": "LineString", "coordinates": [ [ 29.6172445, 60.2525624 ], [ 29.6177502, 60.2522775 ], [ 29.6180377, 60.2521235 ] ] } },
{ "type": "Feature", "properties": { "u": 498366416, "v": 506728169, "key": 0, "osmid": "54905210", "lanes": "1", "ref": null, "name": "улица Короленко", "highway": "residential", "maxspeed": null, "oneway": false, "reversed": "0", "length": 89.316, "bridge": null, "width": null, "access": null, "service": null }, "geometry": { "type": "LineString", "coordinates": [ [ 29.6134222, 60.2508798 ], [ 29.6122495, 60.2503261 ] ] } },
{ "type": "Feature", "properties": { "u": 498366416, "v": 690988038, "key": 0, "osmid": "54905210", "lanes": "1", "ref": null, "name": "улица Короленко", "highway": "residential", "maxspeed": null, "oneway": false, "reversed": "1", "length": 101.078, "bridge": null, "width": null, "access": null, "service": null }, "geometry": { "type": "LineString", "coordinates": [ [ 29.6134222, 60.2508798 ], [ 29.614708, 60.2515273 ] ] } },
{ "type": "Feature", "properties": { "u": 498366416, "v": 503590526, "key": 0, "osmid": "48823224", "lanes": "2", "ref": null, "name": "улица Пушкина", "highway": "residential", "maxspeed": null, "oneway": false, "reversed": "1", "length": 193.416, "bridge": null, "width": null, "access": null, "service": null }, "geometry": { "type": "LineString", "coordinates": [ [ 29.6134222, 60.2508798 ], [ 29.6115909, 60.2519706 ], [ 29.6111503, 60.2522039 ] ] } },
{ "type": "Feature", "properties": { "u": 498391529, "v": 506294397, "key": 0, "osmid": "126547072", "lanes": "1", "ref": null, "name": "улица Верхнее Рощино", "highway": "tertiary", "maxspeed": "RU:urban", "oneway": false, "reversed": "1", "length": 47.259, "bridge": null, "width": null, "access": null, "service": null }, "geometry": { "type": "LineString", "coordinates": [ [ 29.6023736, 60.252478 ], [ 29.6031077, 60.252259 ] ] } },
{ "type": "Feature", "properties": { "u": 498391529, "v": 98154661, "key": 0, "osmid": "183990367", "lanes": "2", "ref": null, "name": "улица Шалавина", "highway": "tertiary", "maxspeed": "60", "oneway": false, "reversed": "0", "length": 159.462, "bridge": null, "width": null, "access": null, "service": null }, "geometry": { "type": "LineString", "coordinates": [ [ 29.6023736, 60.252478 ], [ 29.6026382, 60.2528442 ], [ 29.602749, 60.2529976 ], [ 29.6029086, 60.2532185 ], [ 29.602987, 60.253607 ], [ 29.602917, 60.2538112 ], [ 29.6029091, 60.2538609 ] ] } },
{ "type": "Feature", "properties": { "u": 498391529, "v": 298011450, "key": 0, "osmid": "183990367", "lanes": "2", "ref": null, "name": "улица Шалавина", "highway": "tertiary", "maxspeed": "60", "oneway": false, "reversed": "1", "length": 226.138, "bridge": null, "width": null, "access": null, "service": null }, "geometry": { "type": "LineString", "coordinates": [ [ 29.6023736, 60.252478 ], [ 29.6022397, 60.2522491 ], [ 29.6019023, 60.2518881 ], [ 29.601618, 60.2516789 ], [ 29.6012747, 60.2514822 ], [ 29.6009915, 60.25135 ], [ 29.6005503, 60.2511297 ], [ 29.6001833, 60.2507946 ] ] } },
{ "type": "Feature", "properties": { "u": 499029298, "v": 500317957, "key": 0, "osmid": "41054241", "lanes": "1", "ref": null, "name": "улица Чехова", "highway": "residential", "maxspeed": "RU:urban", "oneway": false, "reversed": "0", "length": 112.916, "bridge": null, "width": null, "access": null, "service": null }, "geometry": { "type": "LineString", "coordinates": [ [ 29.6280971, 60.2523943 ], [ 29.6298411, 60.2529257 ] ] } },
{ "type": "Feature", "properties": { "u": 499029298, "v": 500318043, "key": 0, "osmid": "41054241", "lanes": "1", "ref": null, "name": "улица Чехова", "highway": "residential", "maxspeed": "RU:urban", "oneway": false, "reversed": "1", "length": 100.927, "bridge": null, "width": null, "access": null, "service": null }, "geometry": { "type": "LineString", "coordinates": [ [ 29.6280971, 60.2523943 ], [ 29.626589, 60.2518806 ] ] } },
{ "type": "Feature", "properties": { "u": 499029298, "v": 498360839, "key": 0, "osmid": "40962190", "lanes": "1", "ref": null, "name": "Красноармейская улица", "highway": "residential", "maxspeed": "RU:urban", "oneway": false, "reversed": "1", "length": 292.642, "bridge": null, "width": null, "access": null, "service": null }, "geometry": { "type": "LineString", "coordinates": [ [ 29.6280971, 60.2523943 ], [ 29.6275114, 60.2529512 ], [ 29.6270578, 60.2533419 ], [ 29.6268717, 60.2535103 ], [ 29.6260681, 60.2538519 ], [ 29.6259222, 60.2539924 ], [ 29.6257935, 60.2542479 ], [ 29.6256561, 60.2543203 ], [ 29.6250725, 60.2544438 ] ] } },
{ "type": "Feature", "properties": { "u": 499029569, "v": 498360810, "key": 0, "osmid": "40962190", "lanes": "1", "ref": null, "name": "Красноармейская улица", "highway": "residential", "maxspeed": "RU:urban", "oneway": false, "reversed": "1", "length": 98.338, "bridge": null, "width": null, "access": null, "service": null }, "geometry": { "type": "LineString", "coordinates": [ [ 29.6206553, 60.2555889 ], [ 29.6198662, 60.2563819 ] ] } },
{ "type": "Feature", "properties": { "u": 499029569, "v": 499031092, "key": 0, "osmid": "40962190", "lanes": "1", "ref": null, "name": "Красноармейская улица", "highway": "residential", "maxspeed": "RU:urban", "oneway": false, "reversed": "0", "length": 96.078, "bridge": null, "width": null, "access": null, "service": null }, "geometry": { "type": "LineString", "coordinates": [ [ 29.6206553, 60.2555889 ], [ 29.6208678, 60.2554323 ], [ 29.6217407, 60.2549142 ] ] } },
{ "type": "Feature", "properties": { "u": 499029569, "v": 499029577, "key": 0, "osmid": "40962466", "lanes": null, "ref": null, "name": "улица Связи", "highway": "residential", "maxspeed": null, "oneway": false, "reversed": "1", "length": 67.525, "bridge": null, "width": null, "access": null, "service": null }, "geometry": { "type": "LineString", "coordinates": [ [ 29.6206553, 60.2555889 ], [ 29.6203312, 60.2555738 ], [ 29.6201386, 60.255527 ], [ 29.6199812, 60.2554538 ], [ 29.6196725, 60.2552791 ] ] } },
{ "type": "Feature", "properties": { "u": 499029577, "v": 499029569, "key": 0, "osmid": "40962466", "lanes": null, "ref": null, "name": "улица Связи", "highway": "residential", "maxspeed": null, "oneway": false, "reversed": "0", "length": 67.525, "bridge": null, "width": null, "access": null, "service": null }, "geometry": { "type": "LineString", "coordinates": [ [ 29.6196725, 60.2552791 ], [ 29.6199812, 60.2554538 ], [ 29.6201386, 60.255527 ], [ 29.6203312, 60.2555738 ], [ 29.6206553, 60.2555889 ] ] } },
{ "type": "Feature", "properties": { "u": 499029577, "v": 500315727, "key": 0, "osmid": "40962466", "lanes": null, "ref": null, "name": "улица Связи", "highway": "residential", "maxspeed": null, "oneway": false, "reversed": "1", "length": 141.659, "bridge": null, "width": null, "access": null, "service": null }, "geometry": { "type": "LineString", "coordinates": [ [ 29.6196725, 60.2552791 ], [ 29.6194413, 60.2552557 ], [ 29.6185889, 60.2554286 ], [ 29.6172977, 60.2557108 ] ] } },
{ "type": "Feature", "properties": { "u": 499029577, "v": 500315766, "key": 0, "osmid": "41054164", "lanes": null, "ref": null, "name": "Красноармейский переулок", "highway": "residential", "maxspeed": null, "oneway": false, "reversed": "1", "length": 325.936, "bridge": null, "width": null, "access": null, "service": null }, "geometry": { "type": "LineString", "coordinates": [ [ 29.6196725, 60.2552791 ], [ 29.6196735, 60.2551285 ], [ 29.6196048, 60.2549454 ], [ 29.6194965, 60.2547792 ], [ 29.6193731, 60.2546047 ], [ 29.6190898, 60.2544003 ], [ 29.6188495, 60.2542257 ], [ 29.6188324, 60.2541959 ], [ 29.6185405, 60.2539575 ], [ 29.6184032, 60.2538765 ], [ 29.6178597, 60.2538202 ], [ 29.6175275, 60.2537149 ], [ 29.6165502, 60.2530317 ], [ 29.6164637, 60.2530048 ] ] } },
{ "type": "Feature", "properties": { "u": 499031092, "v": 499031312, "key": 0, "osmid": "54905395", "lanes": "2", "ref": null, "name": "Красная улица", "highway": "residential", "maxspeed": "RU:urban", "oneway": false, "reversed": "0", "length": 120.861, "bridge": null, "width": null, "access": null, "service": null }, "geometry": { "type": "LineString", "coordinates": [ [ 29.6217407, 60.2549142 ], [ 29.6229809, 60.2558102 ] ] } },
{ "type": "Feature", "properties": { "u": 499031092, "v": 499031282, "key": 0, "osmid": "54905395", "lanes": "2", "ref": null, "name": "Красная улица", "highway": "residential", "maxspeed": "RU:urban", "oneway": false, "reversed": "1", "length": 72.652, "bridge": null, "width": null, "access": null, "service": null }, "geometry": { "type": "LineString", "coordinates": [ [ 29.6217407, 60.2549142 ], [ 29.6209606, 60.2543878 ] ] } },
{ "type": "Feature", "properties": { "u": 499031092, "v": 498360839, "key": 0, "osmid": "40962190", "lanes": "1", "ref": null, "name": "Красноармейская улица", "highway": "residential", "maxspeed": "RU:urban", "oneway": false, "reversed": "0", "length": 191.18, "bridge": null, "width": null, "access": null, "service": null }, "geometry": { "type": "LineString", "coordinates": [ [ 29.6217407, 60.2549142 ], [ 29.6238657, 60.2545928 ], [ 29.6249431, 60.2544634 ], [ 29.6250725, 60.2544438 ] ] } },
{ "type": "Feature", "properties": { "u": 499031092, "v": 499029569, "key": 0, "osmid": "40962190", "lanes": "1", "ref": null, "name": "Красноармейская улица", "highway": "residential", "maxspeed": "RU:urban", "oneway": false, "reversed": "1", "length": 96.078, "bridge": null, "width": null, "access": null, "service": null }, "geometry": { "type": "LineString", "coordinates": [ [ 29.6217407, 60.2549142 ], [ 29.6208678, 60.2554323 ], [ 29.6206553, 60.2555889 ] ] } },
{ "type": "Feature", "properties": { "u": 499031142, "v": 499031228, "key": 0, "osmid": "54905395", "lanes": "2", "ref": null, "name": "Красная улица", "highway": "residential", "maxspeed": "RU:urban", "oneway": false, "reversed": "0", "length": 193.091, "bridge": null, "width": null, "access": null, "service": null }, "geometry": { "type": "LineString", "coordinates": [ [ 29.6180377, 60.2521235 ], [ 29.6181466, 60.2521312 ], [ 29.6199806, 60.2535457 ] ] } },
{ "type": "Feature", "properties": { "u": 499031142, "v": 498366358, "key": 0, "osmid": "164428730", "lanes": "2", "ref": null, "name": "Социалистическая улица", "highway": "tertiary", "maxspeed": "RU:urban", "oneway": false, "reversed": "0", "length": 65.556, "bridge": null, "width": null, "access": null, "service": null }, "geometry": { "type": "LineString", "coordinates": [ [ 29.6180377, 60.2521235 ], [ 29.6177502, 60.2522775 ], [ 29.6172445, 60.2525624 ] ] } },
{ "type": "Feature", "properties": { "u": 499031142, "v": 298011457, "key": 0, "osmid": "164428730", "lanes": "2", "ref": null, "name": "Социалистическая улица", "highway": "tertiary", "maxspeed": "RU:urban", "oneway": false, "reversed": "1", "length": 40.693, "bridge": null, "width": null, "access": null, "service": null }, "geometry": { "type": "LineString", "coordinates": [ [ 29.6180377, 60.2521235 ], [ 29.618539, 60.2518674 ], [ 29.6185516, 60.251861 ] ] } },
{ "type": "Feature", "properties": { "u": 499031228, "v": 499031282, "key": 0, "osmid": "54905395", "lanes": "2", "ref": null, "name": "Красная улица", "highway": "residential", "maxspeed": "RU:urban", "oneway": false, "reversed": "0", "length": 108.126, "bridge": null, "width": null, "access": null, "service": null }, "geometry": { "type": "LineString", "coordinates": [ [ 29.6199806, 60.2535457 ], [ 29.6209606, 60.2543878 ] ] } },
{ "type": "Feature", "properties": { "u": 499031228, "v": 500841214, "key": 0, "osmid": "41074875", "lanes": "2", "ref": null, "name": "Сосновая улица", "highway": "residential", "maxspeed": null, "oneway": false, "reversed": "1", "length": 125.339, "bridge": null, "width": null, "access": null, "service": null }, "geometry": { "type": "LineString", "coordinates": [ [ 29.6199806, 60.2535457 ], [ 29.6208742, 60.2532419 ], [ 29.6218117, 60.2528794 ] ] } },
{ "type": "Feature", "properties": { "u": 499031228, "v": 499031142, "key": 0, "osmid": "54905395", "lanes": "2", "ref": null, "name": "Красная улица", "highway": "residential", "maxspeed": "RU:urban", "oneway": false, "reversed": "1", "length": 193.091, "bridge": null, "width": null, "access": null, "service": null }, "geometry": { "type": "LineString", "coordinates": [ [ 29.6199806, 60.2535457 ], [ 29.6181466, 60.2521312 ], [ 29.6180377, 60.2521235 ] ] } },
{ "type": "Feature", "properties": { "u": 499031282, "v": 499031092, "key": 0, "osmid": "54905395", "lanes": "2", "ref": null, "name": "Красная улица", "highway": "residential", "maxspeed": "RU:urban", "oneway": false, "reversed": "0", "length": 72.652, "bridge": null, "width": null, "access": null, "service": null }, "geometry": { "type": "LineString", "coordinates": [ [ 29.6209606, 60.2543878 ], [ 29.6217407, 60.2549142 ] ] } },
{ "type": "Feature", "properties": { "u": 499031282, "v": 499031228, "key": 0, "osmid": "54905395", "lanes": "2", "ref": null, "name": "Красная улица", "highway": "residential", "maxspeed": "RU:urban", "oneway": false, "reversed": "1", "length": 108.126, "bridge": null, "width": null, "access": null, "service": null }, "geometry": { "type": "LineString", "coordinates": [ [ 29.6209606, 60.2543878 ], [ 29.6199806, 60.2535457 ] ] } },
{ "type": "Feature", "properties": { "u": 499031282, "v": 877944089, "key": 0, "osmid": "173398965", "lanes": "1", "ref": null, "name": "улица Механизаторов", "highway": "residential", "maxspeed": null, "oneway": false, "reversed": "1", "length": 148.169, "bridge": null, "width": null, "access": null, "service": null }, "geometry": { "type": "LineString", "coordinates": [ [ 29.6209606, 60.2543878 ], [ 29.6220227, 60.2540451 ], [ 29.6231509, 60.2536183 ] ] } },
{ "type": "Feature", "properties": { "u": 499031312, "v": 499031092, "key": 0, "osmid": "54905395", "lanes": "2", "ref": null, "name": "Красная улица", "highway": "residential", "maxspeed": "RU:urban", "oneway": false, "reversed": "1", "length": 120.861, "bridge": null, "width": null, "access": null, "service": null }, "geometry": { "type": "LineString", "coordinates": [ [ 29.6229809, 60.2558102 ], [ 29.6217407, 60.2549142 ] ] } },
{ "type": "Feature", "properties": { "u": 499031312, "v": 503580454, "key": 0, "osmid": "41213412", "lanes": null, "ref": null, "name": "Лесной переулок", "highway": "residential", "maxspeed": null, "oneway": false, "reversed": "1", "length": 325.756, "bridge": null, "width": null, "access": null, "service": null }, "geometry": { "type": "LineString", "coordinates": [ [ 29.6229809, 60.2558102 ], [ 29.625007, 60.2555951 ], [ 29.6253416, 60.2555492 ], [ 29.6259796, 60.255462 ], [ 29.6270551, 60.2553606 ], [ 29.6287522, 60.2551961 ] ] } },
{ "type": "Feature", "properties": { "u": 499031312, "v": 499031323, "key": 0, "osmid": "54905395", "lanes": "2", "ref": null, "name": "Красная улица", "highway": "residential", "maxspeed": "RU:urban", "oneway": false, "reversed": "0", "length": 137.765, "bridge": null, "width": null, "access": null, "service": null }, "geometry": { "type": "LineString", "coordinates": [ [ 29.6229809, 60.2558102 ], [ 29.623475, 60.2560841 ], [ 29.6241256, 60.2565649 ], [ 29.6245155, 60.256784 ] ] } },
{ "type": "Feature", "properties": { "u": 499031323, "v": 503580287, "key": 0, "osmid": "41213411", "lanes": null, "ref": null, "name": "Красный переулок", "highway": "residential", "maxspeed": "RU:urban", "oneway": false, "reversed": "1", "length": 237.517, "bridge": null, "width": null, "access": null, "service": null }, "geometry": { "type": "LineString", "coordinates": [ [ 29.6245155, 60.256784 ], [ 29.624826, 60.256589 ], [ 29.6253581, 60.2563761 ], [ 29.6260104, 60.2561717 ], [ 29.6267142, 60.256078 ], [ 29.6276755, 60.2560014 ], [ 29.6282463, 60.2561527 ] ] } },
{ "type": "Feature", "properties": { "u": 499031323, "v": 496246339, "key": 0, "osmid": "54905395", "lanes": "2", "ref": null, "name": "Красная улица", "highway": "residential", "maxspeed": "RU:urban", "oneway": false, "reversed": "0", "length": 242.845, "bridge": null, "width": null, "access": null, "service": null }, "geometry": { "type": "LineString", "coordinates": [ [ 29.6245155, 60.256784 ], [ 29.6257707, 60.2574108 ], [ 29.626999, 60.2585596 ] ] } },
{ "type": "Feature", "properties": { "u": 499031323, "v": 499031312, "key": 0, "osmid": "54905395", "lanes": "2", "ref": null, "name": "Красная улица", "highway": "residential", "maxspeed": "RU:urban", "oneway": false, "reversed": "1", "length": 137.765, "bridge": null, "width": null, "access": null, "service": null }, "geometry": { "type": "LineString", "coordinates": [ [ 29.6245155, 60.256784 ], [ 29.6241256, 60.2565649 ], [ 29.623475, 60.2560841 ], [ 29.6229809, 60.2558102 ] ] } },
{ "type": "Feature", "properties": { "u": 499041216, "v": 502893125, "key": 0, "osmid": "41745163", "lanes": null, "ref": null, "name": "Полевая улица", "highway": "residential", "maxspeed": "60", "oneway": false, "reversed": "0", "length": 182.4, "bridge": null, "width": null, "access": null, "service": null }, "geometry": { "type": "LineString", "coordinates": [ [ 29.6083415, 60.2436921 ], [ 29.6084601, 60.2437279 ], [ 29.6089139, 60.2439108 ], [ 29.6095223, 60.2441635 ], [ 29.6098665, 60.2443167 ], [ 29.6103697, 60.2445328 ], [ 29.6108772, 60.2447427 ] ] } },
{ "type": "Feature", "properties": { "u": 499041216, "v": 1301582912, "key": 0, "osmid": "41745166", "lanes": null, "ref": null, "name": "Восточная улица", "highway": "residential", "maxspeed": "60", "oneway": false, "reversed": "1", "length": 75.028, "bridge": null, "width": null, "access": null, "service": null }, "geometry": { "type": "LineString", "coordinates": [ [ 29.6083415, 60.2436921 ], [ 29.6073999, 60.2439577 ], [ 29.6071638, 60.2440291 ] ] } },
{ "type": "Feature", "properties": { "u": 499041216, "v": 529790325, "key": 0, "lanes": null, "ref": null, "name": "7-я улица", "highway": "residential", "maxspeed": null, "oneway": false, "length": 145.493, "bridge": null, "width": null, "access": null, "service": null }, "geometry": { "type": "LineString", "coordinates": [ [ 29.6083415, 60.2436921 ], [ 29.6082983, 60.2435916 ], [ 29.6080167, 60.2429356 ], [ 29.6078748, 60.2424053 ] ] } },
{ "type": "Feature", "properties": { "u": 499041216, "v": 499041227, "key": 0, "osmid": "164426444", "lanes": null, "ref": null, "name": "Восточная улица", "highway": "residential", "maxspeed": "60", "oneway": false, "reversed": "0", "length": 101.068, "bridge": null, "width": null, "access": null, "service": null }, "geometry": { "type": "LineString", "coordinates": [ [ 29.6083415, 60.2436921 ], [ 29.60869, 60.2435755 ], [ 29.6091939, 60.2434361 ], [ 29.6099208, 60.243233 ] ] } },
{ "type": "Feature", "properties": { "u": 499041227, "v": 499041231, "key": 0, "osmid": "164426444", "lanes": null, "ref": null, "name": "Восточная улица", "highway": "residential", "maxspeed": "60", "oneway": false, "reversed": "0", "length": 35.709, "bridge": null, "width": null, "access": null, "service": null }, "geometry": { "type": "LineString", "coordinates": [ [ 29.6099208, 60.243233 ], [ 29.610519, 60.2431106 ] ] } },
{ "type": "Feature", "properties": { "u": 499041227, "v": 1239558366, "key": 0, "osmid": "53141857", "lanes": null, "ref": null, "name": "8-я улица", "highway": "residential", "maxspeed": null, "oneway": false, "reversed": "0", "length": 110.659, "bridge": null, "width": null, "access": null, "service": null }, "geometry": { "type": "LineString", "coordinates": [ [ 29.6099208, 60.243233 ], [ 29.6096199, 60.2429732 ], [ 29.6095437, 60.2428901 ], [ 29.6094811, 60.2426904 ], [ 29.6096599, 60.2422982 ] ] } },
{ "type": "Feature", "properties": { "u": 499041227, "v": 499041216, "key": 0, "osmid": "164426444", "lanes": null, "ref": null, "name": "Восточная улица", "highway": "residential", "maxspeed": "60", "oneway": false, "reversed": "1", "length": 101.068, "bridge": null, "width": null, "access": null, "service": null }, "geometry": { "type": "LineString", "coordinates": [ [ 29.6099208, 60.243233 ], [ 29.6091939, 60.2434361 ], [ 29.60869, 60.2435755 ], [ 29.6083415, 60.2436921 ] ] } },
{ "type": "Feature", "properties": { "u": 499041231, "v": 499041227, "key": 0, "osmid": "164426444", "lanes": null, "ref": null, "name": "Восточная улица", "highway": "residential", "maxspeed": "60", "oneway": false, "reversed": "1", "length": 35.709, "bridge": null, "width": null, "access": null, "service": null }, "geometry": { "type": "LineString", "coordinates": [ [ 29.610519, 60.2431106 ], [ 29.6099208, 60.243233 ] ] } },
{ "type": "Feature", "properties": { "u": 499049039, "v": 499049057, "key": 0, "osmid": "40963175", "lanes": "2", "ref": null, "name": "Южная улица", "highway": "residential", "maxspeed": null, "oneway": false, "reversed": "0", "length": 180.764, "bridge": null, "width": null, "access": null, "service": null }, "geometry": { "type": "LineString", "coordinates": [ [ 29.5998291, 60.2448786 ], [ 29.5997827, 60.2444804 ], [ 29.5997995, 60.2439559 ], [ 29.5995133, 60.2432682 ] ] } },
{ "type": "Feature", "properties": { "u": 499049039, "v": 506291508, "key": 0, "osmid": "40963175", "lanes": "2", "ref": null, "name": "Южная улица", "highway": "residential", "maxspeed": null, "oneway": false, "reversed": "1", "length": 83.541, "bridge": null, "width": null, "access": null, "service": null }, "geometry": { "type": "LineString", "coordinates": [ [ 29.5998291, 60.2448786 ], [ 29.5997123, 60.2452875 ], [ 29.5995954, 60.2456208 ] ] } },
{ "type": "Feature", "properties": { "u": 499049039, "v": 1711766285, "key": 0, "osmid": "166129590", "lanes": null, "ref": null, "name": null, "highway": "residential", "maxspeed": null, "oneway": false, "reversed": "1", "length": 139.656, "bridge": null, "width": null, "access": null, "service": null }, "geometry": { "type": "LineString", "coordinates": [ [ 29.5998291, 60.2448786 ], [ 29.5980099, 60.2442359 ], [ 29.59777, 60.2441485 ] ] } },
{ "type": "Feature", "properties": { "u": 499049057, "v": 1384951260, "key": 0, "osmid": "115064648", "lanes": "1", "ref": null, "name": "Центральная улица", "highway": "residential", "maxspeed": null, "oneway": false, "reversed": "0", "length": 51.122, "bridge": null, "width": null, "access": null, "service": null }, "geometry": { "type": "LineString", "coordinates": [ [ 29.5995133, 60.2432682 ], [ 29.6004244, 60.2431852 ] ] } },
{ "type": "Feature", "properties": { "u": 499049057, "v": 499049066, "key": 0, "osmid": "40963175", "lanes": "2", "ref": null, "name": "Южная улица", "highway": "residential", "maxspeed": null, "oneway": false, "reversed": "0", "length": 113.45, "bridge": null, "width": null, "access": null, "service": null }, "geometry": { "type": "LineString", "coordinates": [ [ 29.5995133, 60.2432682 ], [ 29.5993237, 60.2428874 ], [ 29.5989743, 60.2422838 ] ] } },
{ "type": "Feature", "properties": { "u": 499049057, "v": 499049039, "key": 0, "osmid": "40963175", "lanes": "2", "ref": null, "name": "Южная улица", "highway": "residential", "maxspeed": null, "oneway": false, "reversed": "1", "length": 180.764, "bridge": null, "width": null, "access": null, "service": null }, "geometry": { "type": "LineString", "coordinates": [ [ 29.5995133, 60.2432682 ], [ 29.5997995, 60.2439559 ], [ 29.5997827, 60.2444804 ], [ 29.5998291, 60.2448786 ] ] } },
{ "type": "Feature", "properties": { "u": 499049066, "v": 499049081, "key": 0, "osmid": "40963175", "lanes": "2", "ref": null, "name": "Южная улица", "highway": "residential", "maxspeed": null, "oneway": false, "reversed": "0", "length": 143.991, "bridge": null, "width": null, "access": null, "service": null }, "geometry": { "type": "LineString", "coordinates": [ [ 29.5989743, 60.2422838 ], [ 29.598528, 60.2414768 ], [ 29.5984054, 60.2413657 ], [ 29.5982177, 60.2412456 ], [ 29.5980682, 60.2411669 ], [ 29.5979586, 60.2411209 ] ] } },
{ "type": "Feature", "properties": { "u": 499049066, "v": 499049057, "key": 0, "osmid": "40963175", "lanes": "2", "ref": null, "name": "Южная улица", "highway": "residential", "maxspeed": null, "oneway": false, "reversed": "1", "length": 113.45, "bridge": null, "width": null, "access": null, "service": null }, "geometry": { "type": "LineString", "coordinates": [ [ 29.5989743, 60.2422838 ], [ 29.5993237, 60.2428874 ], [ 29.5995133, 60.2432682 ] ] } },
{ "type": "Feature", "properties": { "u": 499049066, "v": 956009869, "key": 0, "osmid": "82084872", "lanes": "1", "ref": null, "name": null, "highway": "residential", "maxspeed": null, "oneway": false, "reversed": "0", "length": 126.231, "bridge": null, "width": null, "access": null, "service": null }, "geometry": { "type": "LineString", "coordinates": [ [ 29.5989743, 60.2422838 ], [ 29.5981546, 60.2424305 ], [ 29.5972471, 60.2418911 ] ] } },
{ "type": "Feature", "properties": { "u": 499049081, "v": 1776117299, "key": 0, "osmid": "40963175", "lanes": "2", "ref": null, "name": "Южная улица", "highway": "residential", "maxspeed": null, "oneway": false, "reversed": "0", "length": 21.051, "bridge": null, "width": null, "access": null, "service": null }, "geometry": { "type": "LineString", "coordinates": [ [ 29.5979586, 60.2411209 ], [ 29.5979334, 60.240932 ] ] } },
{ "type": "Feature", "properties": { "u": 499049081, "v": 499049066, "key": 0, "osmid": "40963175", "lanes": "2", "ref": null, "name": "Южная улица", "highway": "residential", "maxspeed": null, "oneway": false, "reversed": "1", "length": 143.991, "bridge": null, "width": null, "access": null, "service": null }, "geometry": { "type": "LineString", "coordinates": [ [ 29.5979586, 60.2411209 ], [ 29.5980682, 60.2411669 ], [ 29.5982177, 60.2412456 ], [ 29.5984054, 60.2413657 ], [ 29.598528, 60.2414768 ], [ 29.5989743, 60.2422838 ] ] } },
{ "type": "Feature", "properties": { "u": 499049081, "v": 1462553316, "key": 0, "osmid": "132929316", "lanes": "1", "ref": null, "name": null, "highway": "residential", "maxspeed": null, "oneway": false, "reversed": "1", "length": 145.411, "bridge": null, "width": null, "access": null, "service": null }, "geometry": { "type": "LineString", "coordinates": [ [ 29.5979586, 60.2411209 ], [ 29.596514, 60.2405741 ], [ 29.5958963, 60.240308 ] ] } },
{ "type": "Feature", "properties": { "u": 499049081, "v": 956009869, "key": 0, "osmid": "132929317", "lanes": "1", "ref": null, "name": null, "highway": "residential", "maxspeed": null, "oneway": false, "reversed": "0", "length": 94.256, "bridge": null, "width": null, "access": null, "service": null }, "geometry": { "type": "LineString", "coordinates": [ [ 29.5979586, 60.2411209 ], [ 29.5977526, 60.2413712 ], [ 29.5975711, 60.2415548 ], [ 29.5972471, 60.2418911 ] ] } },
{ "type": "Feature", "properties": { "u": 499049102, "v": 499049115, "key": 0, "lanes": "2", "ref": null, "name": "Южная улица", "highway": "residential", "maxspeed": "60", "oneway": false, "reversed": "0", "length": 116.184, "bridge": null, "width": "2", "access": null, "service": null }, "geometry": { "type": "LineString", "coordinates": [ [ 29.5982101, 60.2402241 ], [ 29.5984095, 60.2401068 ], [ 29.5986249, 60.2400012 ], [ 29.5988862, 60.2398353 ], [ 29.5991343, 60.2396882 ], [ 29.5994141, 60.2393793 ] ] } },
{ "type": "Feature", "properties": { "u": 499049102, "v": 1776117299, "key": 0, "osmid": "40963175", "lanes": "2", "ref": null, "name": "Южная улица", "highway": "residential", "maxspeed": null, "oneway": false, "reversed": "1", "length": 83.428, "bridge": null, "width": null, "access": null, "service": null }, "geometry": { "type": "LineString", "coordinates": [ [ 29.5982101, 60.2402241 ], [ 29.5980342, 60.2403702 ], [ 29.5979209, 60.2405448 ], [ 29.5978623, 60.2407007 ], [ 29.5978681, 60.2408575 ], [ 29.5979334, 60.240932 ] ] } },
{ "type": "Feature", "properties": { "u": 499049102, "v": 11366114678, "key": 0, "osmid": "172657847", "lanes": null, "ref": null, "name": "Хуторская улица", "highway": "residential", "maxspeed": null, "oneway": false, "reversed": "0", "length": 126.236, "bridge": null, "width": null, "access": null, "service": null }, "geometry": { "type": "LineString", "coordinates": [ [ 29.5982101, 60.2402241 ], [ 29.5973852, 60.2397859 ], [ 29.596538, 60.2394543 ] ] } },
{ "type": "Feature", "properties": { "u": 499049115, "v": 6086008231, "key": 0, "osmid": "93039226", "lanes": "2", "ref": null, "name": "Южная улица", "highway": "residential", "maxspeed": "60", "oneway": false, "reversed": "0", "length": 24.857, "bridge": null, "width": "2", "access": null, "service": null }, "geometry": { "type": "LineString", "coordinates": [ [ 29.5994141, 60.2393793 ], [ 29.5996277, 60.2391825 ] ] } },
{ "type": "Feature", "properties": { "u": 499049115, "v": 11167047031, "key": 0, "osmid": "1204918320", "lanes": null, "ref": null, "name": null, "highway": "residential", "maxspeed": null, "oneway": false, "reversed": "1", "length": 117.322, "bridge": null, "width": null, "access": null, "service": null }, "geometry": { "type": "LineString", "coordinates": [ [ 29.5994141, 60.2393793 ], [ 29.5978792, 60.2386494 ] ] } },
{ "type": "Feature", "properties": { "u": 499049115, "v": 499049102, "key": 0, "lanes": "2", "ref": null, "name": "Южная улица", "highway": "residential", "maxspeed": "60", "oneway": false, "reversed": "1", "length": 116.184, "bridge": null, "width": "2", "access": null, "service": null }, "geometry": { "type": "LineString", "coordinates": [ [ 29.5994141, 60.2393793 ], [ 29.5991343, 60.2396882 ], [ 29.5988862, 60.2398353 ], [ 29.5986249, 60.2400012 ], [ 29.5984095, 60.2401068 ], [ 29.5982101, 60.2402241 ] ] } },
{ "type": "Feature", "properties": { "u": 499049126, "v": 1078475801, "key": 0, "osmid": "93039227", "lanes": "1", "ref": null, "name": null, "highway": "residential", "maxspeed": null, "oneway": false, "reversed": "0", "length": 91.689, "bridge": null, "width": null, "access": null, "service": null }, "geometry": { "type": "LineString", "coordinates": [ [ 29.6003905, 60.2388636 ], [ 29.6015179, 60.2394692 ] ] } },
{ "type": "Feature", "properties": { "u": 499049126, "v": 11366114679, "key": 0, "osmid": "93039226", "lanes": "2", "ref": null, "name": "Южная улица", "highway": "residential", "maxspeed": "60", "oneway": false, "reversed": "0", "length": 205.852, "bridge": null, "width": "2", "access": null, "service": null }, "geometry": { "type": "LineString", "coordinates": [ [ 29.6003905, 60.2388636 ], [ 29.6007182, 60.2384668 ], [ 29.6010431, 60.2378515 ], [ 29.6010184, 60.2376549 ], [ 29.6008137, 60.2373562 ], [ 29.6005772, 60.2371088 ] ] } },
{ "type": "Feature", "properties": { "u": 499049126, "v": 6086008231, "key": 0, "osmid": "93039226", "lanes": "2", "ref": null, "name": "Южная улица", "highway": "residential", "maxspeed": "60", "oneway": false, "reversed": "1", "length": 55.194, "bridge": null, "width": "2", "access": null, "service": null }, "geometry": { "type": "LineString", "coordinates": [ [ 29.6003905, 60.2388636 ], [ 29.5999938, 60.2390057 ], [ 29.5996277, 60.2391825 ] ] } },
{ "type": "Feature", "properties": { "u": 499049166, "v": 499049188, "key": 0, "osmid": "93039226", "lanes": "2", "ref": null, "name": "Южная улица", "highway": "residential", "maxspeed": "60", "oneway": false, "reversed": "0", "length": 17.822, "bridge": null, "width": "2", "access": null, "service": null }, "geometry": { "type": "LineString", "coordinates": [ [ 29.5994384, 60.2365634 ], [ 29.5992002, 60.2364552 ] ] } },
{ "type": "Feature", "properties": { "u": 499049166, "v": 11167047048, "key": 0, "osmid": "1204918323", "lanes": null, "ref": null, "name": "Радужная улица", "highway": "residential", "maxspeed": null, "oneway": false, "reversed": "0", "length": 236.665, "bridge": null, "width": null, "access": null, "service": null }, "geometry": { "type": "LineString", "coordinates": [ [ 29.5994384, 60.2365634 ], [ 29.6022198, 60.2349437 ] ] } },
{ "type": "Feature", "properties": { "u": 499049166, "v": 11366114679, "key": 0, "osmid": "93039226", "lanes": "2", "ref": null, "name": "Южная улица", "highway": "residential", "maxspeed": "60", "oneway": false, "reversed": "1", "length": 87.735, "bridge": null, "width": "2", "access": null, "service": null }, "geometry": { "type": "LineString", "coordinates": [ [ 29.5994384, 60.2365634 ], [ 29.600278, 60.236918 ], [ 29.6005772, 60.2371088 ] ] } },
{ "type": "Feature", "properties": { "u": 499049188, "v": 499049166, "key": 0, "osmid": "93039226", "lanes": "2", "ref": null, "name": "Южная улица", "highway": "residential", "maxspeed": "60", "oneway": false, "reversed": "1", "length": 17.822, "bridge": null, "width": "2", "access": null, "service": null }, "geometry": { "type": "LineString", "coordinates": [ [ 29.5992002, 60.2364552 ], [ 29.5994384, 60.2365634 ] ] } },
{ "type": "Feature", "properties": { "u": 499049188, "v": 11167047040, "key": 0, "osmid": "1204918321", "lanes": null, "ref": null, "name": "Линдуловская улица", "highway": "residential", "maxspeed": null, "oneway": false, "reversed": "1", "length": 352.695, "bridge": null, "width": null, "access": null, "service": null }, "geometry": { "type": "LineString", "coordinates": [ [ 29.5992002, 60.2364552 ], [ 29.5969665, 60.2377623 ], [ 29.5951121, 60.2388927 ] ] } },
{ "type": "Feature", "properties": { "u": 499052717, "v": 502894625, "key": 0, "osmid": "41745163", "lanes": null, "ref": null, "name": "Полевая улица", "highway": "residential", "maxspeed": "60", "oneway": false, "reversed": "1", "length": 179.368, "bridge": null, "width": null, "access": null, "service": null }, "geometry": { "type": "LineString", "coordinates": [ [ 29.6161868, 60.2468169 ], [ 29.615817, 60.2467549 ], [ 29.6153704, 60.2465945 ], [ 29.6148409, 60.2463851 ], [ 29.6146974, 60.2463284 ], [ 29.6140006, 60.2460373 ], [ 29.6135653, 60.2458808 ] ] } },
{ "type": "Feature", "properties": { "u": 499052717, "v": 502896865, "key": 0, "osmid": "126547072", "lanes": "1", "ref": null, "name": "улица Верхнее Рощино", "highway": "tertiary", "maxspeed": "RU:urban", "oneway": false, "reversed": "0", "length": 107.45, "bridge": null, "width": null, "access": null, "service": null }, "geometry": { "type": "LineString", "coordinates": [ [ 29.6161868, 60.2468169 ], [ 29.6160681, 60.2470011 ], [ 29.6159508, 60.2471152 ], [ 29.6151021, 60.2476035 ] ] } },
{ "type": "Feature", "properties": { "u": 499052717, "v": 98154633, "key": 0, "osmid": "126547072", "lanes": "1", "ref": null, "name": "улица Верхнее Рощино", "highway": "tertiary", "maxspeed": "RU:urban", "oneway": false, "reversed": "1", "length": 308.858, "bridge": null, "width": null, "access": null, "service": null }, "geometry": { "type": "LineString", "coordinates": [ [ 29.6161868, 60.2468169 ], [ 29.6162941, 60.2466535 ], [ 29.616649, 60.2457004 ], [ 29.6184297, 60.244323 ] ] } },
{ "type": "Feature", "properties": { "u": 500313221, "v": 1747122204, "key": 0, "osmid": "43991590", "lanes": "2", "ref": "41А-025", "name": "Первомайское шоссе", "highway": "primary", "maxspeed": "40", "oneway": false, "reversed": "1", "length": 1545.355, "bridge": null, "width": null, "access": null, "service": null }, "geometry": { "type": "LineString", "coordinates": [ [ 29.6550917, 60.2671256 ], [ 29.6550134, 60.2668705 ], [ 29.6545631, 60.2662602 ], [ 29.6542283, 60.2657203 ], [ 29.6539412, 60.2655473 ], [ 29.6507103, 60.2641294 ], [ 29.64901, 60.2634898 ], [ 29.6474482, 60.2628577 ], [ 29.6469629, 60.2627579 ], [ 29.6438322, 60.2623616 ], [ 29.6433687, 60.2623596 ], [ 29.6429082, 60.2623818 ], [ 29.6412871, 60.2627063 ], [ 29.6407062, 60.2627621 ], [ 29.6400965, 60.2627729 ], [ 29.6394714, 60.2627222 ], [ 29.6389101, 60.262666 ], [ 29.6384074, 60.2626499 ], [ 29.6379903, 60.2626705 ], [ 29.6372574, 60.2627112 ], [ 29.6363648, 60.2627156 ], [ 29.6348699, 60.2626785 ], [ 29.6334412, 60.2625731 ], [ 29.6317444, 60.2622734 ] ] } },
{ "type": "Feature", "properties": { "u": 500313221, "v": 620972573, "key": 0, "lanes": null, "ref": null, "name": null, "highway": "unclassified", "maxspeed": null, "oneway": false, "reversed": "0", "length": 2461.083, "bridge": null, "width": null, "access": "permissive", "service": null }, "geometry": { "type": "LineString", "coordinates": [ [ 29.6550917, 60.2671256 ], [ 29.6546904, 60.2671795 ], [ 29.6544817, 60.2673539 ], [ 29.6543559, 60.2673901 ], [ 29.64889, 60.2691615 ], [ 29.6482812, 60.2694834 ], [ 29.6472146, 60.2702525 ], [ 29.6467412, 60.2709874 ], [ 29.6463962, 60.2748778 ], [ 29.6463708, 60.2788456 ], [ 29.6464663, 60.2823048 ], [ 29.6464229, 60.2837566 ], [ 29.6465855, 60.2842211 ], [ 29.6470561, 60.2847937 ], [ 29.6492963, 60.2863952 ], [ 29.6495859, 60.2865475 ], [ 29.6496562, 60.2866173 ], [ 29.64979, 60.2867718 ] ] } },
{ "type": "Feature", "properties": { "u": 500313221, "v": 571877020, "key": 0, "osmid": "1215471300", "lanes": "2", "ref": "41А-025", "name": "Первомайское шоссе", "highway": "primary", "maxspeed": "RU:urban", "oneway": false, "reversed": "0", "length": 248.445, "bridge": null, "width": null, "access": null, "service": null }, "geometry": { "type": "LineString", "coordinates": [ [ 29.6550917, 60.2671256 ], [ 29.6551956, 60.2675152 ], [ 29.6553494, 60.2677488 ], [ 29.656695, 60.2688437 ], [ 29.6569115, 60.2689859 ], [ 29.6571325, 60.269065 ] ] } },
{ "type": "Feature", "properties": { "u": 500315727, "v": 499029577, "key": 0, "osmid": "40962466", "lanes": null, "ref": null, "name": "улица Связи", "highway": "residential", "maxspeed": null, "oneway": false, "reversed": "0", "length": 141.659, "bridge": null, "width": null, "access": null, "service": null }, "geometry": { "type": "LineString", "coordinates": [ [ 29.6172977, 60.2557108 ], [ 29.6185889, 60.2554286 ], [ 29.6194413, 60.2552557 ], [ 29.6196725, 60.2552791 ] ] } },
{ "type": "Feature", "properties": { "u": 500315727, "v": 13397412116, "key": 0, "osmid": "40962466", "lanes": null, "ref": null, "name": "улица Связи", "highway": "residential", "maxspeed": null, "oneway": false, "reversed": "1", "length": 136.283, "bridge": null, "width": null, "access": null, "service": null }, "geometry": { "type": "LineString", "coordinates": [ [ 29.6172977, 60.2557108 ], [ 29.6166076, 60.2558382 ], [ 29.6162367, 60.2558884 ], [ 29.6154233, 60.2559594 ], [ 29.6151112, 60.2560823 ], [ 29.615027, 60.2561283 ] ] } },
{ "type": "Feature", "properties": { "u": 500315727, "v": 298009672, "key": 0, "osmid": "41054159", "lanes": null, "ref": null, "name": "переулок Связи", "highway": "residential", "maxspeed": null, "oneway": false, "reversed": "1", "length": 268.373, "bridge": null, "width": null, "access": null, "service": null }, "geometry": { "type": "LineString", "coordinates": [ [ 29.6172977, 60.2557108 ], [ 29.6170515, 60.2553177 ], [ 29.6168692, 60.2548036 ], [ 29.6167627, 60.2545339 ], [ 29.6166471, 60.2542952 ], [ 29.6163752, 60.2539882 ], [ 29.6160927, 60.2537787 ], [ 29.6156531, 60.2535314 ], [ 29.615585, 60.2535057 ] ] } },
{ "type": "Feature", "properties": { "u": 500315766, "v": 498349007, "key": 0, "osmid": "164428730", "lanes": "2", "ref": null, "name": "Социалистическая улица", "highway": "tertiary", "maxspeed": "RU:urban", "oneway": false, "reversed": "0", "length": 27.464, "bridge": null, "width": null, "access": null, "service": null }, "geometry": { "type": "LineString", "coordinates": [ [ 29.6164637, 60.2530048 ], [ 29.6161459, 60.2531949 ] ] } },
{ "type": "Feature", "properties": { "u": 500315766, "v": 498366358, "key": 0, "osmid": "164428730", "lanes": "2", "ref": null, "name": "Социалистическая улица", "highway": "tertiary", "maxspeed": "RU:urban", "oneway": false, "reversed": "1", "length": 65.389, "bridge": null, "width": null, "access": null, "service": null }, "geometry": { "type": "LineString", "coordinates": [ [ 29.6164637, 60.2530048 ], [ 29.6172445, 60.2525624 ] ] } },
{ "type": "Feature", "properties": { "u": 500315766, "v": 499029577, "key": 0, "osmid": "41054164", "lanes": null, "ref": null, "name": "Красноармейский переулок", "highway": "residential", "maxspeed": null, "oneway": false, "reversed": "0", "length": 325.936, "bridge": null, "width": null, "access": null, "service": null }, "geometry": { "type": "LineString", "coordinates": [ [ 29.6164637, 60.2530048 ], [ 29.6165502, 60.2530317 ], [ 29.6175275, 60.2537149 ], [ 29.6178597, 60.2538202 ], [ 29.6184032, 60.2538765 ], [ 29.6185405, 60.2539575 ], [ 29.6188324, 60.2541959 ], [ 29.6188495, 60.2542257 ], [ 29.6190898, 60.2544003 ], [ 29.6193731, 60.2546047 ], [ 29.6194965, 60.2547792 ], [ 29.6196048, 60.2549454 ], [ 29.6196735, 60.2551285 ], [ 29.6196725, 60.2552791 ] ] } },
{ "type": "Feature", "properties": { "u": 500317957, "v": 499029298, "key": 0, "osmid": "41054241", "lanes": "1", "ref": null, "name": "улица Чехова", "highway": "residential", "maxspeed": "RU:urban", "oneway": false, "reversed": "1", "length": 112.916, "bridge": null, "width": null, "access": null, "service": null }, "geometry": { "type": "LineString", "coordinates": [ [ 29.6298411, 60.2529257 ], [ 29.6280971, 60.2523943 ] ] } },
{ "type": "Feature", "properties": { "u": 500317957, "v": 498360759, "key": 0, "osmid": "130337506", "lanes": "2", "ref": null, "name": "Лесная улица", "highway": "tertiary", "maxspeed": "RU:urban", "oneway": false, "reversed": "0", "length": 159.241, "bridge": null, "width": null, "access": null, "service": null }, "geometry": { "type": "LineString", "coordinates": [ [ 29.6298411, 60.2529257 ], [ 29.6295485, 60.2534155 ], [ 29.629052, 60.254055 ], [ 29.6289225, 60.254282 ] ] } },
{ "type": "Feature", "properties": { "u": 500317957, "v": 1295863553, "key": 0, "osmid": "130337506", "lanes": "2", "ref": null, "name": "Лесная улица", "highway": "tertiary", "maxspeed": "RU:urban", "oneway": false, "reversed": "1", "length": 74.892, "bridge": null, "width": null, "access": null, "service": null }, "geometry": { "type": "LineString", "coordinates": [ [ 29.6298411, 60.2529257 ], [ 29.6298794, 60.2527554 ], [ 29.6299092, 60.2524207 ], [ 29.6298913, 60.2522538 ] ] } },
{ "type": "Feature", "properties": { "u": 500317978, "v": 500317993, "key": 0, "osmid": "41054241", "lanes": "1", "ref": null, "name": "улица Чехова", "highway": "residential", "maxspeed": "RU:urban", "oneway": false, "reversed": "1", "length": 185.284, "bridge": null, "width": null, "access": null, "service": null }, "geometry": { "type": "LineString", "coordinates": [ [ 29.6216751, 60.2500997 ], [ 29.6189266, 60.2491424 ] ] } },
{ "type": "Feature", "properties": { "u": 500317978, "v": 500840349, "key": 0, "osmid": "41054241", "lanes": "1", "ref": null, "name": "улица Чехова", "highway": "residential", "maxspeed": "RU:urban", "oneway": false, "reversed": "0", "length": 216.898, "bridge": null, "width": null, "access": null, "service": null }, "geometry": { "type": "LineString", "coordinates": [ [ 29.6216751, 60.2500997 ], [ 29.6217544, 60.250124 ], [ 29.6247839, 60.2512931 ] ] } },
{ "type": "Feature", "properties": { "u": 500317978, "v": 506728976, "key": 0, "osmid": "164428730", "lanes": "2", "ref": null, "name": "Социалистическая улица", "highway": "tertiary", "maxspeed": "RU:urban", "oneway": false, "reversed": "0", "length": 122.177, "bridge": null, "width": null, "access": null, "service": null }, "geometry": { "type": "LineString", "coordinates": [ [ 29.6216751, 60.2500997 ], [ 29.6210479, 60.2504894 ], [ 29.6203127, 60.2509658 ] ] } },
{ "type": "Feature", "properties": { "u": 500317978, "v": 1760637635, "key": 0, "osmid": "164428730", "lanes": "2", "ref": null, "name": "Социалистическая улица", "highway": "tertiary", "maxspeed": "RU:urban", "oneway": false, "reversed": "1", "length": 114.132, "bridge": null, "width": null, "access": null, "service": null }, "geometry": { "type": "LineString", "coordinates": [ [ 29.6216751, 60.2500997 ], [ 29.6220255, 60.249827 ], [ 29.6221389, 60.2497066 ], [ 29.6222413, 60.24958 ], [ 29.6223005, 60.2494503 ], [ 29.6224083, 60.2491544 ] ] } },
{ "type": "Feature", "properties": { "u": 500317993, "v": 500317978, "key": 0, "osmid": "41054241", "lanes": "1", "ref": null, "name": "улица Чехова", "highway": "residential", "maxspeed": "RU:urban", "oneway": false, "reversed": "0", "length": 185.284, "bridge": null, "width": null, "access": null, "service": null }, "geometry": { "type": "LineString", "coordinates": [ [ 29.6189266, 60.2491424 ], [ 29.6216751, 60.2500997 ] ] } },
{ "type": "Feature", "properties": { "u": 500317993, "v": 500320232, "key": 0, "osmid": "128487591", "lanes": "2", "ref": null, "name": "Садовая улица", "highway": "residential", "maxspeed": null, "oneway": false, "reversed": "0", "length": 107.512, "bridge": null, "width": null, "access": null, "service": null }, "geometry": { "type": "LineString", "coordinates": [ [ 29.6189266, 60.2491424 ], [ 29.6202529, 60.2484341 ] ] } },
{ "type": "Feature", "properties": { "u": 500317993, "v": 506728989, "key": 0, "osmid": "128487591", "lanes": "2", "ref": null, "name": "Садовая улица", "highway": "residential", "maxspeed": null, "oneway": false, "reversed": "1", "length": 119.262, "bridge": null, "width": null, "access": null, "service": null }, "geometry": { "type": "LineString", "coordinates": [ [ 29.6189266, 60.2491424 ], [ 29.6174373, 60.2499197 ] ] } },
{ "type": "Feature", "properties": { "u": 500317993, "v": 502896865, "key": 0, "osmid": "41054241", "lanes": "1", "ref": null, "name": "улица Чехова", "highway": "residential", "maxspeed": "RU:urban", "oneway": false, "reversed": "1", "length": 277.512, "bridge": null, "width": null, "access": null, "service": null }, "geometry": { "type": "LineString", "coordinates": [ [ 29.6189266, 60.2491424 ], [ 29.6180176, 60.248687 ], [ 29.6175884, 60.2484996 ], [ 29.6170209, 60.248439 ], [ 29.6167902, 60.2484144 ], [ 29.6151021, 60.2476035 ] ] } },
{ "type": "Feature", "properties": { "u": 500318043, "v": 499029298, "key": 0, "osmid": "41054241", "lanes": "1", "ref": null, "name": "улица Чехова", "highway": "residential", "maxspeed": "RU:urban", "oneway": false, "reversed": "0", "length": 100.927, "bridge": null, "width": null, "access": null, "service": null }, "geometry": { "type": "LineString", "coordinates": [ [ 29.626589, 60.2518806 ], [ 29.6280971, 60.2523943 ] ] } },
{ "type": "Feature", "properties": { "u": 500318043, "v": 500840349, "key": 0, "osmid": "41054241", "lanes": "1", "ref": null, "name": "улица Чехова", "highway": "residential", "maxspeed": "RU:urban", "oneway": false, "reversed": "1", "length": 119.108, "bridge": null, "width": null, "access": null, "service": null }, "geometry": { "type": "LineString", "coordinates": [ [ 29.626589, 60.2518806 ], [ 29.6247839, 60.2512931 ] ] } },
{ "type": "Feature", "properties": { "u": 500318043, "v": 877944015, "key": 0, "osmid": "75092643", "lanes": "1", "ref": null, "name": "улица Механизаторов", "highway": "residential", "maxspeed": null, "oneway": false, "reversed": "0", "length": 247.81, "bridge": null, "width": null, "access": null, "service": null }, "geometry": { "type": "LineString", "coordinates": [ [ 29.626589, 60.2518806 ], [ 29.6254613, 60.2525789 ], [ 29.6249049, 60.2529545 ], [ 29.6241592, 60.2531911 ], [ 29.6235073, 60.2534721 ] ] } },
{ "type": "Feature", "properties": { "u": 500320181, "v": 500840358, "key": 0, "osmid": "41054264", "lanes": "1", "ref": null, "name": "Моховая улица", "highway": "residential", "maxspeed": "RU:urban", "oneway": false, "reversed": "1", "length": 256.482, "bridge": null, "width": "3", "access": null, "service": null }, "geometry": { "type": "LineString", "coordinates": [ [ 29.6298156, 60.2518919 ], [ 29.62946, 60.2518016 ], [ 29.6291477, 60.2517109 ], [ 29.6286786, 60.2515461 ], [ 29.6275511, 60.2511727 ], [ 29.6260598, 60.250544 ] ] } },
{ "type": "Feature", "properties": { "u": 500320181, "v": 1295863553, "key": 0, "osmid": "130337506", "lanes": "2", "ref": null, "name": "Лесная улица", "highway": "tertiary", "maxspeed": "RU:urban", "oneway": false, "reversed": "0", "length": 40.5, "bridge": null, "width": null, "access": null, "service": null }, "geometry": { "type": "LineString", "coordinates": [ [ 29.6298156, 60.2518919 ], [ 29.6298735, 60.2520879 ], [ 29.6298913, 60.2522538 ] ] } },
{ "type": "Feature", "properties": { "u": 500320181, "v": 498348977, "key": 0, "osmid": "130337506", "lanes": "2", "ref": null, "name": "Лесная улица", "highway": "tertiary", "maxspeed": "RU:urban", "oneway": false, "reversed": "1", "length": 165.361, "bridge": null, "width": null, "access": null, "service": null }, "geometry": { "type": "LineString", "coordinates": [ [ 29.6298156, 60.2518919 ], [ 29.6295734, 60.251225 ], [ 29.6295034, 60.2509412 ], [ 29.6294098, 60.2504197 ] ] } },
{ "type": "Feature", "properties": { "u": 500320232, "v": 498355878, "key": 0, "osmid": "128487591", "lanes": "2", "ref": null, "name": "Садовая улица", "highway": "residential", "maxspeed": null, "oneway": false, "reversed": "0", "length": 115.933, "bridge": null, "width": null, "access": null, "service": null }, "geometry": { "type": "LineString", "coordinates": [ [ 29.6202529, 60.2484341 ], [ 29.6215515, 60.2476145 ] ] } },
{ "type": "Feature", "properties": { "u": 500320232, "v": 500317993, "key": 0, "osmid": "128487591", "lanes": "2", "ref": null, "name": "Садовая улица", "highway": "residential", "maxspeed": null, "oneway": false, "reversed": "1", "length": 107.512, "bridge": null, "width": null, "access": null, "service": null }, "geometry": { "type": "LineString", "coordinates": [ [ 29.6202529, 60.2484341 ], [ 29.6189266, 60.2491424 ] ] } },
{ "type": "Feature", "properties": { "u": 500320232, "v": 1760637635, "key": 0, "osmid": "41054264", "lanes": "1", "ref": null, "name": "Моховая улица", "highway": "residential", "maxspeed": "RU:urban", "oneway": false, "reversed": "0", "length": 143.403, "bridge": null, "width": "3", "access": null, "service": null }, "geometry": { "type": "LineString", "coordinates": [ [ 29.6202529, 60.2484341 ], [ 29.6223003, 60.2491131 ], [ 29.6224083, 60.2491544 ] ] } },
{ "type": "Feature", "properties": { "u": 500840349, "v": 500318043, "key": 0, "osmid": "41054241", "lanes": "1", "ref": null, "name": "улица Чехова", "highway": "residential", "maxspeed": "RU:urban", "oneway": false, "reversed": "0", "length": 119.108, "bridge": null, "width": null, "access": null, "service": null }, "geometry": { "type": "LineString", "coordinates": [ [ 29.6247839, 60.2512931 ], [ 29.626589, 60.2518806 ] ] } },
{ "type": "Feature", "properties": { "u": 500840349, "v": 500840359, "key": 0, "osmid": "41074875", "lanes": "2", "ref": null, "name": "Сосновая улица", "highway": "residential", "maxspeed": null, "oneway": false, "reversed": "0", "length": 111.968, "bridge": null, "width": null, "access": null, "service": null }, "geometry": { "type": "LineString", "coordinates": [ [ 29.6247839, 60.2512931 ], [ 29.6235893, 60.2521071 ] ] } },
{ "type": "Feature", "properties": { "u": 500840349, "v": 500840358, "key": 0, "osmid": "41074875", "lanes": "2", "ref": null, "name": "Сосновая улица", "highway": "residential", "maxspeed": null, "oneway": false, "reversed": "1", "length": 109.06, "bridge": null, "width": null, "access": null, "service": null }, "geometry": { "type": "LineString", "coordinates": [ [ 29.6247839, 60.2512931 ], [ 29.6260598, 60.250544 ] ] } },
{ "type": "Feature", "properties": { "u": 500840349, "v": 500317978, "key": 0, "osmid": "41054241", "lanes": "1", "ref": null, "name": "улица Чехова", "highway": "residential", "maxspeed": "RU:urban", "oneway": false, "reversed": "1", "length": 216.898, "bridge": null, "width": null, "access": null, "service": null }, "geometry": { "type": "LineString", "coordinates": [ [ 29.6247839, 60.2512931 ], [ 29.6217544, 60.250124 ], [ 29.6216751, 60.2500997 ] ] } },
{ "type": "Feature", "properties": { "u": 500840350, "v": 500840358, "key": 0, "osmid": "41074875", "lanes": "2", "ref": null, "name": "Сосновая улица", "highway": "residential", "maxspeed": null, "oneway": false, "reversed": "0", "length": 92.943, "bridge": null, "width": null, "access": null, "service": null }, "geometry": { "type": "LineString", "coordinates": [ [ 29.627144, 60.2499043 ], [ 29.6260598, 60.250544 ] ] } },
{ "type": "Feature", "properties": { "u": 500840350, "v": 500843985, "key": 0, "osmid": "41074875", "lanes": "2", "ref": null, "name": "Сосновая улица", "highway": "residential", "maxspeed": null, "oneway": false, "reversed": "1", "length": 93.662, "bridge": null, "width": null, "access": null, "service": null }, "geometry": { "type": "LineString", "coordinates": [ [ 29.627144, 60.2499043 ], [ 29.6281892, 60.2492406 ] ] } },
{ "type": "Feature", "properties": { "u": 500840350, "v": 498355862, "key": 0, "osmid": "40922398", "lanes": null, "ref": null, "name": "Рябиновая улица", "highway": "residential", "maxspeed": null, "oneway": false, "reversed": "0", "length": 136.169, "bridge": null, "width": null, "access": null, "service": null }, "geometry": { "type": "LineString", "coordinates": [ [ 29.627144, 60.2499043 ], [ 29.6273309, 60.2499627 ], [ 29.6280317, 60.250162 ], [ 29.6288555, 60.2503247 ], [ 29.6290953, 60.2503524 ], [ 29.6293987, 60.2503737 ] ] } },
{ "type": "Feature", "properties": { "u": 500840350, "v": 498355944, "key": 0, "osmid": "40922398", "lanes": null, "ref": null, "name": "Рябиновая улица", "highway": "residential", "maxspeed": null, "oneway": false, "reversed": "1", "length": 267.419, "bridge": null, "width": null, "access": null, "service": null }, "geometry": { "type": "LineString", "coordinates": [ [ 29.627144, 60.2499043 ], [ 29.6269969, 60.2498584 ], [ 29.6235245, 60.2484064 ], [ 29.6233936, 60.2483987 ] ] } },
{ "type": "Feature", "properties": { "u": 500840351, "v": 500843985, "key": 0, "osmid": "1317427706", "lanes": "2", "ref": null, "name": "Сосновая улица", "highway": "residential", "maxspeed": null, "oneway": false, "reversed": "0", "length": 47.423, "bridge": null, "width": null, "access": null, "service": null }, "geometry": { "type": "LineString", "coordinates": [ [ 29.6287136, 60.2489027 ], [ 29.6281892, 60.2492406 ] ] } },
{ "type": "Feature", "properties": { "u": 500840351, "v": 500844038, "key": 0, "osmid": "40814481", "lanes": "2", "ref": null, "name": "Тракторная улица", "highway": "tertiary", "maxspeed": "60", "oneway": false, "reversed": "0", "length": 98.608, "bridge": null, "width": null, "access": null, "service": null }, "geometry": { "type": "LineString", "coordinates": [ [ 29.6287136, 60.2489027 ], [ 29.6292236, 60.2491078 ], [ 29.6295585, 60.2492802 ], [ 29.6296063, 60.2493106 ], [ 29.6296397, 60.2493404 ], [ 29.6296555, 60.2493688 ], [ 29.6296632, 60.2494036 ], [ 29.6296588, 60.2494439 ], [ 29.6296454, 60.2494885 ], [ 29.6296138, 60.2495497 ], [ 29.6295893, 60.2495834 ] ] } },
{ "type": "Feature", "properties": { "u": 500840351, "v": 496249247, "key": 0, "osmid": "40814481", "lanes": "2", "ref": null, "name": "Тракторная улица", "highway": "tertiary", "maxspeed": "60", "oneway": false, "reversed": "1", "length": 213.419, "bridge": null, "width": null, "access": null, "service": null }, "geometry": { "type": "LineString", "coordinates": [ [ 29.6287136, 60.2489027 ], [ 29.6281535, 60.2486626 ], [ 29.627076, 60.2482314 ], [ 29.6259279, 60.2477087 ], [ 29.625756, 60.2476744 ] ] } },
{ "type": "Feature", "properties": { "u": 500840358, "v": 500840349, "key": 0, "osmid": "41074875", "lanes": "2", "ref": null, "name": "Сосновая улица", "highway": "residential", "maxspeed": null, "oneway": false, "reversed": "0", "length": 109.06, "bridge": null, "width": null, "access": null, "service": null }, "geometry": { "type": "LineString", "coordinates": [ [ 29.6260598, 60.250544 ], [ 29.6247839, 60.2512931 ] ] } },
{ "type": "Feature", "properties": { "u": 500840358, "v": 500840350, "key": 0, "osmid": "41074875", "lanes": "2", "ref": null, "name": "Сосновая улица", "highway": "residential", "maxspeed": null, "oneway": false, "reversed": "1", "length": 92.943, "bridge": null, "width": null, "access": null, "service": null }, "geometry": { "type": "LineString", "coordinates": [ [ 29.6260598, 60.250544 ], [ 29.627144, 60.2499043 ] ] } },
{ "type": "Feature", "properties": { "u": 500840358, "v": 500320181, "key": 0, "osmid": "41054264", "lanes": "1", "ref": null, "name": "Моховая улица", "highway": "residential", "maxspeed": "RU:urban", "oneway": false, "reversed": "0", "length": 256.482, "bridge": null, "width": "3", "access": null, "service": null }, "geometry": { "type": "LineString", "coordinates": [ [ 29.6260598, 60.250544 ], [ 29.6275511, 60.2511727 ], [ 29.6286786, 60.2515461 ], [ 29.6291477, 60.2517109 ], [ 29.62946, 60.2518016 ], [ 29.6298156, 60.2518919 ] ] } },
{ "type": "Feature", "properties": { "u": 500840358, "v": 1760637635, "key": 0, "osmid": "41054264", "lanes": "1", "ref": null, "name": "Моховая улица", "highway": "residential", "maxspeed": "RU:urban", "oneway": false, "reversed": "1", "length": 255.248, "bridge": null, "width": "3", "access": null, "service": null }, "geometry": { "type": "LineString", "coordinates": [ [ 29.6260598, 60.250544 ], [ 29.6225526, 60.2491598 ], [ 29.6224083, 60.2491544 ] ] } },
{ "type": "Feature", "properties": { "u": 500840359, "v": 500841214, "key": 0, "osmid": "41074875", "lanes": "2", "ref": null, "name": "Сосновая улица", "highway": "residential", "maxspeed": null, "oneway": false, "reversed": "0", "length": 130.359, "bridge": null, "width": null, "access": null, "service": null }, "geometry": { "type": "LineString", "coordinates": [ [ 29.6235893, 60.2521071 ], [ 29.6218117, 60.2528794 ] ] } },
{ "type": "Feature", "properties": { "u": 500840359, "v": 500840349, "key": 0, "osmid": "41074875", "lanes": "2", "ref": null, "name": "Сосновая улица", "highway": "residential", "maxspeed": null, "oneway": false, "reversed": "1", "length": 111.968, "bridge": null, "width": null, "access": null, "service": null }, "geometry": { "type": "LineString", "coordinates": [ [ 29.6235893, 60.2521071 ], [ 29.6247839, 60.2512931 ] ] } },
{ "type": "Feature", "properties": { "u": 500840359, "v": 506728976, "key": 0, "osmid": "41429067", "lanes": "1", "ref": null, "name": "улица Тургенева", "highway": "residential", "maxspeed": null, "oneway": false, "reversed": "0", "length": 221.697, "bridge": null, "width": null, "access": null, "service": null }, "geometry": { "type": "LineString", "coordinates": [ [ 29.6235893, 60.2521071 ], [ 29.6204471, 60.2509758 ], [ 29.6203127, 60.2509658 ] ] } },
{ "type": "Feature", "properties": { "u": 500841122, "v": 500841214, "key": 0, "osmid": "41075030", "lanes": "1", "ref": null, "name": "Малая улица", "highway": "residential", "maxspeed": null, "oneway": false, "reversed": "0", "length": 205.267, "bridge": null, "width": null, "access": null, "service": null }, "geometry": { "type": "LineString", "coordinates": [ [ 29.6192239, 60.2515536 ], [ 29.6192911, 60.2515803 ], [ 29.6218117, 60.2528794 ] ] } },
{ "type": "Feature", "properties": { "u": 500841122, "v": 298011457, "key": 0, "osmid": "164428730", "lanes": "2", "ref": null, "name": "Социалистическая улица", "highway": "tertiary", "maxspeed": "RU:urban", "oneway": false, "reversed": "0", "length": 50.443, "bridge": null, "width": null, "access": null, "service": null }, "geometry": { "type": "LineString", "coordinates": [ [ 29.6192239, 60.2515536 ], [ 29.6187834, 60.251753 ], [ 29.6186637, 60.2518076 ], [ 29.6185516, 60.251861 ] ] } },
{ "type": "Feature", "properties": { "u": 500841122, "v": 506728976, "key": 0, "osmid": "164428730", "lanes": "2", "ref": null, "name": "Социалистическая улица", "highway": "tertiary", "maxspeed": "RU:urban", "oneway": false, "reversed": "1", "length": 88.877, "bridge": null, "width": null, "access": null, "service": null }, "geometry": { "type": "LineString", "coordinates": [ [ 29.6192239, 60.2515536 ], [ 29.6196288, 60.251361 ], [ 29.6200695, 60.251113 ], [ 29.6203127, 60.2509658 ] ] } },
{ "type": "Feature", "properties": { "u": 500841214, "v": 500840359, "key": 0, "osmid": "41074875", "lanes": "2", "ref": null, "name": "Сосновая улица", "highway": "residential", "maxspeed": null, "oneway": false, "reversed": "1", "length": 130.359, "bridge": null, "width": null, "access": null, "service": null }, "geometry": { "type": "LineString", "coordinates": [ [ 29.6218117, 60.2528794 ], [ 29.6235893, 60.2521071 ] ] } },
{ "type": "Feature", "properties": { "u": 500841214, "v": 499031228, "key": 0, "osmid": "41074875", "lanes": "2", "ref": null, "name": "Сосновая улица", "highway": "residential", "maxspeed": null, "oneway": false, "reversed": "0", "length": 125.339, "bridge": null, "width": null, "access": null, "service": null }, "geometry": { "type": "LineString", "coordinates": [ [ 29.6218117, 60.2528794 ], [ 29.6208742, 60.2532419 ], [ 29.6199806, 60.2535457 ] ] } },
{ "type": "Feature", "properties": { "u": 500841214, "v": 500841122, "key": 0, "osmid": "41075030", "lanes": "1", "ref": null, "name": "Малая улица", "highway": "residential", "maxspeed": null, "oneway": false, "reversed": "1", "length": 205.267, "bridge": null, "width": null, "access": null, "service": null }, "geometry": { "type": "LineString", "coordinates": [ [ 29.6218117, 60.2528794 ], [ 29.6192911, 60.2515803 ], [ 29.6192239, 60.2515536 ] ] } },
{ "type": "Feature", "properties": { "u": 500843942, "v": 500845328, "key": 0, "osmid": "128487591", "lanes": "2", "ref": null, "name": "Садовая улица", "highway": "residential", "maxspeed": null, "oneway": false, "reversed": "0", "length": 91.995, "bridge": null, "width": null, "access": null, "service": null }, "geometry": { "type": "LineString", "coordinates": [ [ 29.6226679, 60.2470014 ], [ 29.6237387, 60.2463673 ] ] } },
{ "type": "Feature", "properties": { "u": 500843942, "v": 498355878, "key": 0, "osmid": "128487591", "lanes": "2", "ref": null, "name": "Садовая улица", "highway": "residential", "maxspeed": null, "oneway": false, "reversed": "1", "length": 91.885, "bridge": null, "width": null, "access": null, "service": null }, "geometry": { "type": "LineString", "coordinates": [ [ 29.6226679, 60.2470014 ], [ 29.6215515, 60.2476145 ] ] } },
{ "type": "Feature", "properties": { "u": 500843942, "v": 1760637584, "key": 0, "osmid": "41075321", "lanes": "1", "ref": null, "name": "Верхняя улица", "highway": "residential", "maxspeed": null, "oneway": false, "reversed": "0", "length": 164.892, "bridge": null, "width": null, "access": null, "service": null }, "geometry": { "type": "LineString", "coordinates": [ [ 29.6226679, 60.2470014 ], [ 29.6231815, 60.2472083 ], [ 29.6237617, 60.2473937 ], [ 29.6241304, 60.2475318 ], [ 29.6247361, 60.2477748 ], [ 29.624911, 60.2478544 ], [ 29.6249508, 60.2478814 ], [ 29.6249806, 60.2479241 ] ] } },
{ "type": "Feature", "properties": { "u": 500843985, "v": 500840350, "key": 0, "osmid": "41074875", "lanes": "2", "ref": null, "name": "Сосновая улица", "highway": "residential", "maxspeed": null, "oneway": false, "reversed": "0", "length": 93.662, "bridge": null, "width": null, "access": null, "service": null }, "geometry": { "type": "LineString", "coordinates": [ [ 29.6281892, 60.2492406 ], [ 29.627144, 60.2499043 ] ] } },
{ "type": "Feature", "properties": { "u": 500843985, "v": 500840351, "key": 0, "osmid": "1317427706", "lanes": "2", "ref": null, "name": "Сосновая улица", "highway": "residential", "maxspeed": null, "oneway": false, "reversed": "1", "length": 47.423, "bridge": null, "width": null, "access": null, "service": null }, "geometry": { "type": "LineString", "coordinates": [ [ 29.6281892, 60.2492406 ], [ 29.6287136, 60.2489027 ] ] } },
{ "type": "Feature", "properties": { "u": 500843985, "v": 500844038, "key": 0, "osmid": "41075321", "lanes": "1", "ref": null, "name": "Верхняя улица", "highway": "residential", "maxspeed": null, "oneway": false, "reversed": "0", "length": 87.058, "bridge": null, "width": null, "access": null, "service": null }, "geometry": { "type": "LineString", "coordinates": [ [ 29.6281892, 60.2492406 ], [ 29.628424, 60.2493147 ], [ 29.6288073, 60.2494129 ], [ 29.6290997, 60.2495181 ], [ 29.6295893, 60.2495834 ] ] } },
{ "type": "Feature", "properties": { "u": 500843985, "v": 1760637584, "key": 0, "osmid": "41075321", "lanes": "1", "ref": null, "name": "Верхняя улица", "highway": "residential", "maxspeed": null, "oneway": false, "reversed": "1", "length": 234.819, "bridge": null, "width": null, "access": null, "service": null }, "geometry": { "type": "LineString", "coordinates": [ [ 29.6281892, 60.2492406 ], [ 29.6278312, 60.2490974 ], [ 29.6264989, 60.2485641 ], [ 29.6255166, 60.2481782 ], [ 29.6250527, 60.2479745 ], [ 29.6251006, 60.2479374 ], [ 29.6249806, 60.2479241 ] ] } },
{ "type": "Feature", "properties": { "u": 500844038, "v": 498355862, "key": 0, "osmid": "40814481", "lanes": "2", "ref": null, "name": "Тракторная улица", "highway": "tertiary", "maxspeed": "60", "oneway": false, "reversed": "0", "length": 90.719, "bridge": null, "width": null, "access": null, "service": null }, "geometry": { "type": "LineString", "coordinates": [ [ 29.6295893, 60.2495834 ], [ 29.6293942, 60.2498179 ], [ 29.629357, 60.2498743 ], [ 29.6293339, 60.2499364 ], [ 29.6293242, 60.2499939 ], [ 29.6293264, 60.2500761 ], [ 29.6293592, 60.2502094 ], [ 29.6293987, 60.2503737 ] ] } },
{ "type": "Feature", "properties": { "u": 500844038, "v": 500840351, "key": 0, "osmid": "40814481", "lanes": "2", "ref": null, "name": "Тракторная улица", "highway": "tertiary", "maxspeed": "60", "oneway": false, "reversed": "1", "length": 98.608, "bridge": null, "width": null, "access": null, "service": null }, "geometry": { "type": "LineString", "coordinates": [ [ 29.6295893, 60.2495834 ], [ 29.6296138, 60.2495497 ], [ 29.6296454, 60.2494885 ], [ 29.6296588, 60.2494439 ], [ 29.6296632, 60.2494036 ], [ 29.6296555, 60.2493688 ], [ 29.6296397, 60.2493404 ], [ 29.6296063, 60.2493106 ], [ 29.6295585, 60.2492802 ], [ 29.6292236, 60.2491078 ], [ 29.6287136, 60.2489027 ] ] } },
{ "type": "Feature", "properties": { "u": 500844038, "v": 500843985, "key": 0, "osmid": "41075321", "lanes": "1", "ref": null, "name": "Верхняя улица", "highway": "residential", "maxspeed": null, "oneway": false, "reversed": "1", "length": 87.058, "bridge": null, "width": null, "access": null, "service": null }, "geometry": { "type": "LineString", "coordinates": [ [ 29.6295893, 60.2495834 ], [ 29.6290997, 60.2495181 ], [ 29.6288073, 60.2494129 ], [ 29.628424, 60.2493147 ], [ 29.6281892, 60.2492406 ] ] } },
{ "type": "Feature", "properties": { "u": 500845291, "v": 500845328, "key": 0, "osmid": "41075481", "lanes": "1", "ref": null, "name": "Уральская улица", "highway": "residential", "maxspeed": null, "oneway": false, "reversed": "1", "length": 194.422, "bridge": null, "width": null, "access": null, "service": null }, "geometry": { "type": "LineString", "coordinates": [ [ 29.6264516, 60.2474709 ], [ 29.6261852, 60.2473 ], [ 29.625721, 60.2470913 ], [ 29.6250601, 60.2468395 ], [ 29.6237387, 60.2463673 ] ] } },
{ "type": "Feature", "properties": { "u": 500845291, "v": 496249247, "key": 0, "osmid": "85958828", "lanes": "2", "ref": null, "name": "Социалистическая улица", "highway": "tertiary", "maxspeed": "RU:urban", "oneway": false, "reversed": "0", "length": 44.575, "bridge": null, "width": null, "access": null, "service": null }, "geometry": { "type": "LineString", "coordinates": [ [ 29.6264516, 60.2474709 ], [ 29.6261016, 60.2475667 ], [ 29.6259234, 60.2476222 ], [ 29.625756, 60.2476744 ] ] } },
{ "type": "Feature", "properties": { "u": 500845291, "v": 478230437, "key": 0, "osmid": "85958828", "lanes": "2", "ref": null, "name": "Социалистическая улица", "highway": "tertiary", "maxspeed": "RU:urban", "oneway": false, "reversed": "1", "length": 116.018, "bridge": null, "width": null, "access": null, "service": null }, "geometry": { "type": "LineString", "coordinates": [ [ 29.6264516, 60.2474709 ], [ 29.626925, 60.2473449 ], [ 29.6271386, 60.2472731 ], [ 29.6273311, 60.2471976 ], [ 29.6274955, 60.2471068 ], [ 29.6275548, 60.2470704 ], [ 29.627665, 60.2470052 ], [ 29.6277296, 60.2469383 ], [ 29.6278085, 60.2468395 ], [ 29.6278612, 60.2467507 ] ] } },
{ "type": "Feature", "properties": { "u": 500845328, "v": 500843942, "key": 0, "osmid": "128487591", "lanes": "2", "ref": null, "name": "Садовая улица", "highway": "residential", "maxspeed": null, "oneway": false, "reversed": "1", "length": 91.995, "bridge": null, "width": null, "access": null, "service": null }, "geometry": { "type": "LineString", "coordinates": [ [ 29.6237387, 60.2463673 ], [ 29.6226679, 60.2470014 ] ] } },
{ "type": "Feature", "properties": { "u": 500845328, "v": 500845291, "key": 0, "osmid": "41075481", "lanes": "1", "ref": null, "name": "Уральская улица", "highway": "residential", "maxspeed": null, "oneway": false, "reversed": "0", "length": 194.422, "bridge": null, "width": null, "access": null, "service": null }, "geometry": { "type": "LineString", "coordinates": [ [ 29.6237387, 60.2463673 ], [ 29.6250601, 60.2468395 ], [ 29.625721, 60.2470913 ], [ 29.6261852, 60.2473 ], [ 29.6264516, 60.2474709 ] ] } },
{ "type": "Feature", "properties": { "u": 500845328, "v": 478230432, "key": 0, "osmid": "128487591", "lanes": "2", "ref": null, "name": "Садовая улица", "highway": "residential", "maxspeed": null, "oneway": false, "reversed": "0", "length": 98.87, "bridge": null, "width": null, "access": null, "service": null }, "geometry": { "type": "LineString", "coordinates": [ [ 29.6237387, 60.2463673 ], [ 29.6244118, 60.2460545 ], [ 29.6248528, 60.2456826 ] ] } },
{ "type": "Feature", "properties": { "u": 502893125, "v": 502894625, "key": 0, "osmid": "41745163", "lanes": null, "ref": null, "name": "Полевая улица", "highway": "residential", "maxspeed": "60", "oneway": false, "reversed": "0", "length": 194.989, "bridge": null, "width": null, "access": null, "service": null }, "geometry": { "type": "LineString", "coordinates": [ [ 29.6108772, 60.2447427 ], [ 29.6135653, 60.2458808 ] ] } },
{ "type": "Feature", "properties": { "u": 502893125, "v": 499041216, "key": 0, "osmid": "41745163", "lanes": null, "ref": null, "name": "Полевая улица", "highway": "residential", "maxspeed": "60", "oneway": false, "reversed": "1", "length": 182.4, "bridge": null, "width": null, "access": null, "service": null }, "geometry": { "type": "LineString", "coordinates": [ [ 29.6108772, 60.2447427 ], [ 29.6103697, 60.2445328 ], [ 29.6098665, 60.2443167 ], [ 29.6095223, 60.2441635 ], [ 29.6089139, 60.2439108 ], [ 29.6084601, 60.2437279 ], [ 29.6083415, 60.2436921 ] ] } },
{ "type": "Feature", "properties": { "u": 502893125, "v": 502893154, "key": 0, "osmid": "167062859", "lanes": null, "ref": null, "name": "Восточный переулок", "highway": "residential", "maxspeed": null, "oneway": false, "reversed": "1", "length": 222.717, "bridge": null, "width": null, "access": null, "service": null }, "geometry": { "type": "LineString", "coordinates": [ [ 29.6108772, 60.2447427 ], [ 29.6094088, 60.245633 ], [ 29.6083007, 60.2462843 ] ] } },
{ "type": "Feature", "properties": { "u": 502893154, "v": 502894679, "key": 0, "osmid": "54649451", "lanes": null, "ref": null, "name": "Наклонная улица", "highway": "residential", "maxspeed": null, "oneway": false, "reversed": "0", "length": 97.641, "bridge": null, "width": null, "access": null, "service": null }, "geometry": { "type": "LineString", "coordinates": [ [ 29.6083007, 60.2462843 ], [ 29.6096631, 60.2468446 ] ] } },
{ "type": "Feature", "properties": { "u": 502893154, "v": 298011466, "key": 0, "osmid": "54649451", "lanes": null, "ref": null, "name": "Наклонная улица", "highway": "residential", "maxspeed": null, "oneway": false, "reversed": "1", "length": 264.21, "bridge": null, "width": null, "access": null, "service": null }, "geometry": { "type": "LineString", "coordinates": [ [ 29.6083007, 60.2462843 ], [ 29.6060166, 60.2453491 ], [ 29.6046019, 60.2447756 ] ] } },
{ "type": "Feature", "properties": { "u": 502893154, "v": 502893125, "key": 0, "osmid": "167062859", "lanes": null, "ref": null, "name": "Восточный переулок", "highway": "residential", "maxspeed": null, "oneway": false, "reversed": "0", "length": 222.717, "bridge": null, "width": null, "access": null, "service": null }, "geometry": { "type": "LineString", "coordinates": [ [ 29.6083007, 60.2462843 ], [ 29.6094088, 60.245633 ], [ 29.6108772, 60.2447427 ] ] } },
{ "type": "Feature", "properties": { "u": 502894625, "v": 502893125, "key": 0, "osmid": "41745163", "lanes": null, "ref": null, "name": "Полевая улица", "highway": "residential", "maxspeed": "60", "oneway": false, "reversed": "1", "length": 194.989, "bridge": null, "width": null, "access": null, "service": null }, "geometry": { "type": "LineString", "coordinates": [ [ 29.6135653, 60.2458808 ], [ 29.6108772, 60.2447427 ] ] } },
{ "type": "Feature", "properties": { "u": 502894625, "v": 502894684, "key": 0, "osmid": "41173588", "lanes": null, "ref": null, "name": "Полевой переулок", "highway": "residential", "maxspeed": null, "oneway": false, "reversed": "1", "length": 222.349, "bridge": null, "width": null, "access": null, "service": null }, "geometry": { "type": "LineString", "coordinates": [ [ 29.6135653, 60.2458808 ], [ 29.6129879, 60.2462464 ], [ 29.6120695, 60.2467703 ], [ 29.6110346, 60.2474359 ] ] } },
{ "type": "Feature", "properties": { "u": 502894625, "v": 1239558376, "key": 0, "osmid": "41173590", "lanes": null, "ref": null, "name": null, "highway": "residential", "maxspeed": null, "oneway": false, "reversed": "1", "length": 165.732, "bridge": null, "width": null, "access": null, "service": null }, "geometry": { "type": "LineString", "coordinates": [ [ 29.6135653, 60.2458808 ], [ 29.6136278, 60.245812 ], [ 29.6146444, 60.2452581 ], [ 29.6155381, 60.2447616 ] ] } },
{ "type": "Feature", "properties": { "u": 502894625, "v": 499052717, "key": 0, "osmid": "41745163", "lanes": null, "ref": null, "name": "Полевая улица", "highway": "residential", "maxspeed": "60", "oneway": false, "reversed": "0", "length": 179.368, "bridge": null, "width": null, "access": null, "service": null }, "geometry": { "type": "LineString", "coordinates": [ [ 29.6135653, 60.2458808 ], [ 29.6140006, 60.2460373 ], [ 29.6146974, 60.2463284 ], [ 29.6148409, 60.2463851 ], [ 29.6153704, 60.2465945 ], [ 29.615817, 60.2467549 ], [ 29.6161868, 60.2468169 ] ] } },
{ "type": "Feature", "properties": { "u": 502894679, "v": 502894684, "key": 0, "osmid": "54649451", "lanes": null, "ref": null, "name": "Наклонная улица", "highway": "residential", "maxspeed": null, "oneway": false, "reversed": "0", "length": 100.253, "bridge": null, "width": null, "access": null, "service": null }, "geometry": { "type": "LineString", "coordinates": [ [ 29.6096631, 60.2468446 ], [ 29.6110346, 60.2474359 ] ] } },
{ "type": "Feature", "properties": { "u": 502894679, "v": 502893154, "key": 0, "osmid": "54649451", "lanes": null, "ref": null, "name": "Наклонная улица", "highway": "residential", "maxspeed": null, "oneway": false, "reversed": "1", "length": 97.641, "bridge": null, "width": null, "access": null, "service": null }, "geometry": { "type": "LineString", "coordinates": [ [ 29.6096631, 60.2468446 ], [ 29.6083007, 60.2462843 ] ] } },
{ "type": "Feature", "properties": { "u": 502894679, "v": 502894740, "key": 0, "osmid": "41173589", "lanes": null, "ref": null, "name": null, "highway": "residential", "maxspeed": null, "oneway": false, "reversed": "0", "length": 117.048, "bridge": null, "width": null, "access": null, "service": null }, "geometry": { "type": "LineString", "coordinates": [ [ 29.6096631, 60.2468446 ], [ 29.6104988, 60.2464082 ], [ 29.6110395, 60.2460462 ] ] } },
{ "type": "Feature", "properties": { "u": 502894684, "v": 502894679, "key": 0, "osmid": "54649451", "lanes": null, "ref": null, "name": "Наклонная улица", "highway": "residential", "maxspeed": null, "oneway": false, "reversed": "1", "length": 100.253, "bridge": null, "width": null, "access": null, "service": null }, "geometry": { "type": "LineString", "coordinates": [ [ 29.6110346, 60.2474359 ], [ 29.6096631, 60.2468446 ] ] } },
{ "type": "Feature", "properties": { "u": 502894684, "v": 502894625, "key": 0, "osmid": "41173588", "lanes": null, "ref": null, "name": "Полевой переулок", "highway": "residential", "maxspeed": null, "oneway": false, "reversed": "0", "length": 222.349, "bridge": null, "width": null, "access": null, "service": null }, "geometry": { "type": "LineString", "coordinates": [ [ 29.6110346, 60.2474359 ], [ 29.6120695, 60.2467703 ], [ 29.6129879, 60.2462464 ], [ 29.6135653, 60.2458808 ] ] } },
{ "type": "Feature", "properties": { "u": 502894684, "v": 98154645, "key": 0, "osmid": "54649451", "lanes": null, "ref": null, "name": "Наклонная улица", "highway": "residential", "maxspeed": null, "oneway": false, "reversed": "0", "length": 149.71, "bridge": null, "width": null, "access": null, "service": null }, "geometry": { "type": "LineString", "coordinates": [ [ 29.6110346, 60.2474359 ], [ 29.6126151, 60.2481013 ], [ 29.6130537, 60.2483329 ] ] } },
{ "type": "Feature", "properties": { "u": 502894740, "v": 502894679, "key": 0, "osmid": "41173589", "lanes": null, "ref": null, "name": null, "highway": "residential", "maxspeed": null, "oneway": false, "reversed": "1", "length": 117.048, "bridge": null, "width": null, "access": null, "service": null }, "geometry": { "type": "LineString", "coordinates": [ [ 29.6110395, 60.2460462 ], [ 29.6104988, 60.2464082 ], [ 29.6096631, 60.2468446 ] ] } },
{ "type": "Feature", "properties": { "u": 502894756, "v": 1239558376, "key": 0, "osmid": "41173590", "lanes": null, "ref": null, "name": null, "highway": "residential", "maxspeed": null, "oneway": false, "reversed": "0", "length": 111.7, "bridge": null, "width": null, "access": null, "service": null }, "geometry": { "type": "LineString", "coordinates": [ [ 29.6169354, 60.2441443 ], [ 29.616239, 60.244691 ], [ 29.6157001, 60.2447257 ], [ 29.6155381, 60.2447616 ] ] } },
{ "type": "Feature", "properties": { "u": 502896865, "v": 500317993, "key": 0, "osmid": "41054241", "lanes": "1", "ref": null, "name": "улица Чехова", "highway": "residential", "maxspeed": "RU:urban", "oneway": false, "reversed": "0", "length": 277.512, "bridge": null, "width": null, "access": null, "service": null }, "geometry": { "type": "LineString", "coordinates": [ [ 29.6151021, 60.2476035 ], [ 29.6167902, 60.2484144 ], [ 29.6170209, 60.248439 ], [ 29.6175884, 60.2484996 ], [ 29.6180176, 60.248687 ], [ 29.6189266, 60.2491424 ] ] } },
{ "type": "Feature", "properties": { "u": 502896865, "v": 98154645, "key": 0, "osmid": "126547072", "lanes": "1", "ref": null, "name": "улица Верхнее Рощино", "highway": "tertiary", "maxspeed": "RU:urban", "oneway": false, "reversed": "0", "length": 139.375, "bridge": null, "width": null, "access": null, "service": null }, "geometry": { "type": "LineString", "coordinates": [ [ 29.6151021, 60.2476035 ], [ 29.6140547, 60.2480035 ], [ 29.6140201, 60.2480168 ], [ 29.6132956, 60.2482746 ], [ 29.6131295, 60.2483147 ], [ 29.6130537, 60.2483329 ] ] } },
{ "type": "Feature", "properties": { "u": 502896865, "v": 499052717, "key": 0, "osmid": "126547072", "lanes": "1", "ref": null, "name": "улица Верхнее Рощино", "highway": "tertiary", "maxspeed": "RU:urban", "oneway": false, "reversed": "1", "length": 107.45, "bridge": null, "width": null, "access": null, "service": null }, "geometry": { "type": "LineString", "coordinates": [ [ 29.6151021, 60.2476035 ], [ 29.6159508, 60.2471152 ], [ 29.6160681, 60.2470011 ], [ 29.6161868, 60.2468169 ] ] } },
{ "type": "Feature", "properties": { "u": 503576552, "v": 7020396789, "key": 0, "osmid": "750901377", "lanes": null, "ref": null, "name": "Еловый переулок", "highway": "residential", "maxspeed": null, "oneway": false, "reversed": "1", "length": 89.825, "bridge": null, "width": null, "access": null, "service": null }, "geometry": { "type": "LineString", "coordinates": [ [ 29.6353056, 60.2508841 ], [ 29.6359802, 60.2516193 ] ] } },
{ "type": "Feature", "properties": { "u": 503576552, "v": 1214456775, "key": 0, "osmid": "41213238", "lanes": null, "ref": null, "name": "Тракторный переулок", "highway": "unclassified", "maxspeed": null, "oneway": false, "reversed": "0", "length": 86.93, "bridge": null, "width": null, "access": null, "service": null }, "geometry": { "type": "LineString", "coordinates": [ [ 29.6353056, 60.2508841 ], [ 29.6359956, 60.2506946 ], [ 29.6366357, 60.2504675 ] ] } },
{ "type": "Feature", "properties": { "u": 503576552, "v": 498348977, "key": 0, "lanes": "2", "ref": null, "highway": "unclassified", "maxspeed": "60", "oneway": false, "reversed": "1", "length": 394.955, "bridge": null, "width": null, "access": null, "service": null }, "geometry": { "type": "LineString", "coordinates": [ [ 29.6353056, 60.2508841 ], [ 29.635056, 60.2510068 ], [ 29.6347845, 60.2510906 ], [ 29.6343562, 60.2510689 ], [ 29.6339242, 60.2511113 ], [ 29.6334407, 60.2511573 ], [ 29.6330389, 60.2512721 ], [ 29.6326452, 60.251403 ], [ 29.6323562, 60.251482 ], [ 29.6320329, 60.2515247 ], [ 29.6318124, 60.2515247 ], [ 29.6316859, 60.2515117 ], [ 29.6314595, 60.2513819 ], [ 29.6312553, 60.2513163 ], [ 29.6303952, 60.2509081 ], [ 29.6294098, 60.2504197 ] ] } },
{ "type": "Feature", "properties": { "u": 503580287, "v": 499031323, "key": 0, "osmid": "41213411", "lanes": null, "ref": null, "name": "Красный переулок", "highway": "residential", "maxspeed": "RU:urban", "oneway": false, "reversed": "0", "length": 237.517, "bridge": null, "width": null, "access": null, "service": null }, "geometry": { "type": "LineString", "coordinates": [ [ 29.6282463, 60.2561527 ], [ 29.6276755, 60.2560014 ], [ 29.6267142, 60.256078 ], [ 29.6260104, 60.2561717 ], [ 29.6253581, 60.2563761 ], [ 29.624826, 60.256589 ], [ 29.6245155, 60.256784 ] ] } },
{ "type": "Feature", "properties": { "u": 503580287, "v": 1414848798, "key": 0, "osmid": "130337506", "lanes": "2", "ref": null, "name": "Лесная улица", "highway": "tertiary", "maxspeed": "RU:urban", "oneway": false, "reversed": "0", "length": 117.849, "bridge": null, "width": null, "access": null, "service": null }, "geometry": { "type": "LineString", "coordinates": [ [ 29.6282463, 60.2561527 ], [ 29.6278096, 60.2568525 ], [ 29.6276111, 60.2571646 ] ] } },
{ "type": "Feature", "properties": { "u": 503580287, "v": 503580454, "key": 0, "osmid": "130337506", "lanes": "2", "ref": null, "name": "Лесная улица", "highway": "tertiary", "maxspeed": "RU:urban", "oneway": false, "reversed": "1", "length": 109.97, "bridge": null, "width": null, "access": null, "service": null }, "geometry": { "type": "LineString", "coordinates": [ [ 29.6282463, 60.2561527 ], [ 29.6283291, 60.2559975 ], [ 29.6287522, 60.2551961 ] ] } },
{ "type": "Feature", "properties": { "u": 503580454, "v": 499031312, "key": 0, "osmid": "41213412", "lanes": null, "ref": null, "name": "Лесной переулок", "highway": "residential", "maxspeed": null, "oneway": false, "reversed": "0", "length": 325.756, "bridge": null, "width": null, "access": null, "service": null }, "geometry": { "type": "LineString", "coordinates": [ [ 29.6287522, 60.2551961 ], [ 29.6270551, 60.2553606 ], [ 29.6259796, 60.255462 ], [ 29.6253416, 60.2555492 ], [ 29.625007, 60.2555951 ], [ 29.6229809, 60.2558102 ] ] } },
{ "type": "Feature", "properties": { "u": 503580454, "v": 1295863514, "key": 0, "osmid": "114389387", "lanes": null, "ref": null, "name": null, "highway": "residential", "maxspeed": null, "oneway": false, "reversed": "1", "length": 212.008, "bridge": null, "width": null, "access": null, "service": null }, "geometry": { "type": "LineString", "coordinates": [ [ 29.6287522, 60.2551961 ], [ 29.629836, 60.2550577 ], [ 29.631046, 60.2548855 ], [ 29.6314399, 60.2548196 ], [ 29.632358, 60.2547936 ], [ 29.6324877, 60.254793 ] ] } },
{ "type": "Feature", "properties": { "u": 503580454, "v": 503580287, "key": 0, "osmid": "130337506", "lanes": "2", "ref": null, "name": "Лесная улица", "highway": "tertiary", "maxspeed": "RU:urban", "oneway": false, "reversed": "0", "length": 109.97, "bridge": null, "width": null, "access": null, "service": null }, "geometry": { "type": "LineString", "coordinates": [ [ 29.6287522, 60.2551961 ], [ 29.6283291, 60.2559975 ], [ 29.6282463, 60.2561527 ] ] } },
{ "type": "Feature", "properties": { "u": 503580454, "v": 498360759, "key": 0, "osmid": "130337506", "lanes": "2", "ref": null, "name": "Лесная улица", "highway": "tertiary", "maxspeed": "RU:urban", "oneway": false, "reversed": "1", "length": 102.31, "bridge": null, "width": null, "access": null, "service": null }, "geometry": { "type": "LineString", "coordinates": [ [ 29.6287522, 60.2551961 ], [ 29.6287691, 60.2551219 ], [ 29.628818, 60.2549075 ], [ 29.6288361, 60.2546425 ], [ 29.6288471, 60.2544586 ], [ 29.6289225, 60.254282 ] ] } },
{ "type": "Feature", "properties": { "u": 503584337, "v": 503584348, "key": 0, "osmid": "41213556", "lanes": "1", "ref": null, "name": "Еловая аллея", "highway": "residential", "maxspeed": "60", "oneway": false, "reversed": "0", "length": 116.191, "bridge": null, "width": null, "access": null, "service": null }, "geometry": { "type": "LineString", "coordinates": [ [ 29.6341767, 60.2583569 ], [ 29.6362791, 60.2582931 ] ] } },
{ "type": "Feature", "properties": { "u": 503584337, "v": 1414848793, "key": 0, "osmid": "41213556", "lanes": "1", "ref": null, "name": "Еловая аллея", "highway": "residential", "maxspeed": "60", "oneway": false, "reversed": "1", "length": 178.166, "bridge": null, "width": null, "access": null, "service": null }, "geometry": { "type": "LineString", "coordinates": [ [ 29.6341767, 60.2583569 ], [ 29.6338799, 60.2583626 ], [ 29.6318563, 60.2584138 ], [ 29.6309504, 60.2584311 ] ] } },
{ "type": "Feature", "properties": { "u": 503584337, "v": 5502915821, "key": 0, "osmid": "114389382", "lanes": "1", "ref": null, "name": "улица Ахматовой", "highway": "residential", "maxspeed": null, "oneway": false, "reversed": "1", "length": 112.107, "bridge": null, "width": null, "access": null, "service": null }, "geometry": { "type": "LineString", "coordinates": [ [ 29.6341767, 60.2583569 ], [ 29.6340054, 60.2578622 ], [ 29.6337224, 60.2573758 ] ] } },
{ "type": "Feature", "properties": { "u": 503584348, "v": 503584337, "key": 0, "osmid": "41213556", "lanes": "1", "ref": null, "name": "Еловая аллея", "highway": "residential", "maxspeed": "60", "oneway": false, "reversed": "1", "length": 116.191, "bridge": null, "width": null, "access": null, "service": null }, "geometry": { "type": "LineString", "coordinates": [ [ 29.6362791, 60.2582931 ], [ 29.6341767, 60.2583569 ] ] } },
{ "type": "Feature", "properties": { "u": 503584348, "v": 652645960, "key": 0, "osmid": "41213556", "lanes": "1", "ref": null, "name": "Еловая аллея", "highway": "residential", "maxspeed": "60", "oneway": false, "reversed": "0", "length": 131.868, "bridge": null, "width": null, "access": null, "service": null }, "geometry": { "type": "LineString", "coordinates": [ [ 29.6362791, 60.2582931 ], [ 29.6380741, 60.2581984 ], [ 29.6386592, 60.2581893 ] ] } },
{ "type": "Feature", "properties": { "u": 503584348, "v": 672052066, "key": 0, "osmid": "53076857", "lanes": null, "ref": null, "name": "Офицерская улица", "highway": "residential", "maxspeed": null, "oneway": false, "reversed": "1", "length": 238.457, "bridge": null, "width": null, "access": null, "service": null }, "geometry": { "type": "LineString", "coordinates": [ [ 29.6362791, 60.2582931 ], [ 29.6363079, 60.2583488 ], [ 29.6367506, 60.2592846 ], [ 29.6372656, 60.260381 ] ] } },
{ "type": "Feature", "properties": { "u": 503584371, "v": 883156086, "key": 0, "osmid": "41213556", "lanes": "1", "ref": null, "name": "Еловая аллея", "highway": "residential", "maxspeed": "60", "oneway": false, "reversed": "0", "length": 106.697, "bridge": null, "width": null, "access": null, "service": null }, "geometry": { "type": "LineString", "coordinates": [ [ 29.6425352, 60.25805 ], [ 29.6444631, 60.2579726 ] ] } },
{ "type": "Feature", "properties": { "u": 503584371, "v": 883126376, "key": 0, "osmid": "41213556", "lanes": "1", "ref": null, "name": "Еловая аллея", "highway": "residential", "maxspeed": "60", "oneway": false, "reversed": "1", "length": 104.358, "bridge": null, "width": null, "access": null, "service": null }, "geometry": { "type": "LineString", "coordinates": [ [ 29.6425352, 60.25805 ], [ 29.6406493, 60.2581241 ] ] } },
{ "type": "Feature", "properties": { "u": 503584371, "v": 883126380, "key": 0, "osmid": "74753721", "lanes": null, "ref": null, "name": "Проточный переулок", "highway": "residential", "maxspeed": null, "oneway": false, "reversed": "0", "length": 253.432, "bridge": null, "width": null, "access": null, "service": null }, "geometry": { "type": "LineString", "coordinates": [ [ 29.6425352, 60.25805 ], [ 29.6427441, 60.2592541 ], [ 29.642854, 60.2598581 ], [ 29.6429331, 60.2603206 ] ] } },
{ "type": "Feature", "properties": { "u": 503586362, "v": 8719249619, "key": 0, "osmid": "41213556", "lanes": "1", "ref": null, "name": "Еловая аллея", "highway": "residential", "maxspeed": "60", "oneway": false, "reversed": "0", "length": 39.492, "bridge": null, "width": null, "access": null, "service": null }, "geometry": { "type": "LineString", "coordinates": [ [ 29.6475397, 60.2578634 ], [ 29.6482556, 60.2578623 ] ] } },
{ "type": "Feature", "properties": { "u": 503586362, "v": 7020396870, "key": 0, "osmid": "41213556", "lanes": "1", "ref": null, "name": "Еловая аллея", "highway": "residential", "maxspeed": "60", "oneway": false, "reversed": "1", "length": 83.354, "bridge": null, "width": null, "access": null, "service": null }, "geometry": { "type": "LineString", "coordinates": [ [ 29.6475397, 60.2578634 ], [ 29.6460297, 60.2578912 ] ] } },
{ "type": "Feature", "properties": { "u": 503586362, "v": 7020396869, "key": 0, "lanes": null, "ref": null, "highway": "residential", "maxspeed": null, "oneway": false, "reversed": "1", "length": 294.348, "bridge": null, "width": null, "access": null, "service": null }, "geometry": { "type": "LineString", "coordinates": [ [ 29.6475397, 60.2578634 ], [ 29.647558, 60.2579452 ], [ 29.6476409, 60.2584575 ], [ 29.6477479, 60.2597541 ], [ 29.6462306, 60.2597816 ] ] } },
{ "type": "Feature", "properties": { "u": 503586439, "v": 11663576543, "key": 0, "osmid": "1296146314", "lanes": null, "ref": null, "name": null, "highway": "residential", "maxspeed": "60", "oneway": false, "reversed": "1", "length": 17.059, "bridge": null, "width": null, "access": null, "service": null }, "geometry": { "type": "LineString", "coordinates": [ [ 29.6516491, 60.2581296 ], [ 29.6513399, 60.2581272 ] ] } },
{ "type": "Feature", "properties": { "u": 503586439, "v": 8719249686, "key": 0, "osmid": "941538079", "lanes": null, "ref": null, "name": null, "highway": "residential", "maxspeed": null, "oneway": false, "reversed": "1", "length": 50.499, "bridge": null, "width": null, "access": null, "service": null }, "geometry": { "type": "LineString", "coordinates": [ [ 29.6516491, 60.2581296 ], [ 29.651684, 60.2580882 ], [ 29.6521565, 60.2577527 ] ] } },
{ "type": "Feature", "properties": { "u": 503586439, "v": 1776225516, "key": 0, "lanes": null, "ref": null, "name": null, "maxspeed": "60", "oneway": false, "reversed": "0", "length": 489.872, "bridge": null, "width": null, "access": null, "service": null }, "geometry": { "type": "LineString", "coordinates": [ [ 29.6516491, 60.2581296 ], [ 29.6543473, 60.2583998 ], [ 29.6557996, 60.2585114 ], [ 29.656085, 60.2584974 ], [ 29.6576191, 60.2585656 ], [ 29.6587742, 60.2585882 ], [ 29.6588351, 60.2585799 ], [ 29.6593096, 60.2582831 ], [ 29.6593147, 60.2578622 ] ] } },
{ "type": "Feature", "properties": { "u": 503586477, "v": 11663576543, "key": 0, "osmid": "161118527", "lanes": null, "ref": null, "name": "Еловая аллея", "highway": "residential", "maxspeed": "60", "oneway": false, "reversed": "1", "length": 249.347, "bridge": null, "width": null, "access": null, "service": null }, "geometry": { "type": "LineString", "coordinates": [ [ 29.6518524, 60.2603412 ], [ 29.651836, 60.2593333 ], [ 29.6517768, 60.2591225 ], [ 29.6515365, 60.2584072 ], [ 29.6513399, 60.2581272 ] ] } },
{ "type": "Feature", "properties": { "u": 503590343, "v": 506294397, "key": 0, "osmid": "126547072", "lanes": "1", "ref": null, "name": "улица Верхнее Рощино", "highway": "tertiary", "maxspeed": "RU:urban", "oneway": false, "reversed": "0", "length": 62.689, "bridge": null, "width": null, "access": null, "service": null }, "geometry": { "type": "LineString", "coordinates": [ [ 29.6039861, 60.2519014 ], [ 29.6031077, 60.252259 ] ] } },
{ "type": "Feature", "properties": { "u": 503590343, "v": 528142600, "key": 0, "osmid": "126547072", "lanes": "1", "ref": null, "name": "улица Верхнее Рощино", "highway": "tertiary", "maxspeed": "RU:urban", "oneway": false, "reversed": "1", "length": 30.254, "bridge": null, "width": null, "access": null, "service": null }, "geometry": { "type": "LineString", "coordinates": [ [ 29.6039861, 60.2519014 ], [ 29.604366, 60.2517052 ] ] } },
{ "type": "Feature", "properties": { "u": 503590343, "v": 506294412, "key": 0, "osmid": "157607181", "lanes": "2", "ref": null, "name": "улица Пушкина", "highway": "residential", "maxspeed": null, "oneway": false, "reversed": "0", "length": 116.74, "bridge": null, "width": null, "access": null, "service": null }, "geometry": { "type": "LineString", "coordinates": [ [ 29.6039861, 60.2519014 ], [ 29.6048113, 60.252244 ], [ 29.6058504, 60.2522643 ] ] } },
{ "type": "Feature", "properties": { "u": 503590513, "v": 503590526, "key": 0, "osmid": "40924881", "lanes": "2", "ref": null, "name": "Нагорная улица", "highway": "residential", "maxspeed": null, "oneway": false, "reversed": "0", "length": 14.555, "bridge": null, "width": null, "access": null, "service": null }, "geometry": { "type": "LineString", "coordinates": [ [ 29.6110254, 60.2520886 ], [ 29.6111503, 60.2522039 ] ] } },
{ "type": "Feature", "properties": { "u": 503590513, "v": 506727211, "key": 0, "osmid": "157607181", "lanes": "2", "ref": null, "name": "улица Пушкина", "highway": "residential", "maxspeed": null, "oneway": false, "reversed": "1", "length": 83.106, "bridge": null, "width": null, "access": null, "service": null }, "geometry": { "type": "LineString", "coordinates": [ [ 29.6110254, 60.2520886 ], [ 29.6095217, 60.2521323 ] ] } },
{ "type": "Feature", "properties": { "u": 503590513, "v": 506728203, "key": 0, "osmid": "40924881", "lanes": "2", "ref": null, "name": "Нагорная улица", "highway": "residential", "maxspeed": null, "oneway": false, "reversed": "1", "length": 91.661, "bridge": null, "width": null, "access": null, "service": null }, "geometry": { "type": "LineString", "coordinates": [ [ 29.6110254, 60.2520886 ], [ 29.6107624, 60.2517705 ], [ 29.6103422, 60.2513376 ] ] } },
{ "type": "Feature", "properties": { "u": 503590526, "v": 1462867338, "key": 0, "osmid": "40924881", "lanes": "2", "ref": null, "name": "Нагорная улица", "highway": "residential", "maxspeed": null, "oneway": false, "reversed": "0", "length": 111.143, "bridge": null, "width": null, "access": null, "service": null }, "geometry": { "type": "LineString", "coordinates": [ [ 29.6111503, 60.2522039 ], [ 29.6119805, 60.2531146 ] ] } },
{ "type": "Feature", "properties": { "u": 503590526, "v": 503590513, "key": 0, "osmid": "40924881", "lanes": "2", "ref": null, "name": "Нагорная улица", "highway": "residential", "maxspeed": null, "oneway": false, "reversed": "1", "length": 14.555, "bridge": null, "width": null, "access": null, "service": null }, "geometry": { "type": "LineString", "coordinates": [ [ 29.6111503, 60.2522039 ], [ 29.6110254, 60.2520886 ] ] } },
{ "type": "Feature", "properties": { "u": 503590526, "v": 498366416, "key": 0, "osmid": "48823224", "lanes": "2", "ref": null, "name": "улица Пушкина", "highway": "residential", "maxspeed": null, "oneway": false, "reversed": "0", "length": 193.416, "bridge": null, "width": null, "access": null, "service": null }, "geometry": { "type": "LineString", "coordinates": [ [ 29.6111503, 60.2522039 ], [ 29.6115909, 60.2519706 ], [ 29.6134222, 60.2508798 ] ] } },
{ "type": "Feature", "properties": { "u": 506291508, "v": 506291547, "key": 0, "osmid": "160081245", "lanes": null, "ref": null, "name": "Еловая улица", "highway": "residential", "maxspeed": null, "oneway": false, "reversed": "1", "length": 23.557, "bridge": null, "width": null, "access": null, "service": null }, "geometry": { "type": "LineString", "coordinates": [ [ 29.5995954, 60.2456208 ], [ 29.5992464, 60.2454988 ] ] } },
{ "type": "Feature", "properties": { "u": 506291508, "v": 499049039, "key": 0, "osmid": "40963175", "lanes": "2", "ref": null, "name": "Южная улица", "highway": "residential", "maxspeed": null, "oneway": false, "reversed": "0", "length": 83.541, "bridge": null, "width": null, "access": null, "service": null }, "geometry": { "type": "LineString", "coordinates": [ [ 29.5995954, 60.2456208 ], [ 29.5997123, 60.2452875 ], [ 29.5998291, 60.2448786 ] ] } },
{ "type": "Feature", "properties": { "u": 506291508, "v": 298011435, "key": 0, "osmid": "40963175", "lanes": "2", "ref": null, "name": "Южная улица", "highway": "residential", "maxspeed": null, "oneway": false, "reversed": "1", "length": 151.101, "bridge": null, "width": null, "access": null, "service": null }, "geometry": { "type": "LineString", "coordinates": [ [ 29.5995954, 60.2456208 ], [ 29.5998395, 60.2457338 ], [ 29.6001238, 60.2458961 ], [ 29.6005009, 60.2461229 ], [ 29.6009456, 60.2463421 ], [ 29.6011982, 60.2465034 ], [ 29.601405, 60.2466374 ] ] } },
{ "type": "Feature", "properties": { "u": 506291516, "v": 506291528, "key": 0, "osmid": "41396851", "lanes": null, "ref": null, "name": "Цветочный бульвар", "highway": "residential", "maxspeed": null, "oneway": false, "reversed": "0", "length": 117.373, "bridge": null, "width": null, "access": null, "service": null }, "geometry": { "type": "LineString", "coordinates": [ [ 29.5862154, 60.2469942 ], [ 29.5854918, 60.2460016 ] ] } },
{ "type": "Feature", "properties": { "u": 506291516, "v": 528144759, "key": 0, "osmid": "54905305", "lanes": "2", "ref": null, "name": "Вокзальная улица", "highway": "tertiary", "maxspeed": "60", "oneway": false, "reversed": "0", "length": 257.959, "bridge": null, "width": null, "access": null, "service": null }, "geometry": { "type": "LineString", "coordinates": [ [ 29.5862154, 60.2469942 ], [ 29.5878964, 60.2470019 ], [ 29.5893206, 60.2469633 ], [ 29.5908798, 60.2468843 ] ] } },
{ "type": "Feature", "properties": { "u": 506291516, "v": 527346506, "key": 0, "osmid": "54905305", "lanes": "2", "ref": null, "name": "Вокзальная улица", "highway": "tertiary", "maxspeed": "60", "oneway": false, "reversed": "1", "length": 130.996, "bridge": null, "width": null, "access": null, "service": null }, "geometry": { "type": "LineString", "coordinates": [ [ 29.5862154, 60.2469942 ], [ 29.5844864, 60.2468953 ], [ 29.5838716, 60.2468196 ] ] } },
{ "type": "Feature", "properties": { "u": 506291516, "v": 527347123, "key": 0, "osmid": "72280675", "lanes": "1", "ref": null, "name": "Малая Вокзальная улица", "highway": "residential", "maxspeed": null, "oneway": false, "reversed": "0", "length": 233.661, "bridge": null, "width": null, "access": null, "service": null }, "geometry": { "type": "LineString", "coordinates": [ [ 29.5862154, 60.2469942 ], [ 29.586094, 60.2470574 ], [ 29.5860708, 60.247142 ], [ 29.5859795, 60.247216 ], [ 29.5857867, 60.2473148 ], [ 29.5855387, 60.2474022 ], [ 29.5850475, 60.2475326 ], [ 29.5849285, 60.2475634 ], [ 29.5848192, 60.2476164 ], [ 29.5839983, 60.2480262 ], [ 29.583199, 60.2484168 ] ] } },
{ "type": "Feature", "properties": { "u": 506291528, "v": 506291516, "key": 0, "osmid": "41396851", "lanes": null, "ref": null, "name": "Цветочный бульвар", "highway": "residential", "maxspeed": null, "oneway": false, "reversed": "1", "length": 117.373, "bridge": null, "width": null, "access": null, "service": null }, "geometry": { "type": "LineString", "coordinates": [ [ 29.5854918, 60.2460016 ], [ 29.5862154, 60.2469942 ] ] } },
{ "type": "Feature", "properties": { "u": 506291528, "v": 1462867087, "key": 0, "lanes": "1", "ref": null, "highway": "residential", "maxspeed": null, "oneway": false, "reversed": "0", "length": 299.266, "bridge": null, "width": null, "access": null, "service": null }, "geometry": { "type": "LineString", "coordinates": [ [ 29.5854918, 60.2460016 ], [ 29.5853633, 60.2457646 ], [ 29.5852647, 60.2455601 ], [ 29.585684, 60.2454999 ], [ 29.5866649, 60.2452766 ], [ 29.5878688, 60.245245 ], [ 29.5896367, 60.2451282 ] ] } },
{ "type": "Feature", "properties": { "u": 506291528, "v": 1074698076, "key": 0, "osmid": "128487589", "lanes": "1", "ref": null, "name": "Цветочная улица", "highway": "residential", "maxspeed": null, "oneway": false, "reversed": "0", "length": 290.831, "bridge": null, "width": null, "access": null, "service": null }, "geometry": { "type": "LineString", "coordinates": [ [ 29.5854918, 60.2460016 ], [ 29.585859, 60.2460016 ], [ 29.5869897, 60.2460703 ], [ 29.5878277, 60.2460908 ], [ 29.5907389, 60.2459505 ] ] } },
{ "type": "Feature", "properties": { "u": 506291543, "v": 528142784, "key": 0, "osmid": "82084874", "lanes": "1", "ref": null, "name": "переулок Достоевского", "highway": "residential", "maxspeed": null, "oneway": false, "reversed": "0", "length": 99.307, "bridge": null, "width": null, "access": null, "service": null }, "geometry": { "type": "LineString", "coordinates": [ [ 29.594088, 60.2458089 ], [ 29.5943843, 60.2466898 ] ] } },
{ "type": "Feature", "properties": { "u": 506291543, "v": 956009863, "key": 0, "osmid": "82084874", "lanes": "1", "ref": null, "name": "переулок Достоевского", "highway": "residential", "maxspeed": null, "oneway": false, "reversed": "1", "length": 90.952, "bridge": null, "width": null, "access": null, "service": null }, "geometry": { "type": "LineString", "coordinates": [ [ 29.594088, 60.2458089 ], [ 29.5940702, 60.244991 ] ] } },
{ "type": "Feature", "properties": { "u": 506291543, "v": 506291545, "key": 0, "osmid": "128487589", "lanes": "1", "ref": null, "name": "Цветочная улица", "highway": "residential", "maxspeed": null, "oneway": false, "reversed": "0", "length": 194.587, "bridge": null, "width": null, "access": null, "service": null }, "geometry": { "type": "LineString", "coordinates": [ [ 29.594088, 60.2458089 ], [ 29.5976103, 60.2457271 ] ] } },
{ "type": "Feature", "properties": { "u": 506291543, "v": 1074698076, "key": 0, "osmid": "128487589", "lanes": "1", "ref": null, "name": "Цветочная улица", "highway": "residential", "maxspeed": null, "oneway": false, "reversed": "1", "length": 185.485, "bridge": null, "width": null, "access": null, "service": null }, "geometry": { "type": "LineString", "coordinates": [ [ 29.594088, 60.2458089 ], [ 29.5907389, 60.2459505 ] ] } },
{ "type": "Feature", "properties": { "u": 506291545, "v": 527346507, "key": 0, "osmid": "42277163", "lanes": "1", "ref": null, "name": "улица Герцена", "highway": "residential", "maxspeed": null, "oneway": false, "reversed": "0", "length": 100.236, "bridge": null, "width": null, "access": null, "service": null }, "geometry": { "type": "LineString", "coordinates": [ [ 29.5976103, 60.2457271 ], [ 29.5976274, 60.2466285 ] ] } },
{ "type": "Feature", "properties": { "u": 506291545, "v": 506291543, "key": 0, "osmid": "128487589", "lanes": "1", "ref": null, "name": "Цветочная улица", "highway": "residential", "maxspeed": null, "oneway": false, "reversed": "1", "length": 194.587, "bridge": null, "width": null, "access": null, "service": null }, "geometry": { "type": "LineString", "coordinates": [ [ 29.5976103, 60.2457271 ], [ 29.594088, 60.2458089 ] ] } },
{ "type": "Feature", "properties": { "u": 506291545, "v": 506291547, "key": 0, "osmid": "128487589", "lanes": "1", "ref": null, "name": "Цветочная улица", "highway": "residential", "maxspeed": null, "oneway": false, "reversed": "0", "length": 95.814, "bridge": null, "width": null, "access": null, "service": null }, "geometry": { "type": "LineString", "coordinates": [ [ 29.5976103, 60.2457271 ], [ 29.5987129, 60.245661 ], [ 29.5992464, 60.2454988 ] ] } },
{ "type": "Feature", "properties": { "u": 506291547, "v": 506291508, "key": 0, "osmid": "160081245", "lanes": null, "ref": null, "name": "Еловая улица", "highway": "residential", "maxspeed": null, "oneway": false, "reversed": "0", "length": 23.557, "bridge": null, "width": null, "access": null, "service": null }, "geometry": { "type": "LineString", "coordinates": [ [ 29.5992464, 60.2454988 ], [ 29.5995954, 60.2456208 ] ] } },
{ "type": "Feature", "properties": { "u": 506291547, "v": 506291545, "key": 0, "osmid": "128487589", "lanes": "1", "ref": null, "name": "Цветочная улица", "highway": "residential", "maxspeed": null, "oneway": false, "reversed": "1", "length": 95.814, "bridge": null, "width": null, "access": null, "service": null }, "geometry": { "type": "LineString", "coordinates": [ [ 29.5992464, 60.2454988 ], [ 29.5987129, 60.245661 ], [ 29.5976103, 60.2457271 ] ] } },
{ "type": "Feature", "properties": { "u": 506291547, "v": 527347028, "key": 0, "osmid": "160081245", "lanes": null, "ref": null, "name": "Еловая улица", "highway": "residential", "maxspeed": null, "oneway": false, "reversed": "1", "length": 118.408, "bridge": null, "width": null, "access": null, "service": null }, "geometry": { "type": "LineString", "coordinates": [ [ 29.5992464, 60.2454988 ], [ 29.5988344, 60.2453071 ], [ 29.5981821, 60.2450175 ], [ 29.597577, 60.2448373 ] ] } },
{ "type": "Feature", "properties": { "u": 506294386, "v": 620964701, "key": 0, "osmid": "160219223", "lanes": "1", "ref": null, "name": "Кольцевая улица", "highway": "residential", "maxspeed": null, "oneway": false, "reversed": "0", "length": 134.172, "bridge": null, "width": null, "access": null, "service": null }, "geometry": { "type": "LineString", "coordinates": [ [ 29.5950314, 60.2533817 ], [ 29.5951719, 60.2539192 ], [ 29.5951635, 60.2540333 ], [ 29.5951234, 60.2541363 ], [ 29.5951292, 60.2542063 ], [ 29.5953416, 60.2544554 ], [ 29.5954288, 60.2545511 ] ] } },
{ "type": "Feature", "properties": { "u": 506294386, "v": 854525478, "key": 0, "osmid": "160219223", "lanes": "1", "ref": null, "name": "Кольцевая улица", "highway": "residential", "maxspeed": null, "oneway": false, "reversed": "1", "length": 211.995, "bridge": null, "width": null, "access": null, "service": null }, "geometry": { "type": "LineString", "coordinates": [ [ 29.5950314, 60.2533817 ], [ 29.5952458, 60.2527738 ], [ 29.5952612, 60.2527381 ], [ 29.5955867, 60.2519836 ], [ 29.5958299, 60.2515177 ] ] } },
{ "type": "Feature", "properties": { "u": 506294386, "v": 506725915, "key": 0, "osmid": "166129557", "lanes": "2", "ref": null, "name": "Высокая улица", "highway": "residential", "maxspeed": null, "oneway": false, "reversed": "0", "length": 176.476, "bridge": null, "width": null, "access": null, "service": null }, "geometry": { "type": "LineString", "coordinates": [ [ 29.5950314, 60.2533817 ], [ 29.5956077, 60.2532984 ], [ 29.5966833, 60.2531585 ], [ 29.598103, 60.2529399 ] ] } },
{ "type": "Feature", "properties": { "u": 506294397, "v": 498391529, "key": 0, "osmid": "126547072", "lanes": "1", "ref": null, "name": "улица Верхнее Рощино", "highway": "tertiary", "maxspeed": "RU:urban", "oneway": false, "reversed": "0", "length": 47.259, "bridge": null, "width": null, "access": null, "service": null }, "geometry": { "type": "LineString", "coordinates": [ [ 29.6031077, 60.252259 ], [ 29.6023736, 60.252478 ] ] } },
{ "type": "Feature", "properties": { "u": 506294397, "v": 503590343, "key": 0, "osmid": "126547072", "lanes": "1", "ref": null, "name": "улица Верхнее Рощино", "highway": "tertiary", "maxspeed": "RU:urban", "oneway": false, "reversed": "1", "length": 62.689, "bridge": null, "width": null, "access": null, "service": null }, "geometry": { "type": "LineString", "coordinates": [ [ 29.6031077, 60.252259 ], [ 29.6039861, 60.2519014 ] ] } },
{ "type": "Feature", "properties": { "u": 506294397, "v": 506294409, "key": 0, "osmid": "41397432", "lanes": "1", "ref": null, "name": "Лиственная улица", "highway": "residential", "maxspeed": null, "oneway": false, "reversed": "0", "length": 188.956, "bridge": null, "width": null, "access": null, "service": null }, "geometry": { "type": "LineString", "coordinates": [ [ 29.6031077, 60.252259 ], [ 29.6040887, 60.2529413 ], [ 29.6042355, 60.2537994 ] ] } },
{ "type": "Feature", "properties": { "u": 506294409, "v": 98154661, "key": 0, "osmid": "71792679", "lanes": "2", "ref": null, "name": "Садовая улица", "highway": "residential", "maxspeed": null, "oneway": false, "reversed": "1", "length": 73.497, "bridge": null, "width": null, "access": null, "service": null }, "geometry": { "type": "LineString", "coordinates": [ [ 29.6042355, 60.2537994 ], [ 29.6029091, 60.2538609 ] ] } },
{ "type": "Feature", "properties": { "u": 506294409, "v": 506294397, "key": 0, "osmid": "41397432", "lanes": "1", "ref": null, "name": "Лиственная улица", "highway": "residential", "maxspeed": null, "oneway": false, "reversed": "1", "length": 188.956, "bridge": null, "width": null, "access": null, "service": null }, "geometry": { "type": "LineString", "coordinates": [ [ 29.6042355, 60.2537994 ], [ 29.6040887, 60.2529413 ], [ 29.6031077, 60.252259 ] ] } },
{ "type": "Feature", "properties": { "u": 506294409, "v": 620965560, "key": 0, "osmid": "71792679", "lanes": "2", "ref": null, "name": "Садовая улица", "highway": "residential", "maxspeed": null, "oneway": false, "reversed": "0", "length": 100.665, "bridge": null, "width": null, "access": null, "service": null }, "geometry": { "type": "LineString", "coordinates": [ [ 29.6042355, 60.2537994 ], [ 29.6051544, 60.2537569 ], [ 29.6060522, 60.2537152 ] ] } },
{ "type": "Feature", "properties": { "u": 506294412, "v": 690988225, "key": 0, "osmid": "157607181", "lanes": "2", "ref": null, "name": "улица Пушкина", "highway": "residential", "maxspeed": null, "oneway": false, "reversed": "0", "length": 101.128, "bridge": null, "width": null, "access": null, "service": null }, "geometry": { "type": "LineString", "coordinates": [ [ 29.6058504, 60.2522643 ], [ 29.6076782, 60.2521964 ] ] } },
{ "type": "Feature", "properties": { "u": 506294412, "v": 620965560, "key": 0, "osmid": "172964891", "lanes": "1", "ref": null, "name": "Хвойная улица", "highway": "residential", "maxspeed": null, "oneway": false, "reversed": "0", "length": 161.717, "bridge": null, "width": null, "access": null, "service": null }, "geometry": { "type": "LineString", "coordinates": [ [ 29.6058504, 60.2522643 ], [ 29.6060522, 60.2537152 ] ] } },
{ "type": "Feature", "properties": { "u": 506294412, "v": 503590343, "key": 0, "osmid": "157607181", "lanes": "2", "ref": null, "name": "улица Пушкина", "highway": "residential", "maxspeed": null, "oneway": false, "reversed": "1", "length": 116.74, "bridge": null, "width": null, "access": null, "service": null }, "geometry": { "type": "LineString", "coordinates": [ [ 29.6058504, 60.2522643 ], [ 29.6048113, 60.252244 ], [ 29.6039861, 60.2519014 ] ] } },
{ "type": "Feature", "properties": { "u": 506725915, "v": 298011454, "key": 0, "osmid": "27162127", "lanes": "2", "ref": null, "name": "Солнечная улица", "highway": "residential", "maxspeed": null, "oneway": false, "reversed": "0", "length": 185.544, "bridge": null, "width": null, "access": null, "service": null }, "geometry": { "type": "LineString", "coordinates": [ [ 29.598103, 60.2529399 ], [ 29.5970281, 60.2513588 ] ] } },
{ "type": "Feature", "properties": { "u": 506725915, "v": 506725925, "key": 0, "osmid": "166129557", "lanes": "2", "ref": null, "name": "Высокая улица", "highway": "residential", "maxspeed": null, "oneway": false, "reversed": "0", "length": 132.087, "bridge": null, "width": null, "access": null, "service": null }, "geometry": { "type": "LineString", "coordinates": [ [ 29.598103, 60.2529399 ], [ 29.6003666, 60.2525531 ] ] } },
{ "type": "Feature", "properties": { "u": 506725915, "v": 98154664, "key": 0, "osmid": "27162127", "lanes": "2", "ref": null, "name": "Солнечная улица", "highway": "residential", "maxspeed": null, "oneway": false, "reversed": "1", "length": 117.329, "bridge": null, "width": null, "access": null, "service": null }, "geometry": { "type": "LineString", "coordinates": [ [ 29.598103, 60.2529399 ], [ 29.5988098, 60.2538583 ], [ 29.5988747, 60.2539228 ] ] } },
{ "type": "Feature", "properties": { "u": 506725915, "v": 506294386, "key": 0, "osmid": "166129557", "lanes": "2", "ref": null, "name": "Высокая улица", "highway": "residential", "maxspeed": null, "oneway": false, "reversed": "1", "length": 176.476, "bridge": null, "width": null, "access": null, "service": null }, "geometry": { "type": "LineString", "coordinates": [ [ 29.598103, 60.2529399 ], [ 29.5966833, 60.2531585 ], [ 29.5956077, 60.2532984 ], [ 29.5950314, 60.2533817 ] ] } },
{ "type": "Feature", "properties": { "u": 506725925, "v": 506725915, "key": 0, "osmid": "166129557", "lanes": "2", "ref": null, "name": "Высокая улица", "highway": "residential", "maxspeed": null, "oneway": false, "reversed": "1", "length": 132.087, "bridge": null, "width": null, "access": null, "service": null }, "geometry": { "type": "LineString", "coordinates": [ [ 29.6003666, 60.2525531 ], [ 29.598103, 60.2529399 ] ] } },
{ "type": "Feature", "properties": { "u": 506726738, "v": 1875508677, "key": 0, "osmid": "54905363", "lanes": "2", "ref": null, "name": "Садовая улица", "highway": "tertiary", "maxspeed": "RU:urban", "oneway": false, "reversed": "1", "length": 26.405, "bridge": null, "width": null, "access": null, "service": null }, "geometry": { "type": "LineString", "coordinates": [ [ 29.5978281, 60.2540708 ], [ 29.597383, 60.2541581 ] ] } },
{ "type": "Feature", "properties": { "u": 506726738, "v": 98154664, "key": 0, "osmid": "54905363", "lanes": "2", "ref": null, "name": "Садовая улица", "highway": "tertiary", "maxspeed": "RU:urban", "oneway": false, "reversed": "0", "length": 60.305, "bridge": null, "width": null, "access": null, "service": null }, "geometry": { "type": "LineString", "coordinates": [ [ 29.5978281, 60.2540708 ], [ 29.5982634, 60.2539863 ], [ 29.5984063, 60.2539648 ], [ 29.5985867, 60.2539442 ], [ 29.5988747, 60.2539228 ] ] } },
{ "type": "Feature", "properties": { "u": 506726738, "v": 1875508682, "key": 0, "osmid": "157587967", "lanes": "2", "ref": null, "name": "Садовый переулок", "highway": "residential", "maxspeed": null, "oneway": false, "reversed": "1", "length": 27.046, "bridge": null, "width": null, "access": null, "service": null }, "geometry": { "type": "LineString", "coordinates": [ [ 29.5978281, 60.2540708 ], [ 29.5978532, 60.2541084 ], [ 29.5978659, 60.2541274 ], [ 29.5979202, 60.2542088 ], [ 29.5979822, 60.2543017 ] ] } },
{ "type": "Feature", "properties": { "u": 506727211, "v": 98154687, "key": 0, "osmid": "157607178", "lanes": "1", "ref": null, "name": "Луговая улица", "highway": "residential", "maxspeed": null, "oneway": false, "reversed": "0", "length": 157.46, "bridge": null, "width": null, "access": null, "service": null }, "geometry": { "type": "LineString", "coordinates": [ [ 29.6095217, 60.2521323 ], [ 29.6097557, 60.2535436 ] ] } },
{ "type": "Feature", "properties": { "u": 506727211, "v": 1698563885, "key": 0, "osmid": "157607178", "lanes": "1", "ref": null, "name": "Луговая улица", "highway": "residential", "maxspeed": null, "oneway": false, "reversed": "1", "length": 156.305, "bridge": null, "width": null, "access": null, "service": null }, "geometry": { "type": "LineString", "coordinates": [ [ 29.6095217, 60.2521323 ], [ 29.6092318, 60.250734 ] ] } },
{ "type": "Feature", "properties": { "u": 506727211, "v": 503590513, "key": 0, "osmid": "157607181", "lanes": "2", "ref": null, "name": "улица Пушкина", "highway": "residential", "maxspeed": null, "oneway": false, "reversed": "0", "length": 83.106, "bridge": null, "width": null, "access": null, "service": null }, "geometry": { "type": "LineString", "coordinates": [ [ 29.6095217, 60.2521323 ], [ 29.6110254, 60.2520886 ] ] } },
{ "type": "Feature", "properties": { "u": 506727211, "v": 690988225, "key": 0, "osmid": "157607181", "lanes": "2", "ref": null, "name": "улица Пушкина", "highway": "residential", "maxspeed": null, "oneway": false, "reversed": "1", "length": 101.961, "bridge": null, "width": null, "access": null, "service": null }, "geometry": { "type": "LineString", "coordinates": [ [ 29.6095217, 60.2521323 ], [ 29.6076782, 60.2521964 ] ] } },
{ "type": "Feature", "properties": { "u": 506728169, "v": 498366416, "key": 0, "osmid": "54905210", "lanes": "1", "ref": null, "name": "улица Короленко", "highway": "residential", "maxspeed": null, "oneway": false, "reversed": "1", "length": 89.316, "bridge": null, "width": null, "access": null, "service": null }, "geometry": { "type": "LineString", "coordinates": [ [ 29.6122495, 60.2503261 ], [ 29.6134222, 60.2508798 ] ] } },
{ "type": "Feature", "properties": { "u": 506728169, "v": 506728203, "key": 0, "osmid": "41428989", "lanes": null, "ref": null, "name": "Короткая улица", "highway": "residential", "maxspeed": null, "oneway": false, "reversed": "1", "length": 154.248, "bridge": null, "width": null, "access": null, "service": null }, "geometry": { "type": "LineString", "coordinates": [ [ 29.6122495, 60.2503261 ], [ 29.6114348, 60.2508015 ], [ 29.6107827, 60.2511436 ], [ 29.6103422, 60.2513376 ] ] } },
{ "type": "Feature", "properties": { "u": 506728169, "v": 498366189, "key": 0, "osmid": "54905210", "lanes": "1", "ref": null, "name": "улица Короленко", "highway": "residential", "maxspeed": null, "oneway": false, "reversed": "0", "length": 167.224, "bridge": null, "width": null, "access": null, "service": null }, "geometry": { "type": "LineString", "coordinates": [ [ 29.6122495, 60.2503261 ], [ 29.611145, 60.2498904 ], [ 29.6105706, 60.2496207 ], [ 29.6100265, 60.2493104 ] ] } },
{ "type": "Feature", "properties": { "u": 506728186, "v": 506728203, "key": 0, "osmid": "40924881", "lanes": "2", "ref": null, "name": "Нагорная улица", "highway": "residential", "maxspeed": null, "oneway": false, "reversed": "0", "length": 83.001, "bridge": null, "width": null, "access": null, "service": null }, "geometry": { "type": "LineString", "coordinates": [ [ 29.609674, 60.2506702 ], [ 29.6098927, 60.2509354 ], [ 29.6103422, 60.2513376 ] ] } },
{ "type": "Feature", "properties": { "u": 506728203, "v": 503590513, "key": 0, "osmid": "40924881", "lanes": "2", "ref": null, "name": "Нагорная улица", "highway": "residential", "maxspeed": null, "oneway": false, "reversed": "0", "length": 91.661, "bridge": null, "width": null, "access": null, "service": null }, "geometry": { "type": "LineString", "coordinates": [ [ 29.6103422, 60.2513376 ], [ 29.6107624, 60.2517705 ], [ 29.6110254, 60.2520886 ] ] } },
{ "type": "Feature", "properties": { "u": 506728203, "v": 506728186, "key": 0, "osmid": "40924881", "lanes": "2", "ref": null, "name": "Нагорная улица", "highway": "residential", "maxspeed": null, "oneway": false, "reversed": "1", "length": 83.001, "bridge": null, "width": null, "access": null, "service": null }, "geometry": { "type": "LineString", "coordinates": [ [ 29.6103422, 60.2513376 ], [ 29.6098927, 60.2509354 ], [ 29.609674, 60.2506702 ] ] } },
{ "type": "Feature", "properties": { "u": 506728203, "v": 506728169, "key": 0, "osmid": "41428989", "lanes": null, "ref": null, "name": "Короткая улица", "highway": "residential", "maxspeed": null, "oneway": false, "reversed": "0", "length": 154.248, "bridge": null, "width": null, "access": null, "service": null }, "geometry": { "type": "LineString", "coordinates": [ [ 29.6103422, 60.2513376 ], [ 29.6107827, 60.2511436 ], [ 29.6114348, 60.2508015 ], [ 29.6122495, 60.2503261 ] ] } },
{ "type": "Feature", "properties": { "u": 506728976, "v": 506728989, "key": 0, "osmid": "41429067", "lanes": "1", "ref": null, "name": "улица Тургенева", "highway": "residential", "maxspeed": null, "oneway": false, "reversed": "0", "length": 196.727, "bridge": null, "width": null, "access": null, "service": null }, "geometry": { "type": "LineString", "coordinates": [ [ 29.6203127, 60.2509658 ], [ 29.6174373, 60.2499197 ] ] } },
{ "type": "Feature", "properties": { "u": 506728976, "v": 500840359, "key": 0, "osmid": "41429067", "lanes": "1", "ref": null, "name": "улица Тургенева", "highway": "residential", "maxspeed": null, "oneway": false, "reversed": "1", "length": 221.697, "bridge": null, "width": null, "access": null, "service": null }, "geometry": { "type": "LineString", "coordinates": [ [ 29.6203127, 60.2509658 ], [ 29.6204471, 60.2509758 ], [ 29.6235893, 60.2521071 ] ] } },
{ "type": "Feature", "properties": { "u": 506728976, "v": 500841122, "key": 0, "osmid": "164428730", "lanes": "2", "ref": null, "name": "Социалистическая улица", "highway": "tertiary", "maxspeed": "RU:urban", "oneway": false, "reversed": "0", "length": 88.877, "bridge": null, "width": null, "access": null, "service": null }, "geometry": { "type": "LineString", "coordinates": [ [ 29.6203127, 60.2509658 ], [ 29.6200695, 60.251113 ], [ 29.6196288, 60.251361 ], [ 29.6192239, 60.2515536 ] ] } },
{ "type": "Feature", "properties": { "u": 506728976, "v": 500317978, "key": 0, "osmid": "164428730", "lanes": "2", "ref": null, "name": "Социалистическая улица", "highway": "tertiary", "maxspeed": "RU:urban", "oneway": false, "reversed": "1", "length": 122.177, "bridge": null, "width": null, "access": null, "service": null }, "geometry": { "type": "LineString", "coordinates": [ [ 29.6203127, 60.2509658 ], [ 29.6210479, 60.2504894 ], [ 29.6216751, 60.2500997 ] ] } },
{ "type": "Feature", "properties": { "u": 506728989, "v": 506728976, "key": 0, "osmid": "41429067", "lanes": "1", "ref": null, "name": "улица Тургенева", "highway": "residential", "maxspeed": null, "oneway": false, "reversed": "1", "length": 196.727, "bridge": null, "width": null, "access": null, "service": null }, "geometry": { "type": "LineString", "coordinates": [ [ 29.6174373, 60.2499197 ], [ 29.6203127, 60.2509658 ] ] } },
{ "type": "Feature", "properties": { "u": 506728989, "v": 500317993, "key": 0, "osmid": "128487591", "lanes": "2", "ref": null, "name": "Садовая улица", "highway": "residential", "maxspeed": null, "oneway": false, "reversed": "0", "length": 119.262, "bridge": null, "width": null, "access": null, "service": null }, "geometry": { "type": "LineString", "coordinates": [ [ 29.6174373, 60.2499197 ], [ 29.6189266, 60.2491424 ] ] } },
{ "type": "Feature", "properties": { "u": 506728989, "v": 506729067, "key": 0, "osmid": "41429067", "lanes": "1", "ref": null, "name": "улица Тургенева", "highway": "residential", "maxspeed": null, "oneway": false, "reversed": "0", "length": 179.111, "bridge": null, "width": null, "access": null, "service": null }, "geometry": { "type": "LineString", "coordinates": [ [ 29.6174373, 60.2499197 ], [ 29.6168691, 60.2496515 ], [ 29.6163912, 60.2494259 ], [ 29.6159313, 60.2492126 ], [ 29.6157474, 60.2491544 ], [ 29.6154899, 60.2490437 ], [ 29.6150137, 60.2488514 ] ] } },
{ "type": "Feature", "properties": { "u": 506728989, "v": 478230425, "key": 0, "osmid": "128487591", "lanes": "2", "ref": null, "name": "Садовая улица", "highway": "residential", "maxspeed": null, "oneway": false, "reversed": "1", "length": 116.557, "bridge": null, "width": null, "access": null, "service": null }, "geometry": { "type": "LineString", "coordinates": [ [ 29.6174373, 60.2499197 ], [ 29.6163904, 60.2504841 ], [ 29.616252, 60.2505587 ], [ 29.6160066, 60.2506909 ] ] } },
{ "type": "Feature", "properties": { "u": 506729067, "v": 506728989, "key": 0, "osmid": "41429067", "lanes": "1", "ref": null, "name": "улица Тургенева", "highway": "residential", "maxspeed": null, "oneway": false, "reversed": "1", "length": 179.111, "bridge": null, "width": null, "access": null, "service": null }, "geometry": { "type": "LineString", "coordinates": [ [ 29.6150137, 60.2488514 ], [ 29.6154899, 60.2490437 ], [ 29.6157474, 60.2491544 ], [ 29.6159313, 60.2492126 ], [ 29.6163912, 60.2494259 ], [ 29.6168691, 60.2496515 ], [ 29.6174373, 60.2499197 ] ] } },
{ "type": "Feature", "properties": { "u": 527345777, "v": 298011454, "key": 0, "osmid": "160219223", "lanes": "1", "ref": null, "name": "Кольцевая улица", "highway": "residential", "maxspeed": null, "oneway": false, "reversed": "0", "length": 51.292, "bridge": null, "width": null, "access": null, "service": null }, "geometry": { "type": "LineString", "coordinates": [ [ 29.597902, 60.2512015 ], [ 29.5970281, 60.2513588 ] ] } },
{ "type": "Feature", "properties": { "u": 527345777, "v": 528142036, "key": 0, "osmid": "42277004", "lanes": "1", "ref": null, "name": "улица Огарёва", "highway": "residential", "maxspeed": null, "oneway": false, "reversed": "0", "length": 155.227, "bridge": null, "width": null, "access": null, "service": null }, "geometry": { "type": "LineString", "coordinates": [ [ 29.597902, 60.2512015 ], [ 29.5975851, 60.2506951 ], [ 29.5973551, 60.2501899 ], [ 29.5972762, 60.2498443 ] ] } },
{ "type": "Feature", "properties": { "u": 527345777, "v": 528141903, "key": 0, "osmid": "160219223", "lanes": "1", "ref": null, "name": "Кольцевая улица", "highway": "residential", "maxspeed": null, "oneway": false, "reversed": "1", "length": 90.469, "bridge": null, "width": null, "access": null, "service": null }, "geometry": { "type": "LineString", "coordinates": [ [ 29.597902, 60.2512015 ], [ 29.5984153, 60.251112 ], [ 29.5994589, 60.2509465 ] ] } },
{ "type": "Feature", "properties": { "u": 527345778, "v": 527346507, "key": 0, "osmid": "54905305", "lanes": "2", "ref": null, "name": "Вокзальная улица", "highway": "tertiary", "maxspeed": "60", "oneway": false, "reversed": "0", "length": 78.398, "bridge": null, "width": null, "access": null, "service": null }, "geometry": { "type": "LineString", "coordinates": [ [ 29.5962067, 60.2466303 ], [ 29.5976274, 60.2466285 ] ] } },
{ "type": "Feature", "properties": { "u": 527345778, "v": 527345788, "key": 0, "osmid": "42277004", "lanes": "1", "ref": null, "name": "улица Огарёва", "highway": "residential", "maxspeed": null, "oneway": false, "reversed": "1", "length": 253.298, "bridge": null, "width": null, "access": null, "service": null }, "geometry": { "type": "LineString", "coordinates": [ [ 29.5962067, 60.2466303 ], [ 29.59606, 60.2473398 ], [ 29.596079, 60.2478131 ], [ 29.5962995, 60.2484147 ], [ 29.5966851, 60.2487375 ], [ 29.59688, 60.2487774 ] ] } },
{ "type": "Feature", "properties": { "u": 527345778, "v": 528142784, "key": 0, "osmid": "54905305", "lanes": "2", "ref": null, "name": "Вокзальная улица", "highway": "tertiary", "maxspeed": "60", "oneway": false, "reversed": "1", "length": 100.82, "bridge": null, "width": null, "access": null, "service": null }, "geometry": { "type": "LineString", "coordinates": [ [ 29.5962067, 60.2466303 ], [ 29.5949802, 60.246682 ], [ 29.5943843, 60.2466898 ] ] } },
{ "type": "Feature", "properties": { "u": 527345788, "v": 528142036, "key": 0, "osmid": "42277004", "lanes": "1", "ref": null, "name": "улица Огарёва", "highway": "residential", "maxspeed": null, "oneway": false, "reversed": "1", "length": 120.632, "bridge": null, "width": null, "access": null, "service": null }, "geometry": { "type": "LineString", "coordinates": [ [ 29.59688, 60.2487774 ], [ 29.5972762, 60.2498443 ] ] } },
{ "type": "Feature", "properties": { "u": 527345788, "v": 527346515, "key": 0, "osmid": "54905278", "lanes": "1", "ref": null, "name": "улица Радищева", "highway": "residential", "maxspeed": null, "oneway": false, "reversed": "0", "length": 33.042, "bridge": null, "width": null, "access": null, "service": null }, "geometry": { "type": "LineString", "coordinates": [ [ 29.59688, 60.2487774 ], [ 29.5974779, 60.2487609 ] ] } },
{ "type": "Feature", "properties": { "u": 527345788, "v": 527345778, "key": 0, "osmid": "42277004", "lanes": "1", "ref": null, "name": "улица Огарёва", "highway": "residential", "maxspeed": null, "oneway": false, "reversed": "0", "length": 253.298, "bridge": null, "width": null, "access": null, "service": null }, "geometry": { "type": "LineString", "coordinates": [ [ 29.59688, 60.2487774 ], [ 29.5966851, 60.2487375 ], [ 29.5962995, 60.2484147 ], [ 29.596079, 60.2478131 ], [ 29.59606, 60.2473398 ], [ 29.5962067, 60.2466303 ] ] } },
{ "type": "Feature", "properties": { "u": 527346506, "v": 527347123, "key": 0, "lanes": "1", "ref": null, "name": "Малая Вокзальная улица", "highway": "residential", "maxspeed": null, "oneway": false, "reversed": "0", "length": 251.968, "bridge": null, "width": null, "access": null, "service": null }, "geometry": { "type": "LineString", "coordinates": [ [ 29.5838716, 60.2468196 ], [ 29.5832132, 60.2471132 ], [ 29.5829107, 60.2472888 ], [ 29.5825336, 60.2475003 ], [ 29.5819226, 60.2478538 ], [ 29.5825311, 60.2481322 ], [ 29.583199, 60.2484168 ] ] } },
{ "type": "Feature", "properties": { "u": 527346506, "v": 506291516, "key": 0, "osmid": "54905305", "lanes": "2", "ref": null, "name": "Вокзальная улица", "highway": "tertiary", "maxspeed": "60", "oneway": false, "reversed": "0", "length": 130.996, "bridge": null, "width": null, "access": null, "service": null }, "geometry": { "type": "LineString", "coordinates": [ [ 29.5838716, 60.2468196 ], [ 29.5844864, 60.2468953 ], [ 29.5862154, 60.2469942 ] ] } },
{ "type": "Feature", "properties": { "u": 527346506, "v": 298011427, "key": 0, "osmid": "54905305", "lanes": "2", "ref": null, "name": "Вокзальная улица", "highway": "tertiary", "maxspeed": "60", "oneway": false, "reversed": "1", "length": 234.65, "bridge": null, "width": null, "access": null, "service": null }, "geometry": { "type": "LineString", "coordinates": [ [ 29.5838716, 60.2468196 ], [ 29.5830842, 60.2467361 ], [ 29.5820431, 60.2466206 ], [ 29.5800126, 60.2463954 ], [ 29.5798783, 60.2463805 ], [ 29.5797478, 60.2463328 ] ] } },
{ "type": "Feature", "properties": { "u": 527346507, "v": 527346515, "key": 0, "osmid": "42277163", "lanes": "1", "ref": null, "name": "улица Герцена", "highway": "residential", "maxspeed": null, "oneway": false, "reversed": "0", "length": 237.256, "bridge": null, "width": null, "access": null, "service": null }, "geometry": { "type": "LineString", "coordinates": [ [ 29.5976274, 60.2466285 ], [ 29.5974779, 60.2487609 ] ] } },
{ "type": "Feature", "properties": { "u": 527346507, "v": 506291545, "key": 0, "osmid": "42277163", "lanes": "1", "ref": null, "name": "улица Герцена", "highway": "residential", "maxspeed": null, "oneway": false, "reversed": "1", "length": 100.236, "bridge": null, "width": null, "access": null, "service": null }, "geometry": { "type": "LineString", "coordinates": [ [ 29.5976274, 60.2466285 ], [ 29.5976103, 60.2457271 ] ] } },
{ "type": "Feature", "properties": { "u": 527346507, "v": 527346508, "key": 0, "osmid": "54905305", "lanes": "2", "ref": null, "name": "Вокзальная улица", "highway": "tertiary", "maxspeed": "60", "oneway": false, "reversed": "0", "length": 94.457, "bridge": null, "width": null, "access": null, "service": null }, "geometry": { "type": "LineString", "coordinates": [ [ 29.5976274, 60.2466285 ], [ 29.5993386, 60.2466074 ] ] } },
{ "type": "Feature", "properties": { "u": 527346507, "v": 527345778, "key": 0, "osmid": "54905305", "lanes": "2", "ref": null, "name": "Вокзальная улица", "highway": "tertiary", "maxspeed": "60", "oneway": false, "reversed": "1", "length": 78.398, "bridge": null, "width": null, "access": null, "service": null }, "geometry": { "type": "LineString", "coordinates": [ [ 29.5976274, 60.2466285 ], [ 29.5962067, 60.2466303 ] ] } },
{ "type": "Feature", "properties": { "u": 527346508, "v": 527346519, "key": 0, "osmid": "42277164", "lanes": "1", "ref": null, "name": "улица Рылеева", "highway": "residential", "maxspeed": null, "oneway": false, "reversed": "0", "length": 238.831, "bridge": null, "width": null, "access": null, "service": null }, "geometry": { "type": "LineString", "coordinates": [ [ 29.5993386, 60.2466074 ], [ 29.5992597, 60.2487549 ] ] } },
{ "type": "Feature", "properties": { "u": 527346508, "v": 527346507, "key": 0, "osmid": "54905305", "lanes": "2", "ref": null, "name": "Вокзальная улица", "highway": "tertiary", "maxspeed": "60", "oneway": false, "reversed": "1", "length": 94.457, "bridge": null, "width": null, "access": null, "service": null }, "geometry": { "type": "LineString", "coordinates": [ [ 29.5993386, 60.2466074 ], [ 29.5976274, 60.2466285 ] ] } },
{ "type": "Feature", "properties": { "u": 527346508, "v": 298011435, "key": 0, "osmid": "54905305", "lanes": "2", "ref": null, "name": "Вокзальная улица", "highway": "tertiary", "maxspeed": "60", "oneway": false, "reversed": "0", "length": 114.086, "bridge": null, "width": null, "access": null, "service": null }, "geometry": { "type": "LineString", "coordinates": [ [ 29.5993386, 60.2466074 ], [ 29.6002615, 60.2466155 ], [ 29.6009149, 60.2466255 ], [ 29.601405, 60.2466374 ] ] } },
{ "type": "Feature", "properties": { "u": 527346515, "v": 527346507, "key": 0, "osmid": "42277163", "lanes": "1", "ref": null, "name": "улица Герцена", "highway": "residential", "maxspeed": null, "oneway": false, "reversed": "1", "length": 237.256, "bridge": null, "width": null, "access": null, "service": null }, "geometry": { "type": "LineString", "coordinates": [ [ 29.5974779, 60.2487609 ], [ 29.5976274, 60.2466285 ] ] } },
{ "type": "Feature", "properties": { "u": 527346515, "v": 528141777, "key": 0, "osmid": "54905278", "lanes": "1", "ref": null, "name": "улица Радищева", "highway": "residential", "maxspeed": null, "oneway": false, "reversed": "0", "length": 67.191, "bridge": null, "width": null, "access": null, "service": null }, "geometry": { "type": "LineString", "coordinates": [ [ 29.5974779, 60.2487609 ], [ 29.5986956, 60.2487605 ] ] } },
{ "type": "Feature", "properties": { "u": 527346515, "v": 527345788, "key": 0, "osmid": "54905278", "lanes": "1", "ref": null, "name": "улица Радищева", "highway": "residential", "maxspeed": null, "oneway": false, "reversed": "1", "length": 33.042, "bridge": null, "width": null, "access": null, "service": null }, "geometry": { "type": "LineString", "coordinates": [ [ 29.5974779, 60.2487609 ], [ 29.59688, 60.2487774 ] ] } },
{ "type": "Feature", "properties": { "u": 527346519, "v": 527346508, "key": 0, "osmid": "42277164", "lanes": "1", "ref": null, "name": "улица Рылеева", "highway": "residential", "maxspeed": null, "oneway": false, "reversed": "1", "length": 238.831, "bridge": null, "width": null, "access": null, "service": null }, "geometry": { "type": "LineString", "coordinates": [ [ 29.5992597, 60.2487549 ], [ 29.5993386, 60.2466074 ] ] } },
{ "type": "Feature", "properties": { "u": 527346519, "v": 528141776, "key": 0, "osmid": "54905278", "lanes": "1", "ref": null, "name": "улица Радищева", "highway": "residential", "maxspeed": null, "oneway": false, "reversed": "0", "length": 123.355, "bridge": null, "width": null, "access": null, "service": null }, "geometry": { "type": "LineString", "coordinates": [ [ 29.5992597, 60.2487549 ], [ 29.6014942, 60.248721 ] ] } },
{ "type": "Feature", "properties": { "u": 527346519, "v": 528141777, "key": 0, "osmid": "54905278", "lanes": "1", "ref": null, "name": "улица Радищева", "highway": "residential", "maxspeed": null, "oneway": false, "reversed": "1", "length": 31.133, "bridge": null, "width": null, "access": null, "service": null }, "geometry": { "type": "LineString", "coordinates": [ [ 29.5992597, 60.2487549 ], [ 29.5986956, 60.2487605 ] ] } },
{ "type": "Feature", "properties": { "u": 527347028, "v": 527347031, "key": 0, "osmid": "166129594", "lanes": "1", "ref": null, "name": "Карельская улица", "highway": "residential", "maxspeed": null, "oneway": false, "reversed": "1", "length": 43.777, "bridge": null, "width": "4", "access": null, "service": null }, "geometry": { "type": "LineString", "coordinates": [ [ 29.597577, 60.2448373 ], [ 29.5968873, 60.2446428 ] ] } },
{ "type": "Feature", "properties": { "u": 527347028, "v": 506291547, "key": 0, "osmid": "160081245", "lanes": null, "ref": null, "name": "Еловая улица", "highway": "residential", "maxspeed": null, "oneway": false, "reversed": "0", "length": 118.408, "bridge": null, "width": null, "access": null, "service": null }, "geometry": { "type": "LineString", "coordinates": [ [ 29.597577, 60.2448373 ], [ 29.5981821, 60.2450175 ], [ 29.5988344, 60.2453071 ], [ 29.5992464, 60.2454988 ] ] } },
{ "type": "Feature", "properties": { "u": 527347028, "v": 1452328806, "key": 0, "osmid": "201390217", "lanes": null, "ref": null, "name": "Еловая улица", "highway": "residential", "maxspeed": null, "oneway": false, "reversed": "1", "length": 50.492, "bridge": null, "width": null, "access": null, "service": null }, "geometry": { "type": "LineString", "coordinates": [ [ 29.597577, 60.2448373 ], [ 29.597338, 60.2448894 ], [ 29.5966852, 60.2449082 ] ] } },
{ "type": "Feature", "properties": { "u": 527347031, "v": 1452328806, "key": 0, "osmid": "131995271", "lanes": null, "ref": null, "name": null, "highway": "residential", "maxspeed": null, "oneway": false, "reversed": "0", "length": 31.548, "bridge": null, "width": null, "access": null, "service": null }, "geometry": { "type": "LineString", "coordinates": [ [ 29.5968873, 60.2446428 ], [ 29.5966852, 60.2449082 ] ] } },
{ "type": "Feature", "properties": { "u": 527347031, "v": 527347028, "key": 0, "osmid": "166129594", "lanes": "1", "ref": null, "name": "Карельская улица", "highway": "residential", "maxspeed": null, "oneway": false, "reversed": "0", "length": 43.777, "bridge": null, "width": "4", "access": null, "service": null }, "geometry": { "type": "LineString", "coordinates": [ [ 29.5968873, 60.2446428 ], [ 29.597577, 60.2448373 ] ] } },
{ "type": "Feature", "properties": { "u": 527347031, "v": 956009865, "key": 0, "osmid": "166129594", "lanes": "1", "ref": null, "name": "Карельская улица", "highway": "residential", "maxspeed": null, "oneway": false, "reversed": "1", "length": 211.172, "bridge": null, "width": "4", "access": null, "service": null }, "geometry": { "type": "LineString", "coordinates": [ [ 29.5968873, 60.2446428 ], [ 29.5953258, 60.2441505 ], [ 29.5949468, 60.2440007 ], [ 29.5937615, 60.2435509 ] ] } },
{ "type": "Feature", "properties": { "u": 527347123, "v": 1779024998, "key": 0, "osmid": "42277241", "lanes": "1", "ref": null, "name": "Малая Вокзальная улица", "highway": "residential", "maxspeed": null, "oneway": false, "reversed": "0", "length": 95.365, "bridge": null, "width": null, "access": null, "service": null }, "geometry": { "type": "LineString", "coordinates": [ [ 29.583199, 60.2484168 ], [ 29.584519, 60.2489704 ] ] } },
{ "type": "Feature", "properties": { "u": 527347123, "v": 527346506, "key": 0, "lanes": "1", "ref": null, "name": "Малая Вокзальная улица", "highway": "residential", "maxspeed": null, "oneway": false, "reversed": "1", "length": 251.968, "bridge": null, "width": null, "access": null, "service": null }, "geometry": { "type": "LineString", "coordinates": [ [ 29.583199, 60.2484168 ], [ 29.5825311, 60.2481322 ], [ 29.5819226, 60.2478538 ], [ 29.5825336, 60.2475003 ], [ 29.5829107, 60.2472888 ], [ 29.5832132, 60.2471132 ], [ 29.5838716, 60.2468196 ] ] } },
{ "type": "Feature", "properties": { "u": 527347123, "v": 506291516, "key": 0, "osmid": "72280675", "lanes": "1", "ref": null, "name": "Малая Вокзальная улица", "highway": "residential", "maxspeed": null, "oneway": false, "reversed": "1", "length": 233.661, "bridge": null, "width": null, "access": null, "service": null }, "geometry": { "type": "LineString", "coordinates": [ [ 29.583199, 60.2484168 ], [ 29.5839983, 60.2480262 ], [ 29.5848192, 60.2476164 ], [ 29.5849285, 60.2475634 ], [ 29.5850475, 60.2475326 ], [ 29.5855387, 60.2474022 ], [ 29.5857867, 60.2473148 ], [ 29.5859795, 60.247216 ], [ 29.5860708, 60.247142 ], [ 29.586094, 60.2470574 ], [ 29.5862154, 60.2469942 ] ] } },
{ "type": "Feature", "properties": { "u": 528141776, "v": 527346519, "key": 0, "osmid": "54905278", "lanes": "1", "ref": null, "name": "улица Радищева", "highway": "residential", "maxspeed": null, "oneway": false, "reversed": "1", "length": 123.355, "bridge": null, "width": null, "access": null, "service": null }, "geometry": { "type": "LineString", "coordinates": [ [ 29.6014942, 60.248721 ], [ 29.5992597, 60.2487549 ] ] } },
{ "type": "Feature", "properties": { "u": 528141776, "v": 528141781, "key": 0, "osmid": "54905278", "lanes": "1", "ref": null, "name": "улица Радищева", "highway": "residential", "maxspeed": null, "oneway": false, "reversed": "0", "length": 93.271, "bridge": null, "width": null, "access": null, "service": null }, "geometry": { "type": "LineString", "coordinates": [ [ 29.6014942, 60.248721 ], [ 29.6022982, 60.2486979 ], [ 29.6031821, 60.2487197 ] ] } },
{ "type": "Feature", "properties": { "u": 528141776, "v": 298011450, "key": 0, "osmid": "183990367", "lanes": "2", "ref": null, "name": "улица Шалавина", "highway": "tertiary", "maxspeed": "60", "oneway": false, "reversed": "0", "length": 246.746, "bridge": null, "width": null, "access": null, "service": null }, "geometry": { "type": "LineString", "coordinates": [ [ 29.6014942, 60.248721 ], [ 29.6014669, 60.2488835 ], [ 29.6014126, 60.2489717 ], [ 29.6010994, 60.2493049 ], [ 29.6007709, 60.2496318 ], [ 29.6003452, 60.2501095 ], [ 29.6001205, 60.2504627 ], [ 29.6001031, 60.2506655 ], [ 29.6001833, 60.2507946 ] ] } },
{ "type": "Feature", "properties": { "u": 528141776, "v": 1835391266, "key": 0, "osmid": "183990367", "lanes": "2", "ref": null, "name": "улица Шалавина", "highway": "tertiary", "maxspeed": "60", "oneway": false, "reversed": "1", "length": 221.492, "bridge": null, "width": null, "access": null, "service": null }, "geometry": { "type": "LineString", "coordinates": [ [ 29.6014942, 60.248721 ], [ 29.6012633, 60.247486 ], [ 29.6014334, 60.2470861 ], [ 29.6016676, 60.2467635 ] ] } },
{ "type": "Feature", "properties": { "u": 528141777, "v": 528141904, "key": 0, "osmid": "42320300", "lanes": "1", "ref": null, "name": "улица Чернышевского", "highway": "residential", "maxspeed": null, "oneway": false, "reversed": "0", "length": 119.275, "bridge": null, "width": null, "access": null, "service": null }, "geometry": { "type": "LineString", "coordinates": [ [ 29.5986956, 60.2487605 ], [ 29.5986712, 60.2498331 ] ] } },
{ "type": "Feature", "properties": { "u": 528141777, "v": 527346519, "key": 0, "osmid": "54905278", "lanes": "1", "ref": null, "name": "улица Радищева", "highway": "residential", "maxspeed": null, "oneway": false, "reversed": "0", "length": 31.133, "bridge": null, "width": null, "access": null, "service": null }, "geometry": { "type": "LineString", "coordinates": [ [ 29.5986956, 60.2487605 ], [ 29.5992597, 60.2487549 ] ] } },
{ "type": "Feature", "properties": { "u": 528141777, "v": 527346515, "key": 0, "osmid": "54905278", "lanes": "1", "ref": null, "name": "улица Радищева", "highway": "residential", "maxspeed": null, "oneway": false, "reversed": "1", "length": 67.191, "bridge": null, "width": null, "access": null, "service": null }, "geometry": { "type": "LineString", "coordinates": [ [ 29.5986956, 60.2487605 ], [ 29.5974779, 60.2487609 ] ] } },
{ "type": "Feature", "properties": { "u": 528141781, "v": 528142620, "key": 0, "osmid": "42320373", "lanes": null, "ref": null, "name": "Крайняя улица", "highway": "residential", "maxspeed": null, "oneway": false, "reversed": "0", "length": 124.298, "bridge": null, "width": null, "access": null, "service": null }, "geometry": { "type": "LineString", "coordinates": [ [ 29.6031821, 60.2487197 ], [ 29.6030852, 60.2476029 ] ] } },
{ "type": "Feature", "properties": { "u": 528141781, "v": 528142600, "key": 0, "osmid": "42320373", "lanes": null, "ref": null, "name": "Крайняя улица", "highway": "residential", "maxspeed": null, "oneway": false, "reversed": "1", "length": 406.988, "bridge": null, "width": null, "access": null, "service": null }, "geometry": { "type": "LineString", "coordinates": [ [ 29.6031821, 60.2487197 ], [ 29.6030448, 60.2492305 ], [ 29.602074, 60.2502025 ], [ 29.6019247, 60.2504194 ], [ 29.6018913, 60.2505283 ], [ 29.6019189, 60.250606 ], [ 29.6021215, 60.2507228 ], [ 29.6026102, 60.2509861 ], [ 29.604366, 60.2517052 ] ] } },
{ "type": "Feature", "properties": { "u": 528141781, "v": 4692616393, "key": 0, "osmid": "54905278", "lanes": "1", "ref": null, "name": "улица Радищева", "highway": "residential", "maxspeed": null, "oneway": false, "reversed": "0", "length": 135.561, "bridge": null, "width": null, "access": null, "service": null }, "geometry": { "type": "LineString", "coordinates": [ [ 29.6031821, 60.2487197 ], [ 29.6047781, 60.2488487 ], [ 29.6049258, 60.2488597 ], [ 29.6048855, 60.2485177 ] ] } },
{ "type": "Feature", "properties": { "u": 528141781, "v": 528141776, "key": 0, "osmid": "54905278", "lanes": "1", "ref": null, "name": "улица Радищева", "highway": "residential", "maxspeed": null, "oneway": false, "reversed": "1", "length": 93.271, "bridge": null, "width": null, "access": null, "service": null }, "geometry": { "type": "LineString", "coordinates": [ [ 29.6031821, 60.2487197 ], [ 29.6022982, 60.2486979 ], [ 29.6014942, 60.248721 ] ] } },
{ "type": "Feature", "properties": { "u": 528141903, "v": 298011450, "key": 0, "osmid": "160219223", "lanes": "1", "ref": null, "name": "Кольцевая улица", "highway": "residential", "maxspeed": null, "oneway": false, "reversed": "1", "length": 43.391, "bridge": null, "width": null, "access": null, "service": null }, "geometry": { "type": "LineString", "coordinates": [ [ 29.5994589, 60.2509465 ], [ 29.6001833, 60.2507946 ] ] } },
{ "type": "Feature", "properties": { "u": 528141903, "v": 528141904, "key": 0, "osmid": "42320300", "lanes": "1", "ref": null, "name": "улица Чернышевского", "highway": "residential", "maxspeed": null, "oneway": false, "reversed": "1", "length": 132.41, "bridge": null, "width": null, "access": null, "service": null }, "geometry": { "type": "LineString", "coordinates": [ [ 29.5994589, 60.2509465 ], [ 29.5991545, 60.2507143 ], [ 29.5989747, 60.2504422 ], [ 29.5986712, 60.2498331 ] ] } },
{ "type": "Feature", "properties": { "u": 528141903, "v": 527345777, "key": 0, "osmid": "160219223", "lanes": "1", "ref": null, "name": "Кольцевая улица", "highway": "residential", "maxspeed": null, "oneway": false, "reversed": "0", "length": 90.469, "bridge": null, "width": null, "access": null, "service": null }, "geometry": { "type": "LineString", "coordinates": [ [ 29.5994589, 60.2509465 ], [ 29.5984153, 60.251112 ], [ 29.597902, 60.2512015 ] ] } },
{ "type": "Feature", "properties": { "u": 528141904, "v": 528141777, "key": 0, "osmid": "42320300", "lanes": "1", "ref": null, "name": "улица Чернышевского", "highway": "residential", "maxspeed": null, "oneway": false, "reversed": "1", "length": 119.275, "bridge": null, "width": null, "access": null, "service": null }, "geometry": { "type": "LineString", "coordinates": [ [ 29.5986712, 60.2498331 ], [ 29.5986956, 60.2487605 ] ] } },
{ "type": "Feature", "properties": { "u": 528141904, "v": 528142036, "key": 0, "osmid": "42320323", "lanes": "1", "ref": null, "name": "улица Белинского", "highway": "residential", "maxspeed": null, "oneway": false, "reversed": "1", "length": 76.982, "bridge": null, "width": null, "access": null, "service": null }, "geometry": { "type": "LineString", "coordinates": [ [ 29.5986712, 60.2498331 ], [ 29.5972762, 60.2498443 ] ] } },
{ "type": "Feature", "properties": { "u": 528141904, "v": 528141903, "key": 0, "osmid": "42320300", "lanes": "1", "ref": null, "name": "улица Чернышевского", "highway": "residential", "maxspeed": null, "oneway": false, "reversed": "0", "length": 132.41, "bridge": null, "width": null, "access": null, "service": null }, "geometry": { "type": "LineString", "coordinates": [ [ 29.5986712, 60.2498331 ], [ 29.5989747, 60.2504422 ], [ 29.5991545, 60.2507143 ], [ 29.5994589, 60.2509465 ] ] } },
{ "type": "Feature", "properties": { "u": 528142036, "v": 527345788, "key": 0, "osmid": "42277004", "lanes": "1", "ref": null, "name": "улица Огарёва", "highway": "residential", "maxspeed": null, "oneway": false, "reversed": "0", "length": 120.632, "bridge": null, "width": null, "access": null, "service": null }, "geometry": { "type": "LineString", "coordinates": [ [ 29.5972762, 60.2498443 ], [ 29.59688, 60.2487774 ] ] } },
{ "type": "Feature", "properties": { "u": 528142036, "v": 528141904, "key": 0, "osmid": "42320323", "lanes": "1", "ref": null, "name": "улица Белинского", "highway": "residential", "maxspeed": null, "oneway": false, "reversed": "0", "length": 76.982, "bridge": null, "width": null, "access": null, "service": null }, "geometry": { "type": "LineString", "coordinates": [ [ 29.5972762, 60.2498443 ], [ 29.5986712, 60.2498331 ] ] } },
{ "type": "Feature", "properties": { "u": 528142036, "v": 527345777, "key": 0, "osmid": "42277004", "lanes": "1", "ref": null, "name": "улица Огарёва", "highway": "residential", "maxspeed": null, "oneway": false, "reversed": "1", "length": 155.227, "bridge": null, "width": null, "access": null, "service": null }, "geometry": { "type": "LineString", "coordinates": [ [ 29.5972762, 60.2498443 ], [ 29.5973551, 60.2501899 ], [ 29.5975851, 60.2506951 ], [ 29.597902, 60.2512015 ] ] } },
{ "type": "Feature", "properties": { "u": 528142600, "v": 503590343, "key": 0, "osmid": "126547072", "lanes": "1", "ref": null, "name": "улица Верхнее Рощино", "highway": "tertiary", "maxspeed": "RU:urban", "oneway": false, "reversed": "0", "length": 30.254, "bridge": null, "width": null, "access": null, "service": null }, "geometry": { "type": "LineString", "coordinates": [ [ 29.604366, 60.2517052 ], [ 29.6039861, 60.2519014 ] ] } },
{ "type": "Feature", "properties": { "u": 528142600, "v": 4692616389, "key": 0, "osmid": "126547072", "lanes": "1", "ref": null, "name": "улица Верхнее Рощино", "highway": "tertiary", "maxspeed": "RU:urban", "oneway": false, "reversed": "1", "length": 104.738, "bridge": null, "width": null, "access": null, "service": null }, "geometry": { "type": "LineString", "coordinates": [ [ 29.604366, 60.2517052 ], [ 29.6056283, 60.2510017 ] ] } },
{ "type": "Feature", "properties": { "u": 528142600, "v": 528141781, "key": 0, "osmid": "42320373", "lanes": null, "ref": null, "name": "Крайняя улица", "highway": "residential", "maxspeed": null, "oneway": false, "reversed": "0", "length": 406.988, "bridge": null, "width": null, "access": null, "service": null }, "geometry": { "type": "LineString", "coordinates": [ [ 29.604366, 60.2517052 ], [ 29.6026102, 60.2509861 ], [ 29.6021215, 60.2507228 ], [ 29.6019189, 60.250606 ], [ 29.6018913, 60.2505283 ], [ 29.6019247, 60.2504194 ], [ 29.602074, 60.2502025 ], [ 29.6030448, 60.2492305 ], [ 29.6031821, 60.2487197 ] ] } },
{ "type": "Feature", "properties": { "u": 528142620, "v": 528141781, "key": 0, "osmid": "42320373", "lanes": null, "ref": null, "name": "Крайняя улица", "highway": "residential", "maxspeed": null, "oneway": false, "reversed": "1", "length": 124.298, "bridge": null, "width": null, "access": null, "service": null }, "geometry": { "type": "LineString", "coordinates": [ [ 29.6030852, 60.2476029 ], [ 29.6031821, 60.2487197 ] ] } },
{ "type": "Feature", "properties": { "u": 528142784, "v": 528142823, "key": 0, "osmid": "42320416", "lanes": "1", "ref": null, "name": "улица Льва Толстого", "highway": "residential", "maxspeed": null, "oneway": false, "reversed": "0", "length": 89.831, "bridge": null, "width": "4", "access": null, "service": null }, "geometry": { "type": "LineString", "coordinates": [ [ 29.5943843, 60.2466898 ], [ 29.5945349, 60.2474942 ] ] } },
{ "type": "Feature", "properties": { "u": 528142784, "v": 528144759, "key": 0, "osmid": "54905305", "lanes": "2", "ref": null, "name": "Вокзальная улица", "highway": "tertiary", "maxspeed": "60", "oneway": false, "reversed": "1", "length": 194.592, "bridge": null, "width": null, "access": null, "service": null }, "geometry": { "type": "LineString", "coordinates": [ [ 29.5943843, 60.2466898 ], [ 29.5908798, 60.2468843 ] ] } },
{ "type": "Feature", "properties": { "u": 528142784, "v": 506291543, "key": 0, "osmid": "82084874", "lanes": "1", "ref": null, "name": "переулок Достоевского", "highway": "residential", "maxspeed": null, "oneway": false, "reversed": "1", "length": 99.307, "bridge": null, "width": null, "access": null, "service": null }, "geometry": { "type": "LineString", "coordinates": [ [ 29.5943843, 60.2466898 ], [ 29.594088, 60.2458089 ] ] } },
{ "type": "Feature", "properties": { "u": 528142784, "v": 527345778, "key": 0, "osmid": "54905305", "lanes": "2", "ref": null, "name": "Вокзальная улица", "highway": "tertiary", "maxspeed": "60", "oneway": false, "reversed": "0", "length": 100.82, "bridge": null, "width": null, "access": null, "service": null }, "geometry": { "type": "LineString", "coordinates": [ [ 29.5943843, 60.2466898 ], [ 29.5949802, 60.246682 ], [ 29.5962067, 60.2466303 ] ] } },
{ "type": "Feature", "properties": { "u": 528142823, "v": 528142784, "key": 0, "osmid": "42320416", "lanes": "1", "ref": null, "name": "улица Льва Толстого", "highway": "residential", "maxspeed": null, "oneway": false, "reversed": "1", "length": 89.831, "bridge": null, "width": "4", "access": null, "service": null }, "geometry": { "type": "LineString", "coordinates": [ [ 29.5945349, 60.2474942 ], [ 29.5943843, 60.2466898 ] ] } },
{ "type": "Feature", "properties": { "u": 528142823, "v": 854525528, "key": 0, "lanes": "1", "ref": null, "name": "улица Льва Толстого", "highway": "residential", "maxspeed": null, "oneway": false, "length": 430.799, "bridge": null, "width": "4", "access": null, "service": null }, "geometry": { "type": "LineString", "coordinates": [ [ 29.5945349, 60.2474942 ], [ 29.5946911, 60.2483497 ], [ 29.5948414, 60.2488827 ], [ 29.5949716, 60.2497004 ], [ 29.5950406, 60.2506037 ], [ 29.5952231, 60.2513511 ] ] } },
{ "type": "Feature", "properties": { "u": 528142823, "v": 528144746, "key": 0, "osmid": "42320616", "lanes": "1", "ref": null, "name": "Парковая улица", "highway": "residential", "maxspeed": null, "oneway": false, "reversed": "0", "length": 193.937, "bridge": null, "width": null, "access": null, "service": null }, "geometry": { "type": "LineString", "coordinates": [ [ 29.5945349, 60.2474942 ], [ 29.593261, 60.2476108 ], [ 29.5910707, 60.2477879 ] ] } },
{ "type": "Feature", "properties": { "u": 528144746, "v": 528144759, "key": 0, "osmid": "189649140", "lanes": "2", "ref": null, "name": "Цветочный переулок", "highway": "residential", "maxspeed": "40", "oneway": false, "reversed": "0", "length": 101.027, "bridge": null, "width": null, "access": null, "service": null }, "geometry": { "type": "LineString", "coordinates": [ [ 29.5910707, 60.2477879 ], [ 29.5908798, 60.2468843 ] ] } },
{ "type": "Feature", "properties": { "u": 528144746, "v": 3811120945, "key": 0, "osmid": "189649140", "lanes": "2", "ref": null, "name": "Цветочный переулок", "highway": "residential", "maxspeed": "40", "oneway": false, "reversed": "1", "length": 92.882, "bridge": null, "width": null, "access": null, "service": null }, "geometry": { "type": "LineString", "coordinates": [ [ 29.5910707, 60.2477879 ], [ 29.5913443, 60.2486121 ] ] } },
{ "type": "Feature", "properties": { "u": 528144746, "v": 528144753, "key": 0, "osmid": "42320616", "lanes": "1", "ref": null, "name": "Парковая улица", "highway": "residential", "maxspeed": null, "oneway": false, "reversed": "0", "length": 180.56, "bridge": null, "width": null, "access": null, "service": null }, "geometry": { "type": "LineString", "coordinates": [ [ 29.5910707, 60.2477879 ], [ 29.5903404, 60.2478095 ], [ 29.5878008, 60.2478445 ] ] } },
{ "type": "Feature", "properties": { "u": 528144746, "v": 528142823, "key": 0, "osmid": "42320616", "lanes": "1", "ref": null, "name": "Парковая улица", "highway": "residential", "maxspeed": null, "oneway": false, "reversed": "1", "length": 193.937, "bridge": null, "width": null, "access": null, "service": null }, "geometry": { "type": "LineString", "coordinates": [ [ 29.5910707, 60.2477879 ], [ 29.593261, 60.2476108 ], [ 29.5945349, 60.2474942 ] ] } },
{ "type": "Feature", "properties": { "u": 528144753, "v": 528144746, "key": 0, "osmid": "42320616", "lanes": "1", "ref": null, "name": "Парковая улица", "highway": "residential", "maxspeed": null, "oneway": false, "reversed": "1", "length": 180.56, "bridge": null, "width": null, "access": null, "service": null }, "geometry": { "type": "LineString", "coordinates": [ [ 29.5878008, 60.2478445 ], [ 29.5903404, 60.2478095 ], [ 29.5910707, 60.2477879 ] ] } },
{ "type": "Feature", "properties": { "u": 528144759, "v": 528142784, "key": 0, "osmid": "54905305", "lanes": "2", "ref": null, "name": "Вокзальная улица", "highway": "tertiary", "maxspeed": "60", "oneway": false, "reversed": "0", "length": 194.592, "bridge": null, "width": null, "access": null, "service": null }, "geometry": { "type": "LineString", "coordinates": [ [ 29.5908798, 60.2468843 ], [ 29.5943843, 60.2466898 ] ] } },
{ "type": "Feature", "properties": { "u": 528144759, "v": 528144746, "key": 0, "osmid": "189649140", "lanes": "2", "ref": null, "name": "Цветочный переулок", "highway": "residential", "maxspeed": "40", "oneway": false, "reversed": "1", "length": 101.027, "bridge": null, "width": null, "access": null, "service": null }, "geometry": { "type": "LineString", "coordinates": [ [ 29.5908798, 60.2468843 ], [ 29.5910707, 60.2477879 ] ] } },
{ "type": "Feature", "properties": { "u": 528144759, "v": 1074698076, "key": 0, "osmid": "199042511", "lanes": "1", "ref": null, "name": "Цветочный переулок", "highway": "residential", "maxspeed": null, "oneway": false, "reversed": "0", "length": 104.125, "bridge": null, "width": null, "access": null, "service": null }, "geometry": { "type": "LineString", "coordinates": [ [ 29.5908798, 60.2468843 ], [ 29.5907389, 60.2459505 ] ] } },
{ "type": "Feature", "properties": { "u": 528144759, "v": 506291516, "key": 0, "osmid": "54905305", "lanes": "2", "ref": null, "name": "Вокзальная улица", "highway": "tertiary", "maxspeed": "60", "oneway": false, "reversed": "1", "length": 257.959, "bridge": null, "width": null, "access": null, "service": null }, "geometry": { "type": "LineString", "coordinates": [ [ 29.5908798, 60.2468843 ], [ 29.5893206, 60.2469633 ], [ 29.5878964, 60.2470019 ], [ 29.5862154, 60.2469942 ] ] } },
{ "type": "Feature", "properties": { "u": 528144771, "v": 1078485327, "key": 0, "osmid": "42320619", "lanes": "1", "ref": null, "name": "Сосновый переулок", "highway": "residential", "maxspeed": null, "oneway": false, "reversed": "0", "length": 18.838, "bridge": null, "width": null, "access": null, "service": null }, "geometry": { "type": "LineString", "coordinates": [ [ 29.5820111, 60.2514802 ], [ 29.5822584, 60.2513634 ] ] } },
{ "type": "Feature", "properties": { "u": 528144771, "v": 477646898, "key": 0, "osmid": "42320619", "lanes": "1", "ref": null, "name": "Сосновый переулок", "highway": "residential", "maxspeed": null, "oneway": false, "reversed": "1", "length": 198.768, "bridge": null, "width": null, "access": null, "service": null }, "geometry": { "type": "LineString", "coordinates": [ [ 29.5820111, 60.2514802 ], [ 29.5795732, 60.2527963 ] ] } },
{ "type": "Feature", "properties": { "u": 528144771, "v": 528144783, "key": 0, "osmid": "42320620", "lanes": "1", "ref": null, "name": null, "highway": "residential", "maxspeed": null, "oneway": false, "reversed": "0", "length": 77.637, "bridge": null, "width": null, "access": null, "service": null }, "geometry": { "type": "LineString", "coordinates": [ [ 29.5820111, 60.2514802 ], [ 29.5808927, 60.2510565 ] ] } },
{ "type": "Feature", "properties": { "u": 528144776, "v": 1078485327, "key": 0, "osmid": "42320619", "lanes": "1", "ref": null, "name": "Сосновый переулок", "highway": "residential", "maxspeed": null, "oneway": false, "reversed": "1", "length": 103.118, "bridge": null, "width": null, "access": null, "service": null }, "geometry": { "type": "LineString", "coordinates": [ [ 29.5835055, 60.2506727 ], [ 29.5822584, 60.2513634 ] ] } },
{ "type": "Feature", "properties": { "u": 528144783, "v": 1835388509, "key": 0, "osmid": "39841871", "lanes": "1", "ref": null, "name": "переулок Суворова", "highway": "residential", "maxspeed": null, "oneway": false, "reversed": "1", "length": 185.661, "bridge": null, "width": null, "access": null, "service": null }, "geometry": { "type": "LineString", "coordinates": [ [ 29.5808927, 60.2510565 ], [ 29.5787436, 60.2523413 ] ] } },
{ "type": "Feature", "properties": { "u": 528144783, "v": 528144771, "key": 0, "osmid": "42320620", "lanes": "1", "ref": null, "name": null, "highway": "residential", "maxspeed": null, "oneway": false, "reversed": "1", "length": 77.637, "bridge": null, "width": null, "access": null, "service": null }, "geometry": { "type": "LineString", "coordinates": [ [ 29.5808927, 60.2510565 ], [ 29.5820111, 60.2514802 ] ] } },
{ "type": "Feature", "properties": { "u": 528144783, "v": 477646907, "key": 0, "osmid": "39841871", "lanes": "1", "ref": null, "name": "переулок Суворова", "highway": "residential", "maxspeed": null, "oneway": false, "reversed": "0", "length": 150.201, "bridge": null, "width": null, "access": null, "service": null }, "geometry": { "type": "LineString", "coordinates": [ [ 29.5808927, 60.2510565 ], [ 29.581785, 60.2506134 ], [ 29.5826143, 60.2501347 ], [ 29.5827219, 60.2500584 ] ] } },
{ "type": "Feature", "properties": { "u": 528144793, "v": 477646907, "key": 0, "osmid": "39841871", "lanes": "1", "ref": null, "name": "переулок Суворова", "highway": "residential", "maxspeed": null, "oneway": false, "reversed": "1", "length": 35.063, "bridge": null, "width": null, "access": null, "service": null }, "geometry": { "type": "LineString", "coordinates": [ [ 29.5831264, 60.2498152 ], [ 29.5827219, 60.2500584 ] ] } },
{ "type": "Feature", "properties": { "u": 528145778, "v": 1835388509, "key": 0, "osmid": "39841870", "lanes": "2", "ref": null, "name": "улица Суворова", "highway": "residential", "maxspeed": null, "oneway": false, "reversed": "0", "length": 123.298, "bridge": null, "width": null, "access": null, "service": null }, "geometry": { "type": "LineString", "coordinates": [ [ 29.5771924, 60.2515431 ], [ 29.5787436, 60.2523413 ] ] } },
{ "type": "Feature", "properties": { "u": 528145778, "v": 478230374, "key": 0, "osmid": "39841870", "lanes": "2", "ref": null, "name": "улица Суворова", "highway": "residential", "maxspeed": null, "oneway": false, "reversed": "1", "length": 242.019, "bridge": null, "width": null, "access": null, "service": null }, "geometry": { "type": "LineString", "coordinates": [ [ 29.5771924, 60.2515431 ], [ 29.5761038, 60.2509364 ], [ 29.5755653, 60.250603 ], [ 29.5747569, 60.2501097 ], [ 29.5744903, 60.2499715 ], [ 29.5743372, 60.2498922 ] ] } },
{ "type": "Feature", "properties": { "u": 528145778, "v": 528145794, "key": 0, "osmid": "42320663", "lanes": "1", "ref": null, "name": "Вокзальный переулок", "highway": "residential", "maxspeed": "RU:urban", "oneway": false, "reversed": "0", "length": 309.511, "bridge": null, "width": null, "access": null, "service": null }, "geometry": { "type": "LineString", "coordinates": [ [ 29.5771924, 60.2515431 ], [ 29.5781955, 60.2508494 ], [ 29.5785108, 60.250587 ], [ 29.5792302, 60.250156 ], [ 29.5793573, 60.2500762 ], [ 29.5795791, 60.2499347 ], [ 29.5796616, 60.2498834 ], [ 29.5798721, 60.249755 ], [ 29.5806209, 60.2493462 ] ] } },
{ "type": "Feature", "properties": { "u": 528145778, "v": 528145784, "key": 0, "lanes": "1", "ref": null, "name": "Вокзальный переулок", "highway": "residential", "maxspeed": "RU:urban", "oneway": false, "reversed": "1", "length": 143.42, "bridge": null, "width": null, "access": null, "service": null }, "geometry": { "type": "LineString", "coordinates": [ [ 29.5771924, 60.2515431 ], [ 29.5765177, 60.2519801 ], [ 29.5757589, 60.2525393 ], [ 29.5757107, 60.2525724 ], [ 29.5756798, 60.2525913 ] ] } },
{ "type": "Feature", "properties": { "u": 528145784, "v": 477646871, "key": 0, "osmid": "31387359", "lanes": "2", "ref": "41А-025", "name": "Железнодорожная улица", "highway": "primary", "maxspeed": "RU:urban", "oneway": false, "reversed": "0", "length": 393.654, "bridge": null, "width": null, "access": null, "service": null }, "geometry": { "type": "LineString", "coordinates": [ [ 29.5756798, 60.2525913 ], [ 29.5773956, 60.2533652 ], [ 29.5782864, 60.2537597 ], [ 29.5791756, 60.2541563 ], [ 29.5805178, 60.2547416 ], [ 29.580749, 60.2548424 ], [ 29.580999, 60.2549508 ] ] } },
{ "type": "Feature", "properties": { "u": 528145784, "v": 478230374, "key": 0, "lanes": "2", "ref": "41А-025", "highway": "primary", "maxspeed": "RU:urban", "oneway": false, "reversed": "1", "length": 364.368, "bridge": null, "width": null, "access": null, "service": null }, "geometry": { "type": "LineString", "coordinates": [ [ 29.5756798, 60.2525913 ], [ 29.5753301, 60.2524295 ], [ 29.5746507, 60.2521329 ], [ 29.5743428, 60.2519931 ], [ 29.5741474, 60.2518939 ], [ 29.5738242, 60.2516914 ], [ 29.573582, 60.2514952 ], [ 29.5735005, 60.2513978 ], [ 29.5734553, 60.2513437 ], [ 29.5733866, 60.2512294 ], [ 29.5733339, 60.2510855 ], [ 29.573309, 60.2509557 ], [ 29.5733429, 60.250831 ], [ 29.5734664, 60.2506262 ], [ 29.5736088, 60.2504502 ], [ 29.5737872, 60.2502714 ], [ 29.5739111, 60.2501705 ], [ 29.5740853, 60.2500574 ], [ 29.5743372, 60.2498922 ] ] } },
{ "type": "Feature", "properties": { "u": 528145784, "v": 528145778, "key": 0, "lanes": "1", "ref": null, "name": "Вокзальный переулок", "highway": "residential", "maxspeed": "RU:urban", "oneway": false, "reversed": "0", "length": 143.42, "bridge": null, "width": null, "access": null, "service": null }, "geometry": { "type": "LineString", "coordinates": [ [ 29.5756798, 60.2525913 ], [ 29.5757107, 60.2525724 ], [ 29.5757589, 60.2525393 ], [ 29.5765177, 60.2519801 ], [ 29.5771924, 60.2515431 ] ] } },
{ "type": "Feature", "properties": { "u": 528145794, "v": 528145796, "key": 0, "osmid": "42320663", "lanes": "1", "ref": null, "name": "Вокзальный переулок", "highway": "residential", "maxspeed": "RU:urban", "oneway": false, "reversed": "0", "length": 82.873, "bridge": null, "width": null, "access": null, "service": null }, "geometry": { "type": "LineString", "coordinates": [ [ 29.5806209, 60.2493462 ], [ 29.5815375, 60.2487558 ] ] } },
{ "type": "Feature", "properties": { "u": 528145794, "v": 528146483, "key": 0, "osmid": "174308222", "lanes": "1", "ref": null, "name": "Учебная улица", "highway": "residential", "maxspeed": null, "oneway": false, "reversed": "1", "length": 119.528, "bridge": null, "width": null, "access": null, "service": null }, "geometry": { "type": "LineString", "coordinates": [ [ 29.5806209, 60.2493462 ], [ 29.5823136, 60.250017 ] ] } },
{ "type": "Feature", "properties": { "u": 528145794, "v": 528145778, "key": 0, "osmid": "42320663", "lanes": "1", "ref": null, "name": "Вокзальный переулок", "highway": "residential", "maxspeed": "RU:urban", "oneway": false, "reversed": "1", "length": 309.511, "bridge": null, "width": null, "access": null, "service": null }, "geometry": { "type": "LineString", "coordinates": [ [ 29.5806209, 60.2493462 ], [ 29.5798721, 60.249755 ], [ 29.5796616, 60.2498834 ], [ 29.5795791, 60.2499347 ], [ 29.5793573, 60.2500762 ], [ 29.5792302, 60.250156 ], [ 29.5785108, 60.250587 ], [ 29.5781955, 60.2508494 ], [ 29.5771924, 60.2515431 ] ] } },
{ "type": "Feature", "properties": { "u": 528145794, "v": 230199, "key": 0, "osmid": "174308222", "lanes": "1", "ref": null, "name": "Учебная улица", "highway": "residential", "maxspeed": null, "oneway": false, "reversed": "0", "length": 270.409, "bridge": null, "width": null, "access": null, "service": null }, "geometry": { "type": "LineString", "coordinates": [ [ 29.5806209, 60.2493462 ], [ 29.5794479, 60.2489482 ], [ 29.5792407, 60.2488982 ], [ 29.5787302, 60.2488178 ], [ 29.5784247, 60.24881 ], [ 29.5774402, 60.2487203 ], [ 29.5771712, 60.2486189 ], [ 29.5765172, 60.2483724 ], [ 29.576394, 60.248326 ], [ 29.5763226, 60.2482964 ] ] } },
{ "type": "Feature", "properties": { "u": 528145796, "v": 859674970, "key": 0, "osmid": "42320663", "lanes": "1", "ref": null, "name": "Вокзальный переулок", "highway": "residential", "maxspeed": "RU:urban", "oneway": false, "reversed": "0", "length": 61.179, "bridge": null, "width": null, "access": null, "service": null }, "geometry": { "type": "LineString", "coordinates": [ [ 29.5815375, 60.2487558 ], [ 29.5806797, 60.2484072 ] ] } },
{ "type": "Feature", "properties": { "u": 528145796, "v": 528145794, "key": 0, "osmid": "42320663", "lanes": "1", "ref": null, "name": "Вокзальный переулок", "highway": "residential", "maxspeed": "RU:urban", "oneway": false, "reversed": "1", "length": 82.873, "bridge": null, "width": null, "access": null, "service": null }, "geometry": { "type": "LineString", "coordinates": [ [ 29.5815375, 60.2487558 ], [ 29.5806209, 60.2493462 ] ] } },
{ "type": "Feature", "properties": { "u": 528145796, "v": 11366175789, "key": 0, "osmid": "1225642110", "lanes": null, "ref": null, "name": null, "highway": "residential", "maxspeed": null, "oneway": false, "reversed": "0", "length": 13.947, "bridge": null, "width": null, "access": null, "service": null }, "geometry": { "type": "LineString", "coordinates": [ [ 29.5815375, 60.2487558 ], [ 29.5816299, 60.2487514 ], [ 29.5817622, 60.248796 ] ] } },
{ "type": "Feature", "properties": { "u": 528146483, "v": 528145794, "key": 0, "osmid": "174308222", "lanes": "1", "ref": null, "name": "Учебная улица", "highway": "residential", "maxspeed": null, "oneway": false, "reversed": "0", "length": 119.528, "bridge": null, "width": null, "access": null, "service": null }, "geometry": { "type": "LineString", "coordinates": [ [ 29.5823136, 60.250017 ], [ 29.5806209, 60.2493462 ] ] } },
{ "type": "Feature", "properties": { "u": 529790325, "v": 529790330, "key": 0, "osmid": "115064648", "lanes": "1", "ref": null, "name": "Центральная улица", "highway": "residential", "maxspeed": null, "oneway": false, "reversed": "1", "length": 78.134, "bridge": null, "width": null, "access": null, "service": null }, "geometry": { "type": "LineString", "coordinates": [ [ 29.6078748, 60.2424053 ], [ 29.6064848, 60.2425387 ] ] } },
{ "type": "Feature", "properties": { "u": 529790325, "v": 672555554, "key": 0, "osmid": "115064648", "lanes": "1", "ref": null, "name": "Центральная улица", "highway": "residential", "maxspeed": null, "oneway": false, "reversed": "0", "length": 96.961, "bridge": null, "width": null, "access": null, "service": null }, "geometry": { "type": "LineString", "coordinates": [ [ 29.6078748, 60.2424053 ], [ 29.6094374, 60.2422586 ], [ 29.6096014, 60.2422442 ] ] } },
{ "type": "Feature", "properties": { "u": 529790325, "v": 499041216, "key": 0, "lanes": null, "ref": null, "name": "7-я улица", "highway": "residential", "maxspeed": null, "oneway": false, "length": 145.493, "bridge": null, "width": null, "access": null, "service": null }, "geometry": { "type": "LineString", "coordinates": [ [ 29.6078748, 60.2424053 ], [ 29.6080167, 60.2429356 ], [ 29.6082983, 60.2435916 ], [ 29.6083415, 60.2436921 ] ] } },
{ "type": "Feature", "properties": { "u": 529790325, "v": 529790327, "key": 0, "osmid": "163831398", "lanes": null, "ref": null, "name": "7-я улица", "highway": "residential", "maxspeed": null, "oneway": false, "reversed": "1", "length": 170.61, "bridge": null, "width": null, "access": null, "service": null }, "geometry": { "type": "LineString", "coordinates": [ [ 29.6078748, 60.2424053 ], [ 29.607644, 60.2418267 ], [ 29.6072421, 60.2409035 ] ] } },
{ "type": "Feature", "properties": { "u": 529790327, "v": 529790329, "key": 0, "osmid": "53141859", "lanes": "1", "ref": null, "name": null, "highway": "residential", "maxspeed": null, "oneway": false, "reversed": "0", "length": 77.034, "bridge": null, "width": null, "access": null, "service": null }, "geometry": { "type": "LineString", "coordinates": [ [ 29.6072421, 60.2409035 ], [ 29.6058757, 60.2410448 ] ] } },
{ "type": "Feature", "properties": { "u": 529790327, "v": 1755021974, "key": 0, "osmid": "163831398", "lanes": null, "ref": null, "name": "7-я улица", "highway": "residential", "maxspeed": null, "oneway": false, "reversed": "1", "length": 38.99, "bridge": null, "width": null, "access": null, "service": null }, "geometry": { "type": "LineString", "coordinates": [ [ 29.6072421, 60.2409035 ], [ 29.6070801, 60.2405622 ] ] } },
{ "type": "Feature", "properties": { "u": 529790327, "v": 529790325, "key": 0, "osmid": "163831398", "lanes": null, "ref": null, "name": "7-я улица", "highway": "residential", "maxspeed": null, "oneway": false, "reversed": "0", "length": 170.61, "bridge": null, "width": null, "access": null, "service": null }, "geometry": { "type": "LineString", "coordinates": [ [ 29.6072421, 60.2409035 ], [ 29.607644, 60.2418267 ], [ 29.6078748, 60.2424053 ] ] } },
{ "type": "Feature", "properties": { "u": 529790329, "v": 1384951281, "key": 0, "osmid": "53141859", "lanes": "1", "ref": null, "name": null, "highway": "residential", "maxspeed": null, "oneway": false, "reversed": "0", "length": 65.006, "bridge": null, "width": null, "access": null, "service": null }, "geometry": { "type": "LineString", "coordinates": [ [ 29.6058757, 60.2410448 ], [ 29.6047315, 60.2411835 ] ] } },
{ "type": "Feature", "properties": { "u": 529790329, "v": 529790327, "key": 0, "osmid": "53141859", "lanes": "1", "ref": null, "name": null, "highway": "residential", "maxspeed": null, "oneway": false, "reversed": "1", "length": 77.034, "bridge": null, "width": null, "access": null, "service": null }, "geometry": { "type": "LineString", "coordinates": [ [ 29.6058757, 60.2410448 ], [ 29.6072421, 60.2409035 ] ] } },
{ "type": "Feature", "properties": { "u": 529790329, "v": 529790330, "key": 0, "osmid": "115064647", "lanes": null, "ref": null, "name": "6-я улица", "highway": "residential", "maxspeed": null, "oneway": false, "reversed": "0", "length": 169.482, "bridge": null, "width": null, "access": null, "service": null }, "geometry": { "type": "LineString", "coordinates": [ [ 29.6058757, 60.2410448 ], [ 29.6064848, 60.2425387 ] ] } },
{ "type": "Feature", "properties": { "u": 529790329, "v": 1384951264, "key": 0, "osmid": "115064647", "lanes": null, "ref": null, "name": "6-я улица", "highway": "residential", "maxspeed": null, "oneway": false, "reversed": "1", "length": 68.728, "bridge": null, "width": null, "access": null, "service": null }, "geometry": { "type": "LineString", "coordinates": [ [ 29.6058757, 60.2410448 ], [ 29.6055866, 60.2404436 ] ] } },
{ "type": "Feature", "properties": { "u": 529790330, "v": 1463038478, "key": 0, "osmid": "115064647", "lanes": null, "ref": null, "name": "6-я улица", "highway": "residential", "maxspeed": null, "oneway": false, "reversed": "0", "length": 136.948, "bridge": null, "width": null, "access": null, "service": null }, "geometry": { "type": "LineString", "coordinates": [ [ 29.6064848, 60.2425387 ], [ 29.6070265, 60.2437406 ] ] } },
{ "type": "Feature", "properties": { "u": 529790330, "v": 529790329, "key": 0, "osmid": "115064647", "lanes": null, "ref": null, "name": "6-я улица", "highway": "residential", "maxspeed": null, "oneway": false, "reversed": "1", "length": 169.482, "bridge": null, "width": null, "access": null, "service": null }, "geometry": { "type": "LineString", "coordinates": [ [ 29.6064848, 60.2425387 ], [ 29.6058757, 60.2410448 ] ] } },
{ "type": "Feature", "properties": { "u": 529790330, "v": 529790325, "key": 0, "osmid": "115064648", "lanes": "1", "ref": null, "name": "Центральная улица", "highway": "residential", "maxspeed": null, "oneway": false, "reversed": "0", "length": 78.134, "bridge": null, "width": null, "access": null, "service": null }, "geometry": { "type": "LineString", "coordinates": [ [ 29.6064848, 60.2425387 ], [ 29.6078748, 60.2424053 ] ] } },
{ "type": "Feature", "properties": { "u": 529790330, "v": 1384951267, "key": 0, "osmid": "115064648", "lanes": "1", "ref": null, "name": "Центральная улица", "highway": "residential", "maxspeed": null, "oneway": false, "reversed": "1", "length": 61.896, "bridge": null, "width": null, "access": null, "service": null }, "geometry": { "type": "LineString", "coordinates": [ [ 29.6064848, 60.2425387 ], [ 29.6053923, 60.2426645 ] ] } },
{ "type": "Feature", "properties": { "u": 571877020, "v": 955339875, "key": 0, "lanes": null, "ref": null, "name": "Ладожская улица", "highway": "unclassified", "maxspeed": null, "oneway": false, "reversed": "0", "length": 2177.044, "bridge": null, "width": null, "access": null, "service": null }, "geometry": { "type": "LineString", "coordinates": [ [ 29.6571325, 60.269065 ], [ 29.6569535, 60.2691576 ], [ 29.6565659, 60.2692953 ], [ 29.6555617, 60.2694729 ], [ 29.6552607, 60.2695501 ], [ 29.6551673, 60.2697818 ], [ 29.6553334, 60.2703892 ], [ 29.6564837, 60.271569 ], [ 29.6569195, 60.2720477 ], [ 29.6574526, 60.2726938 ], [ 29.6575415, 60.2732992 ], [ 29.6575574, 60.2736309 ], [ 29.657454, 60.2739713 ], [ 29.6570287, 60.2746542 ], [ 29.656238, 60.2756419 ], [ 29.6560308, 60.2760053 ], [ 29.6558898, 60.2769301 ], [ 29.6559363, 60.2773231 ], [ 29.6559817, 60.2777067 ], [ 29.6559926, 60.2780092 ], [ 29.6559385, 60.2781414 ], [ 29.6558975, 60.2782416 ], [ 29.6558098, 60.2785245 ], [ 29.6557209, 60.2787659 ], [ 29.6555997, 60.2792529 ], [ 29.6555485, 60.2794588 ], [ 29.6555263, 60.2794919 ], [ 29.6551996, 60.2799789 ], [ 29.6548877, 60.2805322 ], [ 29.6545669, 60.2812945 ], [ 29.6541915, 60.2820433 ], [ 29.6543088, 60.2826933 ], [ 29.6550169, 60.2834651 ], [ 29.6558463, 60.2840951 ], [ 29.6560747, 60.2844283 ], [ 29.6564341, 60.2849056 ], [ 29.6565682, 60.2851555 ], [ 29.6567632, 60.2854685 ], [ 29.6569134, 60.2860538 ], [ 29.6569443, 60.2861597 ], [ 29.6574355, 60.2872846 ] ] } },
{ "type": "Feature", "properties": { "u": 571877020, "v": 500313221, "key": 0, "osmid": "1215471300", "lanes": "2", "ref": "41А-025", "name": "Первомайское шоссе", "highway": "primary", "maxspeed": "RU:urban", "oneway": false, "reversed": "1", "length": 248.445, "bridge": null, "width": null, "access": null, "service": null }, "geometry": { "type": "LineString", "coordinates": [ [ 29.6571325, 60.269065 ], [ 29.6569115, 60.2689859 ], [ 29.656695, 60.2688437 ], [ 29.6553494, 60.2677488 ], [ 29.6551956, 60.2675152 ], [ 29.6550917, 60.2671256 ] ] } },
{ "type": "Feature", "properties": { "u": 620964701, "v": 1875508677, "key": 0, "osmid": "54905363", "lanes": "2", "ref": null, "name": "Садовая улица", "highway": "tertiary", "maxspeed": "RU:urban", "oneway": false, "reversed": "0", "length": 116.342, "bridge": null, "width": null, "access": null, "service": null }, "geometry": { "type": "LineString", "coordinates": [ [ 29.5954288, 60.2545511 ], [ 29.5960639, 60.2544167 ], [ 29.5971723, 60.2541994 ], [ 29.597383, 60.2541581 ] ] } },
{ "type": "Feature", "properties": { "u": 620964701, "v": 98154671, "key": 0, "osmid": "54905363", "lanes": "2", "ref": null, "name": "Садовая улица", "highway": "tertiary", "maxspeed": "RU:urban", "oneway": false, "reversed": "1", "length": 406.004, "bridge": null, "width": null, "access": null, "service": null }, "geometry": { "type": "LineString", "coordinates": [ [ 29.5954288, 60.2545511 ], [ 29.5952469, 60.2545896 ], [ 29.5942979, 60.2547988 ], [ 29.5938073, 60.2549495 ], [ 29.5934607, 60.2550785 ], [ 29.5933608, 60.2551219 ], [ 29.5925196, 60.2554786 ], [ 29.5923401, 60.2555571 ], [ 29.5920018, 60.2557051 ], [ 29.5916721, 60.255859 ], [ 29.59104, 60.2561259 ], [ 29.59082, 60.2562042 ], [ 29.5895587, 60.2564522 ], [ 29.5894967, 60.2564743 ], [ 29.5894311, 60.2565663 ] ] } },
{ "type": "Feature", "properties": { "u": 620964701, "v": 506294386, "key": 0, "osmid": "160219223", "lanes": "1", "ref": null, "name": "Кольцевая улица", "highway": "residential", "maxspeed": null, "oneway": false, "reversed": "1", "length": 134.172, "bridge": null, "width": null, "access": null, "service": null }, "geometry": { "type": "LineString", "coordinates": [ [ 29.5954288, 60.2545511 ], [ 29.5953416, 60.2544554 ], [ 29.5951292, 60.2542063 ], [ 29.5951234, 60.2541363 ], [ 29.5951635, 60.2540333 ], [ 29.5951719, 60.2539192 ], [ 29.5950314, 60.2533817 ] ] } },
{ "type": "Feature", "properties": { "u": 620965560, "v": 506294412, "key": 0, "osmid": "172964891", "lanes": "1", "ref": null, "name": "Хвойная улица", "highway": "residential", "maxspeed": null, "oneway": false, "reversed": "1", "length": 161.717, "bridge": null, "width": null, "access": null, "service": null }, "geometry": { "type": "LineString", "coordinates": [ [ 29.6060522, 60.2537152 ], [ 29.6058504, 60.2522643 ] ] } },
{ "type": "Feature", "properties": { "u": 620965560, "v": 478230422, "key": 0, "osmid": "71792679", "lanes": "2", "ref": null, "name": "Садовая улица", "highway": "residential", "maxspeed": null, "oneway": false, "reversed": "0", "length": 103.068, "bridge": null, "width": null, "access": null, "service": null }, "geometry": { "type": "LineString", "coordinates": [ [ 29.6060522, 60.2537152 ], [ 29.6065711, 60.2536912 ], [ 29.6079123, 60.2536291 ] ] } },
{ "type": "Feature", "properties": { "u": 620965560, "v": 506294409, "key": 0, "osmid": "71792679", "lanes": "2", "ref": null, "name": "Садовая улица", "highway": "residential", "maxspeed": null, "oneway": false, "reversed": "1", "length": 100.665, "bridge": null, "width": null, "access": null, "service": null }, "geometry": { "type": "LineString", "coordinates": [ [ 29.6060522, 60.2537152 ], [ 29.6051544, 60.2537569 ], [ 29.6042355, 60.2537994 ] ] } },
{ "type": "Feature", "properties": { "u": 620972573, "v": 500313221, "key": 0, "lanes": null, "ref": null, "name": null, "highway": "unclassified", "maxspeed": null, "oneway": false, "reversed": "1", "length": 2461.083, "bridge": null, "width": null, "access": "permissive", "service": null }, "geometry": { "type": "LineString", "coordinates": [ [ 29.64979, 60.2867718 ], [ 29.6496562, 60.2866173 ], [ 29.6495859, 60.2865475 ], [ 29.6492963, 60.2863952 ], [ 29.6470561, 60.2847937 ], [ 29.6465855, 60.2842211 ], [ 29.6464229, 60.2837566 ], [ 29.6464663, 60.2823048 ], [ 29.6463708, 60.2788456 ], [ 29.6463962, 60.2748778 ], [ 29.6467412, 60.2709874 ], [ 29.6472146, 60.2702525 ], [ 29.6482812, 60.2694834 ], [ 29.64889, 60.2691615 ], [ 29.6543559, 60.2673901 ], [ 29.6544817, 60.2673539 ], [ 29.6546904, 60.2671795 ], [ 29.6550917, 60.2671256 ] ] } },
{ "type": "Feature", "properties": { "u": 639816087, "v": 1799596596, "key": 0, "osmid": "150542333", "lanes": null, "ref": null, "name": "улица Сухотского", "highway": "residential", "maxspeed": null, "oneway": false, "reversed": "0", "length": 409.441, "bridge": null, "width": null, "access": null, "service": null }, "geometry": { "type": "LineString", "coordinates": [ [ 29.5585853, 60.2447573 ], [ 29.5578022, 60.245034 ], [ 29.5573453, 60.245262 ], [ 29.5567844, 60.2455164 ], [ 29.5562615, 60.2457512 ], [ 29.5560184, 60.2458461 ], [ 29.5559639, 60.2458617 ], [ 29.555811, 60.2458857 ], [ 29.5555776, 60.2459043 ], [ 29.5553376, 60.2458723 ], [ 29.5551274, 60.2458407 ], [ 29.555064, 60.2458464 ], [ 29.5549988, 60.2458653 ], [ 29.5541559, 60.2464228 ], [ 29.5537973, 60.2467608 ], [ 29.5532854, 60.2470621 ] ] } },
{ "type": "Feature", "properties": { "u": 639816087, "v": 1841490809, "key": 0, "osmid": "1267358460", "lanes": "2", "ref": "41К-210", "name": "улица Сухотского", "highway": "tertiary", "maxspeed": "RU:urban", "oneway": false, "reversed": "1", "length": 239.715, "bridge": null, "width": null, "access": null, "service": null }, "geometry": { "type": "LineString", "coordinates": [ [ 29.5585853, 60.2447573 ], [ 29.5586617, 60.2447829 ], [ 29.5591743, 60.2449545 ], [ 29.5595088, 60.2451088 ], [ 29.5598757, 60.2452891 ], [ 29.5601926, 60.2454362 ], [ 29.5606751, 60.2455961 ], [ 29.5617914, 60.2458224 ], [ 29.5620505, 60.2459273 ], [ 29.5621139, 60.2459695 ] ] } },
{ "type": "Feature", "properties": { "u": 639816098, "v": 1634397755, "key": 0, "osmid": "150540854", "lanes": null, "ref": null, "name": null, "highway": "residential", "maxspeed": "5", "oneway": false, "reversed": "0", "length": 179.617, "bridge": null, "width": "3", "access": null, "service": "driveway" }, "geometry": { "type": "LineString", "coordinates": [ [ 29.5655331, 60.2489909 ], [ 29.5649572, 60.2490158 ], [ 29.5646915, 60.2490357 ], [ 29.5640782, 60.2491075 ], [ 29.5631736, 60.2492683 ], [ 29.5624417, 60.2493309 ], [ 29.5623783, 60.2493113 ] ] } },
{ "type": "Feature", "properties": { "u": 639816098, "v": 1705455257, "key": 0, "lanes": "2", "ref": "41К-210", "name": "улица Сухотского", "highway": "tertiary", "maxspeed": "RU:urban", "oneway": false, "reversed": "0", "length": 200.657, "bridge": "yes", "width": null, "access": null, "service": null }, "geometry": { "type": "LineString", "coordinates": [ [ 29.5655331, 60.2489909 ], [ 29.5652388, 60.2488238 ], [ 29.5650048, 60.2486549 ], [ 29.5648895, 60.2484886 ], [ 29.5648151, 60.2483186 ], [ 29.5647868, 60.2480979 ], [ 29.564683, 60.2478919 ], [ 29.5646012, 60.2477853 ], [ 29.5645852, 60.2477645 ], [ 29.5645678, 60.2477422 ], [ 29.564492, 60.2476444 ], [ 29.5641645, 60.247358 ] ] } },
{ "type": "Feature", "properties": { "u": 639816098, "v": 925959966, "key": 0, "lanes": "2", "ref": "41К-210", "name": "улица Сухотского", "highway": "tertiary", "maxspeed": "RU:urban", "oneway": false, "reversed": "1", "length": 745.498, "bridge": null, "width": null, "access": null, "service": null }, "geometry": { "type": "LineString", "coordinates": [ [ 29.5655331, 60.2489909 ], [ 29.5658712, 60.2491429 ], [ 29.5663805, 60.2493076 ], [ 29.5667093, 60.2493828 ], [ 29.5671308, 60.2494791 ], [ 29.5676627, 60.2496007 ], [ 29.5678552, 60.2496328 ], [ 29.5682525, 60.2496788 ], [ 29.5686106, 60.2497052 ], [ 29.5689626, 60.2497112 ], [ 29.5694438, 60.2496823 ], [ 29.5698976, 60.2495961 ], [ 29.5702841, 60.2494571 ], [ 29.570804, 60.2492109 ], [ 29.5712679, 60.248976 ], [ 29.5717583, 60.2486944 ], [ 29.5725048, 60.2482521 ], [ 29.5727815, 60.2481392 ], [ 29.5731141, 60.2480294 ], [ 29.5737072, 60.2479124 ], [ 29.5740387, 60.2478345 ], [ 29.5742753, 60.2477223 ], [ 29.5744975, 60.2476181 ], [ 29.5746179, 60.2475589 ], [ 29.5747285, 60.247519 ], [ 29.5748587, 60.2474954 ], [ 29.5749856, 60.2474908 ], [ 29.5750978, 60.2475017 ], [ 29.5752581, 60.2475337 ], [ 29.5757076, 60.2476282 ], [ 29.5758672, 60.2476407 ], [ 29.5760187, 60.2476384 ], [ 29.5762188, 60.2475841 ], [ 29.5767531, 60.2473729 ] ] } },
{ "type": "Feature", "properties": { "u": 652645960, "v": 883126376, "key": 0, "osmid": "41213556", "lanes": "1", "ref": null, "name": "Еловая аллея", "highway": "residential", "maxspeed": "60", "oneway": false, "reversed": "0", "length": 110.019, "bridge": null, "width": null, "access": null, "service": null }, "geometry": { "type": "LineString", "coordinates": [ [ 29.6386592, 60.2581893 ], [ 29.6393649, 60.2581661 ], [ 29.6406493, 60.2581241 ] ] } },
{ "type": "Feature", "properties": { "u": 652645960, "v": 503584348, "key": 0, "osmid": "41213556", "lanes": "1", "ref": null, "name": "Еловая аллея", "highway": "residential", "maxspeed": "60", "oneway": false, "reversed": "1", "length": 131.868, "bridge": null, "width": null, "access": null, "service": null }, "geometry": { "type": "LineString", "coordinates": [ [ 29.6386592, 60.2581893 ], [ 29.6380741, 60.2581984 ], [ 29.6362791, 60.2582931 ] ] } },
{ "type": "Feature", "properties": { "u": 652645960, "v": 1215322056, "key": 0, "osmid": "1460722440", "lanes": null, "ref": null, "name": "Зелёная улица", "highway": "residential", "maxspeed": null, "oneway": false, "reversed": "0", "length": 225.29, "bridge": null, "width": "3", "access": null, "service": null }, "geometry": { "type": "LineString", "coordinates": [ [ 29.6386592, 60.2581893 ], [ 29.6387187, 60.2582543 ], [ 29.6389112, 60.2590678 ], [ 29.639048, 60.2596452 ], [ 29.6391413, 60.2601975 ] ] } },
{ "type": "Feature", "properties": { "u": 672052066, "v": 503584348, "key": 0, "osmid": "53076857", "lanes": null, "ref": null, "name": "Офицерская улица", "highway": "residential", "maxspeed": null, "oneway": false, "reversed": "0", "length": 238.457, "bridge": null, "width": null, "access": null, "service": null }, "geometry": { "type": "LineString", "coordinates": [ [ 29.6372656, 60.260381 ], [ 29.6367506, 60.2592846 ], [ 29.6363079, 60.2583488 ], [ 29.6362791, 60.2582931 ] ] } },
{ "type": "Feature", "properties": { "u": 672555554, "v": 1239558366, "key": 0, "osmid": "163831399", "lanes": null, "ref": null, "name": "8-я улица", "highway": "residential", "maxspeed": null, "oneway": false, "reversed": "1", "length": 6.818, "bridge": null, "width": null, "access": null, "service": null }, "geometry": { "type": "LineString", "coordinates": [ [ 29.6096014, 60.2422442 ], [ 29.6096599, 60.2422982 ] ] } },
{ "type": "Feature", "properties": { "u": 672555554, "v": 529790325, "key": 0, "osmid": "115064648", "lanes": "1", "ref": null, "name": "Центральная улица", "highway": "residential", "maxspeed": null, "oneway": false, "reversed": "1", "length": 96.961, "bridge": null, "width": null, "access": null, "service": null }, "geometry": { "type": "LineString", "coordinates": [ [ 29.6096014, 60.2422442 ], [ 29.6094374, 60.2422586 ], [ 29.6078748, 60.2424053 ] ] } },
{ "type": "Feature", "properties": { "u": 672555554, "v": 672555557, "key": 0, "lanes": null, "ref": null, "name": "8-я улица", "highway": "residential", "maxspeed": null, "oneway": false, "reversed": "0", "length": 212.855, "bridge": null, "width": null, "access": null, "service": null }, "geometry": { "type": "LineString", "coordinates": [ [ 29.6096014, 60.2422442 ], [ 29.6091093, 60.2417926 ], [ 29.6085777, 60.2413157 ], [ 29.6092163, 60.2411234 ], [ 29.6096292, 60.240999 ], [ 29.6100518, 60.2408718 ] ] } },
{ "type": "Feature", "properties": { "u": 672555557, "v": 1239558356, "key": 0, "osmid": "107949012", "lanes": null, "ref": null, "name": "Хвойная улица", "highway": "residential", "maxspeed": null, "oneway": false, "reversed": "0", "length": 177.204, "bridge": null, "width": null, "access": null, "service": null }, "geometry": { "type": "LineString", "coordinates": [ [ 29.6100518, 60.2408718 ], [ 29.6104505, 60.2412103 ], [ 29.6123656, 60.2404754 ] ] } },
{ "type": "Feature", "properties": { "u": 672555557, "v": 1239558370, "key": 0, "osmid": "107949015", "lanes": null, "ref": null, "name": "Южная улица", "highway": "residential", "maxspeed": null, "oneway": false, "reversed": "0", "length": 157.337, "bridge": null, "width": null, "access": null, "service": null }, "geometry": { "type": "LineString", "coordinates": [ [ 29.6100518, 60.2408718 ], [ 29.6100105, 60.240783 ], [ 29.6121455, 60.2399896 ] ] } },
{ "type": "Feature", "properties": { "u": 672555557, "v": 672555554, "key": 0, "lanes": null, "ref": null, "name": "8-я улица", "highway": "residential", "maxspeed": null, "oneway": false, "reversed": "1", "length": 212.855, "bridge": null, "width": null, "access": null, "service": null }, "geometry": { "type": "LineString", "coordinates": [ [ 29.6100518, 60.2408718 ], [ 29.6096292, 60.240999 ], [ 29.6092163, 60.2411234 ], [ 29.6085777, 60.2413157 ], [ 29.6091093, 60.2417926 ], [ 29.6096014, 60.2422442 ] ] } },
{ "type": "Feature", "properties": { "u": 672555617, "v": 1789789134, "key": 0, "lanes": null, "ref": null, "name": "Инженерный переулок", "highway": "residential", "maxspeed": null, "oneway": false, "reversed": "0", "length": 410.394, "bridge": null, "width": null, "access": null, "service": null }, "geometry": { "type": "LineString", "coordinates": [ [ 29.6236023, 60.2391507 ], [ 29.625096, 60.2390861 ], [ 29.6260986, 60.2388978 ], [ 29.6270263, 60.2389641 ], [ 29.6285961, 60.2391177 ], [ 29.6291007, 60.239219 ], [ 29.6294551, 60.239209 ], [ 29.629778, 60.2391522 ], [ 29.6300849, 60.2391437 ], [ 29.6304979, 60.2391322 ], [ 29.630841, 60.2390721 ] ] } },
{ "type": "Feature", "properties": { "u": 672555617, "v": 1342337097, "key": 0, "osmid": "107948765", "lanes": null, "ref": null, "name": null, "highway": "unclassified", "maxspeed": "60", "oneway": false, "reversed": "0", "length": 238.993, "bridge": null, "width": null, "access": null, "service": null }, "geometry": { "type": "LineString", "coordinates": [ [ 29.6236023, 60.2391507 ], [ 29.6238969, 60.2392568 ], [ 29.6241839, 60.2394623 ], [ 29.6243901, 60.2396921 ], [ 29.6243948, 60.2398015 ], [ 29.6248325, 60.2401426 ], [ 29.625718, 60.2409884 ] ] } },
{ "type": "Feature", "properties": { "u": 672555617, "v": 98154623, "key": 0, "osmid": "126547072", "lanes": "1", "ref": null, "name": "улица Верхнее Рощино", "highway": "tertiary", "maxspeed": "RU:urban", "oneway": false, "reversed": "0", "length": 111.259, "bridge": null, "width": null, "access": null, "service": null }, "geometry": { "type": "LineString", "coordinates": [ [ 29.6236023, 60.2391507 ], [ 29.6234326, 60.2392278 ], [ 29.6226219, 60.2394846 ], [ 29.622001, 60.2397535 ] ] } },
{ "type": "Feature", "properties": { "u": 690988038, "v": 498366416, "key": 0, "osmid": "54905210", "lanes": "1", "ref": null, "name": "улица Короленко", "highway": "residential", "maxspeed": null, "oneway": false, "reversed": "0", "length": 101.078, "bridge": null, "width": null, "access": null, "service": null }, "geometry": { "type": "LineString", "coordinates": [ [ 29.614708, 60.2515273 ], [ 29.6134222, 60.2508798 ] ] } },
{ "type": "Feature", "properties": { "u": 690988038, "v": 478230425, "key": 0, "osmid": "128487591", "lanes": "2", "ref": null, "name": "Садовая улица", "highway": "residential", "maxspeed": null, "oneway": false, "reversed": "0", "length": 117.403, "bridge": null, "width": null, "access": null, "service": null }, "geometry": { "type": "LineString", "coordinates": [ [ 29.614708, 60.2515273 ], [ 29.6160066, 60.2506909 ] ] } },
{ "type": "Feature", "properties": { "u": 690988038, "v": 498366358, "key": 0, "osmid": "54905210", "lanes": "1", "ref": null, "name": "улица Короленко", "highway": "residential", "maxspeed": null, "oneway": false, "reversed": "1", "length": 181.289, "bridge": null, "width": null, "access": null, "service": null }, "geometry": { "type": "LineString", "coordinates": [ [ 29.614708, 60.2515273 ], [ 29.6160105, 60.2520255 ], [ 29.6172445, 60.2525624 ] ] } },
{ "type": "Feature", "properties": { "u": 690988038, "v": 498366336, "key": 0, "osmid": "128487591", "lanes": "2", "ref": null, "name": "Садовая улица", "highway": "residential", "maxspeed": null, "oneway": false, "reversed": "1", "length": 91.999, "bridge": null, "width": null, "access": null, "service": null }, "geometry": { "type": "LineString", "coordinates": [ [ 29.614708, 60.2515273 ], [ 29.6139794, 60.2519092 ], [ 29.6136085, 60.252148 ] ] } },
{ "type": "Feature", "properties": { "u": 690988225, "v": 506727211, "key": 0, "osmid": "157607181", "lanes": "2", "ref": null, "name": "улица Пушкина", "highway": "residential", "maxspeed": null, "oneway": false, "reversed": "0", "length": 101.961, "bridge": null, "width": null, "access": null, "service": null }, "geometry": { "type": "LineString", "coordinates": [ [ 29.6076782, 60.2521964 ], [ 29.6095217, 60.2521323 ] ] } },
{ "type": "Feature", "properties": { "u": 690988225, "v": 506294412, "key": 0, "osmid": "157607181", "lanes": "2", "ref": null, "name": "улица Пушкина", "highway": "residential", "maxspeed": null, "oneway": false, "reversed": "1", "length": 101.128, "bridge": null, "width": null, "access": null, "service": null }, "geometry": { "type": "LineString", "coordinates": [ [ 29.6076782, 60.2521964 ], [ 29.6058504, 60.2522643 ] ] } },
{ "type": "Feature", "properties": { "u": 690988225, "v": 478230422, "key": 0, "osmid": "157607179", "lanes": "1", "ref": null, "name": "Школьная улица", "highway": "residential", "maxspeed": null, "oneway": false, "reversed": "0", "length": 159.852, "bridge": null, "width": null, "access": null, "service": null }, "geometry": { "type": "LineString", "coordinates": [ [ 29.6076782, 60.2521964 ], [ 29.6078163, 60.2529026 ], [ 29.6079123, 60.2536291 ] ] } },
{ "type": "Feature", "properties": { "u": 690988225, "v": 98154652, "key": 0, "osmid": "157607179", "lanes": "1", "ref": null, "name": "Школьная улица", "highway": "residential", "maxspeed": null, "oneway": false, "reversed": "1", "length": 232.072, "bridge": null, "width": null, "access": null, "service": null }, "geometry": { "type": "LineString", "coordinates": [ [ 29.6076782, 60.2521964 ], [ 29.6074892, 60.2512719 ], [ 29.6074498, 60.2508504 ], [ 29.6073752, 60.2506603 ], [ 29.6072256, 60.2501232 ] ] } },
{ "type": "Feature", "properties": { "u": 712870498, "v": 1831079164, "key": 0, "osmid": "107938745", "lanes": null, "ref": null, "name": null, "highway": "unclassified", "maxspeed": null, "oneway": false, "reversed": "1", "length": 11.418, "bridge": null, "width": null, "access": null, "service": null }, "geometry": { "type": "LineString", "coordinates": [ [ 29.6441166, 60.24233 ], [ 29.6439645, 60.2423996 ] ] } },
{ "type": "Feature", "properties": { "u": 712870498, "v": 11273354978, "key": 0, "lanes": null, "ref": null, "name": null, "highway": "unclassified", "maxspeed": null, "oneway": false, "reversed": "0", "length": 104.333, "bridge": null, "width": null, "access": null, "service": null }, "geometry": { "type": "LineString", "coordinates": [ [ 29.6441166, 60.24233 ], [ 29.6445465, 60.242535 ], [ 29.64517, 60.2426852 ], [ 29.6457684, 60.2427142 ] ] } },
{ "type": "Feature", "properties": { "u": 712870537, "v": 1831079164, "key": 0, "osmid": "172173327", "lanes": null, "ref": null, "name": null, "highway": "unclassified", "maxspeed": null, "oneway": false, "reversed": "0", "length": 57.518, "bridge": null, "width": null, "access": null, "service": null }, "geometry": { "type": "LineString", "coordinates": [ [ 29.6431789, 60.2420597 ], [ 29.6439645, 60.2423996 ] ] } },
{ "type": "Feature", "properties": { "u": 712870537, "v": 712870582, "key": 0, "osmid": "192385612", "lanes": null, "ref": null, "name": "Социалистическая улица", "highway": "unclassified", "maxspeed": null, "oneway": false, "reversed": "0", "length": 97.834, "bridge": null, "width": "4", "access": null, "service": null }, "geometry": { "type": "LineString", "coordinates": [ [ 29.6431789, 60.2420597 ], [ 29.6426294, 60.2428962 ] ] } },
{ "type": "Feature", "properties": { "u": 712870537, "v": 1414861629, "key": 0, "osmid": "192385612", "lanes": null, "ref": null, "name": "Социалистическая улица", "highway": "unclassified", "maxspeed": null, "oneway": false, "reversed": "1", "length": 16.181, "bridge": null, "width": "4", "access": null, "service": null }, "geometry": { "type": "LineString", "coordinates": [ [ 29.6431789, 60.2420597 ], [ 29.6432719, 60.2419217 ] ] } },
{ "type": "Feature", "properties": { "u": 712870582, "v": 712870537, "key": 0, "osmid": "192385612", "lanes": null, "ref": null, "name": "Социалистическая улица", "highway": "unclassified", "maxspeed": null, "oneway": false, "reversed": "1", "length": 97.834, "bridge": null, "width": "4", "access": null, "service": null }, "geometry": { "type": "LineString", "coordinates": [ [ 29.6426294, 60.2428962 ], [ 29.6431789, 60.2420597 ] ] } },
{ "type": "Feature", "properties": { "u": 712870582, "v": 1831079164, "key": 0, "osmid": "107938745", "lanes": null, "ref": null, "name": null, "highway": "unclassified", "maxspeed": null, "oneway": false, "reversed": "0", "length": 93.079, "bridge": null, "width": null, "access": null, "service": null }, "geometry": { "type": "LineString", "coordinates": [ [ 29.6426294, 60.2428962 ], [ 29.6430886, 60.2427808 ], [ 29.6434294, 60.2426616 ], [ 29.6437209, 60.2425433 ], [ 29.6439645, 60.2423996 ] ] } },
{ "type": "Feature", "properties": { "u": 712870582, "v": 1685435068, "key": 0, "osmid": "173492747", "lanes": null, "ref": null, "name": "Социалистическая улица", "highway": "residential", "maxspeed": null, "oneway": false, "reversed": "1", "length": 246.649, "bridge": null, "width": null, "access": null, "service": null }, "geometry": { "type": "LineString", "coordinates": [ [ 29.6426294, 60.2428962 ], [ 29.6424572, 60.2429558 ], [ 29.6422318, 60.243014 ], [ 29.6421341, 60.243036 ], [ 29.641197, 60.2431317 ], [ 29.6397839, 60.24336 ], [ 29.638753, 60.2435174 ], [ 29.6383894, 60.243566 ] ] } },
{ "type": "Feature", "properties": { "u": 854525475, "v": 854525501, "key": 0, "osmid": "71896311", "lanes": null, "ref": null, "name": "улица Кирова", "highway": "residential", "maxspeed": null, "oneway": false, "reversed": "0", "length": 324.388, "bridge": null, "width": "3", "access": null, "service": null }, "geometry": { "type": "LineString", "coordinates": [ [ 29.613494, 60.2616526 ], [ 29.6139095, 60.2615441 ], [ 29.6147525, 60.2613908 ], [ 29.6151712, 60.2611225 ], [ 29.615363, 60.2610579 ], [ 29.6164037, 60.2612376 ], [ 29.6187871, 60.2616051 ] ] } },
{ "type": "Feature", "properties": { "u": 854525475, "v": 1472129000, "key": 0, "lanes": null, "ref": null, "name": null, "highway": "unclassified", "maxspeed": null, "oneway": false, "reversed": "1", "length": 270.489, "bridge": null, "width": "3", "access": null, "service": "driveway" }, "geometry": { "type": "LineString", "coordinates": [ [ 29.613494, 60.2616526 ], [ 29.6132773, 60.262009 ], [ 29.6125909, 60.2626079 ], [ 29.6114151, 60.2638491 ] ] } },
{ "type": "Feature", "properties": { "u": 854525475, "v": 1472228977, "key": 0, "osmid": "180017040", "lanes": "2", "ref": null, "name": "улица Кирова", "highway": "tertiary", "maxspeed": null, "oneway": false, "reversed": "0", "length": 195.842, "bridge": null, "width": null, "access": null, "service": null }, "geometry": { "type": "LineString", "coordinates": [ [ 29.613494, 60.2616526 ], [ 29.613824, 60.2619152 ], [ 29.6142157, 60.2621337 ], [ 29.6147202, 60.2622424 ], [ 29.615248, 60.2623397 ], [ 29.6164219, 60.2625121 ] ] } },
{ "type": "Feature", "properties": { "u": 854525475, "v": 1426466958, "key": 0, "osmid": "180017040", "lanes": "2", "ref": null, "name": "улица Кирова", "highway": "tertiary", "maxspeed": null, "oneway": false, "reversed": "1", "length": 207.674, "bridge": null, "width": null, "access": null, "service": null }, "geometry": { "type": "LineString", "coordinates": [ [ 29.613494, 60.2616526 ], [ 29.6133128, 60.2615377 ], [ 29.6129205, 60.261343 ], [ 29.6124191, 60.2611946 ], [ 29.611739, 60.2609517 ], [ 29.6110633, 60.2607679 ], [ 29.610393, 60.2606328 ] ] } },
{ "type": "Feature", "properties": { "u": 854525478, "v": 854525528, "key": 0, "osmid": "71896315", "lanes": null, "ref": null, "name": null, "highway": "residential", "maxspeed": null, "oneway": false, "reversed": "0", "length": 38.502, "bridge": null, "width": "4", "access": null, "service": null }, "geometry": { "type": "LineString", "coordinates": [ [ 29.5958299, 60.2515177 ], [ 29.5956629, 60.2514516 ], [ 29.5952231, 60.2513511 ] ] } },
{ "type": "Feature", "properties": { "u": 854525478, "v": 506294386, "key": 0, "osmid": "160219223", "lanes": "1", "ref": null, "name": "Кольцевая улица", "highway": "residential", "maxspeed": null, "oneway": false, "reversed": "0", "length": 211.995, "bridge": null, "width": null, "access": null, "service": null }, "geometry": { "type": "LineString", "coordinates": [ [ 29.5958299, 60.2515177 ], [ 29.5955867, 60.2519836 ], [ 29.5952612, 60.2527381 ], [ 29.5952458, 60.2527738 ], [ 29.5950314, 60.2533817 ] ] } },
{ "type": "Feature", "properties": { "u": 854525478, "v": 298011454, "key": 0, "osmid": "160219223", "lanes": "1", "ref": null, "name": "Кольцевая улица", "highway": "residential", "maxspeed": null, "oneway": false, "reversed": "1", "length": 68.456, "bridge": null, "width": null, "access": null, "service": null }, "geometry": { "type": "LineString", "coordinates": [ [ 29.5958299, 60.2515177 ], [ 29.5963788, 60.2514536 ], [ 29.5970281, 60.2513588 ] ] } },
{ "type": "Feature", "properties": { "u": 854525501, "v": 854525512, "key": 0, "osmid": "71896311", "lanes": null, "ref": null, "name": "улица Кирова", "highway": "residential", "maxspeed": null, "oneway": false, "reversed": "0", "length": 125.29, "bridge": null, "width": "3", "access": null, "service": null }, "geometry": { "type": "LineString", "coordinates": [ [ 29.6187871, 60.2616051 ], [ 29.6208578, 60.2620683 ] ] } },
{ "type": "Feature", "properties": { "u": 854525501, "v": 854525475, "key": 0, "osmid": "71896311", "lanes": null, "ref": null, "name": "улица Кирова", "highway": "residential", "maxspeed": null, "oneway": false, "reversed": "1", "length": 324.388, "bridge": null, "width": "3", "access": null, "service": null }, "geometry": { "type": "LineString", "coordinates": [ [ 29.6187871, 60.2616051 ], [ 29.6164037, 60.2612376 ], [ 29.615363, 60.2610579 ], [ 29.6151712, 60.2611225 ], [ 29.6147525, 60.2613908 ], [ 29.6139095, 60.2615441 ], [ 29.613494, 60.2616526 ] ] } },
{ "type": "Feature", "properties": { "u": 854525501, "v": 854525529, "key": 0, "osmid": "71896314", "lanes": null, "ref": null, "name": "улица Кирова", "highway": "residential", "maxspeed": null, "oneway": false, "reversed": "1", "length": 136.143, "bridge": null, "width": "3", "access": null, "service": null }, "geometry": { "type": "LineString", "coordinates": [ [ 29.6187871, 60.2616051 ], [ 29.6184175, 60.2623266 ], [ 29.6181548, 60.2627885 ] ] } },
{ "type": "Feature", "properties": { "u": 854525507, "v": 1794705504, "key": 0, "osmid": "180017040", "lanes": "2", "ref": null, "name": "улица Кирова", "highway": "tertiary", "maxspeed": null, "oneway": false, "reversed": "0", "length": 98.424, "bridge": null, "width": null, "access": null, "service": null }, "geometry": { "type": "LineString", "coordinates": [ [ 29.6199111, 60.2630738 ], [ 29.6216712, 60.2632197 ] ] } },
{ "type": "Feature", "properties": { "u": 854525507, "v": 854525529, "key": 0, "osmid": "180017040", "lanes": "2", "ref": null, "name": "улица Кирова", "highway": "tertiary", "maxspeed": null, "oneway": false, "reversed": "1", "length": 101.931, "bridge": null, "width": null, "access": null, "service": null }, "geometry": { "type": "LineString", "coordinates": [ [ 29.6199111, 60.2630738 ], [ 29.6181548, 60.2627885 ] ] } },
{ "type": "Feature", "properties": { "u": 854525507, "v": 854525512, "key": 0, "osmid": "71896311", "lanes": null, "ref": null, "name": "улица Кирова", "highway": "residential", "maxspeed": null, "oneway": false, "reversed": "1", "length": 123.409, "bridge": null, "width": "3", "access": null, "service": null }, "geometry": { "type": "LineString", "coordinates": [ [ 29.6199111, 60.2630738 ], [ 29.6203397, 60.2626264 ], [ 29.6206494, 60.2622815 ], [ 29.6208578, 60.2620683 ] ] } },
{ "type": "Feature", "properties": { "u": 854525512, "v": 854525501, "key": 0, "osmid": "71896311", "lanes": null, "ref": null, "name": "улица Кирова", "highway": "residential", "maxspeed": null, "oneway": false, "reversed": "1", "length": 125.29, "bridge": null, "width": "3", "access": null, "service": null }, "geometry": { "type": "LineString", "coordinates": [ [ 29.6208578, 60.2620683 ], [ 29.6187871, 60.2616051 ] ] } },
{ "type": "Feature", "properties": { "u": 854525512, "v": 854525507, "key": 0, "osmid": "71896311", "lanes": null, "ref": null, "name": "улица Кирова", "highway": "residential", "maxspeed": null, "oneway": false, "reversed": "0", "length": 123.409, "bridge": null, "width": "3", "access": null, "service": null }, "geometry": { "type": "LineString", "coordinates": [ [ 29.6208578, 60.2620683 ], [ 29.6206494, 60.2622815 ], [ 29.6203397, 60.2626264 ], [ 29.6199111, 60.2630738 ] ] } },
{ "type": "Feature", "properties": { "u": 854525512, "v": 1794705504, "key": 0, "osmid": "168178423", "lanes": null, "ref": null, "name": "улица Кирова", "highway": "residential", "maxspeed": null, "oneway": false, "reversed": "0", "length": 193.351, "bridge": null, "width": "3", "access": null, "service": null }, "geometry": { "type": "LineString", "coordinates": [ [ 29.6208578, 60.2620683 ], [ 29.6211188, 60.2621064 ], [ 29.6219427, 60.2622892 ], [ 29.6223454, 60.2624197 ], [ 29.6224612, 60.262515 ], [ 29.6216712, 60.2632197 ] ] } },
{ "type": "Feature", "properties": { "u": 854525524, "v": 854525528, "key": 0, "osmid": "71896313", "lanes": null, "ref": null, "name": null, "highway": "residential", "maxspeed": null, "oneway": false, "reversed": "1", "length": 155.932, "bridge": null, "width": "4", "access": null, "service": null }, "geometry": { "type": "LineString", "coordinates": [ [ 29.5933139, 60.2523832 ], [ 29.5944412, 60.2518195 ], [ 29.5948318, 60.251585 ], [ 29.5952231, 60.2513511 ] ] } },
{ "type": "Feature", "properties": { "u": 854525528, "v": 854525524, "key": 0, "osmid": "71896313", "lanes": null, "ref": null, "name": null, "highway": "residential", "maxspeed": null, "oneway": false, "reversed": "0", "length": 155.932, "bridge": null, "width": "4", "access": null, "service": null }, "geometry": { "type": "LineString", "coordinates": [ [ 29.5952231, 60.2513511 ], [ 29.5948318, 60.251585 ], [ 29.5944412, 60.2518195 ], [ 29.5933139, 60.2523832 ] ] } },
{ "type": "Feature", "properties": { "u": 854525528, "v": 854525478, "key": 0, "osmid": "71896315", "lanes": null, "ref": null, "name": null, "highway": "residential", "maxspeed": null, "oneway": false, "reversed": "1", "length": 38.502, "bridge": null, "width": "4", "access": null, "service": null }, "geometry": { "type": "LineString", "coordinates": [ [ 29.5952231, 60.2513511 ], [ 29.5956629, 60.2514516 ], [ 29.5958299, 60.2515177 ] ] } },
{ "type": "Feature", "properties": { "u": 854525528, "v": 528142823, "key": 0, "lanes": "1", "ref": null, "name": "улица Льва Толстого", "highway": "residential", "maxspeed": null, "oneway": false, "length": 430.799, "bridge": null, "width": "4", "access": null, "service": null }, "geometry": { "type": "LineString", "coordinates": [ [ 29.5952231, 60.2513511 ], [ 29.5950406, 60.2506037 ], [ 29.5949716, 60.2497004 ], [ 29.5948414, 60.2488827 ], [ 29.5946911, 60.2483497 ], [ 29.5945349, 60.2474942 ] ] } },
{ "type": "Feature", "properties": { "u": 854525529, "v": 854525507, "key": 0, "osmid": "180017040", "lanes": "2", "ref": null, "name": "улица Кирова", "highway": "tertiary", "maxspeed": null, "oneway": false, "reversed": "0", "length": 101.931, "bridge": null, "width": null, "access": null, "service": null }, "geometry": { "type": "LineString", "coordinates": [ [ 29.6181548, 60.2627885 ], [ 29.6199111, 60.2630738 ] ] } },
{ "type": "Feature", "properties": { "u": 854525529, "v": 1472228977, "key": 0, "osmid": "180017040", "lanes": "2", "ref": null, "name": "улица Кирова", "highway": "tertiary", "maxspeed": null, "oneway": false, "reversed": "1", "length": 100.399, "bridge": null, "width": null, "access": null, "service": null }, "geometry": { "type": "LineString", "coordinates": [ [ 29.6181548, 60.2627885 ], [ 29.6164219, 60.2625121 ] ] } },
{ "type": "Feature", "properties": { "u": 854525529, "v": 854525501, "key": 0, "osmid": "71896314", "lanes": null, "ref": null, "name": "улица Кирова", "highway": "residential", "maxspeed": null, "oneway": false, "reversed": "0", "length": 136.143, "bridge": null, "width": "3", "access": null, "service": null }, "geometry": { "type": "LineString", "coordinates": [ [ 29.6181548, 60.2627885 ], [ 29.6184175, 60.2623266 ], [ 29.6187871, 60.2616051 ] ] } },
{ "type": "Feature", "properties": { "u": 858194503, "v": 858194561, "key": 0, "lanes": "2", "ref": null, "name": "Заречная улица", "maxspeed": "RU:urban", "oneway": false, "reversed": "0", "length": 1032.751, "bridge": null, "width": null, "access": null, "service": null }, "geometry": { "type": "LineString", "coordinates": [ [ 29.5908792, 60.2634766 ], [ 29.5900585, 60.2643408 ], [ 29.589715, 60.2647024 ], [ 29.5904339, 60.2652934 ], [ 29.591199, 60.2655106 ], [ 29.5915238, 60.2653052 ], [ 29.5919593, 60.264995 ], [ 29.5933022, 60.2640383 ], [ 29.5934518, 60.2638774 ], [ 29.5935233, 60.2637676 ], [ 29.5936876, 60.2635779 ], [ 29.5939336, 60.2634341 ], [ 29.5942509, 60.2632521 ], [ 29.5943365, 60.2632154 ], [ 29.5955177, 60.2627082 ], [ 29.5970133, 60.2623138 ], [ 29.6001739, 60.2615223 ], [ 29.6013557, 60.2612538 ] ] } },
{ "type": "Feature", "properties": { "u": 858194561, "v": 297815082, "key": 0, "osmid": "72235475", "lanes": "2", "ref": null, "name": "Заречная улица", "highway": "unclassified", "maxspeed": "RU:urban", "oneway": false, "reversed": "0", "length": 149.997, "bridge": null, "width": null, "access": null, "service": null }, "geometry": { "type": "LineString", "coordinates": [ [ 29.6013557, 60.2612538 ], [ 29.6018005, 60.2609508 ], [ 29.602234, 60.2606556 ], [ 29.6029065, 60.2601462 ] ] } },
{ "type": "Feature", "properties": { "u": 858194561, "v": 858194503, "key": 0, "lanes": "2", "ref": null, "name": "Заречная улица", "maxspeed": "RU:urban", "oneway": false, "reversed": "1", "length": 1032.751, "bridge": null, "width": null, "access": null, "service": null }, "geometry": { "type": "LineString", "coordinates": [ [ 29.6013557, 60.2612538 ], [ 29.6001739, 60.2615223 ], [ 29.5970133, 60.2623138 ], [ 29.5955177, 60.2627082 ], [ 29.5943365, 60.2632154 ], [ 29.5942509, 60.2632521 ], [ 29.5939336, 60.2634341 ], [ 29.5936876, 60.2635779 ], [ 29.5935233, 60.2637676 ], [ 29.5934518, 60.2638774 ], [ 29.5933022, 60.2640383 ], [ 29.5919593, 60.264995 ], [ 29.5915238, 60.2653052 ], [ 29.591199, 60.2655106 ], [ 29.5904339, 60.2652934 ], [ 29.589715, 60.2647024 ], [ 29.5900585, 60.2643408 ], [ 29.5908792, 60.2634766 ] ] } },
{ "type": "Feature", "properties": { "u": 858194561, "v": 858468953, "key": 0, "osmid": "160082815", "lanes": null, "ref": null, "name": "Заречный переулок", "highway": "residential", "maxspeed": null, "oneway": false, "reversed": "1", "length": 223.19, "bridge": null, "width": null, "access": null, "service": null }, "geometry": { "type": "LineString", "coordinates": [ [ 29.6013557, 60.2612538 ], [ 29.6027724, 60.2611764 ], [ 29.6032496, 60.2613075 ], [ 29.6039939, 60.2614971 ], [ 29.6050416, 60.2618251 ] ] } },
{ "type": "Feature", "properties": { "u": 858468554, "v": 1875508682, "key": 0, "osmid": "157587967", "lanes": "2", "ref": null, "name": "Садовый переулок", "highway": "residential", "maxspeed": null, "oneway": false, "reversed": "0", "length": 377.338, "bridge": null, "width": null, "access": null, "service": null }, "geometry": { "type": "LineString", "coordinates": [ [ 29.5994567, 60.2576134 ], [ 29.5994403, 60.25757 ], [ 29.5993874, 60.2574306 ], [ 29.5993451, 60.2573239 ], [ 29.5993293, 60.257284 ], [ 29.5992704, 60.2571567 ], [ 29.5992247, 60.2570579 ], [ 29.5991678, 60.2569173 ], [ 29.5990245, 60.2565626 ], [ 29.5987619, 60.2559125 ], [ 29.5986888, 60.2557315 ], [ 29.5986228, 60.2555681 ], [ 29.5985208, 60.2553425 ], [ 29.5985033, 60.2553036 ], [ 29.5984825, 60.2552575 ], [ 29.5984143, 60.2551066 ], [ 29.5982192, 60.2546749 ], [ 29.5979822, 60.2543017 ] ] } },
{ "type": "Feature", "properties": { "u": 858468554, "v": 98154679, "key": 0, "ref": "41А-025", "name": "Советская улица", "highway": "primary", "maxspeed": "40", "oneway": false, "reversed": "0", "length": 192.415, "bridge": null, "width": null, "access": null, "service": null }, "geometry": { "type": "LineString", "coordinates": [ [ 29.5994567, 60.2576134 ], [ 29.5997241, 60.2575704 ], [ 29.5997669, 60.2575635 ], [ 29.5998309, 60.2575532 ], [ 29.6001048, 60.2575027 ], [ 29.6004803, 60.2574328 ], [ 29.6006504, 60.2573998 ], [ 29.6010559, 60.2573228 ], [ 29.6015791, 60.257225 ], [ 29.601906, 60.2571476 ], [ 29.6021285, 60.2571068 ], [ 29.6027172, 60.2570012 ] ] } },
{ "type": "Feature", "properties": { "u": 858468554, "v": 230188, "key": 0, "lanes": "2", "ref": "41А-025", "name": "Советская улица", "highway": "primary", "maxspeed": "RU:urban", "oneway": false, "reversed": "1", "length": 126.173, "bridge": null, "width": null, "access": null, "service": null }, "geometry": { "type": "LineString", "coordinates": [ [ 29.5994567, 60.2576134 ], [ 29.5983769, 60.2577493 ], [ 29.5983544, 60.2577519 ], [ 29.5982436, 60.2577609 ], [ 29.5979524, 60.2577812 ], [ 29.5975706, 60.2578067 ], [ 29.5972121, 60.2578094 ] ] } },
{ "type": "Feature", "properties": { "u": 858468953, "v": 297815079, "key": 0, "osmid": "54905412", "lanes": "2", "ref": "41К-090", "name": "Песочная улица", "highway": "primary", "maxspeed": "40", "oneway": false, "reversed": "1", "length": 109.113, "bridge": null, "width": null, "access": null, "service": null }, "geometry": { "type": "LineString", "coordinates": [ [ 29.6050416, 60.2618251 ], [ 29.6059181, 60.2609454 ] ] } },
{ "type": "Feature", "properties": { "u": 858468953, "v": 297819227, "key": 0, "osmid": "54905412", "lanes": "2", "ref": "41К-090", "name": "Песочная улица", "highway": "primary", "maxspeed": "40", "oneway": false, "reversed": "0", "length": 498.987, "bridge": null, "width": null, "access": null, "service": null }, "geometry": { "type": "LineString", "coordinates": [ [ 29.6050416, 60.2618251 ], [ 29.6023908, 60.2645008 ], [ 29.6009576, 60.2658287 ] ] } },
{ "type": "Feature", "properties": { "u": 858468953, "v": 858194561, "key": 0, "osmid": "160082815", "lanes": null, "ref": null, "name": "Заречный переулок", "highway": "residential", "maxspeed": null, "oneway": false, "reversed": "0", "length": 223.19, "bridge": null, "width": null, "access": null, "service": null }, "geometry": { "type": "LineString", "coordinates": [ [ 29.6050416, 60.2618251 ], [ 29.6039939, 60.2614971 ], [ 29.6032496, 60.2613075 ], [ 29.6027724, 60.2611764 ], [ 29.6013557, 60.2612538 ] ] } },
{ "type": "Feature", "properties": { "u": 858872373, "v": 298009692, "key": 0, "osmid": "92644374", "lanes": null, "ref": null, "name": "Социалистическая улица", "highway": "residential", "maxspeed": null, "oneway": false, "reversed": "0", "length": 14.046, "bridge": null, "width": null, "access": null, "service": null }, "geometry": { "type": "LineString", "coordinates": [ [ 29.6334903, 60.2435556 ], [ 29.6337448, 60.2435567 ] ] } },
{ "type": "Feature", "properties": { "u": 858872373, "v": 883185909, "key": 0, "lanes": null, "ref": null, "name": "Социалистическая улица", "highway": "tertiary", "maxspeed": null, "oneway": false, "reversed": "1", "length": 196.139, "bridge": null, "width": null, "access": null, "service": null }, "geometry": { "type": "LineString", "coordinates": [ [ 29.6334903, 60.2435556 ], [ 29.6332787, 60.2436547 ], [ 29.6329413, 60.243777 ], [ 29.632891, 60.2437921 ], [ 29.632618, 60.2438743 ], [ 29.6323214, 60.2439569 ], [ 29.6320014, 60.244037 ], [ 29.6312025, 60.244226 ], [ 29.6308074, 60.2443379 ], [ 29.6304531, 60.2444578 ] ] } },
{ "type": "Feature", "properties": { "u": 858872373, "v": 858872489, "key": 0, "osmid": "183148338", "lanes": null, "ref": null, "name": "Социалистическая улица", "highway": "residential", "maxspeed": null, "oneway": false, "reversed": "1", "length": 426.221, "bridge": null, "width": null, "access": null, "service": null }, "geometry": { "type": "LineString", "coordinates": [ [ 29.6334903, 60.2435556 ], [ 29.6335054, 60.2434823 ], [ 29.6337653, 60.2431198 ], [ 29.6339691, 60.2428412 ], [ 29.6342678, 60.2424721 ], [ 29.6344846, 60.2421882 ], [ 29.6358309, 60.2413918 ], [ 29.6362746, 60.2411971 ], [ 29.6367123, 60.2409161 ], [ 29.6369642, 60.2407801 ], [ 29.6372971, 60.2403046 ] ] } },
{ "type": "Feature", "properties": { "u": 858872390, "v": 98154627, "key": 0, "osmid": "126547072", "lanes": "1", "ref": null, "name": "улица Верхнее Рощино", "highway": "tertiary", "maxspeed": "RU:urban", "oneway": false, "reversed": "1", "length": 20.524, "bridge": null, "width": null, "access": null, "service": null }, "geometry": { "type": "LineString", "coordinates": [ [ 29.6214599, 60.2419481 ], [ 29.6215018, 60.2417647 ] ] } },
{ "type": "Feature", "properties": { "u": 858872390, "v": 1295858167, "key": 0, "lanes": null, "ref": null, "highway": "residential", "maxspeed": null, "oneway": false, "reversed": "0", "length": 154.946, "bridge": null, "width": null, "access": null, "service": null }, "geometry": { "type": "LineString", "coordinates": [ [ 29.6214599, 60.2419481 ], [ 29.6196822, 60.2415885 ], [ 29.6194891, 60.2420186 ] ] } },
{ "type": "Feature", "properties": { "u": 858872390, "v": 98154628, "key": 0, "osmid": "126547072", "lanes": "1", "ref": null, "name": "улица Верхнее Рощино", "highway": "tertiary", "maxspeed": "RU:urban", "oneway": false, "reversed": "0", "length": 112.318, "bridge": null, "width": null, "access": null, "service": null }, "geometry": { "type": "LineString", "coordinates": [ [ 29.6214599, 60.2419481 ], [ 29.6213654, 60.242386 ], [ 29.6211939, 60.2429493 ] ] } },
{ "type": "Feature", "properties": { "u": 858872392, "v": 858872494, "key": 0, "osmid": "72280673", "lanes": null, "ref": null, "name": "Северная улица", "highway": "residential", "maxspeed": null, "oneway": false, "reversed": "0", "length": 20.135, "bridge": null, "width": null, "access": null, "service": null }, "geometry": { "type": "LineString", "coordinates": [ [ 29.6264453, 60.2416297 ], [ 29.6267222, 60.2417476 ] ] } },
{ "type": "Feature", "properties": { "u": 858872392, "v": 1342337097, "key": 0, "osmid": "107948765", "lanes": null, "ref": null, "name": null, "highway": "unclassified", "maxspeed": "60", "oneway": false, "reversed": "1", "length": 81.831, "bridge": null, "width": null, "access": null, "service": null }, "geometry": { "type": "LineString", "coordinates": [ [ 29.6264453, 60.2416297 ], [ 29.625718, 60.2409884 ] ] } },
{ "type": "Feature", "properties": { "u": 858872392, "v": 98154627, "key": 0, "lanes": null, "ref": null, "name": null, "highway": "residential", "maxspeed": "60", "oneway": false, "reversed": "1", "length": 279.835, "bridge": null, "width": null, "access": null, "service": null }, "geometry": { "type": "LineString", "coordinates": [ [ 29.6264453, 60.2416297 ], [ 29.6261967, 60.2416334 ], [ 29.6252509, 60.2416804 ], [ 29.6250178, 60.241723 ], [ 29.6241836, 60.2418643 ], [ 29.6232439, 60.2418975 ], [ 29.621624, 60.2418253 ], [ 29.6215018, 60.2417647 ] ] } },
{ "type": "Feature", "properties": { "u": 858872392, "v": 1239555383, "key": 0, "lanes": null, "ref": null, "name": "Центральная улица", "highway": "residential", "maxspeed": null, "oneway": false, "reversed": "0", "length": 162.291, "bridge": null, "width": null, "access": null, "service": null }, "geometry": { "type": "LineString", "coordinates": [ [ 29.6264453, 60.2416297 ], [ 29.6264949, 60.2416193 ], [ 29.6287917, 60.2407514 ] ] } },
{ "type": "Feature", "properties": { "u": 858872466, "v": 1789789155, "key": 0, "osmid": "72280666", "lanes": null, "ref": null, "name": "Северная улица", "highway": "residential", "maxspeed": null, "oneway": false, "reversed": "1", "length": 118.756, "bridge": null, "width": null, "access": null, "service": null }, "geometry": { "type": "LineString", "coordinates": [ [ 29.6365323, 60.2389342 ], [ 29.6359933, 60.2389621 ], [ 29.6351922, 60.2392651 ], [ 29.6348745, 60.2395192 ] ] } },
{ "type": "Feature", "properties": { "u": 858872466, "v": 1342336334, "key": 0, "osmid": "119465269", "lanes": null, "ref": null, "name": null, "highway": "residential", "maxspeed": null, "oneway": false, "reversed": "1", "length": 123.901, "bridge": null, "width": null, "access": null, "service": null }, "geometry": { "type": "LineString", "coordinates": [ [ 29.6365323, 60.2389342 ], [ 29.6362817, 60.2387348 ], [ 29.6362498, 60.2385795 ], [ 29.6373245, 60.2380913 ] ] } },
{ "type": "Feature", "properties": { "u": 858872466, "v": 1557932128, "key": 0, "osmid": "142341556", "lanes": null, "ref": null, "name": null, "highway": "residential", "maxspeed": null, "oneway": false, "reversed": "0", "length": 84.148, "bridge": null, "width": null, "access": null, "service": null }, "geometry": { "type": "LineString", "coordinates": [ [ 29.6365323, 60.2389342 ], [ 29.6366396, 60.2389296 ], [ 29.6367938, 60.2389255 ], [ 29.6379263, 60.2392024 ] ] } },
{ "type": "Feature", "properties": { "u": 858872466, "v": 858872489, "key": 0, "osmid": "183148338", "lanes": null, "ref": null, "name": "Социалистическая улица", "highway": "residential", "maxspeed": null, "oneway": false, "reversed": "0", "length": 158.225, "bridge": null, "width": null, "access": null, "service": null }, "geometry": { "type": "LineString", "coordinates": [ [ 29.6365323, 60.2389342 ], [ 29.6367368, 60.2392546 ], [ 29.6372257, 60.240115 ], [ 29.637284, 60.2402699 ], [ 29.6372971, 60.2403046 ] ] } },
{ "type": "Feature", "properties": { "u": 858872483, "v": 1789789166, "key": 0, "osmid": "72280666", "lanes": null, "ref": null, "name": "Северная улица", "highway": "residential", "maxspeed": null, "oneway": false, "reversed": "1", "length": 45.309, "bridge": null, "width": null, "access": null, "service": null }, "geometry": { "type": "LineString", "coordinates": [ [ 29.6334665, 60.2398323 ], [ 29.6328104, 60.2400772 ] ] } },
{ "type": "Feature", "properties": { "u": 858872483, "v": 1496997915, "key": 0, "osmid": "136473636", "lanes": null, "ref": null, "name": null, "highway": "residential", "maxspeed": null, "oneway": false, "reversed": "0", "length": 68.897, "bridge": null, "width": null, "access": null, "service": null }, "geometry": { "type": "LineString", "coordinates": [ [ 29.6334665, 60.2398323 ], [ 29.6342721, 60.2403056 ] ] } },
{ "type": "Feature", "properties": { "u": 858872483, "v": 1789789155, "key": 0, "osmid": "72280666", "lanes": null, "ref": null, "name": "Северная улица", "highway": "residential", "maxspeed": null, "oneway": false, "reversed": "0", "length": 88.125, "bridge": null, "width": null, "access": null, "service": null }, "geometry": { "type": "LineString", "coordinates": [ [ 29.6334665, 60.2398323 ], [ 29.6347344, 60.2396312 ], [ 29.6348745, 60.2395192 ] ] } },
{ "type": "Feature", "properties": { "u": 858872486, "v": 1239555383, "key": 0, "osmid": "165664705", "lanes": null, "ref": null, "name": "Центральная улица", "highway": "residential", "maxspeed": null, "oneway": false, "reversed": "1", "length": 117.94, "bridge": null, "width": null, "access": null, "service": null }, "geometry": { "type": "LineString", "coordinates": [ [ 29.630412, 60.2400599 ], [ 29.6287917, 60.2407514 ] ] } },
{ "type": "Feature", "properties": { "u": 858872489, "v": 1831079144, "key": 0, "osmid": "127947257", "lanes": null, "ref": null, "name": "Отрадная улица", "highway": "residential", "maxspeed": null, "oneway": false, "reversed": "1", "length": 135.206, "bridge": null, "width": null, "access": null, "service": null }, "geometry": { "type": "LineString", "coordinates": [ [ 29.6372971, 60.2403046 ], [ 29.6383057, 60.2402796 ], [ 29.6392545, 60.2403178 ], [ 29.6397416, 60.2403319 ] ] } },
{ "type": "Feature", "properties": { "u": 858872489, "v": 858872373, "key": 0, "osmid": "183148338", "lanes": null, "ref": null, "name": "Социалистическая улица", "highway": "residential", "maxspeed": null, "oneway": false, "reversed": "0", "length": 426.221, "bridge": null, "width": null, "access": null, "service": null }, "geometry": { "type": "LineString", "coordinates": [ [ 29.6372971, 60.2403046 ], [ 29.6369642, 60.2407801 ], [ 29.6367123, 60.2409161 ], [ 29.6362746, 60.2411971 ], [ 29.6358309, 60.2413918 ], [ 29.6344846, 60.2421882 ], [ 29.6342678, 60.2424721 ], [ 29.6339691, 60.2428412 ], [ 29.6337653, 60.2431198 ], [ 29.6335054, 60.2434823 ], [ 29.6334903, 60.2435556 ] ] } },
{ "type": "Feature", "properties": { "u": 858872489, "v": 858872466, "key": 0, "osmid": "183148338", "lanes": null, "ref": null, "name": "Социалистическая улица", "highway": "residential", "maxspeed": null, "oneway": false, "reversed": "1", "length": 158.225, "bridge": null, "width": null, "access": null, "service": null }, "geometry": { "type": "LineString", "coordinates": [ [ 29.6372971, 60.2403046 ], [ 29.637284, 60.2402699 ], [ 29.6372257, 60.240115 ], [ 29.6367368, 60.2392546 ], [ 29.6365323, 60.2389342 ] ] } },
{ "type": "Feature", "properties": { "u": 858872489, "v": 1935120638, "key": 0, "osmid": "183152155", "lanes": null, "ref": null, "name": "Отрадная улица", "highway": "residential", "maxspeed": null, "oneway": false, "reversed": "0", "length": 439.658, "bridge": null, "width": null, "access": null, "service": null }, "geometry": { "type": "LineString", "coordinates": [ [ 29.6372971, 60.2403046 ], [ 29.636707, 60.2403169 ], [ 29.6362928, 60.2403907 ], [ 29.631768, 60.2429995 ] ] } },
{ "type": "Feature", "properties": { "u": 858872494, "v": 858872392, "key": 0, "osmid": "72280673", "lanes": null, "ref": null, "name": "Северная улица", "highway": "residential", "maxspeed": null, "oneway": false, "reversed": "1", "length": 20.135, "bridge": null, "width": null, "access": null, "service": null }, "geometry": { "type": "LineString", "coordinates": [ [ 29.6267222, 60.2417476 ], [ 29.6264453, 60.2416297 ] ] } },
{ "type": "Feature", "properties": { "u": 858872494, "v": 1935120633, "key": 0, "osmid": "72280666", "lanes": null, "ref": null, "name": "Северная улица", "highway": "residential", "maxspeed": null, "oneway": false, "reversed": "0", "length": 112.43, "bridge": null, "width": null, "access": null, "service": null }, "geometry": { "type": "LineString", "coordinates": [ [ 29.6267222, 60.2417476 ], [ 29.6280627, 60.2417109 ], [ 29.6285045, 60.2416609 ], [ 29.6287387, 60.2416318 ] ] } },
{ "type": "Feature", "properties": { "u": 858872494, "v": 1935120650, "key": 0, "lanes": null, "ref": null, "name": "Овражная улица", "highway": "residential", "maxspeed": null, "oneway": false, "reversed": "1", "length": 310.832, "bridge": null, "width": null, "access": null, "service": null }, "geometry": { "type": "LineString", "coordinates": [ [ 29.6267222, 60.2417476 ], [ 29.6269512, 60.242145 ], [ 29.6273401, 60.2422715 ], [ 29.6280191, 60.24285 ], [ 29.6283946, 60.2433958 ], [ 29.629583, 60.2440822 ] ] } },
{ "type": "Feature", "properties": { "u": 859349668, "v": 1426729054, "key": 0, "osmid": "129285746", "lanes": "2", "ref": null, "name": "Дорожный переулок", "highway": "residential", "maxspeed": "RU:urban", "oneway": false, "reversed": "1", "length": 84.594, "bridge": null, "width": null, "access": null, "service": null }, "geometry": { "type": "LineString", "coordinates": [ [ 29.6261006, 60.2595906 ], [ 29.6261374, 60.2595725 ], [ 29.626243, 60.2594791 ], [ 29.627313, 60.2594243 ], [ 29.6274594, 60.25942 ], [ 29.6275027, 60.2594178 ] ] } },
{ "type": "Feature", "properties": { "u": 859349668, "v": 6353731, "key": 0, "osmid": "160401561", "lanes": "2", "ref": "41А-025", "name": "Советская улица", "highway": "primary", "maxspeed": "40", "oneway": false, "reversed": "0", "length": 123.968, "bridge": null, "width": null, "access": null, "service": null }, "geometry": { "type": "LineString", "coordinates": [ [ 29.6261006, 60.2595906 ], [ 29.6265298, 60.2597176 ], [ 29.6269311, 60.2598379 ], [ 29.6270184, 60.2598664 ], [ 29.6277928, 60.2601155 ], [ 29.6279772, 60.2602002 ] ] } },
{ "type": "Feature", "properties": { "u": 859349668, "v": 1776168579, "key": 0, "osmid": "160401561", "lanes": "2", "ref": "41А-025", "name": "Советская улица", "highway": "primary", "maxspeed": "40", "oneway": false, "reversed": "1", "length": 76.999, "bridge": null, "width": null, "access": null, "service": null }, "geometry": { "type": "LineString", "coordinates": [ [ 29.6261006, 60.2595906 ], [ 29.6251594, 60.2592906 ], [ 29.6249223, 60.2592194 ] ] } },
{ "type": "Feature", "properties": { "u": 859674970, "v": 528145796, "key": 0, "osmid": "42320663", "lanes": "1", "ref": null, "name": "Вокзальный переулок", "highway": "residential", "maxspeed": "RU:urban", "oneway": false, "reversed": "1", "length": 61.179, "bridge": null, "width": null, "access": null, "service": null }, "geometry": { "type": "LineString", "coordinates": [ [ 29.5806797, 60.2484072 ], [ 29.5815375, 60.2487558 ] ] } },
{ "type": "Feature", "properties": { "u": 872288053, "v": 872288105, "key": 0, "osmid": "73598224", "lanes": null, "ref": null, "name": "2-я Советская улица", "highway": "residential", "maxspeed": null, "oneway": false, "reversed": "1", "length": 120.455, "bridge": null, "width": "3", "access": null, "service": null }, "geometry": { "type": "LineString", "coordinates": [ [ 29.5963527, 60.2596255 ], [ 29.5961216, 60.2596927 ], [ 29.5953622, 60.2597846 ], [ 29.594966, 60.2598627 ], [ 29.5942928, 60.2599712 ] ] } },
{ "type": "Feature", "properties": { "u": 872288105, "v": 872288131, "key": 0, "osmid": "73598226", "lanes": null, "ref": null, "name": "2-я Советская улица", "highway": "residential", "maxspeed": "RU:urban", "oneway": false, "reversed": "0", "length": 84.974, "bridge": null, "width": null, "access": null, "service": null }, "geometry": { "type": "LineString", "coordinates": [ [ 29.5942928, 60.2599712 ], [ 29.5949511, 60.2606621 ] ] } },
{ "type": "Feature", "properties": { "u": 872288105, "v": 872288053, "key": 0, "osmid": "73598224", "lanes": null, "ref": null, "name": "2-я Советская улица", "highway": "residential", "maxspeed": null, "oneway": false, "reversed": "0", "length": 120.455, "bridge": null, "width": "3", "access": null, "service": null }, "geometry": { "type": "LineString", "coordinates": [ [ 29.5942928, 60.2599712 ], [ 29.594966, 60.2598627 ], [ 29.5953622, 60.2597846 ], [ 29.5961216, 60.2596927 ], [ 29.5963527, 60.2596255 ] ] } },
{ "type": "Feature", "properties": { "u": 872288105, "v": 297815051, "key": 0, "osmid": "73598226", "lanes": null, "ref": null, "name": "2-я Советская улица", "highway": "residential", "maxspeed": "RU:urban", "oneway": false, "reversed": "1", "length": 130.624, "bridge": null, "width": null, "access": null, "service": null }, "geometry": { "type": "LineString", "coordinates": [ [ 29.5942928, 60.2599712 ], [ 29.5938749, 60.2595412 ], [ 29.5937875, 60.2593328 ], [ 29.5934777, 60.2590882 ], [ 29.5931982, 60.2589502 ] ] } },
{ "type": "Feature", "properties": { "u": 872288131, "v": 872288105, "key": 0, "osmid": "73598226", "lanes": null, "ref": null, "name": "2-я Советская улица", "highway": "residential", "maxspeed": "RU:urban", "oneway": false, "reversed": "1", "length": 84.974, "bridge": null, "width": null, "access": null, "service": null }, "geometry": { "type": "LineString", "coordinates": [ [ 29.5949511, 60.2606621 ], [ 29.5942928, 60.2599712 ] ] } },
{ "type": "Feature", "properties": { "u": 877944015, "v": 500318043, "key": 0, "osmid": "75092643", "lanes": "1", "ref": null, "name": "улица Механизаторов", "highway": "residential", "maxspeed": null, "oneway": false, "reversed": "1", "length": 247.81, "bridge": null, "width": null, "access": null, "service": null }, "geometry": { "type": "LineString", "coordinates": [ [ 29.6235073, 60.2534721 ], [ 29.6241592, 60.2531911 ], [ 29.6249049, 60.2529545 ], [ 29.6254613, 60.2525789 ], [ 29.626589, 60.2518806 ] ] } },
{ "type": "Feature", "properties": { "u": 877944089, "v": 499031282, "key": 0, "osmid": "173398965", "lanes": "1", "ref": null, "name": "улица Механизаторов", "highway": "residential", "maxspeed": null, "oneway": false, "reversed": "0", "length": 148.169, "bridge": null, "width": null, "access": null, "service": null }, "geometry": { "type": "LineString", "coordinates": [ [ 29.6231509, 60.2536183 ], [ 29.6220227, 60.2540451 ], [ 29.6209606, 60.2543878 ] ] } },
{ "type": "Feature", "properties": { "u": 883126376, "v": 503584371, "key": 0, "osmid": "41213556", "lanes": "1", "ref": null, "name": "Еловая аллея", "highway": "residential", "maxspeed": "60", "oneway": false, "reversed": "0", "length": 104.358, "bridge": null, "width": null, "access": null, "service": null }, "geometry": { "type": "LineString", "coordinates": [ [ 29.6406493, 60.2581241 ], [ 29.6425352, 60.25805 ] ] } },
{ "type": "Feature", "properties": { "u": 883126376, "v": 652645960, "key": 0, "osmid": "41213556", "lanes": "1", "ref": null, "name": "Еловая аллея", "highway": "residential", "maxspeed": "60", "oneway": false, "reversed": "1", "length": 110.019, "bridge": null, "width": null, "access": null, "service": null }, "geometry": { "type": "LineString", "coordinates": [ [ 29.6406493, 60.2581241 ], [ 29.6393649, 60.2581661 ], [ 29.6386592, 60.2581893 ] ] } },
{ "type": "Feature", "properties": { "u": 883126376, "v": 1215322056, "key": 0, "lanes": null, "ref": null, "highway": "residential", "maxspeed": null, "oneway": false, "length": 348.366, "bridge": null, "width": "3", "access": null, "service": null }, "geometry": { "type": "LineString", "coordinates": [ [ 29.6406493, 60.2581241 ], [ 29.6406549, 60.2582006 ], [ 29.6410824, 60.2602754 ], [ 29.6404427, 60.2602813 ], [ 29.640153, 60.2602759 ], [ 29.6397078, 60.26026 ], [ 29.6392518, 60.2602147 ], [ 29.6391413, 60.2601975 ] ] } },
{ "type": "Feature", "properties": { "u": 883126380, "v": 503584371, "key": 0, "osmid": "74753721", "lanes": null, "ref": null, "name": "Проточный переулок", "highway": "residential", "maxspeed": null, "oneway": false, "reversed": "1", "length": 253.432, "bridge": null, "width": null, "access": null, "service": null }, "geometry": { "type": "LineString", "coordinates": [ [ 29.6429331, 60.2603206 ], [ 29.642854, 60.2598581 ], [ 29.6427441, 60.2592541 ], [ 29.6425352, 60.25805 ] ] } },
{ "type": "Feature", "properties": { "u": 883156083, "v": 883156123, "key": 0, "osmid": "74754863", "lanes": null, "ref": null, "name": "Речная улица", "highway": "residential", "maxspeed": null, "oneway": false, "reversed": "0", "length": 254.468, "bridge": null, "width": null, "access": null, "service": null }, "geometry": { "type": "LineString", "coordinates": [ [ 29.6165937, 60.256982 ], [ 29.615935, 60.2570761 ], [ 29.615124, 60.2572022 ], [ 29.6145578, 60.2572928 ], [ 29.6140854, 60.2573504 ], [ 29.6137521, 60.2573805 ], [ 29.6133363, 60.2574284 ], [ 29.6129264, 60.2574518 ], [ 29.6121087, 60.2574608 ] ] } },
{ "type": "Feature", "properties": { "u": 883156083, "v": 13397412145, "key": 0, "osmid": "74754863", "lanes": null, "ref": null, "name": "Речная улица", "highway": "residential", "maxspeed": null, "oneway": false, "reversed": "1", "length": 27.419, "bridge": null, "width": null, "access": null, "service": null }, "geometry": { "type": "LineString", "coordinates": [ [ 29.6165937, 60.256982 ], [ 29.6168564, 60.2569594 ], [ 29.6170496, 60.2568971 ] ] } },
{ "type": "Feature", "properties": { "u": 883156083, "v": 1074611817, "key": 0, "osmid": "92643496", "lanes": null, "ref": null, "name": null, "highway": "residential", "maxspeed": null, "oneway": false, "reversed": "0", "length": 20.255, "bridge": null, "width": null, "access": null, "service": null }, "geometry": { "type": "LineString", "coordinates": [ [ 29.6165937, 60.256982 ], [ 29.6166057, 60.2568809 ], [ 29.6166985, 60.2568144 ] ] } },
{ "type": "Feature", "properties": { "u": 883156086, "v": 8758198808, "key": 0, "osmid": "41213556", "lanes": "1", "ref": null, "name": "Еловая аллея", "highway": "residential", "maxspeed": "60", "oneway": false, "reversed": "0", "length": 75.657, "bridge": null, "width": null, "access": null, "service": null }, "geometry": { "type": "LineString", "coordinates": [ [ 29.6444631, 60.2579726 ], [ 29.6458264, 60.2578983 ] ] } },
{ "type": "Feature", "properties": { "u": 883156086, "v": 503584371, "key": 0, "osmid": "41213556", "lanes": "1", "ref": null, "name": "Еловая аллея", "highway": "residential", "maxspeed": "60", "oneway": false, "reversed": "1", "length": 106.697, "bridge": null, "width": null, "access": null, "service": null }, "geometry": { "type": "LineString", "coordinates": [ [ 29.6444631, 60.2579726 ], [ 29.6425352, 60.25805 ] ] } },
{ "type": "Feature", "properties": { "u": 883156086, "v": 883156143, "key": 0, "osmid": "74754861", "lanes": null, "ref": null, "name": "Речной переулок", "highway": "residential", "maxspeed": null, "oneway": false, "reversed": "0", "length": 209.45, "bridge": null, "width": null, "access": null, "service": null }, "geometry": { "type": "LineString", "coordinates": [ [ 29.6444631, 60.2579726 ], [ 29.6446746, 60.2598533 ] ] } },
{ "type": "Feature", "properties": { "u": 883156104, "v": 883156145, "key": 0, "osmid": "74754865", "lanes": "1", "ref": null, "name": "Дорожная улица", "highway": "residential", "maxspeed": null, "oneway": false, "reversed": "1", "length": 112.785, "bridge": null, "width": null, "access": null, "service": null }, "geometry": { "type": "LineString", "coordinates": [ [ 29.6342051, 60.2589425 ], [ 29.6343385, 60.2592983 ], [ 29.6344555, 60.2596206 ], [ 29.6345642, 60.259941 ] ] } },
{ "type": "Feature", "properties": { "u": 883156107, "v": 11261590405, "key": 0, "osmid": "1215468985", "lanes": "1", "ref": null, "name": "Розовый переулок", "highway": "residential", "maxspeed": "RU:urban", "oneway": false, "reversed": "1", "length": 113.534, "bridge": null, "width": null, "access": null, "service": null }, "geometry": { "type": "LineString", "coordinates": [ [ 29.6306152, 60.2600651 ], [ 29.6298266, 60.2604309 ], [ 29.6290197, 60.2607056 ] ] } },
{ "type": "Feature", "properties": { "u": 883156116, "v": 11261590405, "key": 0, "osmid": "74754864", "lanes": "1", "ref": null, "name": "Розовый переулок", "highway": "residential", "maxspeed": "RU:urban", "oneway": false, "reversed": "0", "length": 10.242, "bridge": null, "width": null, "access": null, "service": null }, "geometry": { "type": "LineString", "coordinates": [ [ 29.6288709, 60.2607607 ], [ 29.6289874, 60.2607178 ], [ 29.6290197, 60.2607056 ] ] } },
{ "type": "Feature", "properties": { "u": 883156116, "v": 1747122204, "key": 0, "lanes": "2", "ref": "41А-025", "highway": "primary", "maxspeed": "40", "oneway": false, "reversed": "0", "length": 243.471, "bridge": "yes", "width": null, "access": null, "service": null }, "geometry": { "type": "LineString", "coordinates": [ [ 29.6288709, 60.2607607 ], [ 29.629453, 60.2612395 ], [ 29.6301107, 60.2618176 ], [ 29.630355, 60.2619803 ], [ 29.6308168, 60.2621566 ], [ 29.6317444, 60.2622734 ] ] } },
{ "type": "Feature", "properties": { "u": 883156116, "v": 6353731, "key": 0, "osmid": "160401561", "lanes": "2", "ref": "41А-025", "name": "Советская улица", "highway": "primary", "maxspeed": "40", "oneway": false, "reversed": "1", "length": 79.58, "bridge": null, "width": null, "access": null, "service": null }, "geometry": { "type": "LineString", "coordinates": [ [ 29.6288709, 60.2607607 ], [ 29.628449, 60.260465 ], [ 29.6279772, 60.2602002 ] ] } },
{ "type": "Feature", "properties": { "u": 883156120, "v": 883156145, "key": 0, "osmid": "74754865", "lanes": "1", "ref": null, "name": "Дорожная улица", "highway": "residential", "maxspeed": null, "oneway": false, "reversed": "0", "length": 41.523, "bridge": null, "width": null, "access": null, "service": null }, "geometry": { "type": "LineString", "coordinates": [ [ 29.635005, 60.2602432 ], [ 29.6346606, 60.2599952 ], [ 29.6345642, 60.259941 ] ] } },
{ "type": "Feature", "properties": { "u": 883156123, "v": 883156083, "key": 0, "osmid": "74754863", "lanes": null, "ref": null, "name": "Речная улица", "highway": "residential", "maxspeed": null, "oneway": false, "reversed": "1", "length": 254.468, "bridge": null, "width": null, "access": null, "service": null }, "geometry": { "type": "LineString", "coordinates": [ [ 29.6121087, 60.2574608 ], [ 29.6129264, 60.2574518 ], [ 29.6133363, 60.2574284 ], [ 29.6137521, 60.2573805 ], [ 29.6140854, 60.2573504 ], [ 29.6145578, 60.2572928 ], [ 29.615124, 60.2572022 ], [ 29.615935, 60.2570761 ], [ 29.6165937, 60.256982 ] ] } },
{ "type": "Feature", "properties": { "u": 883156143, "v": 883156086, "key": 0, "osmid": "74754861", "lanes": null, "ref": null, "name": "Речной переулок", "highway": "residential", "maxspeed": null, "oneway": false, "reversed": "1", "length": 209.45, "bridge": null, "width": null, "access": null, "service": null }, "geometry": { "type": "LineString", "coordinates": [ [ 29.6446746, 60.2598533 ], [ 29.6444631, 60.2579726 ] ] } },
{ "type": "Feature", "properties": { "u": 883156145, "v": 883156104, "key": 0, "osmid": "74754865", "lanes": "1", "ref": null, "name": "Дорожная улица", "highway": "residential", "maxspeed": null, "oneway": false, "reversed": "0", "length": 112.785, "bridge": null, "width": null, "access": null, "service": null }, "geometry": { "type": "LineString", "coordinates": [ [ 29.6345642, 60.259941 ], [ 29.6344555, 60.2596206 ], [ 29.6343385, 60.2592983 ], [ 29.6342051, 60.2589425 ] ] } },
{ "type": "Feature", "properties": { "u": 883156145, "v": 883156120, "key": 0, "osmid": "74754865", "lanes": "1", "ref": null, "name": "Дорожная улица", "highway": "residential", "maxspeed": null, "oneway": false, "reversed": "1", "length": 41.523, "bridge": null, "width": null, "access": null, "service": null }, "geometry": { "type": "LineString", "coordinates": [ [ 29.6345642, 60.259941 ], [ 29.6346606, 60.2599952 ], [ 29.635005, 60.2602432 ] ] } },
{ "type": "Feature", "properties": { "u": 883156145, "v": 496246342, "key": 0, "lanes": "1", "ref": null, "name": "Дорожный переулок", "highway": "residential", "maxspeed": "RU:urban", "oneway": false, "reversed": "0", "length": 419.07, "bridge": "yes", "width": null, "access": null, "service": null }, "geometry": { "type": "LineString", "coordinates": [ [ 29.6345642, 60.259941 ], [ 29.6340272, 60.2599955 ], [ 29.6338547, 60.2600074 ], [ 29.6336997, 60.2598142 ], [ 29.6334569, 60.2596619 ], [ 29.6332032, 60.2595396 ], [ 29.6330719, 60.2594884 ], [ 29.6328821, 60.2593991 ], [ 29.6326107, 60.2593226 ], [ 29.6324296, 60.259304 ], [ 29.6320595, 60.2592946 ], [ 29.6312863, 60.2592356 ], [ 29.6298551, 60.2592497 ], [ 29.6277507, 60.2595688 ] ] } },
{ "type": "Feature", "properties": { "u": 883185884, "v": 883186091, "key": 0, "osmid": "41213989", "lanes": null, "ref": null, "name": "Боровая улица", "highway": "residential", "maxspeed": null, "oneway": false, "reversed": "0", "length": 74.095, "bridge": null, "width": null, "access": null, "service": null }, "geometry": { "type": "LineString", "coordinates": [ [ 29.6361986, 60.2444413 ], [ 29.6357964, 60.2443839 ], [ 29.6355153, 60.2443086 ], [ 29.6350086, 60.2441448 ] ] } },
{ "type": "Feature", "properties": { "u": 883185884, "v": 883185997, "key": 0, "osmid": "41213989", "lanes": null, "ref": null, "name": "Боровая улица", "highway": "residential", "maxspeed": null, "oneway": false, "reversed": "1", "length": 112.319, "bridge": null, "width": null, "access": null, "service": null }, "geometry": { "type": "LineString", "coordinates": [ [ 29.6361986, 60.2444413 ], [ 29.636682, 60.244498 ], [ 29.6369289, 60.2446942 ], [ 29.6371252, 60.2449147 ], [ 29.6372268, 60.2450737 ], [ 29.6372726, 60.245196 ] ] } },
{ "type": "Feature", "properties": { "u": 883185884, "v": 883186009, "key": 0, "osmid": "74756218", "lanes": null, "ref": null, "name": "Боровая улица", "highway": "residential", "maxspeed": null, "oneway": false, "reversed": "0", "length": 237.411, "bridge": null, "width": null, "access": null, "service": null }, "geometry": { "type": "LineString", "coordinates": [ [ 29.6361986, 60.2444413 ], [ 29.6363389, 60.2445638 ], [ 29.6363765, 60.2446211 ], [ 29.6363398, 60.2447124 ], [ 29.6360531, 60.2448397 ], [ 29.6332714, 60.2457432 ] ] } },
{ "type": "Feature", "properties": { "u": 883185909, "v": 883185918, "key": 0, "osmid": "74756193", "lanes": null, "ref": null, "name": "Боровая улица", "highway": "residential", "maxspeed": null, "oneway": false, "reversed": "0", "length": 109.528, "bridge": null, "width": null, "access": null, "service": null }, "geometry": { "type": "LineString", "coordinates": [ [ 29.6304531, 60.2444578 ], [ 29.6314325, 60.2446817 ], [ 29.6320338, 60.2450183 ] ] } },
{ "type": "Feature", "properties": { "u": 883185909, "v": 858872373, "key": 0, "lanes": null, "ref": null, "name": "Социалистическая улица", "highway": "tertiary", "maxspeed": null, "oneway": false, "reversed": "0", "length": 196.139, "bridge": null, "width": null, "access": null, "service": null }, "geometry": { "type": "LineString", "coordinates": [ [ 29.6304531, 60.2444578 ], [ 29.6308074, 60.2443379 ], [ 29.6312025, 60.244226 ], [ 29.6320014, 60.244037 ], [ 29.6323214, 60.2439569 ], [ 29.632618, 60.2438743 ], [ 29.632891, 60.2437921 ], [ 29.6329413, 60.243777 ], [ 29.6332787, 60.2436547 ], [ 29.6334903, 60.2435556 ] ] } },
{ "type": "Feature", "properties": { "u": 883185909, "v": 298009688, "key": 0, "lanes": "2", "ref": null, "name": "Социалистическая улица", "highway": "tertiary", "oneway": false, "length": 197.836, "bridge": null, "width": null, "access": null, "service": null }, "geometry": { "type": "LineString", "coordinates": [ [ 29.6304531, 60.2444578 ], [ 29.6301386, 60.2445858 ], [ 29.6298915, 60.244702 ], [ 29.6296946, 60.244815 ], [ 29.6294878, 60.2449558 ], [ 29.6293254, 60.2450791 ], [ 29.6291488, 60.2452325 ], [ 29.6290129, 60.2454036 ], [ 29.628903, 60.2454978 ], [ 29.628784, 60.2455998 ], [ 29.6286064, 60.245752 ], [ 29.6285177, 60.2458301 ], [ 29.628434, 60.2459038 ] ] } },
{ "type": "Feature", "properties": { "u": 883185909, "v": 1935120650, "key": 0, "osmid": "183152156", "lanes": null, "ref": null, "name": null, "highway": "residential", "maxspeed": null, "oneway": false, "reversed": "1", "length": 64.389, "bridge": null, "width": null, "access": null, "service": null }, "geometry": { "type": "LineString", "coordinates": [ [ 29.6304531, 60.2444578 ], [ 29.630037, 60.2443357 ], [ 29.629583, 60.2440822 ] ] } },
{ "type": "Feature", "properties": { "u": 883185918, "v": 883186009, "key": 0, "osmid": "74756193", "lanes": null, "ref": null, "name": "Боровая улица", "highway": "residential", "maxspeed": null, "oneway": false, "reversed": "0", "length": 105.649, "bridge": null, "width": null, "access": null, "service": null }, "geometry": { "type": "LineString", "coordinates": [ [ 29.6320338, 60.2450183 ], [ 29.6332714, 60.2457432 ] ] } },
{ "type": "Feature", "properties": { "u": 883185918, "v": 883186091, "key": 0, "osmid": "74756208", "lanes": null, "ref": null, "name": "Боровая улица", "highway": "residential", "maxspeed": null, "oneway": false, "reversed": "0", "length": 190.748, "bridge": null, "width": null, "access": null, "service": null }, "geometry": { "type": "LineString", "coordinates": [ [ 29.6320338, 60.2450183 ], [ 29.6350086, 60.2441448 ] ] } },
{ "type": "Feature", "properties": { "u": 883185918, "v": 883185909, "key": 0, "osmid": "74756193", "lanes": null, "ref": null, "name": "Боровая улица", "highway": "residential", "maxspeed": null, "oneway": false, "reversed": "1", "length": 109.528, "bridge": null, "width": null, "access": null, "service": null }, "geometry": { "type": "LineString", "coordinates": [ [ 29.6320338, 60.2450183 ], [ 29.6314325, 60.2446817 ], [ 29.6304531, 60.2444578 ] ] } },
{ "type": "Feature", "properties": { "u": 883185997, "v": 883185884, "key": 0, "osmid": "41213989", "lanes": null, "ref": null, "name": "Боровая улица", "highway": "residential", "maxspeed": null, "oneway": false, "reversed": "0", "length": 112.319, "bridge": null, "width": null, "access": null, "service": null }, "geometry": { "type": "LineString", "coordinates": [ [ 29.6372726, 60.245196 ], [ 29.6372268, 60.2450737 ], [ 29.6371252, 60.2449147 ], [ 29.6369289, 60.2446942 ], [ 29.636682, 60.244498 ], [ 29.6361986, 60.2444413 ] ] } },
{ "type": "Feature", "properties": { "u": 883185997, "v": 1685435070, "key": 0, "lanes": "1", "ref": null, "highway": "residential", "maxspeed": null, "oneway": false, "reversed": "1", "length": 613.814, "bridge": null, "width": "2", "access": "private", "service": null }, "geometry": { "type": "LineString", "coordinates": [ [ 29.6372726, 60.245196 ], [ 29.6377002, 60.2454858 ], [ 29.6380897, 60.2457396 ], [ 29.6386101, 60.2459315 ], [ 29.6390703, 60.2463389 ], [ 29.640276, 60.2459407 ], [ 29.6405544, 60.2458396 ], [ 29.640631, 60.2457154 ], [ 29.6390783, 60.2450052 ], [ 29.6387041, 60.245009 ], [ 29.6385091, 60.2449802 ], [ 29.6383474, 60.2449564 ], [ 29.6382054, 60.2448429 ], [ 29.6378813, 60.2446573 ], [ 29.6376086, 60.2443186 ], [ 29.6374675, 60.2442239 ], [ 29.6371806, 60.2441161 ], [ 29.6368959, 60.2439087 ], [ 29.6368719, 60.2435853 ] ] } },
{ "type": "Feature", "properties": { "u": 883185997, "v": 883186009, "key": 0, "lanes": null, "ref": null, "name": "Боровая улица", "highway": "residential", "maxspeed": null, "oneway": false, "reversed": "1", "length": 301.022, "bridge": null, "width": null, "access": null, "service": null }, "geometry": { "type": "LineString", "coordinates": [ [ 29.6372726, 60.245196 ], [ 29.6357583, 60.2458701 ], [ 29.634261, 60.2463739 ], [ 29.6341342, 60.2463076 ], [ 29.6332714, 60.2457432 ] ] } },
{ "type": "Feature", "properties": { "u": 883186009, "v": 883185918, "key": 0, "osmid": "74756193", "lanes": null, "ref": null, "name": "Боровая улица", "highway": "residential", "maxspeed": null, "oneway": false, "reversed": "1", "length": 105.649, "bridge": null, "width": null, "access": null, "service": null }, "geometry": { "type": "LineString", "coordinates": [ [ 29.6332714, 60.2457432 ], [ 29.6320338, 60.2450183 ] ] } },
{ "type": "Feature", "properties": { "u": 883186009, "v": 883185997, "key": 0, "lanes": null, "ref": null, "name": "Боровая улица", "highway": "residential", "maxspeed": null, "oneway": false, "reversed": "0", "length": 301.022, "bridge": null, "width": null, "access": null, "service": null }, "geometry": { "type": "LineString", "coordinates": [ [ 29.6332714, 60.2457432 ], [ 29.6341342, 60.2463076 ], [ 29.634261, 60.2463739 ], [ 29.6357583, 60.2458701 ], [ 29.6372726, 60.245196 ] ] } },
{ "type": "Feature", "properties": { "u": 883186009, "v": 883185884, "key": 0, "osmid": "74756218", "lanes": null, "ref": null, "name": "Боровая улица", "highway": "residential", "maxspeed": null, "oneway": false, "reversed": "1", "length": 237.411, "bridge": null, "width": null, "access": null, "service": null }, "geometry": { "type": "LineString", "coordinates": [ [ 29.6332714, 60.2457432 ], [ 29.6360531, 60.2448397 ], [ 29.6363398, 60.2447124 ], [ 29.6363765, 60.2446211 ], [ 29.6363389, 60.2445638 ], [ 29.6361986, 60.2444413 ] ] } },
{ "type": "Feature", "properties": { "u": 883186091, "v": 883185918, "key": 0, "osmid": "74756208", "lanes": null, "ref": null, "name": "Боровая улица", "highway": "residential", "maxspeed": null, "oneway": false, "reversed": "1", "length": 190.748, "bridge": null, "width": null, "access": null, "service": null }, "geometry": { "type": "LineString", "coordinates": [ [ 29.6350086, 60.2441448 ], [ 29.6320338, 60.2450183 ] ] } },
{ "type": "Feature", "properties": { "u": 883186091, "v": 298009692, "key": 0, "osmid": "41213989", "lanes": null, "ref": null, "name": "Боровая улица", "highway": "residential", "maxspeed": null, "oneway": false, "reversed": "0", "length": 95.696, "bridge": null, "width": null, "access": null, "service": null }, "geometry": { "type": "LineString", "coordinates": [ [ 29.6350086, 60.2441448 ], [ 29.6346037, 60.2439727 ], [ 29.6339412, 60.2436651 ], [ 29.6337448, 60.2435567 ] ] } },
{ "type": "Feature", "properties": { "u": 883186091, "v": 883185884, "key": 0, "osmid": "41213989", "lanes": null, "ref": null, "name": "Боровая улица", "highway": "residential", "maxspeed": null, "oneway": false, "reversed": "1", "length": 74.095, "bridge": null, "width": null, "access": null, "service": null }, "geometry": { "type": "LineString", "coordinates": [ [ 29.6350086, 60.2441448 ], [ 29.6355153, 60.2443086 ], [ 29.6357964, 60.2443839 ], [ 29.6361986, 60.2444413 ] ] } },
{ "type": "Feature", "properties": { "u": 925959966, "v": 639816098, "key": 0, "lanes": "2", "ref": "41К-210", "name": "улица Сухотского", "highway": "tertiary", "maxspeed": "RU:urban", "oneway": false, "reversed": "0", "length": 745.498, "bridge": null, "width": null, "access": null, "service": null }, "geometry": { "type": "LineString", "coordinates": [ [ 29.5767531, 60.2473729 ], [ 29.5762188, 60.2475841 ], [ 29.5760187, 60.2476384 ], [ 29.5758672, 60.2476407 ], [ 29.5757076, 60.2476282 ], [ 29.5752581, 60.2475337 ], [ 29.5750978, 60.2475017 ], [ 29.5749856, 60.2474908 ], [ 29.5748587, 60.2474954 ], [ 29.5747285, 60.247519 ], [ 29.5746179, 60.2475589 ], [ 29.5744975, 60.2476181 ], [ 29.5742753, 60.2477223 ], [ 29.5740387, 60.2478345 ], [ 29.5737072, 60.2479124 ], [ 29.5731141, 60.2480294 ], [ 29.5727815, 60.2481392 ], [ 29.5725048, 60.2482521 ], [ 29.5717583, 60.2486944 ], [ 29.5712679, 60.248976 ], [ 29.570804, 60.2492109 ], [ 29.5702841, 60.2494571 ], [ 29.5698976, 60.2495961 ], [ 29.5694438, 60.2496823 ], [ 29.5689626, 60.2497112 ], [ 29.5686106, 60.2497052 ], [ 29.5682525, 60.2496788 ], [ 29.5678552, 60.2496328 ], [ 29.5676627, 60.2496007 ], [ 29.5671308, 60.2494791 ], [ 29.5667093, 60.2493828 ], [ 29.5663805, 60.2493076 ], [ 29.5658712, 60.2491429 ], [ 29.5655331, 60.2489909 ] ] } },
{ "type": "Feature", "properties": { "u": 925959966, "v": 237117, "key": 0, "osmid": "158413615", "lanes": "2", "ref": "41К-210", "name": "улица Сухотского", "highway": "tertiary", "maxspeed": "RU:urban", "oneway": false, "reversed": "1", "length": 130.506, "bridge": null, "width": null, "access": null, "service": null }, "geometry": { "type": "LineString", "coordinates": [ [ 29.5767531, 60.2473729 ], [ 29.5775006, 60.2470627 ], [ 29.5778727, 60.2469051 ], [ 29.5779049, 60.2468924 ], [ 29.5781055, 60.2468553 ], [ 29.5782593, 60.2468148 ], [ 29.5783121, 60.2468371 ], [ 29.5783664, 60.2468576 ], [ 29.5786331, 60.2469578 ] ] } },
{ "type": "Feature", "properties": { "u": 955339875, "v": 571877020, "key": 0, "lanes": null, "ref": null, "name": "Ладожская улица", "highway": "unclassified", "maxspeed": null, "oneway": false, "reversed": "1", "length": 2177.044, "bridge": null, "width": null, "access": null, "service": null }, "geometry": { "type": "LineString", "coordinates": [ [ 29.6574355, 60.2872846 ], [ 29.6569443, 60.2861597 ], [ 29.6569134, 60.2860538 ], [ 29.6567632, 60.2854685 ], [ 29.6565682, 60.2851555 ], [ 29.6564341, 60.2849056 ], [ 29.6560747, 60.2844283 ], [ 29.6558463, 60.2840951 ], [ 29.6550169, 60.2834651 ], [ 29.6543088, 60.2826933 ], [ 29.6541915, 60.2820433 ], [ 29.6545669, 60.2812945 ], [ 29.6548877, 60.2805322 ], [ 29.6551996, 60.2799789 ], [ 29.6555263, 60.2794919 ], [ 29.6555485, 60.2794588 ], [ 29.6555997, 60.2792529 ], [ 29.6557209, 60.2787659 ], [ 29.6558098, 60.2785245 ], [ 29.6558975, 60.2782416 ], [ 29.6559385, 60.2781414 ], [ 29.6559926, 60.2780092 ], [ 29.6559817, 60.2777067 ], [ 29.6559363, 60.2773231 ], [ 29.6558898, 60.2769301 ], [ 29.6560308, 60.2760053 ], [ 29.656238, 60.2756419 ], [ 29.6570287, 60.2746542 ], [ 29.657454, 60.2739713 ], [ 29.6575574, 60.2736309 ], [ 29.6575415, 60.2732992 ], [ 29.6574526, 60.2726938 ], [ 29.6569195, 60.2720477 ], [ 29.6564837, 60.271569 ], [ 29.6553334, 60.2703892 ], [ 29.6551673, 60.2697818 ], [ 29.6552607, 60.2695501 ], [ 29.6555617, 60.2694729 ], [ 29.6565659, 60.2692953 ], [ 29.6569535, 60.2691576 ], [ 29.6571325, 60.269065 ] ] } },
{ "type": "Feature", "properties": { "u": 956009863, "v": 506291543, "key": 0, "osmid": "82084874", "lanes": "1", "ref": null, "name": "переулок Достоевского", "highway": "residential", "maxspeed": null, "oneway": false, "reversed": "0", "length": 90.952, "bridge": null, "width": null, "access": null, "service": null }, "geometry": { "type": "LineString", "coordinates": [ [ 29.5940702, 60.244991 ], [ 29.594088, 60.2458089 ] ] } },
{ "type": "Feature", "properties": { "u": 956009863, "v": 1452328804, "key": 0, "osmid": "82084874", "lanes": "1", "ref": null, "name": "переулок Достоевского", "highway": "residential", "maxspeed": null, "oneway": false, "reversed": "1", "length": 49.914, "bridge": null, "width": null, "access": null, "service": null }, "geometry": { "type": "LineString", "coordinates": [ [ 29.5940702, 60.244991 ], [ 29.5939101, 60.2445492 ] ] } },
{ "type": "Feature", "properties": { "u": 956009863, "v": 1452328806, "key": 0, "osmid": "201390217", "lanes": null, "ref": null, "name": "Еловая улица", "highway": "residential", "maxspeed": null, "oneway": false, "reversed": "0", "length": 144.603, "bridge": null, "width": null, "access": null, "service": null }, "geometry": { "type": "LineString", "coordinates": [ [ 29.5940702, 60.244991 ], [ 29.5966852, 60.2449082 ] ] } },
{ "type": "Feature", "properties": { "u": 956009863, "v": 1462553392, "key": 0, "osmid": "201390217", "lanes": null, "ref": null, "name": "Еловая улица", "highway": "residential", "maxspeed": null, "oneway": false, "reversed": "1", "length": 68.531, "bridge": null, "width": null, "access": null, "service": null }, "geometry": { "type": "LineString", "coordinates": [ [ 29.5940702, 60.244991 ], [ 29.5928324, 60.2450406 ] ] } },
{ "type": "Feature", "properties": { "u": 956009865, "v": 1452328804, "key": 0, "osmid": "82084874", "lanes": "1", "ref": null, "name": "переулок Достоевского", "highway": "residential", "maxspeed": null, "oneway": false, "reversed": "0", "length": 112.402, "bridge": null, "width": null, "access": null, "service": null }, "geometry": { "type": "LineString", "coordinates": [ [ 29.5937615, 60.2435509 ], [ 29.5937215, 60.2435893 ], [ 29.5936929, 60.2437029 ], [ 29.5939101, 60.2445492 ] ] } },
{ "type": "Feature", "properties": { "u": 956009865, "v": 527347031, "key": 0, "osmid": "166129594", "lanes": "1", "ref": null, "name": "Карельская улица", "highway": "residential", "maxspeed": null, "oneway": false, "reversed": "0", "length": 211.172, "bridge": null, "width": "4", "access": null, "service": null }, "geometry": { "type": "LineString", "coordinates": [ [ 29.5937615, 60.2435509 ], [ 29.5949468, 60.2440007 ], [ 29.5953258, 60.2441505 ], [ 29.5968873, 60.2446428 ] ] } },
{ "type": "Feature", "properties": { "u": 956009865, "v": 11350505108, "key": 0, "lanes": "1", "ref": null, "name": "переулок Достоевского", "highway": "residential", "maxspeed": null, "oneway": false, "reversed": "1", "length": 117.406, "bridge": null, "width": null, "access": "private", "service": null }, "geometry": { "type": "LineString", "coordinates": [ [ 29.5937615, 60.2435509 ], [ 29.5944602, 60.2429239 ], [ 29.5944862, 60.2429058 ], [ 29.594835, 60.2426401 ] ] } },
{ "type": "Feature", "properties": { "u": 956009865, "v": 1429141200, "key": 0, "osmid": "1223710381", "lanes": "1", "ref": null, "name": "Карельская улица", "highway": "residential", "maxspeed": null, "oneway": false, "reversed": "1", "length": 163.464, "bridge": null, "width": "4", "access": null, "service": null }, "geometry": { "type": "LineString", "coordinates": [ [ 29.5937615, 60.2435509 ], [ 29.5924398, 60.2428437 ], [ 29.5923855, 60.2426921 ], [ 29.5928268, 60.2424172 ] ] } },
{ "type": "Feature", "properties": { "u": 956009867, "v": 956009869, "key": 0, "osmid": "82084872", "lanes": "1", "ref": null, "name": null, "highway": "residential", "maxspeed": null, "oneway": false, "reversed": "1", "length": 336.665, "bridge": null, "width": null, "access": null, "service": null }, "geometry": { "type": "LineString", "coordinates": [ [ 29.5976954, 60.2434222 ], [ 29.5970867, 60.2438994 ], [ 29.595919, 60.2435525 ], [ 29.5960354, 60.2434081 ], [ 29.5965146, 60.2428278 ], [ 29.5968627, 60.2423768 ], [ 29.5972471, 60.2418911 ] ] } },
{ "type": "Feature", "properties": { "u": 956009869, "v": 956009867, "key": 0, "osmid": "82084872", "lanes": "1", "ref": null, "name": null, "highway": "residential", "maxspeed": null, "oneway": false, "reversed": "0", "length": 336.665, "bridge": null, "width": null, "access": null, "service": null }, "geometry": { "type": "LineString", "coordinates": [ [ 29.5972471, 60.2418911 ], [ 29.5968627, 60.2423768 ], [ 29.5965146, 60.2428278 ], [ 29.5960354, 60.2434081 ], [ 29.595919, 60.2435525 ], [ 29.5970867, 60.2438994 ], [ 29.5976954, 60.2434222 ] ] } },
{ "type": "Feature", "properties": { "u": 956009869, "v": 499049066, "key": 0, "osmid": "82084872", "lanes": "1", "ref": null, "name": null, "highway": "residential", "maxspeed": null, "oneway": false, "reversed": "1", "length": 126.231, "bridge": null, "width": null, "access": null, "service": null }, "geometry": { "type": "LineString", "coordinates": [ [ 29.5972471, 60.2418911 ], [ 29.5981546, 60.2424305 ], [ 29.5989743, 60.2422838 ] ] } },
{ "type": "Feature", "properties": { "u": 956009869, "v": 9319425531, "key": 0, "lanes": "1", "ref": null, "name": "Усадебная улица", "highway": "residential", "maxspeed": null, "oneway": false, "reversed": "0", "length": 204.641, "bridge": null, "width": null, "access": null, "service": null }, "geometry": { "type": "LineString", "coordinates": [ [ 29.5972471, 60.2418911 ], [ 29.5955532, 60.2411363 ], [ 29.5944892, 60.240661 ] ] } },
{ "type": "Feature", "properties": { "u": 956009869, "v": 499049081, "key": 0, "osmid": "132929317", "lanes": "1", "ref": null, "name": null, "highway": "residential", "maxspeed": null, "oneway": false, "reversed": "1", "length": 94.256, "bridge": null, "width": null, "access": null, "service": null }, "geometry": { "type": "LineString", "coordinates": [ [ 29.5972471, 60.2418911 ], [ 29.5975711, 60.2415548 ], [ 29.5977526, 60.2413712 ], [ 29.5979586, 60.2411209 ] ] } },
{ "type": "Feature", "properties": { "u": 1074611817, "v": 13397412145, "key": 0, "osmid": "160401561", "lanes": "2", "ref": "41А-025", "name": "Советская улица", "highway": "primary", "maxspeed": "40", "oneway": false, "reversed": "0", "length": 21.441, "bridge": null, "width": null, "access": null, "service": null }, "geometry": { "type": "LineString", "coordinates": [ [ 29.6166985, 60.2568144 ], [ 29.6170496, 60.2568971 ] ] } },
{ "type": "Feature", "properties": { "u": 1074611817, "v": 883156083, "key": 0, "osmid": "92643496", "lanes": null, "ref": null, "name": null, "highway": "residential", "maxspeed": null, "oneway": false, "reversed": "1", "length": 20.255, "bridge": null, "width": null, "access": null, "service": null }, "geometry": { "type": "LineString", "coordinates": [ [ 29.6166985, 60.2568144 ], [ 29.6166057, 60.2568809 ], [ 29.6165937, 60.256982 ] ] } },
{ "type": "Feature", "properties": { "u": 1074611817, "v": 13397412116, "key": 0, "osmid": "160401561", "lanes": "2", "ref": "41А-025", "name": "Советская улица", "highway": "primary", "maxspeed": "40", "oneway": false, "reversed": "1", "length": 120.225, "bridge": null, "width": null, "access": null, "service": null }, "geometry": { "type": "LineString", "coordinates": [ [ 29.6166985, 60.2568144 ], [ 29.6165291, 60.2567652 ], [ 29.6162582, 60.2566566 ], [ 29.6157226, 60.2564058 ], [ 29.6153972, 60.2562439 ], [ 29.615027, 60.2561283 ] ] } },
{ "type": "Feature", "properties": { "u": 1074637544, "v": 498366189, "key": 0, "osmid": "126547072", "lanes": "1", "ref": null, "name": "улица Верхнее Рощино", "highway": "tertiary", "maxspeed": "RU:urban", "oneway": false, "reversed": "1", "length": 53.574, "bridge": null, "width": null, "access": null, "service": null }, "geometry": { "type": "LineString", "coordinates": [ [ 29.6090857, 60.2494295 ], [ 29.6100265, 60.2493104 ] ] } },
{ "type": "Feature", "properties": { "u": 1074637544, "v": 5714228690, "key": 0, "osmid": "126547072", "lanes": "1", "ref": null, "name": "улица Верхнее Рощино", "highway": "tertiary", "maxspeed": "RU:urban", "oneway": false, "reversed": "0", "length": 100.682, "bridge": null, "width": null, "access": null, "service": null }, "geometry": { "type": "LineString", "coordinates": [ [ 29.6090857, 60.2494295 ], [ 29.6077962, 60.2497215 ], [ 29.6075616, 60.2498867 ] ] } },
{ "type": "Feature", "properties": { "u": 1074637544, "v": 298011459, "key": 0, "osmid": "143323432", "lanes": null, "ref": null, "name": "Вокзальная улица", "highway": "residential", "maxspeed": null, "oneway": false, "reversed": "1", "length": 493.432, "bridge": null, "width": null, "access": null, "service": null }, "geometry": { "type": "LineString", "coordinates": [ [ 29.6090857, 60.2494295 ], [ 29.608487, 60.2492405 ], [ 29.6077262, 60.2489733 ], [ 29.6072735, 60.2487512 ], [ 29.6070223, 60.2485732 ], [ 29.6065838, 60.2483923 ], [ 29.6056895, 60.2480189 ], [ 29.6032873, 60.2471526 ], [ 29.6021837, 60.2468411 ], [ 29.601961, 60.246787 ] ] } },
{ "type": "Feature", "properties": { "u": 1074637565, "v": 98154646, "key": 0, "osmid": "27162128", "lanes": null, "ref": null, "name": "улица Гоголя", "highway": "residential", "maxspeed": null, "oneway": false, "reversed": "0", "length": 563.58, "bridge": null, "width": null, "access": null, "service": null }, "geometry": { "type": "LineString", "coordinates": [ [ 29.6036671, 60.2456303 ], [ 29.6046194, 60.2459742 ], [ 29.6057074, 60.2463596 ], [ 29.6073144, 60.24707 ], [ 29.6084382, 60.2474383 ], [ 29.6117478, 60.2487214 ] ] } },
{ "type": "Feature", "properties": { "u": 1074637565, "v": 298011466, "key": 0, "osmid": "41745166", "lanes": null, "ref": null, "name": "Восточная улица", "highway": "residential", "maxspeed": "60", "oneway": false, "reversed": "0", "length": 111.935, "bridge": null, "width": null, "access": null, "service": null }, "geometry": { "type": "LineString", "coordinates": [ [ 29.6036671, 60.2456303 ], [ 29.6037721, 60.2454724 ], [ 29.6038214, 60.2453111 ], [ 29.603895, 60.2451927 ], [ 29.6039974, 60.2450721 ], [ 29.6041114, 60.2450033 ], [ 29.604353, 60.2448949 ], [ 29.6046019, 60.2447756 ] ] } },
{ "type": "Feature", "properties": { "u": 1074637565, "v": 298011459, "key": 0, "osmid": "41745166", "lanes": null, "ref": null, "name": "Восточная улица", "highway": "residential", "maxspeed": "60", "oneway": false, "reversed": "1", "length": 160.605, "bridge": null, "width": null, "access": null, "service": null }, "geometry": { "type": "LineString", "coordinates": [ [ 29.6036671, 60.2456303 ], [ 29.6036076, 60.245731 ], [ 29.6035602, 60.2457921 ], [ 29.6034773, 60.2458612 ], [ 29.6033059, 60.2459688 ], [ 29.6031386, 60.2460628 ], [ 29.6027793, 60.2462785 ], [ 29.6021319, 60.2466671 ], [ 29.601961, 60.246787 ] ] } },
{ "type": "Feature", "properties": { "u": 1074698047, "v": 1074698076, "key": 0, "osmid": "199042511", "lanes": "1", "ref": null, "name": "Цветочный переулок", "highway": "residential", "maxspeed": null, "oneway": false, "reversed": "1", "length": 94.864, "bridge": null, "width": null, "access": null, "service": null }, "geometry": { "type": "LineString", "coordinates": [ [ 29.5906092, 60.2450998 ], [ 29.5907389, 60.2459505 ] ] } },
{ "type": "Feature", "properties": { "u": 1074698047, "v": 1462553392, "key": 0, "osmid": "201390217", "lanes": null, "ref": null, "name": "Еловая улица", "highway": "residential", "maxspeed": null, "oneway": false, "reversed": "0", "length": 122.864, "bridge": null, "width": null, "access": null, "service": null }, "geometry": { "type": "LineString", "coordinates": [ [ 29.5906092, 60.2450998 ], [ 29.5928324, 60.2450406 ] ] } },
{ "type": "Feature", "properties": { "u": 1074698047, "v": 1462867087, "key": 0, "osmid": "201390217", "lanes": null, "ref": null, "name": "Еловая улица", "highway": "residential", "maxspeed": null, "oneway": false, "reversed": "1", "length": 53.76, "bridge": null, "width": null, "access": null, "service": null }, "geometry": { "type": "LineString", "coordinates": [ [ 29.5906092, 60.2450998 ], [ 29.5896367, 60.2451282 ] ] } },
{ "type": "Feature", "properties": { "u": 1074698076, "v": 506291543, "key": 0, "osmid": "128487589", "lanes": "1", "ref": null, "name": "Цветочная улица", "highway": "residential", "maxspeed": null, "oneway": false, "reversed": "0", "length": 185.485, "bridge": null, "width": null, "access": null, "service": null }, "geometry": { "type": "LineString", "coordinates": [ [ 29.5907389, 60.2459505 ], [ 29.594088, 60.2458089 ] ] } },
{ "type": "Feature", "properties": { "u": 1074698076, "v": 1074698047, "key": 0, "osmid": "199042511", "lanes": "1", "ref": null, "name": "Цветочный переулок", "highway": "residential", "maxspeed": null, "oneway": false, "reversed": "0", "length": 94.864, "bridge": null, "width": null, "access": null, "service": null }, "geometry": { "type": "LineString", "coordinates": [ [ 29.5907389, 60.2459505 ], [ 29.5906092, 60.2450998 ] ] } },
{ "type": "Feature", "properties": { "u": 1074698076, "v": 528144759, "key": 0, "osmid": "199042511", "lanes": "1", "ref": null, "name": "Цветочный переулок", "highway": "residential", "maxspeed": null, "oneway": false, "reversed": "1", "length": 104.125, "bridge": null, "width": null, "access": null, "service": null }, "geometry": { "type": "LineString", "coordinates": [ [ 29.5907389, 60.2459505 ], [ 29.5908798, 60.2468843 ] ] } },
{ "type": "Feature", "properties": { "u": 1074698076, "v": 506291528, "key": 0, "osmid": "128487589", "lanes": "1", "ref": null, "name": "Цветочная улица", "highway": "residential", "maxspeed": null, "oneway": false, "reversed": "1", "length": 290.831, "bridge": null, "width": null, "access": null, "service": null }, "geometry": { "type": "LineString", "coordinates": [ [ 29.5907389, 60.2459505 ], [ 29.5878277, 60.2460908 ], [ 29.5869897, 60.2460703 ], [ 29.585859, 60.2460016 ], [ 29.5854918, 60.2460016 ] ] } },
{ "type": "Feature", "properties": { "u": 1078475801, "v": 499049126, "key": 0, "osmid": "93039227", "lanes": "1", "ref": null, "name": null, "highway": "residential", "maxspeed": null, "oneway": false, "reversed": "1", "length": 91.689, "bridge": null, "width": null, "access": null, "service": null }, "geometry": { "type": "LineString", "coordinates": [ [ 29.6015179, 60.2394692 ], [ 29.6003905, 60.2388636 ] ] } },
{ "type": "Feature", "properties": { "u": 1078485311, "v": 477646909, "key": 0, "osmid": "128435416", "lanes": "1", "ref": null, "name": "Безымянный переулок", "highway": "residential", "maxspeed": null, "oneway": false, "reversed": "1", "length": 107.528, "bridge": null, "width": null, "access": null, "service": null }, "geometry": { "type": "LineString", "coordinates": [ [ 29.5838581, 60.2519336 ], [ 29.5851886, 60.251227 ] ] } },
{ "type": "Feature", "properties": { "u": 1078485311, "v": 1078485327, "key": 0, "osmid": "93040355", "lanes": "1", "ref": null, "name": null, "highway": "residential", "maxspeed": null, "oneway": false, "reversed": "0", "length": 108.772, "bridge": null, "width": null, "access": null, "service": null }, "geometry": { "type": "LineString", "coordinates": [ [ 29.5838581, 60.2519336 ], [ 29.5826547, 60.251483 ], [ 29.5822584, 60.2513634 ] ] } },
{ "type": "Feature", "properties": { "u": 1078485311, "v": 477646884, "key": 0, "osmid": "128435416", "lanes": "1", "ref": null, "name": "Безымянный переулок", "highway": "residential", "maxspeed": null, "oneway": false, "reversed": "0", "length": 252.158, "bridge": null, "width": null, "access": null, "service": null }, "geometry": { "type": "LineString", "coordinates": [ [ 29.5838581, 60.2519336 ], [ 29.583559, 60.2521071 ], [ 29.5821905, 60.2528763 ], [ 29.5823002, 60.25294 ], [ 29.5825289, 60.2533697 ], [ 29.58321, 60.2537178 ] ] } },
{ "type": "Feature", "properties": { "u": 1078485327, "v": 528144776, "key": 0, "osmid": "42320619", "lanes": "1", "ref": null, "name": "Сосновый переулок", "highway": "residential", "maxspeed": null, "oneway": false, "reversed": "0", "length": 103.118, "bridge": null, "width": null, "access": null, "service": null }, "geometry": { "type": "LineString", "coordinates": [ [ 29.5822584, 60.2513634 ], [ 29.5835055, 60.2506727 ] ] } },
{ "type": "Feature", "properties": { "u": 1078485327, "v": 528144771, "key": 0, "osmid": "42320619", "lanes": "1", "ref": null, "name": "Сосновый переулок", "highway": "residential", "maxspeed": null, "oneway": false, "reversed": "1", "length": 18.838, "bridge": null, "width": null, "access": null, "service": null }, "geometry": { "type": "LineString", "coordinates": [ [ 29.5822584, 60.2513634 ], [ 29.5820111, 60.2514802 ] ] } },
{ "type": "Feature", "properties": { "u": 1078485327, "v": 1078485311, "key": 0, "osmid": "93040355", "lanes": "1", "ref": null, "name": null, "highway": "residential", "maxspeed": null, "oneway": false, "reversed": "1", "length": 108.772, "bridge": null, "width": null, "access": null, "service": null }, "geometry": { "type": "LineString", "coordinates": [ [ 29.5822584, 60.2513634 ], [ 29.5826547, 60.251483 ], [ 29.5838581, 60.2519336 ] ] } },
{ "type": "Feature", "properties": { "u": 1078494162, "v": 477646871, "key": 0, "osmid": "31387359", "lanes": "2", "ref": "41А-025", "name": "Железнодорожная улица", "highway": "primary", "maxspeed": "RU:urban", "oneway": false, "reversed": "1", "length": 14.866, "bridge": null, "width": null, "access": null, "service": null }, "geometry": { "type": "LineString", "coordinates": [ [ 29.5812143, 60.2550312 ], [ 29.580999, 60.2549508 ] ] } },
{ "type": "Feature", "properties": { "u": 1078494162, "v": 1482518882, "key": 0, "osmid": "31387359", "lanes": "2", "ref": "41А-025", "name": "Железнодорожная улица", "highway": "primary", "maxspeed": "RU:urban", "oneway": false, "reversed": "0", "length": 53.883, "bridge": null, "width": null, "access": null, "service": null }, "geometry": { "type": "LineString", "coordinates": [ [ 29.5812143, 60.2550312 ], [ 29.5815268, 60.2551469 ], [ 29.5819971, 60.255321 ] ] } },
{ "type": "Feature", "properties": { "u": 1078494162, "v": 477646882, "key": 0, "osmid": "199042510", "lanes": "2", "ref": null, "name": "Новый переулок", "highway": "residential", "maxspeed": "RU:urban", "oneway": false, "reversed": "1", "length": 109.309, "bridge": null, "width": null, "access": null, "service": null }, "geometry": { "type": "LineString", "coordinates": [ [ 29.5812143, 60.2550312 ], [ 29.5812366, 60.2550095 ], [ 29.5812999, 60.2549625 ], [ 29.5814433, 60.2548774 ], [ 29.5818001, 60.2546119 ], [ 29.5819335, 60.2545316 ], [ 29.5823939, 60.254243 ] ] } },
{ "type": "Feature", "properties": { "u": 1080608874, "v": 1080626269, "key": 0, "osmid": "93219121", "lanes": "1", "ref": null, "name": "Светлая улица", "highway": "residential", "maxspeed": null, "oneway": false, "reversed": "1", "length": 36.019, "bridge": null, "width": "2", "access": null, "service": null }, "geometry": { "type": "LineString", "coordinates": [ [ 29.6177628, 60.2403346 ], [ 29.6173245, 60.2400946 ] ] } },
{ "type": "Feature", "properties": { "u": 1080608874, "v": 1446879310, "key": 0, "osmid": "149942083", "lanes": null, "ref": null, "name": "Пихтовый проезд", "highway": "residential", "maxspeed": null, "oneway": false, "reversed": "0", "length": 65.619, "bridge": null, "width": null, "access": null, "service": null }, "geometry": { "type": "LineString", "coordinates": [ [ 29.6177628, 60.2403346 ], [ 29.6166455, 60.2405363 ] ] } },
{ "type": "Feature", "properties": { "u": 1080608874, "v": 98154627, "key": 0, "osmid": "93219121", "lanes": "1", "ref": null, "name": "Светлая улица", "highway": "residential", "maxspeed": null, "oneway": false, "reversed": "0", "length": 290.538, "bridge": null, "width": "2", "access": null, "service": null }, "geometry": { "type": "LineString", "coordinates": [ [ 29.6177628, 60.2403346 ], [ 29.618027, 60.2403999 ], [ 29.6181616, 60.24083 ], [ 29.6182474, 60.2408742 ], [ 29.6184002, 60.2408955 ], [ 29.6190995, 60.240851 ], [ 29.6193356, 60.2408476 ], [ 29.6195313, 60.2409048 ], [ 29.619785, 60.2410036 ], [ 29.6203077, 60.2412071 ], [ 29.6210284, 60.2414876 ], [ 29.6212655, 60.2415886 ], [ 29.6215018, 60.2417647 ] ] } },
{ "type": "Feature", "properties": { "u": 1080608910, "v": 1755040010, "key": 0, "osmid": "93219121", "lanes": "1", "ref": null, "name": "Светлая улица", "highway": "residential", "maxspeed": null, "oneway": false, "reversed": "0", "length": 77.76, "bridge": null, "width": "2", "access": null, "service": null }, "geometry": { "type": "LineString", "coordinates": [ [ 29.6134062, 60.2379857 ], [ 29.6142042, 60.238562 ] ] } },
{ "type": "Feature", "properties": { "u": 1080608910, "v": 1755021459, "key": 0, "osmid": "93219121", "lanes": "1", "ref": null, "name": "Светлая улица", "highway": "residential", "maxspeed": null, "oneway": false, "reversed": "1", "length": 66.889, "bridge": null, "width": "2", "access": null, "service": null }, "geometry": { "type": "LineString", "coordinates": [ [ 29.6134062, 60.2379857 ], [ 29.6130842, 60.2378148 ], [ 29.6125394, 60.2375659 ] ] } },
{ "type": "Feature", "properties": { "u": 1080608910, "v": 1360301981, "key": 0, "lanes": "1", "ref": null, "highway": "residential", "maxspeed": null, "oneway": false, "length": 282.17, "bridge": null, "width": null, "access": null, "service": null }, "geometry": { "type": "LineString", "coordinates": [ [ 29.6134062, 60.2379857 ], [ 29.6158397, 60.2372631 ], [ 29.615909, 60.237183 ], [ 29.6158992, 60.2371133 ], [ 29.615857, 60.2370605 ], [ 29.6159719, 60.2369197 ], [ 29.6159922, 60.2368532 ], [ 29.6159535, 60.2367476 ], [ 29.6157912, 60.2364501 ], [ 29.6156015, 60.2361849 ] ] } },
{ "type": "Feature", "properties": { "u": 1080626242, "v": 1080626244, "key": 0, "lanes": null, "ref": null, "name": "проезд Гагарина", "highway": "residential", "maxspeed": null, "oneway": false, "reversed": "0", "length": 221.455, "bridge": null, "width": null, "access": null, "service": null }, "geometry": { "type": "LineString", "coordinates": [ [ 29.6126848, 60.2402899 ], [ 29.6151895, 60.2399041 ], [ 29.6165169, 60.2396997 ] ] } },
{ "type": "Feature", "properties": { "u": 1080626244, "v": 1080626269, "key": 0, "osmid": "93219121", "lanes": "1", "ref": null, "name": "Светлая улица", "highway": "residential", "maxspeed": null, "oneway": false, "reversed": "0", "length": 62.57, "bridge": null, "width": "2", "access": null, "service": null }, "geometry": { "type": "LineString", "coordinates": [ [ 29.6165169, 60.2396997 ], [ 29.6173245, 60.2400946 ] ] } },
{ "type": "Feature", "properties": { "u": 1080626244, "v": 1080626265, "key": 0, "osmid": "93219121", "lanes": "1", "ref": null, "name": "Светлая улица", "highway": "residential", "maxspeed": null, "oneway": false, "reversed": "1", "length": 81.259, "bridge": null, "width": "2", "access": null, "service": null }, "geometry": { "type": "LineString", "coordinates": [ [ 29.6165169, 60.2396997 ], [ 29.615505, 60.2391689 ] ] } },
{ "type": "Feature", "properties": { "u": 1080626244, "v": 1080626248, "key": 0, "osmid": "93220606", "lanes": null, "ref": null, "name": "проезд Гагарина", "highway": "residential", "maxspeed": null, "oneway": false, "reversed": "0", "length": 274.09, "bridge": null, "width": null, "access": null, "service": null }, "geometry": { "type": "LineString", "coordinates": [ [ 29.6165169, 60.2396997 ], [ 29.6188553, 60.239117 ], [ 29.6196001, 60.2390949 ], [ 29.6201212, 60.2390792 ], [ 29.6206371, 60.239087 ], [ 29.6211884, 60.2390256 ] ] } },
{ "type": "Feature", "properties": { "u": 1080626244, "v": 1080626242, "key": 0, "lanes": null, "ref": null, "name": "проезд Гагарина", "highway": "residential", "maxspeed": null, "oneway": false, "reversed": "1", "length": 221.455, "bridge": null, "width": null, "access": null, "service": null }, "geometry": { "type": "LineString", "coordinates": [ [ 29.6165169, 60.2396997 ], [ 29.6151895, 60.2399041 ], [ 29.6126848, 60.2402899 ] ] } },
{ "type": "Feature", "properties": { "u": 1080626248, "v": 1239555388, "key": 0, "osmid": "107948763", "lanes": "1", "ref": null, "name": "Молодёжная улица", "highway": "residential", "maxspeed": null, "oneway": true, "reversed": "0", "length": 108.854, "bridge": null, "width": null, "access": null, "service": null }, "geometry": { "type": "LineString", "coordinates": [ [ 29.6211884, 60.2390256 ], [ 29.6207348, 60.2380729 ] ] } },
{ "type": "Feature", "properties": { "u": 1080626248, "v": 1080626244, "key": 0, "osmid": "93220606", "lanes": null, "ref": null, "name": "проезд Гагарина", "highway": "residential", "maxspeed": null, "oneway": false, "reversed": "1", "length": 274.09, "bridge": null, "width": null, "access": null, "service": null }, "geometry": { "type": "LineString", "coordinates": [ [ 29.6211884, 60.2390256 ], [ 29.6206371, 60.239087 ], [ 29.6201212, 60.2390792 ], [ 29.6196001, 60.2390949 ], [ 29.6188553, 60.239117 ], [ 29.6165169, 60.2396997 ] ] } },
{ "type": "Feature", "properties": { "u": 1080626253, "v": 1588088322, "key": 0, "osmid": "93220617", "lanes": null, "ref": null, "name": "Инженерная улица", "highway": "residential", "maxspeed": null, "oneway": false, "reversed": "1", "length": 226.972, "bridge": null, "width": null, "access": null, "service": null }, "geometry": { "type": "LineString", "coordinates": [ [ 29.6334095, 60.234347 ], [ 29.6328316, 60.2344821 ], [ 29.631929, 60.2346932 ], [ 29.629872, 60.2353766 ] ] } },
{ "type": "Feature", "properties": { "u": 1080626257, "v": 1080626265, "key": 0, "osmid": "107948761", "lanes": "1", "ref": null, "name": "Фруктовый проезд", "highway": "residential", "maxspeed": null, "oneway": false, "reversed": "0", "length": 177.486, "bridge": null, "width": null, "access": null, "service": null }, "geometry": { "type": "LineString", "coordinates": [ [ 29.6181844, 60.2382864 ], [ 29.615505, 60.2391689 ] ] } },
{ "type": "Feature", "properties": { "u": 1080626257, "v": 1080626273, "key": 0, "osmid": "163833013", "lanes": "1", "ref": null, "name": "Лесной проезд", "highway": "residential", "maxspeed": null, "oneway": false, "reversed": "0", "length": 79.581, "bridge": null, "width": null, "access": null, "service": null }, "geometry": { "type": "LineString", "coordinates": [ [ 29.6181844, 60.2382864 ], [ 29.6178274, 60.237593 ] ] } },
{ "type": "Feature", "properties": { "u": 1080626257, "v": 1239555388, "key": 0, "osmid": "107948761", "lanes": "1", "ref": null, "name": "Фруктовый проезд", "highway": "residential", "maxspeed": null, "oneway": false, "reversed": "1", "length": 142.773, "bridge": null, "width": null, "access": null, "service": null }, "geometry": { "type": "LineString", "coordinates": [ [ 29.6181844, 60.2382864 ], [ 29.620059, 60.2381366 ], [ 29.6207348, 60.2380729 ] ] } },
{ "type": "Feature", "properties": { "u": 1080626264, "v": 1239555389, "key": 0, "osmid": "107948763", "lanes": "1", "ref": null, "name": "Молодёжная улица", "highway": "residential", "maxspeed": null, "oneway": true, "reversed": "0", "length": 80.923, "bridge": null, "width": null, "access": null, "service": null }, "geometry": { "type": "LineString", "coordinates": [ [ 29.6203108, 60.2373247 ], [ 29.6199526, 60.236619 ] ] } },
{ "type": "Feature", "properties": { "u": 1080626264, "v": 1080626273, "key": 0, "osmid": "163831339", "lanes": "1", "ref": null, "name": "Плодовый проезд", "highway": "residential", "maxspeed": null, "oneway": false, "reversed": "1", "length": 140.288, "bridge": null, "width": null, "access": null, "service": null }, "geometry": { "type": "LineString", "coordinates": [ [ 29.6203108, 60.2373247 ], [ 29.6178274, 60.237593 ] ] } },
{ "type": "Feature", "properties": { "u": 1080626265, "v": 1080626244, "key": 0, "osmid": "93219121", "lanes": "1", "ref": null, "name": "Светлая улица", "highway": "residential", "maxspeed": null, "oneway": false, "reversed": "0", "length": 81.259, "bridge": null, "width": "2", "access": null, "service": null }, "geometry": { "type": "LineString", "coordinates": [ [ 29.615505, 60.2391689 ], [ 29.6165169, 60.2396997 ] ] } },
{ "type": "Feature", "properties": { "u": 1080626265, "v": 1080626284, "key": 0, "osmid": "93219121", "lanes": "1", "ref": null, "name": "Светлая улица", "highway": "residential", "maxspeed": null, "oneway": false, "reversed": "1", "length": 91.23, "bridge": null, "width": "2", "access": null, "service": null }, "geometry": { "type": "LineString", "coordinates": [ [ 29.615505, 60.2391689 ], [ 29.614305, 60.2386047 ] ] } },
{ "type": "Feature", "properties": { "u": 1080626265, "v": 1080626257, "key": 0, "osmid": "107948761", "lanes": "1", "ref": null, "name": "Фруктовый проезд", "highway": "residential", "maxspeed": null, "oneway": false, "reversed": "1", "length": 177.486, "bridge": null, "width": null, "access": null, "service": null }, "geometry": { "type": "LineString", "coordinates": [ [ 29.615505, 60.2391689 ], [ 29.6181844, 60.2382864 ] ] } },
{ "type": "Feature", "properties": { "u": 1080626269, "v": 1080608874, "key": 0, "osmid": "93219121", "lanes": "1", "ref": null, "name": "Светлая улица", "highway": "residential", "maxspeed": null, "oneway": false, "reversed": "0", "length": 36.019, "bridge": null, "width": "2", "access": null, "service": null }, "geometry": { "type": "LineString", "coordinates": [ [ 29.6173245, 60.2400946 ], [ 29.6177628, 60.2403346 ] ] } },
{ "type": "Feature", "properties": { "u": 1080626269, "v": 1080626244, "key": 0, "osmid": "93219121", "lanes": "1", "ref": null, "name": "Светлая улица", "highway": "residential", "maxspeed": null, "oneway": false, "reversed": "1", "length": 62.57, "bridge": null, "width": "2", "access": null, "service": null }, "geometry": { "type": "LineString", "coordinates": [ [ 29.6173245, 60.2400946 ], [ 29.6165169, 60.2396997 ] ] } },
{ "type": "Feature", "properties": { "u": 1080626269, "v": 98154624, "key": 0, "osmid": "93220610", "lanes": null, "ref": null, "name": "переулок Титова", "highway": "residential", "maxspeed": null, "oneway": false, "reversed": "0", "length": 255.634, "bridge": null, "width": null, "access": null, "service": null }, "geometry": { "type": "LineString", "coordinates": [ [ 29.6173245, 60.2400946 ], [ 29.6194409, 60.2397953 ], [ 29.6196078, 60.2398563 ], [ 29.6203957, 60.2401441 ], [ 29.6206157, 60.2401548 ], [ 29.6215151, 60.2403982 ] ] } },
{ "type": "Feature", "properties": { "u": 1080626271, "v": 1755021459, "key": 0, "osmid": "93219121", "lanes": "1", "ref": null, "name": "Светлая улица", "highway": "residential", "maxspeed": null, "oneway": false, "reversed": "0", "length": 5.244, "bridge": null, "width": "2", "access": null, "service": null }, "geometry": { "type": "LineString", "coordinates": [ [ 29.6124661, 60.2375359 ], [ 29.6125394, 60.2375659 ] ] } },
{ "type": "Feature", "properties": { "u": 1080626271, "v": 1080626275, "key": 0, "osmid": "93220616", "lanes": "1", "ref": null, "name": "Родниковая улица", "highway": "residential", "maxspeed": null, "oneway": false, "reversed": "0", "length": 139.347, "bridge": null, "width": null, "access": null, "service": null }, "geometry": { "type": "LineString", "coordinates": [ [ 29.6124661, 60.2375359 ], [ 29.6131798, 60.2371443 ], [ 29.6143712, 60.2367248 ] ] } },
{ "type": "Feature", "properties": { "u": 1080626273, "v": 1080626264, "key": 0, "osmid": "163831339", "lanes": "1", "ref": null, "name": "Плодовый проезд", "highway": "residential", "maxspeed": null, "oneway": false, "reversed": "0", "length": 140.288, "bridge": null, "width": null, "access": null, "service": null }, "geometry": { "type": "LineString", "coordinates": [ [ 29.6178274, 60.237593 ], [ 29.6203108, 60.2373247 ] ] } },
{ "type": "Feature", "properties": { "u": 1080626273, "v": 1080626284, "key": 0, "osmid": "163831339", "lanes": "1", "ref": null, "name": "Плодовый проезд", "highway": "residential", "maxspeed": null, "oneway": false, "reversed": "1", "length": 224.626, "bridge": null, "width": null, "access": null, "service": null }, "geometry": { "type": "LineString", "coordinates": [ [ 29.6178274, 60.237593 ], [ 29.614305, 60.2386047 ] ] } },
{ "type": "Feature", "properties": { "u": 1080626273, "v": 1239555378, "key": 0, "osmid": "163833013", "lanes": "1", "ref": null, "name": "Лесной проезд", "highway": "residential", "maxspeed": null, "oneway": false, "reversed": "0", "length": 121.305, "bridge": null, "width": null, "access": null, "service": null }, "geometry": { "type": "LineString", "coordinates": [ [ 29.6178274, 60.237593 ], [ 29.6172743, 60.2365372 ] ] } },
{ "type": "Feature", "properties": { "u": 1080626273, "v": 1080626257, "key": 0, "osmid": "163833013", "lanes": "1", "ref": null, "name": "Лесной проезд", "highway": "residential", "maxspeed": null, "oneway": false, "reversed": "1", "length": 79.581, "bridge": null, "width": null, "access": null, "service": null }, "geometry": { "type": "LineString", "coordinates": [ [ 29.6178274, 60.237593 ], [ 29.6181844, 60.2382864 ] ] } },
{ "type": "Feature", "properties": { "u": 1080626275, "v": 1080626271, "key": 0, "osmid": "93220616", "lanes": "1", "ref": null, "name": "Родниковая улица", "highway": "residential", "maxspeed": null, "oneway": false, "reversed": "1", "length": 139.347, "bridge": null, "width": null, "access": null, "service": null }, "geometry": { "type": "LineString", "coordinates": [ [ 29.6143712, 60.2367248 ], [ 29.6131798, 60.2371443 ], [ 29.6124661, 60.2375359 ] ] } },
{ "type": "Feature", "properties": { "u": 1080626284, "v": 1080626265, "key": 0, "osmid": "93219121", "lanes": "1", "ref": null, "name": "Светлая улица", "highway": "residential", "maxspeed": null, "oneway": false, "reversed": "0", "length": 91.23, "bridge": null, "width": "2", "access": null, "service": null }, "geometry": { "type": "LineString", "coordinates": [ [ 29.614305, 60.2386047 ], [ 29.615505, 60.2391689 ] ] } },
{ "type": "Feature", "properties": { "u": 1080626284, "v": 1755040010, "key": 0, "osmid": "93219121", "lanes": "1", "ref": null, "name": "Светлая улица", "highway": "residential", "maxspeed": null, "oneway": false, "reversed": "1", "length": 7.314, "bridge": null, "width": "2", "access": null, "service": null }, "geometry": { "type": "LineString", "coordinates": [ [ 29.614305, 60.2386047 ], [ 29.6142042, 60.238562 ] ] } },
{ "type": "Feature", "properties": { "u": 1080626284, "v": 1080626273, "key": 0, "osmid": "163831339", "lanes": "1", "ref": null, "name": "Плодовый проезд", "highway": "residential", "maxspeed": null, "oneway": false, "reversed": "0", "length": 224.626, "bridge": null, "width": null, "access": null, "service": null }, "geometry": { "type": "LineString", "coordinates": [ [ 29.614305, 60.2386047 ], [ 29.6178274, 60.237593 ] ] } },
{ "type": "Feature", "properties": { "u": 1080634461, "v": 297815069, "key": 0, "osmid": "155288887", "lanes": "2", "ref": null, "name": "Северный переулок", "highway": "residential", "maxspeed": "RU:urban", "oneway": false, "reversed": "0", "length": 80.503, "bridge": null, "width": null, "access": null, "service": null }, "geometry": { "type": "LineString", "coordinates": [ [ 29.5901346, 60.2585453 ], [ 29.5887769, 60.2582798 ] ] } },
{ "type": "Feature", "properties": { "u": 1080634461, "v": 477646925, "key": 0, "osmid": "93221247", "lanes": "1", "ref": null, "name": "Хвойный переулок", "highway": "residential", "maxspeed": "RU:urban", "oneway": false, "reversed": "1", "length": 200.125, "bridge": null, "width": null, "access": null, "service": null }, "geometry": { "type": "LineString", "coordinates": [ [ 29.5901346, 60.2585453 ], [ 29.5902689, 60.2581817 ], [ 29.5909568, 60.2572747 ], [ 29.5912161, 60.2568953 ], [ 29.5912423, 60.2568363 ] ] } },
{ "type": "Feature", "properties": { "u": 1080634461, "v": 497961320, "key": 0, "osmid": "155288887", "lanes": "2", "ref": null, "name": "Северный переулок", "highway": "residential", "maxspeed": "RU:urban", "oneway": false, "reversed": "1", "length": 117.981, "bridge": null, "width": null, "access": null, "service": null }, "geometry": { "type": "LineString", "coordinates": [ [ 29.5901346, 60.2585453 ], [ 29.5911758, 60.2587564 ], [ 29.5921816, 60.2588203 ] ] } },
{ "type": "Feature", "properties": { "u": 1192717063, "v": 1414848803, "key": 0, "osmid": "103287814", "lanes": null, "ref": null, "name": "улица Первого учителя", "highway": "residential", "maxspeed": null, "oneway": false, "reversed": "0", "length": 291.189, "bridge": null, "width": null, "access": null, "service": null }, "geometry": { "type": "LineString", "coordinates": [ [ 29.6352675, 60.253174 ], [ 29.6359567, 60.2557703 ] ] } },
{ "type": "Feature", "properties": { "u": 1192717063, "v": 7020367083, "key": 0, "osmid": "127945380", "lanes": null, "ref": null, "name": "улица Воропаева", "highway": "residential", "maxspeed": null, "oneway": false, "reversed": "0", "length": 75.798, "bridge": null, "width": null, "access": null, "service": null }, "geometry": { "type": "LineString", "coordinates": [ [ 29.6352675, 60.253174 ], [ 29.6366394, 60.2531376 ] ] } },
{ "type": "Feature", "properties": { "u": 1192717063, "v": 1414848789, "key": 0, "osmid": "127945380", "lanes": null, "ref": null, "name": "улица Воропаева", "highway": "residential", "maxspeed": null, "oneway": false, "reversed": "1", "length": 200.705, "bridge": null, "width": null, "access": null, "service": null }, "geometry": { "type": "LineString", "coordinates": [ [ 29.6352675, 60.253174 ], [ 29.6331309, 60.2531994 ], [ 29.6316338, 60.2532504 ] ] } },
{ "type": "Feature", "properties": { "u": 1192717065, "v": 1445236217, "key": 0, "osmid": "114389382", "lanes": "1", "ref": null, "name": "улица Ахматовой", "highway": "residential", "maxspeed": null, "oneway": false, "reversed": "0", "length": 81.701, "bridge": null, "width": null, "access": null, "service": null }, "geometry": { "type": "LineString", "coordinates": [ [ 29.6330414, 60.2559115 ], [ 29.6329919, 60.2559854 ], [ 29.6333331, 60.2566201 ] ] } },
{ "type": "Feature", "properties": { "u": 1192717065, "v": 1295863514, "key": 0, "osmid": "114389382", "lanes": "1", "ref": null, "name": "улица Ахматовой", "highway": "residential", "maxspeed": null, "oneway": false, "reversed": "1", "length": 128.545, "bridge": null, "width": null, "access": null, "service": null }, "geometry": { "type": "LineString", "coordinates": [ [ 29.6330414, 60.2559115 ], [ 29.6330543, 60.2558417 ], [ 29.6327857, 60.2553857 ], [ 29.6324877, 60.254793 ] ] } },
{ "type": "Feature", "properties": { "u": 1192717065, "v": 1414848803, "key": 0, "osmid": "750901378", "lanes": null, "ref": null, "name": "Майский переулок", "highway": "residential", "maxspeed": null, "oneway": false, "reversed": "1", "length": 162.392, "bridge": null, "width": null, "access": null, "service": null }, "geometry": { "type": "LineString", "coordinates": [ [ 29.6330414, 60.2559115 ], [ 29.6332099, 60.2558682 ], [ 29.6359567, 60.2557703 ] ] } },
{ "type": "Feature", "properties": { "u": 1214456775, "v": 503576552, "key": 0, "osmid": "41213238", "lanes": null, "ref": null, "name": "Тракторный переулок", "highway": "unclassified", "maxspeed": null, "oneway": false, "reversed": "1", "length": 86.93, "bridge": null, "width": null, "access": null, "service": null }, "geometry": { "type": "LineString", "coordinates": [ [ 29.6366357, 60.2504675 ], [ 29.6359956, 60.2506946 ], [ 29.6353056, 60.2508841 ] ] } },
{ "type": "Feature", "properties": { "u": 1214456775, "v": 298009688, "key": 0, "lanes": null, "ref": null, "highway": "unclassified", "maxspeed": null, "oneway": false, "length": 729.57, "bridge": null, "width": null, "access": null, "service": null }, "geometry": { "type": "LineString", "coordinates": [ [ 29.6366357, 60.2504675 ], [ 29.6368353, 60.2503296 ], [ 29.6369424, 60.2502355 ], [ 29.6369533, 60.2501034 ], [ 29.6369523, 60.2497205 ], [ 29.6369713, 60.249582 ], [ 29.6337957, 60.2482764 ], [ 29.6335359, 60.2481644 ], [ 29.6334021, 60.2481052 ], [ 29.6332256, 60.2480289 ], [ 29.6330058, 60.2479307 ], [ 29.63278, 60.2477994 ], [ 29.6318121, 60.2474358 ], [ 29.6312503, 60.2471935 ], [ 29.6310811, 60.2471157 ], [ 29.6309389, 60.2470396 ], [ 29.6307837, 60.2469493 ], [ 29.6303352, 60.2467194 ], [ 29.6298802, 60.2465026 ], [ 29.6294253, 60.2463111 ], [ 29.6290701, 60.2461588 ], [ 29.6288164, 60.2460508 ], [ 29.6285987, 60.2459235 ], [ 29.628434, 60.2459038 ] ] } },
{ "type": "Feature", "properties": { "u": 1214456775, "v": 7020367082, "key": 0, "lanes": null, "ref": null, "name": "Детская улица", "highway": "residential", "maxspeed": null, "oneway": false, "reversed": "0", "length": 128.366, "bridge": null, "width": "3", "access": null, "service": null }, "geometry": { "type": "LineString", "coordinates": [ [ 29.6366357, 60.2504675 ], [ 29.637004, 60.2507338 ], [ 29.6380663, 60.2513768 ] ] } },
{ "type": "Feature", "properties": { "u": 1215322056, "v": 883126376, "key": 0, "lanes": null, "ref": null, "highway": "residential", "maxspeed": null, "oneway": false, "length": 348.366, "bridge": null, "width": "3", "access": null, "service": null }, "geometry": { "type": "LineString", "coordinates": [ [ 29.6391413, 60.2601975 ], [ 29.6392518, 60.2602147 ], [ 29.6397078, 60.26026 ], [ 29.640153, 60.2602759 ], [ 29.6404427, 60.2602813 ], [ 29.6410824, 60.2602754 ], [ 29.6406549, 60.2582006 ], [ 29.6406493, 60.2581241 ] ] } },
{ "type": "Feature", "properties": { "u": 1215322056, "v": 13397412587, "key": 0, "osmid": "1460722440", "lanes": null, "ref": null, "name": "Зелёная улица", "highway": "residential", "maxspeed": null, "oneway": false, "reversed": "0", "length": 64.572, "bridge": null, "width": "3", "access": null, "service": null }, "geometry": { "type": "LineString", "coordinates": [ [ 29.6391413, 60.2601975 ], [ 29.6392196, 60.2605926 ], [ 29.6394503, 60.2607363 ] ] } },
{ "type": "Feature", "properties": { "u": 1215322056, "v": 652645960, "key": 0, "osmid": "1460722440", "lanes": null, "ref": null, "name": "Зелёная улица", "highway": "residential", "maxspeed": null, "oneway": false, "reversed": "1", "length": 225.29, "bridge": null, "width": "3", "access": null, "service": null }, "geometry": { "type": "LineString", "coordinates": [ [ 29.6391413, 60.2601975 ], [ 29.639048, 60.2596452 ], [ 29.6389112, 60.2590678 ], [ 29.6387187, 60.2582543 ], [ 29.6386592, 60.2581893 ] ] } },
{ "type": "Feature", "properties": { "u": 1215737071, "v": 1215737077, "key": 0, "osmid": "105571101", "lanes": null, "ref": null, "name": null, "highway": "residential", "maxspeed": null, "oneway": false, "reversed": "0", "length": 163.702, "bridge": null, "width": null, "access": null, "service": null }, "geometry": { "type": "LineString", "coordinates": [ [ 29.6273242, 60.2642587 ], [ 29.6274354, 60.26421 ], [ 29.6281178, 60.2634554 ], [ 29.6283672, 60.2631948 ], [ 29.6284155, 60.2629127 ] ] } },
{ "type": "Feature", "properties": { "u": 1215737071, "v": 1628809698, "key": 0, "osmid": "180017040", "lanes": "2", "ref": null, "name": "улица Кирова", "highway": "tertiary", "maxspeed": null, "oneway": false, "reversed": "0", "length": 137.339, "bridge": null, "width": null, "access": null, "service": null }, "geometry": { "type": "LineString", "coordinates": [ [ 29.6273242, 60.2642587 ], [ 29.6275276, 60.2646583 ], [ 29.6277094, 60.2649307 ], [ 29.6279525, 60.265453 ] ] } },
{ "type": "Feature", "properties": { "u": 1215737071, "v": 1794705504, "key": 0, "osmid": "180017040", "lanes": "2", "ref": null, "name": "улица Кирова", "highway": "tertiary", "maxspeed": null, "oneway": false, "reversed": "1", "length": 335.097, "bridge": null, "width": null, "access": null, "service": null }, "geometry": { "type": "LineString", "coordinates": [ [ 29.6273242, 60.2642587 ], [ 29.6269646, 60.2641103 ], [ 29.625881, 60.2638655 ], [ 29.6242792, 60.2635421 ], [ 29.6216712, 60.2632197 ] ] } },
{ "type": "Feature", "properties": { "u": 1215737077, "v": 1215737071, "key": 0, "osmid": "105571101", "lanes": null, "ref": null, "name": null, "highway": "residential", "maxspeed": null, "oneway": false, "reversed": "1", "length": 163.702, "bridge": null, "width": null, "access": null, "service": null }, "geometry": { "type": "LineString", "coordinates": [ [ 29.6284155, 60.2629127 ], [ 29.6283672, 60.2631948 ], [ 29.6281178, 60.2634554 ], [ 29.6274354, 60.26421 ], [ 29.6273242, 60.2642587 ] ] } },
{ "type": "Feature", "properties": { "u": 1226495896, "v": 4845978367, "key": 0, "osmid": "181050627", "lanes": null, "ref": null, "name": null, "highway": "residential", "maxspeed": null, "oneway": false, "reversed": "0", "length": 105.792, "bridge": null, "width": null, "access": null, "service": null }, "geometry": { "type": "LineString", "coordinates": [ [ 29.6110006, 60.2342887 ], [ 29.6116634, 60.2351814 ] ] } },
{ "type": "Feature", "properties": { "u": 1239555374, "v": 1239555383, "key": 0, "osmid": "167584482", "lanes": null, "ref": null, "name": "Геологическая улица", "highway": "residential", "maxspeed": null, "oneway": false, "reversed": "0", "length": 86.637, "bridge": null, "width": null, "access": null, "service": null }, "geometry": { "type": "LineString", "coordinates": [ [ 29.6278555, 60.240126 ], [ 29.6287917, 60.2407514 ] ] } },
{ "type": "Feature", "properties": { "u": 1239555374, "v": 1342337097, "key": 0, "osmid": "167584482", "lanes": null, "ref": null, "name": "Геологическая улица", "highway": "residential", "maxspeed": null, "oneway": false, "reversed": "1", "length": 152.087, "bridge": null, "width": null, "access": null, "service": null }, "geometry": { "type": "LineString", "coordinates": [ [ 29.6278555, 60.240126 ], [ 29.6257617, 60.240977 ], [ 29.625718, 60.2409884 ] ] } },
{ "type": "Feature", "properties": { "u": 1239555374, "v": 7020223195, "key": 0, "osmid": "750878385", "lanes": null, "ref": null, "name": "Южная улица", "highway": "unclassified", "maxspeed": null, "oneway": false, "reversed": "1", "length": 181.906, "bridge": null, "width": null, "access": null, "service": null }, "geometry": { "type": "LineString", "coordinates": [ [ 29.6278555, 60.240126 ], [ 29.6268805, 60.2395102 ], [ 29.6255944, 60.2400755 ] ] } },
{ "type": "Feature", "properties": { "u": 1239555378, "v": 1481882056, "key": 0, "osmid": "142334288", "lanes": "1", "ref": null, "name": "Водоемный проезд", "highway": "residential", "maxspeed": null, "oneway": false, "reversed": "1", "length": 33.458, "bridge": null, "width": null, "access": null, "service": null }, "geometry": { "type": "LineString", "coordinates": [ [ 29.6172743, 60.2365372 ], [ 29.6178792, 60.2365181 ] ] } },
{ "type": "Feature", "properties": { "u": 1239555378, "v": 1080626273, "key": 0, "osmid": "163833013", "lanes": "1", "ref": null, "name": "Лесной проезд", "highway": "residential", "maxspeed": null, "oneway": false, "reversed": "1", "length": 121.305, "bridge": null, "width": null, "access": null, "service": null }, "geometry": { "type": "LineString", "coordinates": [ [ 29.6172743, 60.2365372 ], [ 29.6178274, 60.237593 ] ] } },
{ "type": "Feature", "properties": { "u": 1239555378, "v": 1481882054, "key": 0, "osmid": "199042512", "lanes": "1", "ref": null, "name": "Лесной проезд", "highway": "residential", "maxspeed": null, "oneway": false, "reversed": "0", "length": 126.773, "bridge": null, "width": null, "access": null, "service": null }, "geometry": { "type": "LineString", "coordinates": [ [ 29.6172743, 60.2365372 ], [ 29.6170006, 60.235947 ], [ 29.616896, 60.2358063 ], [ 29.616633, 60.2356268 ], [ 29.6164469, 60.2354931 ] ] } },
{ "type": "Feature", "properties": { "u": 1239555383, "v": 858872486, "key": 0, "osmid": "165664705", "lanes": null, "ref": null, "name": "Центральная улица", "highway": "residential", "maxspeed": null, "oneway": false, "reversed": "0", "length": 117.94, "bridge": null, "width": null, "access": null, "service": null }, "geometry": { "type": "LineString", "coordinates": [ [ 29.6287917, 60.2407514 ], [ 29.630412, 60.2400599 ] ] } },
{ "type": "Feature", "properties": { "u": 1239555383, "v": 1239555391, "key": 0, "osmid": "167584482", "lanes": null, "ref": null, "name": "Геологическая улица", "highway": "residential", "maxspeed": null, "oneway": false, "reversed": "0", "length": 44.314, "bridge": null, "width": null, "access": null, "service": null }, "geometry": { "type": "LineString", "coordinates": [ [ 29.6287917, 60.2407514 ], [ 29.6292689, 60.2410719 ] ] } },
{ "type": "Feature", "properties": { "u": 1239555383, "v": 1239555374, "key": 0, "osmid": "167584482", "lanes": null, "ref": null, "name": "Геологическая улица", "highway": "residential", "maxspeed": null, "oneway": false, "reversed": "1", "length": 86.637, "bridge": null, "width": null, "access": null, "service": null }, "geometry": { "type": "LineString", "coordinates": [ [ 29.6287917, 60.2407514 ], [ 29.6278555, 60.240126 ] ] } },
{ "type": "Feature", "properties": { "u": 1239555383, "v": 858872392, "key": 0, "lanes": null, "ref": null, "name": "Центральная улица", "highway": "residential", "maxspeed": null, "oneway": false, "reversed": "1", "length": 162.291, "bridge": null, "width": null, "access": null, "service": null }, "geometry": { "type": "LineString", "coordinates": [ [ 29.6287917, 60.2407514 ], [ 29.6264949, 60.2416193 ], [ 29.6264453, 60.2416297 ] ] } },
{ "type": "Feature", "properties": { "u": 1239555388, "v": 1080626264, "key": 0, "osmid": "107948763", "lanes": "1", "ref": null, "name": "Молодёжная улица", "highway": "residential", "maxspeed": null, "oneway": true, "reversed": "0", "length": 86.425, "bridge": null, "width": null, "access": null, "service": null }, "geometry": { "type": "LineString", "coordinates": [ [ 29.6207348, 60.2380729 ], [ 29.6203108, 60.2373247 ] ] } },
{ "type": "Feature", "properties": { "u": 1239555388, "v": 1080626257, "key": 0, "osmid": "107948761", "lanes": "1", "ref": null, "name": "Фруктовый проезд", "highway": "residential", "maxspeed": null, "oneway": false, "reversed": "0", "length": 142.773, "bridge": null, "width": null, "access": null, "service": null }, "geometry": { "type": "LineString", "coordinates": [ [ 29.6207348, 60.2380729 ], [ 29.620059, 60.2381366 ], [ 29.6181844, 60.2382864 ] ] } },
{ "type": "Feature", "properties": { "u": 1239555389, "v": 1755021329, "key": 0, "osmid": "107948762", "lanes": "1", "ref": null, "name": null, "highway": "residential", "maxspeed": null, "oneway": false, "reversed": "0", "length": 49.887, "bridge": null, "width": null, "access": null, "service": null }, "geometry": { "type": "LineString", "coordinates": [ [ 29.6199526, 60.236619 ], [ 29.6208241, 60.2365002 ] ] } },
{ "type": "Feature", "properties": { "u": 1239555389, "v": 1375480878, "key": 0, "osmid": "142334288", "lanes": "1", "ref": null, "name": "Водоемный проезд", "highway": "residential", "maxspeed": null, "oneway": false, "reversed": "0", "length": 40.877, "bridge": null, "width": null, "access": null, "service": null }, "geometry": { "type": "LineString", "coordinates": [ [ 29.6199526, 60.236619 ], [ 29.6198192, 60.2364831 ], [ 29.6193844, 60.2364671 ] ] } },
{ "type": "Feature", "properties": { "u": 1239555391, "v": 1239555383, "key": 0, "osmid": "167584482", "lanes": null, "ref": null, "name": "Геологическая улица", "highway": "residential", "maxspeed": null, "oneway": false, "reversed": "1", "length": 44.314, "bridge": null, "width": null, "access": null, "service": null }, "geometry": { "type": "LineString", "coordinates": [ [ 29.6292689, 60.2410719 ], [ 29.6287917, 60.2407514 ] ] } },
{ "type": "Feature", "properties": { "u": 1239558351, "v": 1239558376, "key": 0, "osmid": "107949017", "lanes": null, "ref": null, "name": "Верхняя улица", "highway": "residential", "maxspeed": null, "oneway": false, "reversed": "0", "length": 67.794, "bridge": null, "width": null, "access": null, "service": null }, "geometry": { "type": "LineString", "coordinates": [ [ 29.6146211, 60.2443559 ], [ 29.6155381, 60.2447616 ] ] } },
{ "type": "Feature", "properties": { "u": 1239558351, "v": 1295863535, "key": 0, "osmid": "107949017", "lanes": null, "ref": null, "name": "Верхняя улица", "highway": "residential", "maxspeed": null, "oneway": false, "reversed": "1", "length": 69.688, "bridge": null, "width": null, "access": null, "service": null }, "geometry": { "type": "LineString", "coordinates": [ [ 29.6146211, 60.2443559 ], [ 29.6136912, 60.2439319 ] ] } },
{ "type": "Feature", "properties": { "u": 1239558351, "v": 1239558358, "key": 0, "osmid": "750841280", "lanes": null, "ref": null, "name": "13-я улица", "highway": "residential", "maxspeed": null, "oneway": false, "reversed": "0", "length": 95.697, "bridge": null, "width": null, "access": null, "service": null }, "geometry": { "type": "LineString", "coordinates": [ [ 29.6146211, 60.2443559 ], [ 29.6134277, 60.2449803 ] ] } },
{ "type": "Feature", "properties": { "u": 1239558351, "v": 1239558368, "key": 0, "osmid": "750841280", "lanes": null, "ref": null, "name": "13-я улица", "highway": "residential", "maxspeed": null, "oneway": false, "reversed": "1", "length": 218.503, "bridge": null, "width": null, "access": null, "service": null }, "geometry": { "type": "LineString", "coordinates": [ [ 29.6146211, 60.2443559 ], [ 29.6153107, 60.2439739 ], [ 29.6159329, 60.2437822 ], [ 29.6175821, 60.2430644 ] ] } },
{ "type": "Feature", "properties": { "u": 1239558356, "v": 672555557, "key": 0, "osmid": "107949012", "lanes": null, "ref": null, "name": "Хвойная улица", "highway": "residential", "maxspeed": null, "oneway": false, "reversed": "1", "length": 177.204, "bridge": null, "width": null, "access": null, "service": null }, "geometry": { "type": "LineString", "coordinates": [ [ 29.6123656, 60.2404754 ], [ 29.6104505, 60.2412103 ], [ 29.6100518, 60.2408718 ] ] } },
{ "type": "Feature", "properties": { "u": 1239558358, "v": 1239558351, "key": 0, "osmid": "750841280", "lanes": null, "ref": null, "name": "13-я улица", "highway": "residential", "maxspeed": null, "oneway": false, "reversed": "1", "length": 95.697, "bridge": null, "width": null, "access": null, "service": null }, "geometry": { "type": "LineString", "coordinates": [ [ 29.6134277, 60.2449803 ], [ 29.6146211, 60.2443559 ] ] } },
{ "type": "Feature", "properties": { "u": 1239558361, "v": 98154633, "key": 0, "osmid": "126547072", "lanes": "1", "ref": null, "name": "улица Верхнее Рощино", "highway": "tertiary", "maxspeed": "RU:urban", "oneway": false, "reversed": "0", "length": 35.104, "bridge": null, "width": null, "access": null, "service": null }, "geometry": { "type": "LineString", "coordinates": [ [ 29.6188981, 60.2441094 ], [ 29.6184297, 60.244323 ] ] } },
{ "type": "Feature", "properties": { "u": 1239558361, "v": 1495262646, "key": 0, "osmid": "126547072", "lanes": "1", "ref": null, "name": "улица Верхнее Рощино", "highway": "tertiary", "maxspeed": "RU:urban", "oneway": false, "reversed": "1", "length": 44.676, "bridge": null, "width": null, "access": null, "service": null }, "geometry": { "type": "LineString", "coordinates": [ [ 29.6188981, 60.2441094 ], [ 29.6194954, 60.2438382 ] ] } },
{ "type": "Feature", "properties": { "u": 1239558361, "v": 1295858174, "key": 0, "osmid": "107949016", "lanes": null, "ref": null, "name": "Верхний проезд", "highway": "residential", "maxspeed": null, "oneway": false, "reversed": "0", "length": 105.555, "bridge": null, "width": null, "access": null, "service": null }, "geometry": { "type": "LineString", "coordinates": [ [ 29.6188981, 60.2441094 ], [ 29.6182099, 60.2437208 ], [ 29.6178748, 60.2433222 ] ] } },
{ "type": "Feature", "properties": { "u": 1239558362, "v": 1752747251, "key": 0, "osmid": "163607659", "lanes": null, "ref": null, "name": "10-я улица", "highway": "residential", "maxspeed": null, "oneway": false, "reversed": "1", "length": 118.649, "bridge": null, "width": null, "access": null, "service": null }, "geometry": { "type": "LineString", "coordinates": [ [ 29.611894, 60.2430217 ], [ 29.6104484, 60.2438115 ] ] } },
{ "type": "Feature", "properties": { "u": 1239558362, "v": 1239558369, "key": 0, "osmid": "107949017", "lanes": null, "ref": null, "name": "Верхняя улица", "highway": "residential", "maxspeed": null, "oneway": false, "reversed": "0", "length": 70.675, "bridge": null, "width": null, "access": null, "service": null }, "geometry": { "type": "LineString", "coordinates": [ [ 29.611894, 60.2430217 ], [ 29.6122703, 60.2432786 ], [ 29.6127575, 60.2434851 ] ] } },
{ "type": "Feature", "properties": { "u": 1239558362, "v": 1752747225, "key": 0, "osmid": "107949017", "lanes": null, "ref": null, "name": "Верхняя улица", "highway": "residential", "maxspeed": null, "oneway": false, "reversed": "1", "length": 71.153, "bridge": null, "width": null, "access": null, "service": null }, "geometry": { "type": "LineString", "coordinates": [ [ 29.611894, 60.2430217 ], [ 29.6111532, 60.2425415 ], [ 29.6111085, 60.2425143 ] ] } },
{ "type": "Feature", "properties": { "u": 1239558362, "v": 1752647407, "key": 0, "osmid": "163607658", "lanes": null, "ref": null, "name": "Северная улица", "highway": "residential", "maxspeed": null, "oneway": false, "reversed": "0", "length": 105.477, "bridge": null, "width": null, "access": null, "service": null }, "geometry": { "type": "LineString", "coordinates": [ [ 29.611894, 60.2430217 ], [ 29.6132924, 60.2424639 ], [ 29.6133706, 60.2424206 ] ] } },
{ "type": "Feature", "properties": { "u": 1239558366, "v": 672555554, "key": 0, "osmid": "163831399", "lanes": null, "ref": null, "name": "8-я улица", "highway": "residential", "maxspeed": null, "oneway": false, "reversed": "0", "length": 6.818, "bridge": null, "width": null, "access": null, "service": null }, "geometry": { "type": "LineString", "coordinates": [ [ 29.6096599, 60.2422982 ], [ 29.6096014, 60.2422442 ] ] } },
{ "type": "Feature", "properties": { "u": 1239558366, "v": 499041227, "key": 0, "osmid": "53141857", "lanes": null, "ref": null, "name": "8-я улица", "highway": "residential", "maxspeed": null, "oneway": false, "reversed": "1", "length": 110.659, "bridge": null, "width": null, "access": null, "service": null }, "geometry": { "type": "LineString", "coordinates": [ [ 29.6096599, 60.2422982 ], [ 29.6094811, 60.2426904 ], [ 29.6095437, 60.2428901 ], [ 29.6096199, 60.2429732 ], [ 29.6099208, 60.243233 ] ] } },
{ "type": "Feature", "properties": { "u": 1239558366, "v": 1752747225, "key": 0, "osmid": "107949017", "lanes": null, "ref": null, "name": "Верхняя улица", "highway": "residential", "maxspeed": null, "oneway": false, "reversed": "0", "length": 88.362, "bridge": null, "width": null, "access": null, "service": null }, "geometry": { "type": "LineString", "coordinates": [ [ 29.6096599, 60.2422982 ], [ 29.610122, 60.2423551 ], [ 29.6104862, 60.2423264 ], [ 29.610797, 60.2423631 ], [ 29.6109945, 60.2424488 ], [ 29.6111085, 60.2425143 ] ] } },
{ "type": "Feature", "properties": { "u": 1239558366, "v": 1752698575, "key": 0, "lanes": null, "ref": null, "name": "Центральная улица", "highway": "residential", "maxspeed": null, "oneway": false, "reversed": "1", "length": 217.51, "bridge": null, "width": null, "access": null, "service": null }, "geometry": { "type": "LineString", "coordinates": [ [ 29.6096599, 60.2422982 ], [ 29.6097356, 60.2422691 ], [ 29.6127771, 60.2411013 ] ] } },
{ "type": "Feature", "properties": { "u": 1239558368, "v": 1295858174, "key": 0, "osmid": "107949016", "lanes": null, "ref": null, "name": "Верхний проезд", "highway": "residential", "maxspeed": null, "oneway": false, "reversed": "1", "length": 32.904, "bridge": null, "width": null, "access": null, "service": null }, "geometry": { "type": "LineString", "coordinates": [ [ 29.6175821, 60.2430644 ], [ 29.6178748, 60.2433222 ] ] } },
{ "type": "Feature", "properties": { "u": 1239558368, "v": 1295858166, "key": 0, "osmid": "750841279", "lanes": null, "ref": null, "name": "Короткий переулок", "highway": "residential", "maxspeed": null, "oneway": false, "reversed": "1", "length": 35.755, "bridge": null, "width": null, "access": null, "service": null }, "geometry": { "type": "LineString", "coordinates": [ [ 29.6175821, 60.2430644 ], [ 29.6177885, 60.2427596 ] ] } },
{ "type": "Feature", "properties": { "u": 1239558368, "v": 1239558351, "key": 0, "osmid": "750841280", "lanes": null, "ref": null, "name": "13-я улица", "highway": "residential", "maxspeed": null, "oneway": false, "reversed": "0", "length": 218.503, "bridge": null, "width": null, "access": null, "service": null }, "geometry": { "type": "LineString", "coordinates": [ [ 29.6175821, 60.2430644 ], [ 29.6159329, 60.2437822 ], [ 29.6153107, 60.2439739 ], [ 29.6146211, 60.2443559 ] ] } },
{ "type": "Feature", "properties": { "u": 1239558369, "v": 1295863535, "key": 0, "osmid": "107949017", "lanes": null, "ref": null, "name": "Верхняя улица", "highway": "residential", "maxspeed": null, "oneway": false, "reversed": "0", "length": 71.579, "bridge": null, "width": null, "access": null, "service": null }, "geometry": { "type": "LineString", "coordinates": [ [ 29.6127575, 60.2434851 ], [ 29.6136912, 60.2439319 ] ] } },
{ "type": "Feature", "properties": { "u": 1239558369, "v": 1752747249, "key": 0, "osmid": "163607660", "lanes": null, "ref": null, "name": "11-я улица", "highway": "residential", "maxspeed": null, "oneway": false, "reversed": "0", "length": 84.45, "bridge": null, "width": null, "access": null, "service": null }, "geometry": { "type": "LineString", "coordinates": [ [ 29.6127575, 60.2434851 ], [ 29.6137733, 60.2429171 ] ] } },
{ "type": "Feature", "properties": { "u": 1239558369, "v": 1752747252, "key": 0, "osmid": "163607660", "lanes": null, "ref": null, "name": "11-я улица", "highway": "residential", "maxspeed": null, "oneway": false, "reversed": "1", "length": 107.875, "bridge": null, "width": null, "access": null, "service": null }, "geometry": { "type": "LineString", "coordinates": [ [ 29.6127575, 60.2434851 ], [ 29.6114337, 60.2441989 ] ] } },
{ "type": "Feature", "properties": { "u": 1239558369, "v": 1239558362, "key": 0, "osmid": "107949017", "lanes": null, "ref": null, "name": "Верхняя улица", "highway": "residential", "maxspeed": null, "oneway": false, "reversed": "1", "length": 70.675, "bridge": null, "width": null, "access": null, "service": null }, "geometry": { "type": "LineString", "coordinates": [ [ 29.6127575, 60.2434851 ], [ 29.6122703, 60.2432786 ], [ 29.611894, 60.2430217 ] ] } },
{ "type": "Feature", "properties": { "u": 1239558370, "v": 672555557, "key": 0, "osmid": "107949015", "lanes": null, "ref": null, "name": "Южная улица", "highway": "residential", "maxspeed": null, "oneway": false, "reversed": "1", "length": 157.337, "bridge": null, "width": null, "access": null, "service": null }, "geometry": { "type": "LineString", "coordinates": [ [ 29.6121455, 60.2399896 ], [ 29.6100105, 60.240783 ], [ 29.6100518, 60.2408718 ] ] } },
{ "type": "Feature", "properties": { "u": 1239558376, "v": 1239558351, "key": 0, "osmid": "107949017", "lanes": null, "ref": null, "name": "Верхняя улица", "highway": "residential", "maxspeed": null, "oneway": false, "reversed": "1", "length": 67.794, "bridge": null, "width": null, "access": null, "service": null }, "geometry": { "type": "LineString", "coordinates": [ [ 29.6155381, 60.2447616 ], [ 29.6146211, 60.2443559 ] ] } },
{ "type": "Feature", "properties": { "u": 1239558376, "v": 502894625, "key": 0, "osmid": "41173590", "lanes": null, "ref": null, "name": null, "highway": "residential", "maxspeed": null, "oneway": false, "reversed": "0", "length": 165.732, "bridge": null, "width": null, "access": null, "service": null }, "geometry": { "type": "LineString", "coordinates": [ [ 29.6155381, 60.2447616 ], [ 29.6146444, 60.2452581 ], [ 29.6136278, 60.245812 ], [ 29.6135653, 60.2458808 ] ] } },
{ "type": "Feature", "properties": { "u": 1239558376, "v": 502894756, "key": 0, "osmid": "41173590", "lanes": null, "ref": null, "name": null, "highway": "residential", "maxspeed": null, "oneway": false, "reversed": "1", "length": 111.7, "bridge": null, "width": null, "access": null, "service": null }, "geometry": { "type": "LineString", "coordinates": [ [ 29.6155381, 60.2447616 ], [ 29.6157001, 60.2447257 ], [ 29.616239, 60.244691 ], [ 29.6169354, 60.2441443 ] ] } },
{ "type": "Feature", "properties": { "u": 1295858166, "v": 1239558368, "key": 0, "osmid": "750841279", "lanes": null, "ref": null, "name": "Короткий переулок", "highway": "residential", "maxspeed": null, "oneway": false, "reversed": "0", "length": 35.755, "bridge": null, "width": null, "access": null, "service": null }, "geometry": { "type": "LineString", "coordinates": [ [ 29.6177885, 60.2427596 ], [ 29.6175821, 60.2430644 ] ] } },
{ "type": "Feature", "properties": { "u": 1295858166, "v": 1295858167, "key": 0, "osmid": "750841279", "lanes": null, "ref": null, "name": "Короткий переулок", "highway": "residential", "maxspeed": null, "oneway": false, "reversed": "1", "length": 124.892, "bridge": null, "width": null, "access": null, "service": null }, "geometry": { "type": "LineString", "coordinates": [ [ 29.6177885, 60.2427596 ], [ 29.6194891, 60.2420186 ] ] } },
{ "type": "Feature", "properties": { "u": 1295858166, "v": 1446879301, "key": 0, "osmid": "114389381", "lanes": null, "ref": null, "name": "улица Верхнее Рощино", "highway": "residential", "maxspeed": null, "oneway": false, "reversed": "0", "length": 92.538, "bridge": null, "width": null, "access": null, "service": null }, "geometry": { "type": "LineString", "coordinates": [ [ 29.6177885, 60.2427596 ], [ 29.6174232, 60.2420069 ], [ 29.6173255, 60.2419751 ] ] } },
{ "type": "Feature", "properties": { "u": 1295858167, "v": 1295858176, "key": 0, "osmid": "114388688", "lanes": null, "ref": null, "name": null, "highway": "residential", "maxspeed": null, "oneway": false, "reversed": "0", "length": 66.739, "bridge": null, "width": null, "access": null, "service": null }, "geometry": { "type": "LineString", "coordinates": [ [ 29.6194891, 60.2420186 ], [ 29.6192485, 60.2426068 ] ] } },
{ "type": "Feature", "properties": { "u": 1295858167, "v": 1295858166, "key": 0, "osmid": "750841279", "lanes": null, "ref": null, "name": "Короткий переулок", "highway": "residential", "maxspeed": null, "oneway": false, "reversed": "0", "length": 124.892, "bridge": null, "width": null, "access": null, "service": null }, "geometry": { "type": "LineString", "coordinates": [ [ 29.6194891, 60.2420186 ], [ 29.6177885, 60.2427596 ] ] } },
{ "type": "Feature", "properties": { "u": 1295858167, "v": 858872390, "key": 0, "lanes": null, "ref": null, "highway": "residential", "maxspeed": null, "oneway": false, "reversed": "1", "length": 154.946, "bridge": null, "width": null, "access": null, "service": null }, "geometry": { "type": "LineString", "coordinates": [ [ 29.6194891, 60.2420186 ], [ 29.6196822, 60.2415885 ], [ 29.6214599, 60.2419481 ] ] } },
{ "type": "Feature", "properties": { "u": 1295858174, "v": 1239558368, "key": 0, "osmid": "107949016", "lanes": null, "ref": null, "name": "Верхний проезд", "highway": "residential", "maxspeed": null, "oneway": false, "reversed": "0", "length": 32.904, "bridge": null, "width": null, "access": null, "service": null }, "geometry": { "type": "LineString", "coordinates": [ [ 29.6178748, 60.2433222 ], [ 29.6175821, 60.2430644 ] ] } },
{ "type": "Feature", "properties": { "u": 1295858174, "v": 1239558361, "key": 0, "osmid": "107949016", "lanes": null, "ref": null, "name": "Верхний проезд", "highway": "residential", "maxspeed": null, "oneway": false, "reversed": "1", "length": 105.555, "bridge": null, "width": null, "access": null, "service": null }, "geometry": { "type": "LineString", "coordinates": [ [ 29.6178748, 60.2433222 ], [ 29.6182099, 60.2437208 ], [ 29.6188981, 60.2441094 ] ] } },
{ "type": "Feature", "properties": { "u": 1295858174, "v": 1752698589, "key": 0, "osmid": "114388690", "lanes": null, "ref": null, "name": "Садовый переулок", "highway": "residential", "maxspeed": null, "oneway": false, "reversed": "0", "length": 101.923, "bridge": null, "width": null, "access": null, "service": null }, "geometry": { "type": "LineString", "coordinates": [ [ 29.6178748, 60.2433222 ], [ 29.6191182, 60.2427702 ], [ 29.619198, 60.2426909 ] ] } },
{ "type": "Feature", "properties": { "u": 1295858176, "v": 1295858167, "key": 0, "osmid": "114388688", "lanes": null, "ref": null, "name": null, "highway": "residential", "maxspeed": null, "oneway": false, "reversed": "1", "length": 66.739, "bridge": null, "width": null, "access": null, "service": null }, "geometry": { "type": "LineString", "coordinates": [ [ 29.6192485, 60.2426068 ], [ 29.6194891, 60.2420186 ] ] } },
{ "type": "Feature", "properties": { "u": 1295863514, "v": 1192717065, "key": 0, "osmid": "114389382", "lanes": "1", "ref": null, "name": "улица Ахматовой", "highway": "residential", "maxspeed": null, "oneway": false, "reversed": "0", "length": 128.545, "bridge": null, "width": null, "access": null, "service": null }, "geometry": { "type": "LineString", "coordinates": [ [ 29.6324877, 60.254793 ], [ 29.6327857, 60.2553857 ], [ 29.6330543, 60.2558417 ], [ 29.6330414, 60.2559115 ] ] } },
{ "type": "Feature", "properties": { "u": 1295863514, "v": 1414848789, "key": 0, "osmid": "114389382", "lanes": "1", "ref": null, "name": "улица Ахматовой", "highway": "residential", "maxspeed": null, "oneway": false, "reversed": "1", "length": 184.417, "bridge": null, "width": null, "access": null, "service": null }, "geometry": { "type": "LineString", "coordinates": [ [ 29.6324877, 60.254793 ], [ 29.6323804, 60.2545727 ], [ 29.6322593, 60.2545834 ], [ 29.6321839, 60.2544902 ], [ 29.631994, 60.2541618 ], [ 29.6316338, 60.2532504 ] ] } },
{ "type": "Feature", "properties": { "u": 1295863514, "v": 503580454, "key": 0, "osmid": "114389387", "lanes": null, "ref": null, "name": null, "highway": "residential", "maxspeed": null, "oneway": false, "reversed": "0", "length": 212.008, "bridge": null, "width": null, "access": null, "service": null }, "geometry": { "type": "LineString", "coordinates": [ [ 29.6324877, 60.254793 ], [ 29.632358, 60.2547936 ], [ 29.6314399, 60.2548196 ], [ 29.631046, 60.2548855 ], [ 29.629836, 60.2550577 ], [ 29.6287522, 60.2551961 ] ] } },
{ "type": "Feature", "properties": { "u": 1295863535, "v": 1239558351, "key": 0, "osmid": "107949017", "lanes": null, "ref": null, "name": "Верхняя улица", "highway": "residential", "maxspeed": null, "oneway": false, "reversed": "0", "length": 69.688, "bridge": null, "width": null, "access": null, "service": null }, "geometry": { "type": "LineString", "coordinates": [ [ 29.6136912, 60.2439319 ], [ 29.6146211, 60.2443559 ] ] } },
{ "type": "Feature", "properties": { "u": 1295863535, "v": 1239558369, "key": 0, "osmid": "107949017", "lanes": null, "ref": null, "name": "Верхняя улица", "highway": "residential", "maxspeed": null, "oneway": false, "reversed": "1", "length": 71.579, "bridge": null, "width": null, "access": null, "service": null }, "geometry": { "type": "LineString", "coordinates": [ [ 29.6136912, 60.2439319 ], [ 29.6127575, 60.2434851 ] ] } },
{ "type": "Feature", "properties": { "u": 1295863535, "v": 1752698645, "key": 0, "osmid": "114389377", "lanes": null, "ref": null, "name": "12-я улица", "highway": "residential", "maxspeed": null, "oneway": false, "reversed": "0", "length": 105.829, "bridge": null, "width": null, "access": null, "service": null }, "geometry": { "type": "LineString", "coordinates": [ [ 29.6136912, 60.2439319 ], [ 29.6123867, 60.2446295 ] ] } },
{ "type": "Feature", "properties": { "u": 1295863535, "v": 1446879301, "key": 0, "osmid": "114389377", "lanes": null, "ref": null, "name": "12-я улица", "highway": "residential", "maxspeed": null, "oneway": false, "reversed": "1", "length": 296.748, "bridge": null, "width": null, "access": null, "service": null }, "geometry": { "type": "LineString", "coordinates": [ [ 29.6136912, 60.2439319 ], [ 29.6146831, 60.2433864 ], [ 29.6171914, 60.2420012 ], [ 29.6173255, 60.2419751 ] ] } },
{ "type": "Feature", "properties": { "u": 1295863553, "v": 1414848789, "key": 0, "osmid": "114389382", "lanes": "1", "ref": null, "name": "улица Ахматовой", "highway": "residential", "maxspeed": null, "oneway": false, "reversed": "0", "length": 147.063, "bridge": null, "width": null, "access": null, "service": null }, "geometry": { "type": "LineString", "coordinates": [ [ 29.6298913, 60.2522538 ], [ 29.6306519, 60.2526611 ], [ 29.6313729, 60.2530471 ], [ 29.6316338, 60.2532504 ] ] } },
{ "type": "Feature", "properties": { "u": 1295863553, "v": 500317957, "key": 0, "osmid": "130337506", "lanes": "2", "ref": null, "name": "Лесная улица", "highway": "tertiary", "maxspeed": "RU:urban", "oneway": false, "reversed": "0", "length": 74.892, "bridge": null, "width": null, "access": null, "service": null }, "geometry": { "type": "LineString", "coordinates": [ [ 29.6298913, 60.2522538 ], [ 29.6299092, 60.2524207 ], [ 29.6298794, 60.2527554 ], [ 29.6298411, 60.2529257 ] ] } },
{ "type": "Feature", "properties": { "u": 1295863553, "v": 500320181, "key": 0, "osmid": "130337506", "lanes": "2", "ref": null, "name": "Лесная улица", "highway": "tertiary", "maxspeed": "RU:urban", "oneway": false, "reversed": "1", "length": 40.5, "bridge": null, "width": null, "access": null, "service": null }, "geometry": { "type": "LineString", "coordinates": [ [ 29.6298913, 60.2522538 ], [ 29.6298735, 60.2520879 ], [ 29.6298156, 60.2518919 ] ] } },
{ "type": "Feature", "properties": { "u": 1301582912, "v": 1463038478, "key": 0, "osmid": "166107152", "lanes": null, "ref": null, "name": null, "highway": "residential", "maxspeed": null, "oneway": false, "reversed": "1", "length": 32.962, "bridge": null, "width": null, "access": null, "service": null }, "geometry": { "type": "LineString", "coordinates": [ [ 29.6071638, 60.2440291 ], [ 29.6070265, 60.2437406 ] ] } },
{ "type": "Feature", "properties": { "u": 1301582912, "v": 499041216, "key": 0, "osmid": "41745166", "lanes": null, "ref": null, "name": "Восточная улица", "highway": "residential", "maxspeed": "60", "oneway": false, "reversed": "0", "length": 75.028, "bridge": null, "width": null, "access": null, "service": null }, "geometry": { "type": "LineString", "coordinates": [ [ 29.6071638, 60.2440291 ], [ 29.6073999, 60.2439577 ], [ 29.6083415, 60.2436921 ] ] } },
{ "type": "Feature", "properties": { "u": 1301582912, "v": 298011466, "key": 0, "osmid": "41745166", "lanes": null, "ref": null, "name": "Восточная улица", "highway": "residential", "maxspeed": "60", "oneway": false, "reversed": "1", "length": 164.651, "bridge": null, "width": null, "access": null, "service": null }, "geometry": { "type": "LineString", "coordinates": [ [ 29.6071638, 60.2440291 ], [ 29.6068506, 60.2441239 ], [ 29.6064671, 60.2442472 ], [ 29.6062472, 60.2443133 ], [ 29.6059619, 60.2443991 ], [ 29.6054653, 60.2445353 ], [ 29.6049708, 60.2446294 ], [ 29.6046019, 60.2447756 ] ] } },
{ "type": "Feature", "properties": { "u": 1342336334, "v": 1342336340, "key": 0, "osmid": "119465269", "lanes": null, "ref": null, "name": null, "highway": "residential", "maxspeed": null, "oneway": false, "reversed": "1", "length": 22.509, "bridge": null, "width": null, "access": null, "service": null }, "geometry": { "type": "LineString", "coordinates": [ [ 29.6373245, 60.2380913 ], [ 29.6374074, 60.2378931 ] ] } },
{ "type": "Feature", "properties": { "u": 1342336334, "v": 858872466, "key": 0, "osmid": "119465269", "lanes": null, "ref": null, "name": null, "highway": "residential", "maxspeed": null, "oneway": false, "reversed": "0", "length": 123.901, "bridge": null, "width": null, "access": null, "service": null }, "geometry": { "type": "LineString", "coordinates": [ [ 29.6373245, 60.2380913 ], [ 29.6362498, 60.2385795 ], [ 29.6362817, 60.2387348 ], [ 29.6365323, 60.2389342 ] ] } },
{ "type": "Feature", "properties": { "u": 1342336334, "v": 1556742292, "key": 0, "osmid": "142234635", "lanes": null, "ref": null, "name": null, "highway": "residential", "maxspeed": null, "oneway": false, "reversed": "0", "length": 88.115, "bridge": null, "width": null, "access": null, "service": null }, "geometry": { "type": "LineString", "coordinates": [ [ 29.6373245, 60.2380913 ], [ 29.6379721, 60.2383231 ], [ 29.63861, 60.2385611 ] ] } },
{ "type": "Feature", "properties": { "u": 1342336336, "v": 1496997796, "key": 0, "osmid": "119465269", "lanes": null, "ref": null, "name": null, "highway": "residential", "maxspeed": null, "oneway": false, "reversed": "0", "length": 51.032, "bridge": null, "width": null, "access": null, "service": null }, "geometry": { "type": "LineString", "coordinates": [ [ 29.6364749, 60.236967 ], [ 29.6367666, 60.2374025 ] ] } },
{ "type": "Feature", "properties": { "u": 1342336336, "v": 1496997757, "key": 0, "osmid": "119465269", "lanes": null, "ref": null, "name": null, "highway": "residential", "maxspeed": null, "oneway": false, "reversed": "1", "length": 49.315, "bridge": null, "width": null, "access": null, "service": null }, "geometry": { "type": "LineString", "coordinates": [ [ 29.6364749, 60.236967 ], [ 29.6360389, 60.2365799 ] ] } },
{ "type": "Feature", "properties": { "u": 1342336336, "v": 7020223185, "key": 0, "osmid": "149918006", "lanes": null, "ref": null, "name": "Хвойный проезд", "highway": "residential", "maxspeed": null, "oneway": false, "reversed": "1", "length": 176.454, "bridge": null, "width": null, "access": null, "service": null }, "geometry": { "type": "LineString", "coordinates": [ [ 29.6364749, 60.236967 ], [ 29.6358115, 60.2370078 ], [ 29.6333181, 60.2372154 ] ] } },
{ "type": "Feature", "properties": { "u": 1342336340, "v": 1342336334, "key": 0, "osmid": "119465269", "lanes": null, "ref": null, "name": null, "highway": "residential", "maxspeed": null, "oneway": false, "reversed": "0", "length": 22.509, "bridge": null, "width": null, "access": null, "service": null }, "geometry": { "type": "LineString", "coordinates": [ [ 29.6374074, 60.2378931 ], [ 29.6373245, 60.2380913 ] ] } },
{ "type": "Feature", "properties": { "u": 1342336340, "v": 1496997796, "key": 0, "osmid": "119465269", "lanes": null, "ref": null, "name": null, "highway": "residential", "maxspeed": null, "oneway": false, "reversed": "1", "length": 65.169, "bridge": null, "width": null, "access": null, "service": null }, "geometry": { "type": "LineString", "coordinates": [ [ 29.6374074, 60.2378931 ], [ 29.6371778, 60.2377514 ], [ 29.637107, 60.2376913 ], [ 29.6367666, 60.2374025 ] ] } },
{ "type": "Feature", "properties": { "u": 1342336340, "v": 1628541398, "key": 0, "osmid": "149918007", "lanes": null, "ref": null, "name": null, "highway": "residential", "maxspeed": null, "oneway": false, "reversed": "0", "length": 44.336, "bridge": null, "width": null, "access": null, "service": null }, "geometry": { "type": "LineString", "coordinates": [ [ 29.6374074, 60.2378931 ], [ 29.6377803, 60.2377536 ], [ 29.6379174, 60.2376423 ], [ 29.6379558, 60.2376112 ] ] } },
{ "type": "Feature", "properties": { "u": 1342337097, "v": 858872392, "key": 0, "osmid": "107948765", "lanes": null, "ref": null, "name": null, "highway": "unclassified", "maxspeed": "60", "oneway": false, "reversed": "0", "length": 81.831, "bridge": null, "width": null, "access": null, "service": null }, "geometry": { "type": "LineString", "coordinates": [ [ 29.625718, 60.2409884 ], [ 29.6264453, 60.2416297 ] ] } },
{ "type": "Feature", "properties": { "u": 1342337097, "v": 672555617, "key": 0, "osmid": "107948765", "lanes": null, "ref": null, "name": null, "highway": "unclassified", "maxspeed": "60", "oneway": false, "reversed": "1", "length": 238.993, "bridge": null, "width": null, "access": null, "service": null }, "geometry": { "type": "LineString", "coordinates": [ [ 29.625718, 60.2409884 ], [ 29.6248325, 60.2401426 ], [ 29.6243948, 60.2398015 ], [ 29.6243901, 60.2396921 ], [ 29.6241839, 60.2394623 ], [ 29.6238969, 60.2392568 ], [ 29.6236023, 60.2391507 ] ] } },
{ "type": "Feature", "properties": { "u": 1342337097, "v": 1239555374, "key": 0, "osmid": "167584482", "lanes": null, "ref": null, "name": "Геологическая улица", "highway": "residential", "maxspeed": null, "oneway": false, "reversed": "0", "length": 152.087, "bridge": null, "width": null, "access": null, "service": null }, "geometry": { "type": "LineString", "coordinates": [ [ 29.625718, 60.2409884 ], [ 29.6257617, 60.240977 ], [ 29.6278555, 60.240126 ] ] } },
{ "type": "Feature", "properties": { "u": 1360301979, "v": 1360301986, "key": 0, "osmid": "121532805", "lanes": "1", "ref": null, "name": "Родниковая улица", "highway": "residential", "maxspeed": null, "oneway": false, "reversed": "0", "length": 44.778, "bridge": null, "width": null, "access": null, "service": null }, "geometry": { "type": "LineString", "coordinates": [ [ 29.6133054, 60.2350986 ], [ 29.6126841, 60.2353575 ] ] } },
{ "type": "Feature", "properties": { "u": 1360301979, "v": 1360301988, "key": 0, "osmid": "121532805", "lanes": "1", "ref": null, "name": "Родниковая улица", "highway": "residential", "maxspeed": null, "oneway": false, "reversed": "1", "length": 29.794, "bridge": null, "width": null, "access": null, "service": null }, "geometry": { "type": "LineString", "coordinates": [ [ 29.6133054, 60.2350986 ], [ 29.6137651, 60.2349582 ] ] } },
{ "type": "Feature", "properties": { "u": 1360301979, "v": 1360301987, "key": 0, "osmid": "121532808", "lanes": "1", "ref": null, "name": "Яблоневая аллея", "highway": "residential", "maxspeed": null, "oneway": false, "reversed": "0", "length": 151.931, "bridge": null, "width": null, "access": null, "service": null }, "geometry": { "type": "LineString", "coordinates": [ [ 29.6133054, 60.2350986 ], [ 29.6122139, 60.2338443 ] ] } },
{ "type": "Feature", "properties": { "u": 1360301979, "v": 1360301981, "key": 0, "osmid": "121532808", "lanes": "1", "ref": null, "name": "Яблоневая аллея", "highway": "residential", "maxspeed": null, "oneway": false, "reversed": "1", "length": 200.809, "bridge": null, "width": null, "access": null, "service": null }, "geometry": { "type": "LineString", "coordinates": [ [ 29.6133054, 60.2350986 ], [ 29.6143724, 60.2361514 ], [ 29.6144483, 60.2361733 ], [ 29.6146608, 60.2361431 ], [ 29.6149922, 60.2361343 ], [ 29.615242, 60.236175 ], [ 29.6154147, 60.2361821 ], [ 29.6156015, 60.2361849 ] ] } },
{ "type": "Feature", "properties": { "u": 1360301981, "v": 1481882054, "key": 0, "lanes": "1", "ref": null, "highway": "residential", "maxspeed": null, "oneway": false, "reversed": "1", "length": 98.354, "bridge": null, "width": null, "access": null, "service": null }, "geometry": { "type": "LineString", "coordinates": [ [ 29.6156015, 60.2361849 ], [ 29.6156796, 60.2360083 ], [ 29.6158573, 60.2358268 ], [ 29.6159517, 60.2357222 ], [ 29.6160848, 60.2355745 ], [ 29.6161911, 60.2355153 ], [ 29.6163399, 60.2354683 ], [ 29.6164469, 60.2354931 ] ] } },
{ "type": "Feature", "properties": { "u": 1360301981, "v": 1080608910, "key": 0, "lanes": "1", "ref": null, "highway": "residential", "maxspeed": null, "oneway": false, "length": 282.17, "bridge": null, "width": null, "access": null, "service": null }, "geometry": { "type": "LineString", "coordinates": [ [ 29.6156015, 60.2361849 ], [ 29.6157912, 60.2364501 ], [ 29.6159535, 60.2367476 ], [ 29.6159922, 60.2368532 ], [ 29.6159719, 60.2369197 ], [ 29.615857, 60.2370605 ], [ 29.6158992, 60.2371133 ], [ 29.615909, 60.237183 ], [ 29.6158397, 60.2372631 ], [ 29.6134062, 60.2379857 ] ] } },
{ "type": "Feature", "properties": { "u": 1360301981, "v": 1360301979, "key": 0, "osmid": "121532808", "lanes": "1", "ref": null, "name": "Яблоневая аллея", "highway": "residential", "maxspeed": null, "oneway": false, "reversed": "0", "length": 200.809, "bridge": null, "width": null, "access": null, "service": null }, "geometry": { "type": "LineString", "coordinates": [ [ 29.6156015, 60.2361849 ], [ 29.6154147, 60.2361821 ], [ 29.615242, 60.236175 ], [ 29.6149922, 60.2361343 ], [ 29.6146608, 60.2361431 ], [ 29.6144483, 60.2361733 ], [ 29.6143724, 60.2361514 ], [ 29.6133054, 60.2350986 ] ] } },
{ "type": "Feature", "properties": { "u": 1360301983, "v": 1360301986, "key": 0, "osmid": "121532806", "lanes": "1", "ref": null, "name": "Грушевая улица", "highway": "residential", "maxspeed": null, "oneway": false, "reversed": "0", "length": 147.382, "bridge": null, "width": null, "access": null, "service": null }, "geometry": { "type": "LineString", "coordinates": [ [ 29.6116749, 60.2341304 ], [ 29.6126841, 60.2353575 ] ] } },
{ "type": "Feature", "properties": { "u": 1360301984, "v": 4913338796, "key": 0, "osmid": "121532805", "lanes": "1", "ref": null, "name": "Родниковая улица", "highway": "residential", "maxspeed": null, "oneway": false, "reversed": "1", "length": 4.763, "bridge": null, "width": null, "access": null, "service": null }, "geometry": { "type": "LineString", "coordinates": [ [ 29.6119522, 60.2357051 ], [ 29.6120072, 60.2356721 ] ] } },
{ "type": "Feature", "properties": { "u": 1360301985, "v": 1360301986, "key": 0, "osmid": "121532806", "lanes": "1", "ref": null, "name": "Грушевая улица", "highway": "residential", "maxspeed": null, "oneway": false, "reversed": "1", "length": 58.052, "bridge": null, "width": null, "access": null, "service": null }, "geometry": { "type": "LineString", "coordinates": [ [ 29.6132324, 60.235803 ], [ 29.6126841, 60.2353575 ] ] } },
{ "type": "Feature", "properties": { "u": 1360301986, "v": 4913338796, "key": 0, "osmid": "121532805", "lanes": "1", "ref": null, "name": "Родниковая улица", "highway": "residential", "maxspeed": null, "oneway": false, "reversed": "0", "length": 51.185, "bridge": null, "width": null, "access": null, "service": null }, "geometry": { "type": "LineString", "coordinates": [ [ 29.6126841, 60.2353575 ], [ 29.6120072, 60.2356721 ] ] } },
{ "type": "Feature", "properties": { "u": 1360301986, "v": 1360301979, "key": 0, "osmid": "121532805", "lanes": "1", "ref": null, "name": "Родниковая улица", "highway": "residential", "maxspeed": null, "oneway": false, "reversed": "1", "length": 44.778, "bridge": null, "width": null, "access": null, "service": null }, "geometry": { "type": "LineString", "coordinates": [ [ 29.6126841, 60.2353575 ], [ 29.6133054, 60.2350986 ] ] } },
{ "type": "Feature", "properties": { "u": 1360301986, "v": 1360301985, "key": 0, "osmid": "121532806", "lanes": "1", "ref": null, "name": "Грушевая улица", "highway": "residential", "maxspeed": null, "oneway": false, "reversed": "0", "length": 58.052, "bridge": null, "width": null, "access": null, "service": null }, "geometry": { "type": "LineString", "coordinates": [ [ 29.6126841, 60.2353575 ], [ 29.6132324, 60.235803 ] ] } },
{ "type": "Feature", "properties": { "u": 1360301986, "v": 1360301983, "key": 0, "osmid": "121532806", "lanes": "1", "ref": null, "name": "Грушевая улица", "highway": "residential", "maxspeed": null, "oneway": false, "reversed": "1", "length": 147.382, "bridge": null, "width": null, "access": null, "service": null }, "geometry": { "type": "LineString", "coordinates": [ [ 29.6126841, 60.2353575 ], [ 29.6116749, 60.2341304 ] ] } },
{ "type": "Feature", "properties": { "u": 1360301987, "v": 1360301979, "key": 0, "osmid": "121532808", "lanes": "1", "ref": null, "name": "Яблоневая аллея", "highway": "residential", "maxspeed": null, "oneway": false, "reversed": "1", "length": 151.931, "bridge": null, "width": null, "access": null, "service": null }, "geometry": { "type": "LineString", "coordinates": [ [ 29.6122139, 60.2338443 ], [ 29.6133054, 60.2350986 ] ] } },
{ "type": "Feature", "properties": { "u": 1360301988, "v": 1360301979, "key": 0, "osmid": "121532805", "lanes": "1", "ref": null, "name": "Родниковая улица", "highway": "residential", "maxspeed": null, "oneway": false, "reversed": "0", "length": 29.794, "bridge": null, "width": null, "access": null, "service": null }, "geometry": { "type": "LineString", "coordinates": [ [ 29.6137651, 60.2349582 ], [ 29.6133054, 60.2350986 ] ] } },
{ "type": "Feature", "properties": { "u": 1366581002, "v": 98154633, "key": 0, "osmid": "122239844", "lanes": null, "ref": null, "name": "Травяная улица", "highway": "residential", "maxspeed": null, "oneway": false, "reversed": "1", "length": 148.167, "bridge": null, "width": null, "access": null, "service": null }, "geometry": { "type": "LineString", "coordinates": [ [ 29.6199358, 60.2454261 ], [ 29.6184297, 60.244323 ] ] } },
{ "type": "Feature", "properties": { "u": 1366581002, "v": 1495262646, "key": 0, "osmid": "122239836", "lanes": null, "ref": null, "name": null, "highway": "residential", "maxspeed": null, "oneway": false, "reversed": "0", "length": 242.075, "bridge": null, "width": null, "access": null, "service": null }, "geometry": { "type": "LineString", "coordinates": [ [ 29.6199358, 60.2454261 ], [ 29.6211536, 60.2448979 ], [ 29.6211948, 60.24487 ], [ 29.6205488, 60.2443695 ], [ 29.6194954, 60.2438382 ] ] } },
{ "type": "Feature", "properties": { "u": 1366581002, "v": 1366581036, "key": 0, "osmid": "122239844", "lanes": null, "ref": null, "name": "Травяная улица", "highway": "residential", "maxspeed": null, "oneway": false, "reversed": "0", "length": 118.454, "bridge": null, "width": null, "access": null, "service": null }, "geometry": { "type": "LineString", "coordinates": [ [ 29.6199358, 60.2454261 ], [ 29.6201933, 60.2455927 ], [ 29.6198768, 60.2458616 ], [ 29.6194101, 60.2460613 ], [ 29.6189381, 60.2461039 ] ] } },
{ "type": "Feature", "properties": { "u": 1366581036, "v": 1366581002, "key": 0, "osmid": "122239844", "lanes": null, "ref": null, "name": "Травяная улица", "highway": "residential", "maxspeed": null, "oneway": false, "reversed": "1", "length": 118.454, "bridge": null, "width": null, "access": null, "service": null }, "geometry": { "type": "LineString", "coordinates": [ [ 29.6189381, 60.2461039 ], [ 29.6194101, 60.2460613 ], [ 29.6198768, 60.2458616 ], [ 29.6201933, 60.2455927 ], [ 29.6199358, 60.2454261 ] ] } },
{ "type": "Feature", "properties": { "u": 1375480878, "v": 1481882056, "key": 0, "osmid": "142334288", "lanes": "1", "ref": null, "name": "Водоемный проезд", "highway": "residential", "maxspeed": null, "oneway": false, "reversed": "0", "length": 83.28, "bridge": null, "width": null, "access": null, "service": null }, "geometry": { "type": "LineString", "coordinates": [ [ 29.6193844, 60.2364671 ], [ 29.6178792, 60.2365181 ] ] } },
{ "type": "Feature", "properties": { "u": 1375480878, "v": 1239555389, "key": 0, "osmid": "142334288", "lanes": "1", "ref": null, "name": "Водоемный проезд", "highway": "residential", "maxspeed": null, "oneway": false, "reversed": "1", "length": 40.877, "bridge": null, "width": null, "access": null, "service": null }, "geometry": { "type": "LineString", "coordinates": [ [ 29.6193844, 60.2364671 ], [ 29.6198192, 60.2364831 ], [ 29.6199526, 60.236619 ] ] } },
{ "type": "Feature", "properties": { "u": 1375480878, "v": 1755021329, "key": 0, "lanes": "1", "ref": null, "highway": "residential", "maxspeed": null, "oneway": false, "reversed": "1", "length": 396.402, "bridge": null, "width": "2", "access": null, "service": null }, "geometry": { "type": "LineString", "coordinates": [ [ 29.6193844, 60.2364671 ], [ 29.6190802, 60.2356551 ], [ 29.6188575, 60.2350605 ], [ 29.6189012, 60.2349945 ], [ 29.6190254, 60.2349923 ], [ 29.6197593, 60.2349854 ], [ 29.6199389, 60.2350236 ], [ 29.6203971, 60.2356896 ], [ 29.6207769, 60.2364106 ], [ 29.6208241, 60.2365002 ] ] } },
{ "type": "Feature", "properties": { "u": 1375490016, "v": 1755021895, "key": 0, "osmid": "131477021", "lanes": null, "ref": null, "name": "улица Судостроителей", "highway": "residential", "maxspeed": null, "oneway": false, "reversed": "0", "length": 42.116, "bridge": null, "width": null, "access": null, "service": null }, "geometry": { "type": "LineString", "coordinates": [ [ 29.6127617, 60.2393611 ], [ 29.6122276, 60.2396316 ] ] } },
{ "type": "Feature", "properties": { "u": 1375490016, "v": 11167047048, "key": 0, "lanes": null, "ref": null, "name": "Лазурная улица", "highway": "residential", "maxspeed": null, "oneway": false, "reversed": "1", "length": 815.149, "bridge": null, "width": null, "access": null, "service": null }, "geometry": { "type": "LineString", "coordinates": [ [ 29.6127617, 60.2393611 ], [ 29.6116996, 60.238935 ], [ 29.6108671, 60.2386068 ], [ 29.6101868, 60.2383386 ], [ 29.6089637, 60.2376835 ], [ 29.608556, 60.2376941 ], [ 29.6078778, 60.237994 ], [ 29.6074342, 60.2377856 ], [ 29.6022198, 60.2349437 ] ] } },
{ "type": "Feature", "properties": { "u": 1375490016, "v": 1755040010, "key": 0, "osmid": "131477021", "lanes": null, "ref": null, "name": "улица Судостроителей", "highway": "residential", "maxspeed": null, "oneway": false, "reversed": "1", "length": 124.41, "bridge": null, "width": null, "access": null, "service": null }, "geometry": { "type": "LineString", "coordinates": [ [ 29.6127617, 60.2393611 ], [ 29.6130836, 60.239212 ], [ 29.6133518, 60.2388605 ], [ 29.6138346, 60.2386421 ], [ 29.6142042, 60.238562 ] ] } },
{ "type": "Feature", "properties": { "u": 1384951249, "v": 1384951283, "key": 0, "osmid": "172173335", "lanes": "1", "ref": null, "name": "3-я улица", "highway": "residential", "maxspeed": null, "oneway": false, "reversed": "1", "length": 107.122, "bridge": null, "width": null, "access": null, "service": null }, "geometry": { "type": "LineString", "coordinates": [ [ 29.603178, 60.2438543 ], [ 29.6029094, 60.2429002 ] ] } },
{ "type": "Feature", "properties": { "u": 1384951252, "v": 1384951275, "key": 0, "osmid": "124417398", "lanes": "1", "ref": null, "name": "2-я улица", "highway": "residential", "maxspeed": null, "oneway": false, "reversed": "0", "length": 106.367, "bridge": null, "width": null, "access": null, "service": null }, "geometry": { "type": "LineString", "coordinates": [ [ 29.6020408, 60.2439661 ], [ 29.6016699, 60.2430274 ] ] } },
{ "type": "Feature", "properties": { "u": 1384951254, "v": 1776117298, "key": 0, "osmid": "124417392", "lanes": "1", "ref": null, "name": "1-я улица", "highway": "residential", "maxspeed": null, "oneway": false, "reversed": "1", "length": 92.383, "bridge": null, "width": null, "access": null, "service": null }, "geometry": { "type": "LineString", "coordinates": [ [ 29.5990574, 60.2401067 ], [ 29.5993954, 60.2409204 ] ] } },
{ "type": "Feature", "properties": { "u": 1384951256, "v": 1384951267, "key": 0, "osmid": "124417395", "lanes": null, "ref": null, "name": "5-я улица", "highway": "residential", "maxspeed": null, "oneway": false, "reversed": "1", "length": 100.807, "bridge": null, "width": null, "access": null, "service": null }, "geometry": { "type": "LineString", "coordinates": [ [ 29.6057038, 60.2435578 ], [ 29.6053923, 60.2426645 ] ] } },
{ "type": "Feature", "properties": { "u": 1384951257, "v": 1384951261, "key": 0, "osmid": "53141859", "lanes": "1", "ref": null, "name": null, "highway": "residential", "maxspeed": null, "oneway": false, "reversed": "0", "length": 71.154, "bridge": null, "width": null, "access": null, "service": null }, "geometry": { "type": "LineString", "coordinates": [ [ 29.6022928, 60.2414234 ], [ 29.6010353, 60.2415645 ] ] } },
{ "type": "Feature", "properties": { "u": 1384951257, "v": 1384951270, "key": 0, "osmid": "53141859", "lanes": "1", "ref": null, "name": null, "highway": "residential", "maxspeed": null, "oneway": false, "reversed": "1", "length": 68.352, "bridge": null, "width": null, "access": null, "service": null }, "geometry": { "type": "LineString", "coordinates": [ [ 29.6022928, 60.2414234 ], [ 29.6035106, 60.2413116 ] ] } },
{ "type": "Feature", "properties": { "u": 1384951257, "v": 1384951274, "key": 0, "osmid": "124417405", "lanes": "1", "ref": null, "name": "3-я Нижняя улица", "highway": "residential", "maxspeed": null, "oneway": false, "reversed": "1", "length": 103.473, "bridge": null, "width": null, "access": null, "service": null }, "geometry": { "type": "LineString", "coordinates": [ [ 29.6022928, 60.2414234 ], [ 29.6019066, 60.2405128 ] ] } },
{ "type": "Feature", "properties": { "u": 1384951257, "v": 1384951283, "key": 0, "osmid": "172173335", "lanes": "1", "ref": null, "name": "3-я улица", "highway": "residential", "maxspeed": null, "oneway": false, "reversed": "0", "length": 167.702, "bridge": null, "width": null, "access": null, "service": null }, "geometry": { "type": "LineString", "coordinates": [ [ 29.6022928, 60.2414234 ], [ 29.6026148, 60.2422009 ], [ 29.6029094, 60.2429002 ] ] } },
{ "type": "Feature", "properties": { "u": 1384951260, "v": 1384951275, "key": 0, "osmid": "115064648", "lanes": "1", "ref": null, "name": "Центральная улица", "highway": "residential", "maxspeed": null, "oneway": false, "reversed": "0", "length": 70.941, "bridge": null, "width": null, "access": null, "service": null }, "geometry": { "type": "LineString", "coordinates": [ [ 29.6004244, 60.2431852 ], [ 29.6016699, 60.2430274 ] ] } },
{ "type": "Feature", "properties": { "u": 1384951260, "v": 499049057, "key": 0, "osmid": "115064648", "lanes": "1", "ref": null, "name": "Центральная улица", "highway": "residential", "maxspeed": null, "oneway": false, "reversed": "1", "length": 51.122, "bridge": null, "width": null, "access": null, "service": null }, "geometry": { "type": "LineString", "coordinates": [ [ 29.6004244, 60.2431852 ], [ 29.5995133, 60.2432682 ] ] } },
{ "type": "Feature", "properties": { "u": 1384951260, "v": 1384951278, "key": 0, "osmid": "124417392", "lanes": "1", "ref": null, "name": "1-я улица", "highway": "residential", "maxspeed": null, "oneway": false, "reversed": "0", "length": 172.048, "bridge": null, "width": null, "access": null, "service": null }, "geometry": { "type": "LineString", "coordinates": [ [ 29.6004244, 60.2431852 ], [ 29.599758, 60.2416737 ] ] } },
{ "type": "Feature", "properties": { "u": 1384951260, "v": 1384951271, "key": 0, "osmid": "124417392", "lanes": "1", "ref": null, "name": "1-я улица", "highway": "residential", "maxspeed": null, "oneway": false, "reversed": "1", "length": 80.527, "bridge": null, "width": null, "access": null, "service": null }, "geometry": { "type": "LineString", "coordinates": [ [ 29.6004244, 60.2431852 ], [ 29.6006943, 60.2438969 ] ] } },
{ "type": "Feature", "properties": { "u": 1384951261, "v": 1384951278, "key": 0, "osmid": "53141859", "lanes": "1", "ref": null, "name": null, "highway": "residential", "maxspeed": null, "oneway": false, "reversed": "0", "length": 71.534, "bridge": null, "width": null, "access": null, "service": null }, "geometry": { "type": "LineString", "coordinates": [ [ 29.6010353, 60.2415645 ], [ 29.599758, 60.2416737 ] ] } },
{ "type": "Feature", "properties": { "u": 1384951261, "v": 1384951257, "key": 0, "osmid": "53141859", "lanes": "1", "ref": null, "name": null, "highway": "residential", "maxspeed": null, "oneway": false, "reversed": "1", "length": 71.154, "bridge": null, "width": null, "access": null, "service": null }, "geometry": { "type": "LineString", "coordinates": [ [ 29.6010353, 60.2415645 ], [ 29.6022928, 60.2414234 ] ] } },
{ "type": "Feature", "properties": { "u": 1384951261, "v": 1384951272, "key": 0, "osmid": "124417398", "lanes": "1", "ref": null, "name": "2-я улица", "highway": "residential", "maxspeed": null, "oneway": false, "reversed": "0", "length": 118.576, "bridge": null, "width": null, "access": null, "service": null }, "geometry": { "type": "LineString", "coordinates": [ [ 29.6010353, 60.2415645 ], [ 29.6004957, 60.2405323 ] ] } },
{ "type": "Feature", "properties": { "u": 1384951261, "v": 1384951275, "key": 0, "osmid": "124417398", "lanes": "1", "ref": null, "name": "2-я улица", "highway": "residential", "maxspeed": null, "oneway": false, "reversed": "1", "length": 166.395, "bridge": null, "width": null, "access": null, "service": null }, "geometry": { "type": "LineString", "coordinates": [ [ 29.6010353, 60.2415645 ], [ 29.6016699, 60.2430274 ] ] } },
{ "type": "Feature", "properties": { "u": 1384951263, "v": 1384951284, "key": 0, "osmid": "124417387", "lanes": "1", "ref": null, "name": "4-я улица", "highway": "residential", "maxspeed": null, "oneway": false, "reversed": "0", "length": 102.421, "bridge": null, "width": null, "access": null, "service": null }, "geometry": { "type": "LineString", "coordinates": [ [ 29.6045191, 60.2436972 ], [ 29.6041541, 60.2427941 ] ] } },
{ "type": "Feature", "properties": { "u": 1384951264, "v": 529790329, "key": 0, "osmid": "115064647", "lanes": null, "ref": null, "name": "6-я улица", "highway": "residential", "maxspeed": null, "oneway": false, "reversed": "0", "length": 68.728, "bridge": null, "width": null, "access": null, "service": null }, "geometry": { "type": "LineString", "coordinates": [ [ 29.6055866, 60.2404436 ], [ 29.6058757, 60.2410448 ] ] } },
{ "type": "Feature", "properties": { "u": 1384951265, "v": 1384951270, "key": 0, "osmid": "124417387", "lanes": "1", "ref": null, "name": "4-я улица", "highway": "residential", "maxspeed": null, "oneway": false, "reversed": "1", "length": 94.01, "bridge": null, "width": null, "access": null, "service": null }, "geometry": { "type": "LineString", "coordinates": [ [ 29.6031673, 60.2404835 ], [ 29.6035106, 60.2413116 ] ] } },
{ "type": "Feature", "properties": { "u": 1384951267, "v": 529790330, "key": 0, "osmid": "115064648", "lanes": "1", "ref": null, "name": "Центральная улица", "highway": "residential", "maxspeed": null, "oneway": false, "reversed": "0", "length": 61.896, "bridge": null, "width": null, "access": null, "service": null }, "geometry": { "type": "LineString", "coordinates": [ [ 29.6053923, 60.2426645 ], [ 29.6064848, 60.2425387 ] ] } },
{ "type": "Feature", "properties": { "u": 1384951267, "v": 1384951284, "key": 0, "osmid": "115064648", "lanes": "1", "ref": null, "name": "Центральная улица", "highway": "residential", "maxspeed": null, "oneway": false, "reversed": "1", "length": 69.838, "bridge": null, "width": null, "access": null, "service": null }, "geometry": { "type": "LineString", "coordinates": [ [ 29.6053923, 60.2426645 ], [ 29.6041541, 60.2427941 ] ] } },
{ "type": "Feature", "properties": { "u": 1384951267, "v": 1384951256, "key": 0, "osmid": "124417395", "lanes": null, "ref": null, "name": "5-я улица", "highway": "residential", "maxspeed": null, "oneway": false, "reversed": "0", "length": 100.807, "bridge": null, "width": null, "access": null, "service": null }, "geometry": { "type": "LineString", "coordinates": [ [ 29.6053923, 60.2426645 ], [ 29.6057038, 60.2435578 ] ] } },
{ "type": "Feature", "properties": { "u": 1384951267, "v": 1384951281, "key": 0, "osmid": "124417395", "lanes": null, "ref": null, "name": "5-я улица", "highway": "residential", "maxspeed": null, "oneway": false, "reversed": "1", "length": 168.67, "bridge": null, "width": null, "access": null, "service": null }, "geometry": { "type": "LineString", "coordinates": [ [ 29.6053923, 60.2426645 ], [ 29.6047315, 60.2411835 ] ] } },
{ "type": "Feature", "properties": { "u": 1384951270, "v": 1384951257, "key": 0, "osmid": "53141859", "lanes": "1", "ref": null, "name": null, "highway": "residential", "maxspeed": null, "oneway": false, "reversed": "0", "length": 68.352, "bridge": null, "width": null, "access": null, "service": null }, "geometry": { "type": "LineString", "coordinates": [ [ 29.6035106, 60.2413116 ], [ 29.6022928, 60.2414234 ] ] } },
{ "type": "Feature", "properties": { "u": 1384951270, "v": 1384951281, "key": 0, "osmid": "53141859", "lanes": "1", "ref": null, "name": null, "highway": "residential", "maxspeed": null, "oneway": false, "reversed": "1", "length": 68.872, "bridge": null, "width": null, "access": null, "service": null }, "geometry": { "type": "LineString", "coordinates": [ [ 29.6035106, 60.2413116 ], [ 29.6047315, 60.2411835 ] ] } },
{ "type": "Feature", "properties": { "u": 1384951270, "v": 1384951265, "key": 0, "osmid": "124417387", "lanes": "1", "ref": null, "name": "4-я улица", "highway": "residential", "maxspeed": null, "oneway": false, "reversed": "0", "length": 94.01, "bridge": null, "width": null, "access": null, "service": null }, "geometry": { "type": "LineString", "coordinates": [ [ 29.6035106, 60.2413116 ], [ 29.6031673, 60.2404835 ] ] } },
{ "type": "Feature", "properties": { "u": 1384951270, "v": 1384951284, "key": 0, "osmid": "124417387", "lanes": "1", "ref": null, "name": "4-я улица", "highway": "residential", "maxspeed": null, "oneway": false, "reversed": "1", "length": 168.644, "bridge": null, "width": null, "access": null, "service": null }, "geometry": { "type": "LineString", "coordinates": [ [ 29.6035106, 60.2413116 ], [ 29.6037788, 60.2419772 ], [ 29.6041541, 60.2427941 ] ] } },
{ "type": "Feature", "properties": { "u": 1384951271, "v": 1384951260, "key": 0, "osmid": "124417392", "lanes": "1", "ref": null, "name": "1-я улица", "highway": "residential", "maxspeed": null, "oneway": false, "reversed": "0", "length": 80.527, "bridge": null, "width": null, "access": null, "service": null }, "geometry": { "type": "LineString", "coordinates": [ [ 29.6006943, 60.2438969 ], [ 29.6004244, 60.2431852 ] ] } },
{ "type": "Feature", "properties": { "u": 1384951272, "v": 1384951261, "key": 0, "osmid": "124417398", "lanes": "1", "ref": null, "name": "2-я улица", "highway": "residential", "maxspeed": null, "oneway": false, "reversed": "1", "length": 118.576, "bridge": null, "width": null, "access": null, "service": null }, "geometry": { "type": "LineString", "coordinates": [ [ 29.6004957, 60.2405323 ], [ 29.6010353, 60.2415645 ] ] } },
{ "type": "Feature", "properties": { "u": 1384951274, "v": 1384951257, "key": 0, "osmid": "124417405", "lanes": "1", "ref": null, "name": "3-я Нижняя улица", "highway": "residential", "maxspeed": null, "oneway": false, "reversed": "0", "length": 103.473, "bridge": null, "width": null, "access": null, "service": null }, "geometry": { "type": "LineString", "coordinates": [ [ 29.6019066, 60.2405128 ], [ 29.6022928, 60.2414234 ] ] } },
{ "type": "Feature", "properties": { "u": 1384951275, "v": 1384951283, "key": 0, "osmid": "115064648", "lanes": "1", "ref": null, "name": "Центральная улица", "highway": "residential", "maxspeed": null, "oneway": false, "reversed": "0", "length": 69.853, "bridge": null, "width": null, "access": null, "service": null }, "geometry": { "type": "LineString", "coordinates": [ [ 29.6016699, 60.2430274 ], [ 29.6029094, 60.2429002 ] ] } },
{ "type": "Feature", "properties": { "u": 1384951275, "v": 1384951260, "key": 0, "osmid": "115064648", "lanes": "1", "ref": null, "name": "Центральная улица", "highway": "residential", "maxspeed": null, "oneway": false, "reversed": "1", "length": 70.941, "bridge": null, "width": null, "access": null, "service": null }, "geometry": { "type": "LineString", "coordinates": [ [ 29.6016699, 60.2430274 ], [ 29.6004244, 60.2431852 ] ] } },
{ "type": "Feature", "properties": { "u": 1384951275, "v": 1384951261, "key": 0, "osmid": "124417398", "lanes": "1", "ref": null, "name": "2-я улица", "highway": "residential", "maxspeed": null, "oneway": false, "reversed": "0", "length": 166.395, "bridge": null, "width": null, "access": null, "service": null }, "geometry": { "type": "LineString", "coordinates": [ [ 29.6016699, 60.2430274 ], [ 29.6010353, 60.2415645 ] ] } },
{ "type": "Feature", "properties": { "u": 1384951275, "v": 1384951252, "key": 0, "osmid": "124417398", "lanes": "1", "ref": null, "name": "2-я улица", "highway": "residential", "maxspeed": null, "oneway": false, "reversed": "1", "length": 106.367, "bridge": null, "width": null, "access": null, "service": null }, "geometry": { "type": "LineString", "coordinates": [ [ 29.6016699, 60.2430274 ], [ 29.6020408, 60.2439661 ] ] } },
{ "type": "Feature", "properties": { "u": 1384951278, "v": 1384951261, "key": 0, "osmid": "53141859", "lanes": "1", "ref": null, "name": null, "highway": "residential", "maxspeed": null, "oneway": false, "reversed": "1", "length": 71.534, "bridge": null, "width": null, "access": null, "service": null }, "geometry": { "type": "LineString", "coordinates": [ [ 29.599758, 60.2416737 ], [ 29.6010353, 60.2415645 ] ] } },
{ "type": "Feature", "properties": { "u": 1384951278, "v": 1776117298, "key": 0, "osmid": "124417392", "lanes": "1", "ref": null, "name": "1-я улица", "highway": "residential", "maxspeed": null, "oneway": false, "reversed": "0", "length": 86.121, "bridge": null, "width": null, "access": null, "service": null }, "geometry": { "type": "LineString", "coordinates": [ [ 29.599758, 60.2416737 ], [ 29.5993954, 60.2409204 ] ] } },
{ "type": "Feature", "properties": { "u": 1384951278, "v": 1384951260, "key": 0, "osmid": "124417392", "lanes": "1", "ref": null, "name": "1-я улица", "highway": "residential", "maxspeed": null, "oneway": false, "reversed": "1", "length": 172.048, "bridge": null, "width": null, "access": null, "service": null }, "geometry": { "type": "LineString", "coordinates": [ [ 29.599758, 60.2416737 ], [ 29.6004244, 60.2431852 ] ] } },
{ "type": "Feature", "properties": { "u": 1384951281, "v": 1384951270, "key": 0, "osmid": "53141859", "lanes": "1", "ref": null, "name": null, "highway": "residential", "maxspeed": null, "oneway": false, "reversed": "0", "length": 68.872, "bridge": null, "width": null, "access": null, "service": null }, "geometry": { "type": "LineString", "coordinates": [ [ 29.6047315, 60.2411835 ], [ 29.6035106, 60.2413116 ] ] } },
{ "type": "Feature", "properties": { "u": 1384951281, "v": 529790329, "key": 0, "osmid": "53141859", "lanes": "1", "ref": null, "name": null, "highway": "residential", "maxspeed": null, "oneway": false, "reversed": "1", "length": 65.006, "bridge": null, "width": null, "access": null, "service": null }, "geometry": { "type": "LineString", "coordinates": [ [ 29.6047315, 60.2411835 ], [ 29.6058757, 60.2410448 ] ] } },
{ "type": "Feature", "properties": { "u": 1384951281, "v": 1384951267, "key": 0, "osmid": "124417395", "lanes": null, "ref": null, "name": "5-я улица", "highway": "residential", "maxspeed": null, "oneway": false, "reversed": "0", "length": 168.67, "bridge": null, "width": null, "access": null, "service": null }, "geometry": { "type": "LineString", "coordinates": [ [ 29.6047315, 60.2411835 ], [ 29.6053923, 60.2426645 ] ] } },
{ "type": "Feature", "properties": { "u": 1384951281, "v": 1384951282, "key": 0, "osmid": "124417395", "lanes": null, "ref": null, "name": "5-я улица", "highway": "residential", "maxspeed": null, "oneway": false, "reversed": "1", "length": 81.877, "bridge": null, "width": null, "access": null, "service": null }, "geometry": { "type": "LineString", "coordinates": [ [ 29.6047315, 60.2411835 ], [ 29.6044332, 60.2404622 ] ] } },
{ "type": "Feature", "properties": { "u": 1384951282, "v": 1384951281, "key": 0, "osmid": "124417395", "lanes": null, "ref": null, "name": "5-я улица", "highway": "residential", "maxspeed": null, "oneway": false, "reversed": "0", "length": 81.877, "bridge": null, "width": null, "access": null, "service": null }, "geometry": { "type": "LineString", "coordinates": [ [ 29.6044332, 60.2404622 ], [ 29.6047315, 60.2411835 ] ] } },
{ "type": "Feature", "properties": { "u": 1384951283, "v": 1384951284, "key": 0, "osmid": "115064648", "lanes": "1", "ref": null, "name": "Центральная улица", "highway": "residential", "maxspeed": null, "oneway": false, "reversed": "0", "length": 69.699, "bridge": null, "width": null, "access": null, "service": null }, "geometry": { "type": "LineString", "coordinates": [ [ 29.6029094, 60.2429002 ], [ 29.6041541, 60.2427941 ] ] } },
{ "type": "Feature", "properties": { "u": 1384951283, "v": 1384951275, "key": 0, "osmid": "115064648", "lanes": "1", "ref": null, "name": "Центральная улица", "highway": "residential", "maxspeed": null, "oneway": false, "reversed": "1", "length": 69.853, "bridge": null, "width": null, "access": null, "service": null }, "geometry": { "type": "LineString", "coordinates": [ [ 29.6029094, 60.2429002 ], [ 29.6016699, 60.2430274 ] ] } },
{ "type": "Feature", "properties": { "u": 1384951283, "v": 1384951249, "key": 0, "osmid": "172173335", "lanes": "1", "ref": null, "name": "3-я улица", "highway": "residential", "maxspeed": null, "oneway": false, "reversed": "0", "length": 107.122, "bridge": null, "width": null, "access": null, "service": null }, "geometry": { "type": "LineString", "coordinates": [ [ 29.6029094, 60.2429002 ], [ 29.603178, 60.2438543 ] ] } },
{ "type": "Feature", "properties": { "u": 1384951283, "v": 1384951257, "key": 0, "osmid": "172173335", "lanes": "1", "ref": null, "name": "3-я улица", "highway": "residential", "maxspeed": null, "oneway": false, "reversed": "1", "length": 167.702, "bridge": null, "width": null, "access": null, "service": null }, "geometry": { "type": "LineString", "coordinates": [ [ 29.6029094, 60.2429002 ], [ 29.6026148, 60.2422009 ], [ 29.6022928, 60.2414234 ] ] } },
{ "type": "Feature", "properties": { "u": 1384951284, "v": 1384951267, "key": 0, "osmid": "115064648", "lanes": "1", "ref": null, "name": "Центральная улица", "highway": "residential", "maxspeed": null, "oneway": false, "reversed": "0", "length": 69.838, "bridge": null, "width": null, "access": null, "service": null }, "geometry": { "type": "LineString", "coordinates": [ [ 29.6041541, 60.2427941 ], [ 29.6053923, 60.2426645 ] ] } },
{ "type": "Feature", "properties": { "u": 1384951284, "v": 1384951283, "key": 0, "osmid": "115064648", "lanes": "1", "ref": null, "name": "Центральная улица", "highway": "residential", "maxspeed": null, "oneway": false, "reversed": "1", "length": 69.699, "bridge": null, "width": null, "access": null, "service": null }, "geometry": { "type": "LineString", "coordinates": [ [ 29.6041541, 60.2427941 ], [ 29.6029094, 60.2429002 ] ] } },
{ "type": "Feature", "properties": { "u": 1384951284, "v": 1384951263, "key": 0, "osmid": "124417387", "lanes": "1", "ref": null, "name": "4-я улица", "highway": "residential", "maxspeed": null, "oneway": false, "reversed": "1", "length": 102.421, "bridge": null, "width": null, "access": null, "service": null }, "geometry": { "type": "LineString", "coordinates": [ [ 29.6041541, 60.2427941 ], [ 29.6045191, 60.2436972 ] ] } },
{ "type": "Feature", "properties": { "u": 1384951284, "v": 1384951270, "key": 0, "osmid": "124417387", "lanes": "1", "ref": null, "name": "4-я улица", "highway": "residential", "maxspeed": null, "oneway": false, "reversed": "0", "length": 168.644, "bridge": null, "width": null, "access": null, "service": null }, "geometry": { "type": "LineString", "coordinates": [ [ 29.6041541, 60.2427941 ], [ 29.6037788, 60.2419772 ], [ 29.6035106, 60.2413116 ] ] } },
{ "type": "Feature", "properties": { "u": 1404558863, "v": 297819227, "key": 0, "osmid": "172653023", "lanes": null, "ref": null, "name": null, "highway": "unclassified", "maxspeed": null, "oneway": false, "reversed": "1", "length": 233.664, "bridge": null, "width": null, "access": null, "service": null }, "geometry": { "type": "LineString", "coordinates": [ [ 29.5971242, 60.2649885 ], [ 29.5990498, 60.2654558 ], [ 29.5992553, 60.2655052 ], [ 29.600746, 60.2658531 ], [ 29.6009576, 60.2658287 ] ] } },
{ "type": "Feature", "properties": { "u": 1414848789, "v": 1295863514, "key": 0, "osmid": "114389382", "lanes": "1", "ref": null, "name": "улица Ахматовой", "highway": "residential", "maxspeed": null, "oneway": false, "reversed": "0", "length": 184.417, "bridge": null, "width": null, "access": null, "service": null }, "geometry": { "type": "LineString", "coordinates": [ [ 29.6316338, 60.2532504 ], [ 29.631994, 60.2541618 ], [ 29.6321839, 60.2544902 ], [ 29.6322593, 60.2545834 ], [ 29.6323804, 60.2545727 ], [ 29.6324877, 60.254793 ] ] } },
{ "type": "Feature", "properties": { "u": 1414848789, "v": 1295863553, "key": 0, "osmid": "114389382", "lanes": "1", "ref": null, "name": "улица Ахматовой", "highway": "residential", "maxspeed": null, "oneway": false, "reversed": "1", "length": 147.063, "bridge": null, "width": null, "access": null, "service": null }, "geometry": { "type": "LineString", "coordinates": [ [ 29.6316338, 60.2532504 ], [ 29.6313729, 60.2530471 ], [ 29.6306519, 60.2526611 ], [ 29.6298913, 60.2522538 ] ] } },
{ "type": "Feature", "properties": { "u": 1414848789, "v": 1192717063, "key": 0, "osmid": "127945380", "lanes": null, "ref": null, "name": "улица Воропаева", "highway": "residential", "maxspeed": null, "oneway": false, "reversed": "0", "length": 200.705, "bridge": null, "width": null, "access": null, "service": null }, "geometry": { "type": "LineString", "coordinates": [ [ 29.6316338, 60.2532504 ], [ 29.6331309, 60.2531994 ], [ 29.6352675, 60.253174 ] ] } },
{ "type": "Feature", "properties": { "u": 1414848792, "v": 1414848808, "key": 0, "osmid": "127945377", "lanes": "1", "ref": null, "name": null, "highway": "residential", "maxspeed": "RU:urban", "oneway": false, "reversed": "1", "length": 176.355, "bridge": null, "width": null, "access": null, "service": null }, "geometry": { "type": "LineString", "coordinates": [ [ 29.6308376, 60.2557519 ], [ 29.6307841, 60.256147 ], [ 29.6307278, 60.2568509 ], [ 29.6307419, 60.2573364 ] ] } },
{ "type": "Feature", "properties": { "u": 1414848793, "v": 496246339, "key": 0, "osmid": "41213556", "lanes": "1", "ref": null, "name": "Еловая аллея", "highway": "residential", "maxspeed": "60", "oneway": false, "reversed": "1", "length": 218.437, "bridge": null, "width": null, "access": null, "service": null }, "geometry": { "type": "LineString", "coordinates": [ [ 29.6309504, 60.2584311 ], [ 29.626999, 60.2585596 ] ] } },
{ "type": "Feature", "properties": { "u": 1414848793, "v": 1414848808, "key": 0, "osmid": "127945377", "lanes": "1", "ref": null, "name": null, "highway": "residential", "maxspeed": "RU:urban", "oneway": false, "reversed": "0", "length": 122.267, "bridge": null, "width": null, "access": null, "service": null }, "geometry": { "type": "LineString", "coordinates": [ [ 29.6309504, 60.2584311 ], [ 29.6307419, 60.2573364 ] ] } },
{ "type": "Feature", "properties": { "u": 1414848793, "v": 503584337, "key": 0, "osmid": "41213556", "lanes": "1", "ref": null, "name": "Еловая аллея", "highway": "residential", "maxspeed": "60", "oneway": false, "reversed": "0", "length": 178.166, "bridge": null, "width": null, "access": null, "service": null }, "geometry": { "type": "LineString", "coordinates": [ [ 29.6309504, 60.2584311 ], [ 29.6318563, 60.2584138 ], [ 29.6338799, 60.2583626 ], [ 29.6341767, 60.2583569 ] ] } },
{ "type": "Feature", "properties": { "u": 1414848798, "v": 1414848808, "key": 0, "osmid": "127945383", "lanes": "1", "ref": null, "name": "Зелёный переулок", "highway": "residential", "maxspeed": "RU:urban", "oneway": false, "reversed": "1", "length": 174.245, "bridge": null, "width": null, "access": null, "service": null }, "geometry": { "type": "LineString", "coordinates": [ [ 29.6276111, 60.2571646 ], [ 29.6277625, 60.2571479 ], [ 29.6307419, 60.2573364 ] ] } },
{ "type": "Feature", "properties": { "u": 1414848798, "v": 496246339, "key": 0, "osmid": "130337506", "lanes": "2", "ref": null, "name": "Лесная улица", "highway": "tertiary", "maxspeed": "RU:urban", "oneway": false, "reversed": "0", "length": 159.265, "bridge": null, "width": null, "access": null, "service": null }, "geometry": { "type": "LineString", "coordinates": [ [ 29.6276111, 60.2571646 ], [ 29.6271881, 60.2578986 ], [ 29.6270693, 60.2581694 ], [ 29.626999, 60.2585596 ] ] } },
{ "type": "Feature", "properties": { "u": 1414848798, "v": 503580287, "key": 0, "osmid": "130337506", "lanes": "2", "ref": null, "name": "Лесная улица", "highway": "tertiary", "maxspeed": "RU:urban", "oneway": false, "reversed": "1", "length": 117.849, "bridge": null, "width": null, "access": null, "service": null }, "geometry": { "type": "LineString", "coordinates": [ [ 29.6276111, 60.2571646 ], [ 29.6278096, 60.2568525 ], [ 29.6282463, 60.2561527 ] ] } },
{ "type": "Feature", "properties": { "u": 1414848799, "v": 1414848808, "key": 0, "osmid": "127945383", "lanes": "1", "ref": null, "name": "Зелёный переулок", "highway": "residential", "maxspeed": "RU:urban", "oneway": false, "reversed": "0", "length": 113.346, "bridge": null, "width": null, "access": null, "service": null }, "geometry": { "type": "LineString", "coordinates": [ [ 29.632785, 60.2574445 ], [ 29.6307419, 60.2573364 ] ] } },
{ "type": "Feature", "properties": { "u": 1414848803, "v": 1192717063, "key": 0, "osmid": "103287814", "lanes": null, "ref": null, "name": "улица Первого учителя", "highway": "residential", "maxspeed": null, "oneway": false, "reversed": "1", "length": 291.189, "bridge": null, "width": null, "access": null, "service": null }, "geometry": { "type": "LineString", "coordinates": [ [ 29.6359567, 60.2557703 ], [ 29.6352675, 60.253174 ] ] } },
{ "type": "Feature", "properties": { "u": 1414848803, "v": 5502915932, "key": 0, "osmid": "221639761", "lanes": null, "ref": null, "name": "Заповедная улица", "highway": "residential", "maxspeed": null, "oneway": false, "reversed": "0", "length": 93.059, "bridge": null, "width": null, "access": null, "service": null }, "geometry": { "type": "LineString", "coordinates": [ [ 29.6359567, 60.2557703 ], [ 29.6367355, 60.2557943 ], [ 29.6374231, 60.2556893 ], [ 29.637593, 60.2556504 ] ] } },
{ "type": "Feature", "properties": { "u": 1414848803, "v": 1192717065, "key": 0, "osmid": "750901378", "lanes": null, "ref": null, "name": "Майский переулок", "highway": "residential", "maxspeed": null, "oneway": false, "reversed": "0", "length": 162.392, "bridge": null, "width": null, "access": null, "service": null }, "geometry": { "type": "LineString", "coordinates": [ [ 29.6359567, 60.2557703 ], [ 29.6332099, 60.2558682 ], [ 29.6330414, 60.2559115 ] ] } },
{ "type": "Feature", "properties": { "u": 1414848808, "v": 1414848793, "key": 0, "osmid": "127945377", "lanes": "1", "ref": null, "name": null, "highway": "residential", "maxspeed": "RU:urban", "oneway": false, "reversed": "1", "length": 122.267, "bridge": null, "width": null, "access": null, "service": null }, "geometry": { "type": "LineString", "coordinates": [ [ 29.6307419, 60.2573364 ], [ 29.6309504, 60.2584311 ] ] } },
{ "type": "Feature", "properties": { "u": 1414848808, "v": 1414848799, "key": 0, "osmid": "127945383", "lanes": "1", "ref": null, "name": "Зелёный переулок", "highway": "residential", "maxspeed": "RU:urban", "oneway": false, "reversed": "1", "length": 113.346, "bridge": null, "width": null, "access": null, "service": null }, "geometry": { "type": "LineString", "coordinates": [ [ 29.6307419, 60.2573364 ], [ 29.632785, 60.2574445 ] ] } },
{ "type": "Feature", "properties": { "u": 1414848808, "v": 1414848792, "key": 0, "osmid": "127945377", "lanes": "1", "ref": null, "name": null, "highway": "residential", "maxspeed": "RU:urban", "oneway": false, "reversed": "0", "length": 176.355, "bridge": null, "width": null, "access": null, "service": null }, "geometry": { "type": "LineString", "coordinates": [ [ 29.6307419, 60.2573364 ], [ 29.6307278, 60.2568509 ], [ 29.6307841, 60.256147 ], [ 29.6308376, 60.2557519 ] ] } },
{ "type": "Feature", "properties": { "u": 1414848808, "v": 1414848798, "key": 0, "osmid": "127945383", "lanes": "1", "ref": null, "name": "Зелёный переулок", "highway": "residential", "maxspeed": "RU:urban", "oneway": false, "reversed": "0", "length": 174.245, "bridge": null, "width": null, "access": null, "service": null }, "geometry": { "type": "LineString", "coordinates": [ [ 29.6307419, 60.2573364 ], [ 29.6277625, 60.2571479 ], [ 29.6276111, 60.2571646 ] ] } },
{ "type": "Feature", "properties": { "u": 1414861629, "v": 712870537, "key": 0, "osmid": "192385612", "lanes": null, "ref": null, "name": "Социалистическая улица", "highway": "unclassified", "maxspeed": null, "oneway": false, "reversed": "0", "length": 16.181, "bridge": null, "width": "4", "access": null, "service": null }, "geometry": { "type": "LineString", "coordinates": [ [ 29.6432719, 60.2419217 ], [ 29.6431789, 60.2420597 ] ] } },
{ "type": "Feature", "properties": { "u": 1414861629, "v": 1831079162, "key": 0, "osmid": "127947257", "lanes": null, "ref": null, "name": "Отрадная улица", "highway": "residential", "maxspeed": null, "oneway": false, "reversed": "0", "length": 116.028, "bridge": null, "width": null, "access": null, "service": null }, "geometry": { "type": "LineString", "coordinates": [ [ 29.6432719, 60.2419217 ], [ 29.642536, 60.2415375 ], [ 29.6418496, 60.2411535 ] ] } },
{ "type": "Feature", "properties": { "u": 1426466958, "v": 1472128949, "key": 0, "osmid": "129255424", "lanes": null, "ref": null, "name": null, "highway": "residential", "maxspeed": null, "oneway": false, "reversed": "0", "length": 142.997, "bridge": null, "width": null, "access": null, "service": null }, "geometry": { "type": "LineString", "coordinates": [ [ 29.610393, 60.2606328 ], [ 29.6098571, 60.2612469 ], [ 29.6093054, 60.2617997 ] ] } },
{ "type": "Feature", "properties": { "u": 1426466958, "v": 854525475, "key": 0, "osmid": "180017040", "lanes": "2", "ref": null, "name": "улица Кирова", "highway": "tertiary", "maxspeed": null, "oneway": false, "reversed": "0", "length": 207.674, "bridge": null, "width": null, "access": null, "service": null }, "geometry": { "type": "LineString", "coordinates": [ [ 29.610393, 60.2606328 ], [ 29.6110633, 60.2607679 ], [ 29.611739, 60.2609517 ], [ 29.6124191, 60.2611946 ], [ 29.6129205, 60.261343 ], [ 29.6133128, 60.2615377 ], [ 29.613494, 60.2616526 ] ] } },
{ "type": "Feature", "properties": { "u": 1426466958, "v": 230184, "key": 0, "osmid": "180017040", "lanes": "2", "ref": null, "name": "улица Кирова", "highway": "tertiary", "maxspeed": null, "oneway": false, "reversed": "1", "length": 210.892, "bridge": null, "width": null, "access": null, "service": null }, "geometry": { "type": "LineString", "coordinates": [ [ 29.610393, 60.2606328 ], [ 29.6092769, 60.2604286 ], [ 29.6068573, 60.2599126 ] ] } },
{ "type": "Feature", "properties": { "u": 1426729054, "v": 496246342, "key": 0, "osmid": "130337506", "lanes": "2", "ref": null, "name": "Лесная улица", "highway": "tertiary", "maxspeed": "RU:urban", "oneway": false, "reversed": "0", "length": 21.658, "bridge": null, "width": null, "access": null, "service": null }, "geometry": { "type": "LineString", "coordinates": [ [ 29.6275027, 60.2594178 ], [ 29.6277507, 60.2595688 ] ] } },
{ "type": "Feature", "properties": { "u": 1426729054, "v": 859349668, "key": 0, "osmid": "129285746", "lanes": "2", "ref": null, "name": "Дорожный переулок", "highway": "residential", "maxspeed": "RU:urban", "oneway": false, "reversed": "0", "length": 84.594, "bridge": null, "width": null, "access": null, "service": null }, "geometry": { "type": "LineString", "coordinates": [ [ 29.6275027, 60.2594178 ], [ 29.6274594, 60.25942 ], [ 29.627313, 60.2594243 ], [ 29.626243, 60.2594791 ], [ 29.6261374, 60.2595725 ], [ 29.6261006, 60.2595906 ] ] } },
{ "type": "Feature", "properties": { "u": 1426729054, "v": 496246339, "key": 0, "osmid": "130337506", "lanes": "2", "ref": null, "name": "Лесная улица", "highway": "tertiary", "maxspeed": "RU:urban", "oneway": false, "reversed": "1", "length": 100.382, "bridge": null, "width": null, "access": null, "service": null }, "geometry": { "type": "LineString", "coordinates": [ [ 29.6275027, 60.2594178 ], [ 29.6273026, 60.2592341 ], [ 29.6271985, 60.2591148 ], [ 29.6271787, 60.2590605 ], [ 29.6270397, 60.2586783 ], [ 29.626999, 60.2585596 ] ] } },
{ "type": "Feature", "properties": { "u": 1429141200, "v": 956009865, "key": 0, "osmid": "1223710381", "lanes": "1", "ref": null, "name": "Карельская улица", "highway": "residential", "maxspeed": null, "oneway": false, "reversed": "0", "length": 163.464, "bridge": null, "width": "4", "access": null, "service": null }, "geometry": { "type": "LineString", "coordinates": [ [ 29.5928268, 60.2424172 ], [ 29.5923855, 60.2426921 ], [ 29.5924398, 60.2428437 ], [ 29.5937615, 60.2435509 ] ] } },
{ "type": "Feature", "properties": { "u": 1445236217, "v": 5502915821, "key": 0, "osmid": "114389382", "lanes": "1", "ref": null, "name": "улица Ахматовой", "highway": "residential", "maxspeed": null, "oneway": false, "reversed": "0", "length": 86.731, "bridge": null, "width": null, "access": null, "service": null }, "geometry": { "type": "LineString", "coordinates": [ [ 29.6333331, 60.2566201 ], [ 29.6337224, 60.2573758 ] ] } },
{ "type": "Feature", "properties": { "u": 1445236217, "v": 1192717065, "key": 0, "osmid": "114389382", "lanes": "1", "ref": null, "name": "улица Ахматовой", "highway": "residential", "maxspeed": null, "oneway": false, "reversed": "1", "length": 81.701, "bridge": null, "width": null, "access": null, "service": null }, "geometry": { "type": "LineString", "coordinates": [ [ 29.6333331, 60.2566201 ], [ 29.6329919, 60.2559854 ], [ 29.6330414, 60.2559115 ] ] } },
{ "type": "Feature", "properties": { "u": 1445236217, "v": 1445236218, "key": 0, "osmid": "131288880", "lanes": null, "ref": null, "name": "Балтийский переулок", "highway": "residential", "maxspeed": null, "oneway": false, "reversed": "0", "length": 240.401, "bridge": null, "width": null, "access": null, "service": null }, "geometry": { "type": "LineString", "coordinates": [ [ 29.6333331, 60.2566201 ], [ 29.6335731, 60.2566094 ], [ 29.634608, 60.2565742 ], [ 29.6376659, 60.2563936 ] ] } },
{ "type": "Feature", "properties": { "u": 1445236218, "v": 1445236217, "key": 0, "osmid": "131288880", "lanes": null, "ref": null, "name": "Балтийский переулок", "highway": "residential", "maxspeed": null, "oneway": false, "reversed": "1", "length": 240.401, "bridge": null, "width": null, "access": null, "service": null }, "geometry": { "type": "LineString", "coordinates": [ [ 29.6376659, 60.2563936 ], [ 29.634608, 60.2565742 ], [ 29.6335731, 60.2566094 ], [ 29.6333331, 60.2566201 ] ] } },
{ "type": "Feature", "properties": { "u": 1446879301, "v": 1295863535, "key": 0, "osmid": "114389377", "lanes": null, "ref": null, "name": "12-я улица", "highway": "residential", "maxspeed": null, "oneway": false, "reversed": "0", "length": 296.748, "bridge": null, "width": null, "access": null, "service": null }, "geometry": { "type": "LineString", "coordinates": [ [ 29.6173255, 60.2419751 ], [ 29.6171914, 60.2420012 ], [ 29.6146831, 60.2433864 ], [ 29.6136912, 60.2439319 ] ] } },
{ "type": "Feature", "properties": { "u": 1446879301, "v": 1295858166, "key": 0, "osmid": "114389381", "lanes": null, "ref": null, "name": "улица Верхнее Рощино", "highway": "residential", "maxspeed": null, "oneway": false, "reversed": "1", "length": 92.538, "bridge": null, "width": null, "access": null, "service": null }, "geometry": { "type": "LineString", "coordinates": [ [ 29.6173255, 60.2419751 ], [ 29.6174232, 60.2420069 ], [ 29.6177885, 60.2427596 ] ] } },
{ "type": "Feature", "properties": { "u": 1446879301, "v": 1446879310, "key": 0, "osmid": "163831356", "lanes": null, "ref": null, "name": "улица Верхнее Рощино", "highway": "residential", "maxspeed": null, "oneway": false, "reversed": "1", "length": 165.195, "bridge": null, "width": null, "access": null, "service": null }, "geometry": { "type": "LineString", "coordinates": [ [ 29.6173255, 60.2419751 ], [ 29.6169956, 60.2414816 ], [ 29.6169769, 60.2411952 ], [ 29.6166455, 60.2405363 ] ] } },
{ "type": "Feature", "properties": { "u": 1446879310, "v": 1628777226, "key": 0, "osmid": "149942083", "lanes": null, "ref": null, "name": "Пихтовый проезд", "highway": "residential", "maxspeed": null, "oneway": false, "reversed": "0", "length": 53.739, "bridge": null, "width": null, "access": null, "service": null }, "geometry": { "type": "LineString", "coordinates": [ [ 29.6166455, 60.2405363 ], [ 29.615725, 60.2406938 ] ] } },
{ "type": "Feature", "properties": { "u": 1446879310, "v": 1080608874, "key": 0, "osmid": "149942083", "lanes": null, "ref": null, "name": "Пихтовый проезд", "highway": "residential", "maxspeed": null, "oneway": false, "reversed": "1", "length": 65.619, "bridge": null, "width": null, "access": null, "service": null }, "geometry": { "type": "LineString", "coordinates": [ [ 29.6166455, 60.2405363 ], [ 29.6177628, 60.2403346 ] ] } },
{ "type": "Feature", "properties": { "u": 1446879310, "v": 1446879301, "key": 0, "osmid": "163831356", "lanes": null, "ref": null, "name": "улица Верхнее Рощино", "highway": "residential", "maxspeed": null, "oneway": false, "reversed": "0", "length": 165.195, "bridge": null, "width": null, "access": null, "service": null }, "geometry": { "type": "LineString", "coordinates": [ [ 29.6166455, 60.2405363 ], [ 29.6169769, 60.2411952 ], [ 29.6169956, 60.2414816 ], [ 29.6173255, 60.2419751 ] ] } },
{ "type": "Feature", "properties": { "u": 1451257275, "v": 477646909, "key": 0, "osmid": "131920845", "lanes": "1", "ref": null, "name": null, "highway": "residential", "maxspeed": null, "oneway": false, "reversed": "1", "length": 99.58, "bridge": null, "width": null, "access": null, "service": null }, "geometry": { "type": "LineString", "coordinates": [ [ 29.5865143, 60.2518347 ], [ 29.5851886, 60.251227 ] ] } },
{ "type": "Feature", "properties": { "u": 1451257275, "v": 1779025022, "key": 0, "osmid": "166452929", "lanes": "1", "ref": null, "name": null, "highway": "residential", "maxspeed": null, "oneway": false, "reversed": "0", "length": 85.914, "bridge": null, "width": null, "access": null, "service": null }, "geometry": { "type": "LineString", "coordinates": [ [ 29.5865143, 60.2518347 ], [ 29.5876956, 60.2523381 ] ] } },
{ "type": "Feature", "properties": { "u": 1451257275, "v": 1779025015, "key": 0, "osmid": "477647212", "lanes": "1", "ref": null, "name": null, "highway": "residential", "maxspeed": null, "oneway": false, "reversed": "0", "length": 167.6, "bridge": null, "width": null, "access": null, "service": null }, "geometry": { "type": "LineString", "coordinates": [ [ 29.5865143, 60.2518347 ], [ 29.5886102, 60.2507437 ] ] } },
{ "type": "Feature", "properties": { "u": 1451257275, "v": 477646886, "key": 0, "osmid": "166455299", "lanes": "1", "ref": null, "name": "Новый переулок", "highway": "residential", "maxspeed": null, "oneway": false, "reversed": "1", "length": 177.19, "bridge": null, "width": null, "access": null, "service": null }, "geometry": { "type": "LineString", "coordinates": [ [ 29.5865143, 60.2518347 ], [ 29.5848581, 60.2527317 ], [ 29.5843724, 60.2530216 ] ] } },
{ "type": "Feature", "properties": { "u": 1452328793, "v": 9319425530, "key": 0, "osmid": "1010051179", "lanes": "1", "ref": null, "name": "улица Нижнее Рощино", "highway": "residential", "maxspeed": null, "oneway": false, "reversed": "0", "length": 73.242, "bridge": null, "width": null, "access": null, "service": null }, "geometry": { "type": "LineString", "coordinates": [ [ 29.5897944, 60.243428 ], [ 29.5906399, 60.2429203 ] ] } },
{ "type": "Feature", "properties": { "u": 1452328793, "v": 9319425530, "key": 1, "lanes": "1", "ref": null, "highway": "residential", "maxspeed": null, "oneway": false, "reversed": "0", "length": 303.475, "bridge": null, "width": null, "access": null, "service": null }, "geometry": { "type": "LineString", "coordinates": [ [ 29.5897944, 60.243428 ], [ 29.5882818, 60.242788 ], [ 29.5882057, 60.2427389 ], [ 29.588204, 60.2426775 ], [ 29.5889343, 60.2422715 ], [ 29.5890784, 60.2422888 ], [ 29.5901433, 60.2427547 ], [ 29.5906399, 60.2429203 ] ] } },
{ "type": "Feature", "properties": { "u": 1452328793, "v": 1462553385, "key": 0, "osmid": "1010051179", "lanes": "1", "ref": null, "name": "улица Нижнее Рощино", "highway": "residential", "maxspeed": null, "oneway": false, "reversed": "1", "length": 30.457, "bridge": null, "width": null, "access": null, "service": null }, "geometry": { "type": "LineString", "coordinates": [ [ 29.5897944, 60.243428 ], [ 29.5894277, 60.2436327 ] ] } },
{ "type": "Feature", "properties": { "u": 1452328804, "v": 956009863, "key": 0, "osmid": "82084874", "lanes": "1", "ref": null, "name": "переулок Достоевского", "highway": "residential", "maxspeed": null, "oneway": false, "reversed": "0", "length": 49.914, "bridge": null, "width": null, "access": null, "service": null }, "geometry": { "type": "LineString", "coordinates": [ [ 29.5939101, 60.2445492 ], [ 29.5940702, 60.244991 ] ] } },
{ "type": "Feature", "properties": { "u": 1452328804, "v": 956009865, "key": 0, "osmid": "82084874", "lanes": "1", "ref": null, "name": "переулок Достоевского", "highway": "residential", "maxspeed": null, "oneway": false, "reversed": "1", "length": 112.402, "bridge": null, "width": null, "access": null, "service": null }, "geometry": { "type": "LineString", "coordinates": [ [ 29.5939101, 60.2445492 ], [ 29.5936929, 60.2437029 ], [ 29.5937215, 60.2435893 ], [ 29.5937615, 60.2435509 ] ] } },
{ "type": "Feature", "properties": { "u": 1452328804, "v": 11363674913, "key": 0, "osmid": "131995272", "lanes": "1", "ref": null, "name": "Онежский переулок", "highway": "residential", "maxspeed": null, "oneway": false, "reversed": "0", "length": 160.12, "bridge": null, "width": null, "access": null, "service": null }, "geometry": { "type": "LineString", "coordinates": [ [ 29.5939101, 60.2445492 ], [ 29.5932446, 60.2444848 ], [ 29.5926759, 60.2442651 ], [ 29.5914964, 60.243803 ] ] } },
{ "type": "Feature", "properties": { "u": 1452328806, "v": 527347031, "key": 0, "osmid": "131995271", "lanes": null, "ref": null, "name": null, "highway": "residential", "maxspeed": null, "oneway": false, "reversed": "1", "length": 31.548, "bridge": null, "width": null, "access": null, "service": null }, "geometry": { "type": "LineString", "coordinates": [ [ 29.5966852, 60.2449082 ], [ 29.5968873, 60.2446428 ] ] } },
{ "type": "Feature", "properties": { "u": 1452328806, "v": 956009863, "key": 0, "osmid": "201390217", "lanes": null, "ref": null, "name": "Еловая улица", "highway": "residential", "maxspeed": null, "oneway": false, "reversed": "1", "length": 144.603, "bridge": null, "width": null, "access": null, "service": null }, "geometry": { "type": "LineString", "coordinates": [ [ 29.5966852, 60.2449082 ], [ 29.5940702, 60.244991 ] ] } },
{ "type": "Feature", "properties": { "u": 1452328806, "v": 527347028, "key": 0, "osmid": "201390217", "lanes": null, "ref": null, "name": "Еловая улица", "highway": "residential", "maxspeed": null, "oneway": false, "reversed": "0", "length": 50.492, "bridge": null, "width": null, "access": null, "service": null }, "geometry": { "type": "LineString", "coordinates": [ [ 29.5966852, 60.2449082 ], [ 29.597338, 60.2448894 ], [ 29.597577, 60.2448373 ] ] } },
{ "type": "Feature", "properties": { "u": 1461327525, "v": 1461327562, "key": 0, "osmid": "132822599", "lanes": null, "ref": null, "name": null, "highway": "residential", "maxspeed": null, "oneway": false, "reversed": "1", "length": 177.742, "bridge": null, "width": null, "access": null, "service": null }, "geometry": { "type": "LineString", "coordinates": [ [ 29.6083181, 60.2480272 ], [ 29.6085513, 60.2481285 ], [ 29.6102107, 60.2487193 ], [ 29.6108668, 60.249002 ] ] } },
{ "type": "Feature", "properties": { "u": 1461327562, "v": 498366189, "key": 0, "osmid": "126547072", "lanes": "1", "ref": null, "name": "улица Верхнее Рощино", "highway": "tertiary", "maxspeed": "RU:urban", "oneway": false, "reversed": "0", "length": 57.67, "bridge": null, "width": null, "access": null, "service": null }, "geometry": { "type": "LineString", "coordinates": [ [ 29.6108668, 60.249002 ], [ 29.6100265, 60.2493104 ] ] } },
{ "type": "Feature", "properties": { "u": 1461327562, "v": 98154646, "key": 0, "osmid": "126547072", "lanes": "1", "ref": null, "name": "улица Верхнее Рощино", "highway": "tertiary", "maxspeed": "RU:urban", "oneway": false, "reversed": "1", "length": 57.764, "bridge": null, "width": null, "access": null, "service": null }, "geometry": { "type": "LineString", "coordinates": [ [ 29.6108668, 60.249002 ], [ 29.6117478, 60.2487214 ] ] } },
{ "type": "Feature", "properties": { "u": 1461327562, "v": 1461327525, "key": 0, "osmid": "132822599", "lanes": null, "ref": null, "name": null, "highway": "residential", "maxspeed": null, "oneway": false, "reversed": "0", "length": 177.742, "bridge": null, "width": null, "access": null, "service": null }, "geometry": { "type": "LineString", "coordinates": [ [ 29.6108668, 60.249002 ], [ 29.6102107, 60.2487193 ], [ 29.6085513, 60.2481285 ], [ 29.6083181, 60.2480272 ] ] } },
{ "type": "Feature", "properties": { "u": 1462553316, "v": 499049081, "key": 0, "osmid": "132929316", "lanes": "1", "ref": null, "name": null, "highway": "residential", "maxspeed": null, "oneway": false, "reversed": "0", "length": 145.411, "bridge": null, "width": null, "access": null, "service": null }, "geometry": { "type": "LineString", "coordinates": [ [ 29.5958963, 60.240308 ], [ 29.596514, 60.2405741 ], [ 29.5979586, 60.2411209 ] ] } },
{ "type": "Feature", "properties": { "u": 1462553385, "v": 1462553392, "key": 0, "osmid": "132929312", "lanes": "1", "ref": null, "name": null, "highway": "residential", "maxspeed": "20", "oneway": false, "reversed": "0", "length": 244.565, "bridge": null, "width": "6", "access": null, "service": null }, "geometry": { "type": "LineString", "coordinates": [ [ 29.5894277, 60.2436327 ], [ 29.5928324, 60.2450406 ] ] } },
{ "type": "Feature", "properties": { "u": 1462553385, "v": 1452328793, "key": 0, "osmid": "1010051179", "lanes": "1", "ref": null, "name": "улица Нижнее Рощино", "highway": "residential", "maxspeed": null, "oneway": false, "reversed": "0", "length": 30.457, "bridge": null, "width": null, "access": null, "service": null }, "geometry": { "type": "LineString", "coordinates": [ [ 29.5894277, 60.2436327 ], [ 29.5897944, 60.243428 ] ] } },
{ "type": "Feature", "properties": { "u": 1462553385, "v": 9319425536, "key": 0, "osmid": "1010051179", "lanes": "1", "ref": null, "name": "улица Нижнее Рощино", "highway": "residential", "maxspeed": null, "oneway": false, "reversed": "1", "length": 42.927, "bridge": null, "width": null, "access": null, "service": null }, "geometry": { "type": "LineString", "coordinates": [ [ 29.5894277, 60.2436327 ], [ 29.5889059, 60.243919 ] ] } },
{ "type": "Feature", "properties": { "u": 1462553392, "v": 1462553385, "key": 0, "osmid": "132929312", "lanes": "1", "ref": null, "name": null, "highway": "residential", "maxspeed": "20", "oneway": false, "reversed": "1", "length": 244.565, "bridge": null, "width": "6", "access": null, "service": null }, "geometry": { "type": "LineString", "coordinates": [ [ 29.5928324, 60.2450406 ], [ 29.5894277, 60.2436327 ] ] } },
{ "type": "Feature", "properties": { "u": 1462553392, "v": 956009863, "key": 0, "osmid": "201390217", "lanes": null, "ref": null, "name": "Еловая улица", "highway": "residential", "maxspeed": null, "oneway": false, "reversed": "0", "length": 68.531, "bridge": null, "width": null, "access": null, "service": null }, "geometry": { "type": "LineString", "coordinates": [ [ 29.5928324, 60.2450406 ], [ 29.5940702, 60.244991 ] ] } },
{ "type": "Feature", "properties": { "u": 1462553392, "v": 1074698047, "key": 0, "osmid": "201390217", "lanes": null, "ref": null, "name": "Еловая улица", "highway": "residential", "maxspeed": null, "oneway": false, "reversed": "1", "length": 122.864, "bridge": null, "width": null, "access": null, "service": null }, "geometry": { "type": "LineString", "coordinates": [ [ 29.5928324, 60.2450406 ], [ 29.5906092, 60.2450998 ] ] } },
{ "type": "Feature", "properties": { "u": 1462867082, "v": 9319425536, "key": 0, "osmid": "1010051179", "lanes": "1", "ref": null, "name": "улица Нижнее Рощино", "highway": "residential", "maxspeed": null, "oneway": false, "reversed": "0", "length": 39.578, "bridge": null, "width": null, "access": null, "service": null }, "geometry": { "type": "LineString", "coordinates": [ [ 29.5884665, 60.2442003 ], [ 29.5889059, 60.243919 ] ] } },
{ "type": "Feature", "properties": { "u": 1462867082, "v": 9319425539, "key": 0, "osmid": "1010051179", "lanes": "1", "ref": null, "name": "улица Нижнее Рощино", "highway": "residential", "maxspeed": null, "oneway": false, "reversed": "1", "length": 33.367, "bridge": null, "width": null, "access": null, "service": null }, "geometry": { "type": "LineString", "coordinates": [ [ 29.5884665, 60.2442003 ], [ 29.5880575, 60.2444213 ] ] } },
{ "type": "Feature", "properties": { "u": 1462867082, "v": 1462867087, "key": 0, "osmid": "132937595", "lanes": "1", "ref": null, "name": null, "highway": "residential", "maxspeed": "20", "oneway": false, "reversed": "0", "length": 131.095, "bridge": null, "width": "6", "access": null, "service": null }, "geometry": { "type": "LineString", "coordinates": [ [ 29.5884665, 60.2442003 ], [ 29.5895242, 60.2446522 ], [ 29.5895636, 60.2446746 ], [ 29.5895869, 60.2447031 ], [ 29.5896367, 60.2451282 ] ] } },
{ "type": "Feature", "properties": { "u": 1462867087, "v": 1074698047, "key": 0, "osmid": "201390217", "lanes": null, "ref": null, "name": "Еловая улица", "highway": "residential", "maxspeed": null, "oneway": false, "reversed": "0", "length": 53.76, "bridge": null, "width": null, "access": null, "service": null }, "geometry": { "type": "LineString", "coordinates": [ [ 29.5896367, 60.2451282 ], [ 29.5906092, 60.2450998 ] ] } },
{ "type": "Feature", "properties": { "u": 1462867087, "v": 1462867082, "key": 0, "osmid": "132937595", "lanes": "1", "ref": null, "name": null, "highway": "residential", "maxspeed": "20", "oneway": false, "reversed": "1", "length": 131.095, "bridge": null, "width": "6", "access": null, "service": null }, "geometry": { "type": "LineString", "coordinates": [ [ 29.5896367, 60.2451282 ], [ 29.5895869, 60.2447031 ], [ 29.5895636, 60.2446746 ], [ 29.5895242, 60.2446522 ], [ 29.5884665, 60.2442003 ] ] } },
{ "type": "Feature", "properties": { "u": 1462867087, "v": 506291528, "key": 0, "lanes": "1", "ref": null, "highway": "residential", "maxspeed": null, "oneway": false, "reversed": "1", "length": 299.266, "bridge": null, "width": null, "access": null, "service": null }, "geometry": { "type": "LineString", "coordinates": [ [ 29.5896367, 60.2451282 ], [ 29.5878688, 60.245245 ], [ 29.5866649, 60.2452766 ], [ 29.585684, 60.2454999 ], [ 29.5852647, 60.2455601 ], [ 29.5853633, 60.2457646 ], [ 29.5854918, 60.2460016 ] ] } },
{ "type": "Feature", "properties": { "u": 1462867338, "v": 1462867342, "key": 0, "osmid": "40924881", "lanes": "2", "ref": null, "name": "Нагорная улица", "highway": "residential", "maxspeed": null, "oneway": false, "reversed": "0", "length": 7.607, "bridge": null, "width": null, "access": null, "service": null }, "geometry": { "type": "LineString", "coordinates": [ [ 29.6119805, 60.2531146 ], [ 29.6119785, 60.253183 ] ] } },
{ "type": "Feature", "properties": { "u": 1462867338, "v": 503590526, "key": 0, "osmid": "40924881", "lanes": "2", "ref": null, "name": "Нагорная улица", "highway": "residential", "maxspeed": null, "oneway": false, "reversed": "1", "length": 111.143, "bridge": null, "width": null, "access": null, "service": null }, "geometry": { "type": "LineString", "coordinates": [ [ 29.6119805, 60.2531146 ], [ 29.6111503, 60.2522039 ] ] } },
{ "type": "Feature", "properties": { "u": 1462867338, "v": 498366285, "key": 0, "osmid": "128487591", "lanes": "2", "ref": null, "name": "Садовая улица", "highway": "residential", "maxspeed": null, "oneway": false, "reversed": "0", "length": 82.007, "bridge": null, "width": null, "access": null, "service": null }, "geometry": { "type": "LineString", "coordinates": [ [ 29.6119805, 60.2531146 ], [ 29.6120259, 60.2530851 ], [ 29.6123942, 60.2528368 ], [ 29.6129182, 60.2525433 ] ] } },
{ "type": "Feature", "properties": { "u": 1462867342, "v": 1462867338, "key": 0, "osmid": "40924881", "lanes": "2", "ref": null, "name": "Нагорная улица", "highway": "residential", "maxspeed": null, "oneway": false, "reversed": "1", "length": 7.607, "bridge": null, "width": null, "access": null, "service": null }, "geometry": { "type": "LineString", "coordinates": [ [ 29.6119785, 60.253183 ], [ 29.6119805, 60.2531146 ] ] } },
{ "type": "Feature", "properties": { "u": 1462867342, "v": 98154687, "key": 0, "osmid": "71792679", "lanes": "2", "ref": null, "name": "Садовая улица", "highway": "residential", "maxspeed": null, "oneway": false, "reversed": "1", "length": 130.656, "bridge": null, "width": null, "access": null, "service": null }, "geometry": { "type": "LineString", "coordinates": [ [ 29.6119785, 60.253183 ], [ 29.611787, 60.2532505 ], [ 29.611316, 60.2533786 ], [ 29.6111311, 60.2533967 ], [ 29.6105938, 60.2534617 ], [ 29.6101878, 60.2535084 ], [ 29.6097557, 60.2535436 ] ] } },
{ "type": "Feature", "properties": { "u": 1462867342, "v": 98154695, "key": 0, "osmid": "185282693", "lanes": "2", "ref": null, "name": "Нагорная улица", "highway": "residential", "maxspeed": null, "oneway": false, "reversed": "0", "length": 125.726, "bridge": null, "width": null, "access": null, "service": null }, "geometry": { "type": "LineString", "coordinates": [ [ 29.6119785, 60.253183 ], [ 29.6130078, 60.2541326 ], [ 29.6130579, 60.2541788 ] ] } },
{ "type": "Feature", "properties": { "u": 1463038478, "v": 529790330, "key": 0, "osmid": "115064647", "lanes": null, "ref": null, "name": "6-я улица", "highway": "residential", "maxspeed": null, "oneway": false, "reversed": "1", "length": 136.948, "bridge": null, "width": null, "access": null, "service": null }, "geometry": { "type": "LineString", "coordinates": [ [ 29.6070265, 60.2437406 ], [ 29.6064848, 60.2425387 ] ] } },
{ "type": "Feature", "properties": { "u": 1463038478, "v": 1301582912, "key": 0, "osmid": "166107152", "lanes": null, "ref": null, "name": null, "highway": "residential", "maxspeed": null, "oneway": false, "reversed": "0", "length": 32.962, "bridge": null, "width": null, "access": null, "service": null }, "geometry": { "type": "LineString", "coordinates": [ [ 29.6070265, 60.2437406 ], [ 29.6071638, 60.2440291 ] ] } },
{ "type": "Feature", "properties": { "u": 1463038478, "v": 1463038492, "key": 0, "osmid": "132963209", "lanes": null, "ref": null, "name": null, "highway": "residential", "maxspeed": null, "oneway": false, "reversed": "0", "length": 263.774, "bridge": null, "width": null, "access": null, "service": null }, "geometry": { "type": "LineString", "coordinates": [ [ 29.6070265, 60.2437406 ], [ 29.6053094, 60.2439371 ], [ 29.6047438, 60.2439872 ], [ 29.6023665, 60.2442664 ] ] } },
{ "type": "Feature", "properties": { "u": 1463038492, "v": 1463038478, "key": 0, "osmid": "132963209", "lanes": null, "ref": null, "name": null, "highway": "residential", "maxspeed": null, "oneway": false, "reversed": "1", "length": 263.774, "bridge": null, "width": null, "access": null, "service": null }, "geometry": { "type": "LineString", "coordinates": [ [ 29.6023665, 60.2442664 ], [ 29.6047438, 60.2439872 ], [ 29.6053094, 60.2439371 ], [ 29.6070265, 60.2437406 ] ] } },
{ "type": "Feature", "properties": { "u": 1472128949, "v": 1426466958, "key": 0, "osmid": "129255424", "lanes": null, "ref": null, "name": null, "highway": "residential", "maxspeed": null, "oneway": false, "reversed": "1", "length": 142.997, "bridge": null, "width": null, "access": null, "service": null }, "geometry": { "type": "LineString", "coordinates": [ [ 29.6093054, 60.2617997 ], [ 29.6098571, 60.2612469 ], [ 29.610393, 60.2606328 ] ] } },
{ "type": "Feature", "properties": { "u": 1472129000, "v": 1472129029, "key": 0, "osmid": "153521790", "lanes": null, "ref": null, "name": null, "highway": "unclassified", "maxspeed": null, "oneway": false, "reversed": "1", "length": 215.793, "bridge": null, "width": "3", "access": null, "service": "driveway" }, "geometry": { "type": "LineString", "coordinates": [ [ 29.6114151, 60.2638491 ], [ 29.6148843, 60.2647465 ] ] } },
{ "type": "Feature", "properties": { "u": 1472129000, "v": 6324923711, "key": 0, "lanes": null, "ref": null, "name": null, "highway": "unclassified", "maxspeed": null, "oneway": false, "length": 575.095, "bridge": null, "width": "3", "access": null, "service": null }, "geometry": { "type": "LineString", "coordinates": [ [ 29.6114151, 60.2638491 ], [ 29.6104902, 60.2647721 ], [ 29.607641, 60.2676225 ], [ 29.6075238, 60.2675924 ], [ 29.6060139, 60.2671035 ] ] } },
{ "type": "Feature", "properties": { "u": 1472129000, "v": 854525475, "key": 0, "lanes": null, "ref": null, "name": null, "highway": "unclassified", "maxspeed": null, "oneway": false, "reversed": "0", "length": 270.489, "bridge": null, "width": "3", "access": null, "service": "driveway" }, "geometry": { "type": "LineString", "coordinates": [ [ 29.6114151, 60.2638491 ], [ 29.6125909, 60.2626079 ], [ 29.6132773, 60.262009 ], [ 29.613494, 60.2616526 ] ] } },
{ "type": "Feature", "properties": { "u": 1472129029, "v": 1472129000, "key": 0, "osmid": "153521790", "lanes": null, "ref": null, "name": null, "highway": "unclassified", "maxspeed": null, "oneway": false, "reversed": "0", "length": 215.793, "bridge": null, "width": "3", "access": null, "service": "driveway" }, "geometry": { "type": "LineString", "coordinates": [ [ 29.6148843, 60.2647465 ], [ 29.6114151, 60.2638491 ] ] } },
{ "type": "Feature", "properties": { "u": 1472129029, "v": 1472228977, "key": 0, "lanes": null, "ref": null, "name": "Первомайская улица", "highway": "unclassified", "maxspeed": null, "oneway": false, "length": 264.815, "bridge": null, "width": null, "access": null, "service": null }, "geometry": { "type": "LineString", "coordinates": [ [ 29.6148843, 60.2647465 ], [ 29.6155294, 60.264112 ], [ 29.6160472, 60.2635233 ], [ 29.6161473, 60.2633236 ], [ 29.6163238, 60.2627983 ], [ 29.6164219, 60.2625121 ] ] } },
{ "type": "Feature", "properties": { "u": 1472129029, "v": 1472129039, "key": 0, "osmid": "133750500", "lanes": null, "ref": null, "name": "Первомайская улица", "highway": "unclassified", "maxspeed": null, "oneway": false, "reversed": "1", "length": 311.175, "bridge": null, "width": null, "access": null, "service": "driveway" }, "geometry": { "type": "LineString", "coordinates": [ [ 29.6148843, 60.2647465 ], [ 29.6140031, 60.2656059 ], [ 29.612279, 60.2672287 ] ] } },
{ "type": "Feature", "properties": { "u": 1472129039, "v": 1472129029, "key": 0, "osmid": "133750500", "lanes": null, "ref": null, "name": "Первомайская улица", "highway": "unclassified", "maxspeed": null, "oneway": false, "reversed": "0", "length": 311.175, "bridge": null, "width": null, "access": null, "service": "driveway" }, "geometry": { "type": "LineString", "coordinates": [ [ 29.612279, 60.2672287 ], [ 29.6140031, 60.2656059 ], [ 29.6148843, 60.2647465 ] ] } },
{ "type": "Feature", "properties": { "u": 1472228977, "v": 854525529, "key": 0, "osmid": "180017040", "lanes": "2", "ref": null, "name": "улица Кирова", "highway": "tertiary", "maxspeed": null, "oneway": false, "reversed": "0", "length": 100.399, "bridge": null, "width": null, "access": null, "service": null }, "geometry": { "type": "LineString", "coordinates": [ [ 29.6164219, 60.2625121 ], [ 29.6181548, 60.2627885 ] ] } },
{ "type": "Feature", "properties": { "u": 1472228977, "v": 1472129029, "key": 0, "lanes": null, "ref": null, "name": "Первомайская улица", "highway": "unclassified", "maxspeed": null, "oneway": false, "length": 264.815, "bridge": null, "width": null, "access": null, "service": null }, "geometry": { "type": "LineString", "coordinates": [ [ 29.6164219, 60.2625121 ], [ 29.6163238, 60.2627983 ], [ 29.6161473, 60.2633236 ], [ 29.6160472, 60.2635233 ], [ 29.6155294, 60.264112 ], [ 29.6148843, 60.2647465 ] ] } },
{ "type": "Feature", "properties": { "u": 1472228977, "v": 854525475, "key": 0, "osmid": "180017040", "lanes": "2", "ref": null, "name": "улица Кирова", "highway": "tertiary", "maxspeed": null, "oneway": false, "reversed": "1", "length": 195.842, "bridge": null, "width": null, "access": null, "service": null }, "geometry": { "type": "LineString", "coordinates": [ [ 29.6164219, 60.2625121 ], [ 29.615248, 60.2623397 ], [ 29.6147202, 60.2622424 ], [ 29.6142157, 60.2621337 ], [ 29.613824, 60.2619152 ], [ 29.613494, 60.2616526 ] ] } },
{ "type": "Feature", "properties": { "u": 1475404781, "v": 1935120638, "key": 0, "osmid": "183152158", "lanes": null, "ref": null, "name": null, "highway": "residential", "maxspeed": null, "oneway": false, "reversed": "1", "length": 96.284, "bridge": null, "width": null, "access": null, "service": null }, "geometry": { "type": "LineString", "coordinates": [ [ 29.6332195, 60.2434694 ], [ 29.6324845, 60.243172 ], [ 29.631768, 60.2429995 ] ] } },
{ "type": "Feature", "properties": { "u": 1481882054, "v": 1360301981, "key": 0, "lanes": "1", "ref": null, "highway": "residential", "maxspeed": null, "oneway": false, "reversed": "0", "length": 98.354, "bridge": null, "width": null, "access": null, "service": null }, "geometry": { "type": "LineString", "coordinates": [ [ 29.6164469, 60.2354931 ], [ 29.6163399, 60.2354683 ], [ 29.6161911, 60.2355153 ], [ 29.6160848, 60.2355745 ], [ 29.6159517, 60.2357222 ], [ 29.6158573, 60.2358268 ], [ 29.6156796, 60.2360083 ], [ 29.6156015, 60.2361849 ] ] } },
{ "type": "Feature", "properties": { "u": 1481882054, "v": 1239555378, "key": 0, "osmid": "199042512", "lanes": "1", "ref": null, "name": "Лесной проезд", "highway": "residential", "maxspeed": null, "oneway": false, "reversed": "1", "length": 126.773, "bridge": null, "width": null, "access": null, "service": null }, "geometry": { "type": "LineString", "coordinates": [ [ 29.6164469, 60.2354931 ], [ 29.616633, 60.2356268 ], [ 29.616896, 60.2358063 ], [ 29.6170006, 60.235947 ], [ 29.6172743, 60.2365372 ] ] } },
{ "type": "Feature", "properties": { "u": 1481882054, "v": 1481882056, "key": 0, "lanes": "1", "ref": null, "highway": "residential", "maxspeed": null, "oneway": false, "reversed": "0", "length": 187.642, "bridge": null, "width": null, "access": null, "service": null }, "geometry": { "type": "LineString", "coordinates": [ [ 29.6164469, 60.2354931 ], [ 29.6165151, 60.2354471 ], [ 29.6166402, 60.2354361 ], [ 29.6176496, 60.2354585 ], [ 29.6178792, 60.2365181 ] ] } },
{ "type": "Feature", "properties": { "u": 1481882056, "v": 1239555378, "key": 0, "osmid": "142334288", "lanes": "1", "ref": null, "name": "Водоемный проезд", "highway": "residential", "maxspeed": null, "oneway": false, "reversed": "0", "length": 33.458, "bridge": null, "width": null, "access": null, "service": null }, "geometry": { "type": "LineString", "coordinates": [ [ 29.6178792, 60.2365181 ], [ 29.6172743, 60.2365372 ] ] } },
{ "type": "Feature", "properties": { "u": 1481882056, "v": 1375480878, "key": 0, "osmid": "142334288", "lanes": "1", "ref": null, "name": "Водоемный проезд", "highway": "residential", "maxspeed": null, "oneway": false, "reversed": "1", "length": 83.28, "bridge": null, "width": null, "access": null, "service": null }, "geometry": { "type": "LineString", "coordinates": [ [ 29.6178792, 60.2365181 ], [ 29.6193844, 60.2364671 ] ] } },
{ "type": "Feature", "properties": { "u": 1481882056, "v": 1481882054, "key": 0, "lanes": "1", "ref": null, "highway": "residential", "maxspeed": null, "oneway": false, "reversed": "1", "length": 187.642, "bridge": null, "width": null, "access": null, "service": null }, "geometry": { "type": "LineString", "coordinates": [ [ 29.6178792, 60.2365181 ], [ 29.6176496, 60.2354585 ], [ 29.6166402, 60.2354361 ], [ 29.6165151, 60.2354471 ], [ 29.6164469, 60.2354931 ] ] } },
{ "type": "Feature", "properties": { "u": 1482518882, "v": 1836221784, "key": 0, "osmid": "31387359", "lanes": "2", "ref": "41А-025", "name": "Железнодорожная улица", "highway": "primary", "maxspeed": "RU:urban", "oneway": false, "reversed": "0", "length": 97.57, "bridge": null, "width": null, "access": null, "service": null }, "geometry": { "type": "LineString", "coordinates": [ [ 29.5819971, 60.255321 ], [ 29.5826538, 60.2555284 ], [ 29.5835689, 60.255716 ] ] } },
{ "type": "Feature", "properties": { "u": 1482518882, "v": 1078494162, "key": 0, "osmid": "31387359", "lanes": "2", "ref": "41А-025", "name": "Железнодорожная улица", "highway": "primary", "maxspeed": "RU:urban", "oneway": false, "reversed": "1", "length": 53.883, "bridge": null, "width": null, "access": null, "service": null }, "geometry": { "type": "LineString", "coordinates": [ [ 29.5819971, 60.255321 ], [ 29.5815268, 60.2551469 ], [ 29.5812143, 60.2550312 ] ] } },
{ "type": "Feature", "properties": { "u": 1482518882, "v": 477646868, "key": 0, "lanes": "2", "ref": null, "name": "Северный переулок", "highway": "residential", "maxspeed": "RU:urban", "oneway": false, "reversed": "1", "length": 114.514, "bridge": null, "width": null, "access": null, "service": null }, "geometry": { "type": "LineString", "coordinates": [ [ 29.5819971, 60.255321 ], [ 29.5819733, 60.2553404 ], [ 29.5818237, 60.2554321 ], [ 29.5830325, 60.2559557 ], [ 29.5831924, 60.2560043 ] ] } },
{ "type": "Feature", "properties": { "u": 1495262642, "v": 1496974712, "key": 0, "osmid": "136288675", "lanes": null, "ref": null, "name": null, "highway": "residential", "maxspeed": null, "oneway": false, "reversed": "1", "length": 205.311, "bridge": null, "width": null, "access": null, "service": null }, "geometry": { "type": "LineString", "coordinates": [ [ 29.6317136, 60.2413603 ], [ 29.6321285, 60.2411925 ], [ 29.6324072, 60.2410935 ], [ 29.632851, 60.2410662 ], [ 29.6331662, 60.2409809 ], [ 29.6334427, 60.2408442 ], [ 29.6334145, 60.2407518 ], [ 29.6332217, 60.2405672 ], [ 29.6325466, 60.2401756 ] ] } },
{ "type": "Feature", "properties": { "u": 1495262646, "v": 1239558361, "key": 0, "osmid": "126547072", "lanes": "1", "ref": null, "name": "улица Верхнее Рощино", "highway": "tertiary", "maxspeed": "RU:urban", "oneway": false, "reversed": "0", "length": 44.676, "bridge": null, "width": null, "access": null, "service": null }, "geometry": { "type": "LineString", "coordinates": [ [ 29.6194954, 60.2438382 ], [ 29.6188981, 60.2441094 ] ] } },
{ "type": "Feature", "properties": { "u": 1495262646, "v": 1366581002, "key": 0, "osmid": "122239836", "lanes": null, "ref": null, "name": null, "highway": "residential", "maxspeed": null, "oneway": false, "reversed": "1", "length": 242.075, "bridge": null, "width": null, "access": null, "service": null }, "geometry": { "type": "LineString", "coordinates": [ [ 29.6194954, 60.2438382 ], [ 29.6205488, 60.2443695 ], [ 29.6211948, 60.24487 ], [ 29.6211536, 60.2448979 ], [ 29.6199358, 60.2454261 ] ] } },
{ "type": "Feature", "properties": { "u": 1495262646, "v": 98154628, "key": 0, "osmid": "126547072", "lanes": "1", "ref": null, "name": "улица Верхнее Рощино", "highway": "tertiary", "maxspeed": "RU:urban", "oneway": false, "reversed": "1", "length": 137.058, "bridge": null, "width": null, "access": null, "service": null }, "geometry": { "type": "LineString", "coordinates": [ [ 29.6194954, 60.2438382 ], [ 29.619577, 60.243801 ], [ 29.620344, 60.2434805 ], [ 29.6208161, 60.2432236 ], [ 29.6211939, 60.2429493 ] ] } },
{ "type": "Feature", "properties": { "u": 1496974712, "v": 1789789166, "key": 0, "osmid": "72280666", "lanes": null, "ref": null, "name": "Северная улица", "highway": "residential", "maxspeed": null, "oneway": false, "reversed": "0", "length": 18.213, "bridge": null, "width": null, "access": null, "service": null }, "geometry": { "type": "LineString", "coordinates": [ [ 29.6325466, 60.2401756 ], [ 29.6328104, 60.2400772 ] ] } },
{ "type": "Feature", "properties": { "u": 1496974712, "v": 1935120633, "key": 0, "osmid": "72280666", "lanes": null, "ref": null, "name": "Северная улица", "highway": "residential", "maxspeed": null, "oneway": false, "reversed": "1", "length": 266.296, "bridge": null, "width": null, "access": null, "service": null }, "geometry": { "type": "LineString", "coordinates": [ [ 29.6325466, 60.2401756 ], [ 29.6297303, 60.2413626 ], [ 29.6287387, 60.2416318 ] ] } },
{ "type": "Feature", "properties": { "u": 1496974712, "v": 1495262642, "key": 0, "osmid": "136288675", "lanes": null, "ref": null, "name": null, "highway": "residential", "maxspeed": null, "oneway": false, "reversed": "0", "length": 205.311, "bridge": null, "width": null, "access": null, "service": null }, "geometry": { "type": "LineString", "coordinates": [ [ 29.6325466, 60.2401756 ], [ 29.6332217, 60.2405672 ], [ 29.6334145, 60.2407518 ], [ 29.6334427, 60.2408442 ], [ 29.6331662, 60.2409809 ], [ 29.632851, 60.2410662 ], [ 29.6324072, 60.2410935 ], [ 29.6321285, 60.2411925 ], [ 29.6317136, 60.2413603 ] ] } },
{ "type": "Feature", "properties": { "u": 1496997757, "v": 1342336336, "key": 0, "osmid": "119465269", "lanes": null, "ref": null, "name": null, "highway": "residential", "maxspeed": null, "oneway": false, "reversed": "0", "length": 49.315, "bridge": null, "width": null, "access": null, "service": null }, "geometry": { "type": "LineString", "coordinates": [ [ 29.6360389, 60.2365799 ], [ 29.6364749, 60.236967 ] ] } },
{ "type": "Feature", "properties": { "u": 1496997757, "v": 1911126251, "key": 0, "lanes": null, "ref": null, "name": "Наклонная улица", "highway": "residential", "maxspeed": null, "oneway": false, "reversed": "1", "length": 219.577, "bridge": null, "width": null, "access": null, "service": null }, "geometry": { "type": "LineString", "coordinates": [ [ 29.6360389, 60.2365799 ], [ 29.6357049, 60.2362045 ], [ 29.6348249, 60.2352711 ], [ 29.6343291, 60.2347975 ] ] } },
{ "type": "Feature", "properties": { "u": 1496997757, "v": 1628541359, "key": 0, "osmid": "149918008", "lanes": null, "ref": null, "name": "Еловый проезд", "highway": "residential", "maxspeed": null, "oneway": false, "reversed": "1", "length": 219.228, "bridge": null, "width": null, "access": null, "service": null }, "geometry": { "type": "LineString", "coordinates": [ [ 29.6360389, 60.2365799 ], [ 29.633359, 60.2367826 ], [ 29.6329353, 60.23684 ], [ 29.6332092, 60.2372245 ] ] } },
{ "type": "Feature", "properties": { "u": 1496997796, "v": 1342336336, "key": 0, "osmid": "119465269", "lanes": null, "ref": null, "name": null, "highway": "residential", "maxspeed": null, "oneway": false, "reversed": "1", "length": 51.032, "bridge": null, "width": null, "access": null, "service": null }, "geometry": { "type": "LineString", "coordinates": [ [ 29.6367666, 60.2374025 ], [ 29.6364749, 60.236967 ] ] } },
{ "type": "Feature", "properties": { "u": 1496997796, "v": 1342336340, "key": 0, "osmid": "119465269", "lanes": null, "ref": null, "name": null, "highway": "residential", "maxspeed": null, "oneway": false, "reversed": "0", "length": 65.169, "bridge": null, "width": null, "access": null, "service": null }, "geometry": { "type": "LineString", "coordinates": [ [ 29.6367666, 60.2374025 ], [ 29.637107, 60.2376913 ], [ 29.6371778, 60.2377514 ], [ 29.6374074, 60.2378931 ] ] } },
{ "type": "Feature", "properties": { "u": 1496997796, "v": 7020223186, "key": 0, "osmid": "149918009", "lanes": null, "ref": null, "name": "Берёзовый проезд", "highway": "residential", "maxspeed": null, "oneway": false, "reversed": "0", "length": 88.032, "bridge": null, "width": null, "access": null, "service": null }, "geometry": { "type": "LineString", "coordinates": [ [ 29.6367666, 60.2374025 ], [ 29.6361496, 60.2374264 ], [ 29.6353535, 60.2374774 ], [ 29.6351973, 60.2375146 ] ] } },
{ "type": "Feature", "properties": { "u": 1496997915, "v": 858872483, "key": 0, "osmid": "136473636", "lanes": null, "ref": null, "name": null, "highway": "residential", "maxspeed": null, "oneway": false, "reversed": "1", "length": 68.897, "bridge": null, "width": null, "access": null, "service": null }, "geometry": { "type": "LineString", "coordinates": [ [ 29.6342721, 60.2403056 ], [ 29.6334665, 60.2398323 ] ] } },
{ "type": "Feature", "properties": { "u": 1556742235, "v": 1789789082, "key": 0, "osmid": "142234635", "lanes": null, "ref": null, "name": null, "highway": "residential", "maxspeed": null, "oneway": false, "reversed": "1", "length": 165.315, "bridge": null, "width": null, "access": null, "service": null }, "geometry": { "type": "LineString", "coordinates": [ [ 29.6433779, 60.2373718 ], [ 29.6417576, 60.2380437 ], [ 29.6413073, 60.238201 ], [ 29.6410651, 60.2383145 ] ] } },
{ "type": "Feature", "properties": { "u": 1556742292, "v": 1789789082, "key": 0, "osmid": "142234635", "lanes": null, "ref": null, "name": null, "highway": "residential", "maxspeed": null, "oneway": false, "reversed": "0", "length": 183.444, "bridge": null, "width": null, "access": null, "service": null }, "geometry": { "type": "LineString", "coordinates": [ [ 29.63861, 60.2385611 ], [ 29.6395563, 60.2389936 ], [ 29.6396785, 60.2389412 ], [ 29.6402609, 60.2386914 ], [ 29.6410651, 60.2383145 ] ] } },
{ "type": "Feature", "properties": { "u": 1556742292, "v": 1342336334, "key": 0, "osmid": "142234635", "lanes": null, "ref": null, "name": null, "highway": "residential", "maxspeed": null, "oneway": false, "reversed": "1", "length": 88.115, "bridge": null, "width": null, "access": null, "service": null }, "geometry": { "type": "LineString", "coordinates": [ [ 29.63861, 60.2385611 ], [ 29.6379721, 60.2383231 ], [ 29.6373245, 60.2380913 ] ] } },
{ "type": "Feature", "properties": { "u": 1556742292, "v": 1789789035, "key": 0, "osmid": "167584473", "lanes": null, "ref": null, "name": null, "highway": "residential", "maxspeed": null, "oneway": false, "reversed": "1", "length": 149.38, "bridge": null, "width": null, "access": null, "service": null }, "geometry": { "type": "LineString", "coordinates": [ [ 29.63861, 60.2385611 ], [ 29.6386623, 60.2385302 ], [ 29.6403491, 60.2375318 ] ] } },
{ "type": "Feature", "properties": { "u": 1557932128, "v": 1935014423, "key": 0, "osmid": "183141301", "lanes": null, "ref": null, "name": null, "highway": "residential", "maxspeed": null, "oneway": false, "reversed": "0", "length": 69.04, "bridge": null, "width": null, "access": null, "service": null }, "geometry": { "type": "LineString", "coordinates": [ [ 29.6379263, 60.2392024 ], [ 29.6385383, 60.2386609 ] ] } },
{ "type": "Feature", "properties": { "u": 1557932128, "v": 1831079162, "key": 0, "lanes": null, "ref": null, "name": null, "maxspeed": null, "oneway": false, "reversed": "0", "length": 337.927, "bridge": null, "width": null, "access": null, "service": null }, "geometry": { "type": "LineString", "coordinates": [ [ 29.6379263, 60.2392024 ], [ 29.6402188, 60.2397906 ], [ 29.6414217, 60.2401072 ], [ 29.6414908, 60.2401254 ], [ 29.6418496, 60.2411535 ] ] } },
{ "type": "Feature", "properties": { "u": 1557932128, "v": 858872466, "key": 0, "osmid": "142341556", "lanes": null, "ref": null, "name": null, "highway": "residential", "maxspeed": null, "oneway": false, "reversed": "1", "length": 84.148, "bridge": null, "width": null, "access": null, "service": null }, "geometry": { "type": "LineString", "coordinates": [ [ 29.6379263, 60.2392024 ], [ 29.6367938, 60.2389255 ], [ 29.6366396, 60.2389296 ], [ 29.6365323, 60.2389342 ] ] } },
{ "type": "Feature", "properties": { "u": 1588088322, "v": 1678734472, "key": 0, "osmid": "93220617", "lanes": null, "ref": null, "name": "Инженерная улица", "highway": "residential", "maxspeed": null, "oneway": false, "reversed": "1", "length": 124.263, "bridge": null, "width": null, "access": null, "service": null }, "geometry": { "type": "LineString", "coordinates": [ [ 29.629872, 60.2353766 ], [ 29.6279693, 60.2359738 ] ] } },
{ "type": "Feature", "properties": { "u": 1588088322, "v": 1080626253, "key": 0, "osmid": "93220617", "lanes": null, "ref": null, "name": "Инженерная улица", "highway": "residential", "maxspeed": null, "oneway": false, "reversed": "0", "length": 226.972, "bridge": null, "width": null, "access": null, "service": null }, "geometry": { "type": "LineString", "coordinates": [ [ 29.629872, 60.2353766 ], [ 29.631929, 60.2346932 ], [ 29.6328316, 60.2344821 ], [ 29.6334095, 60.234347 ] ] } },
{ "type": "Feature", "properties": { "u": 1588088322, "v": 1628541268, "key": 0, "osmid": "168210891", "lanes": "2", "ref": null, "name": "Центральная улица", "highway": "residential", "maxspeed": "60", "oneway": false, "reversed": "0", "length": 134.05, "bridge": null, "width": "4", "access": null, "service": null }, "geometry": { "type": "LineString", "coordinates": [ [ 29.629872, 60.2353766 ], [ 29.6304346, 60.2357627 ], [ 29.6312952, 60.2363534 ] ] } },
{ "type": "Feature", "properties": { "u": 1628541256, "v": 1628541398, "key": 0, "osmid": "149918004", "lanes": null, "ref": null, "name": null, "highway": "residential", "maxspeed": null, "oneway": false, "reversed": "1", "length": 186.867, "bridge": null, "width": null, "access": null, "service": null }, "geometry": { "type": "LineString", "coordinates": [ [ 29.6363936, 60.2361346 ], [ 29.636599, 60.2362132 ], [ 29.6379558, 60.2376112 ] ] } },
{ "type": "Feature", "properties": { "u": 1628541268, "v": 1628541363, "key": 0, "osmid": "149918012", "lanes": null, "ref": null, "name": "Центральная улица", "highway": "residential", "maxspeed": null, "oneway": false, "reversed": "1", "length": 127.444, "bridge": null, "width": "4", "access": null, "service": null }, "geometry": { "type": "LineString", "coordinates": [ [ 29.6312952, 60.2363534 ], [ 29.6317542, 60.2366652 ], [ 29.6319933, 60.2368064 ], [ 29.6321588, 60.2369994 ], [ 29.6324246, 60.2373405 ] ] } },
{ "type": "Feature", "properties": { "u": 1628541268, "v": 1588088322, "key": 0, "osmid": "168210891", "lanes": "2", "ref": null, "name": "Центральная улица", "highway": "residential", "maxspeed": "60", "oneway": false, "reversed": "1", "length": 134.05, "bridge": null, "width": "4", "access": null, "service": null }, "geometry": { "type": "LineString", "coordinates": [ [ 29.6312952, 60.2363534 ], [ 29.6304346, 60.2357627 ], [ 29.629872, 60.2353766 ] ] } },
{ "type": "Feature", "properties": { "u": 1628541268, "v": 1628541358, "key": 0, "osmid": "168210892", "lanes": "2", "ref": null, "name": null, "highway": "residential", "maxspeed": "60", "oneway": false, "reversed": "0", "length": 228.346, "bridge": null, "width": "4", "access": null, "service": null }, "geometry": { "type": "LineString", "coordinates": [ [ 29.6312952, 60.2363534 ], [ 29.6303177, 60.2368564 ], [ 29.6303253, 60.2369664 ], [ 29.6306806, 60.2372875 ], [ 29.6311817, 60.2378638 ], [ 29.6313431, 60.2381012 ] ] } },
{ "type": "Feature", "properties": { "u": 1628541358, "v": 1628541268, "key": 0, "osmid": "168210892", "lanes": "2", "ref": null, "name": null, "highway": "residential", "maxspeed": "60", "oneway": false, "reversed": "1", "length": 228.346, "bridge": null, "width": "4", "access": null, "service": null }, "geometry": { "type": "LineString", "coordinates": [ [ 29.6313431, 60.2381012 ], [ 29.6311817, 60.2378638 ], [ 29.6306806, 60.2372875 ], [ 29.6303253, 60.2369664 ], [ 29.6303177, 60.2368564 ], [ 29.6312952, 60.2363534 ] ] } },
{ "type": "Feature", "properties": { "u": 1628541359, "v": 7020223185, "key": 0, "osmid": "149918006", "lanes": null, "ref": null, "name": "Хвойный проезд", "highway": "residential", "maxspeed": null, "oneway": false, "reversed": "0", "length": 6.096, "bridge": null, "width": null, "access": null, "service": null }, "geometry": { "type": "LineString", "coordinates": [ [ 29.6332092, 60.2372245 ], [ 29.6333181, 60.2372154 ] ] } },
{ "type": "Feature", "properties": { "u": 1628541359, "v": 1628541363, "key": 0, "osmid": "149918006", "lanes": null, "ref": null, "name": "Хвойный проезд", "highway": "residential", "maxspeed": null, "oneway": false, "reversed": "1", "length": 45.189, "bridge": null, "width": null, "access": null, "service": null }, "geometry": { "type": "LineString", "coordinates": [ [ 29.6332092, 60.2372245 ], [ 29.6324246, 60.2373405 ] ] } },
{ "type": "Feature", "properties": { "u": 1628541359, "v": 1496997757, "key": 0, "osmid": "149918008", "lanes": null, "ref": null, "name": "Еловый проезд", "highway": "residential", "maxspeed": null, "oneway": false, "reversed": "0", "length": 219.228, "bridge": null, "width": null, "access": null, "service": null }, "geometry": { "type": "LineString", "coordinates": [ [ 29.6332092, 60.2372245 ], [ 29.6329353, 60.23684 ], [ 29.633359, 60.2367826 ], [ 29.6360389, 60.2365799 ] ] } },
{ "type": "Feature", "properties": { "u": 1628541363, "v": 1628541359, "key": 0, "osmid": "149918006", "lanes": null, "ref": null, "name": "Хвойный проезд", "highway": "residential", "maxspeed": null, "oneway": false, "reversed": "0", "length": 45.189, "bridge": null, "width": null, "access": null, "service": null }, "geometry": { "type": "LineString", "coordinates": [ [ 29.6324246, 60.2373405 ], [ 29.6332092, 60.2372245 ] ] } },
{ "type": "Feature", "properties": { "u": 1628541363, "v": 1628541268, "key": 0, "osmid": "149918012", "lanes": null, "ref": null, "name": "Центральная улица", "highway": "residential", "maxspeed": null, "oneway": false, "reversed": "0", "length": 127.444, "bridge": null, "width": "4", "access": null, "service": null }, "geometry": { "type": "LineString", "coordinates": [ [ 29.6324246, 60.2373405 ], [ 29.6321588, 60.2369994 ], [ 29.6319933, 60.2368064 ], [ 29.6317542, 60.2366652 ], [ 29.6312952, 60.2363534 ] ] } },
{ "type": "Feature", "properties": { "u": 1628541363, "v": 1628541460, "key": 0, "osmid": "149918012", "lanes": null, "ref": null, "name": "Центральная улица", "highway": "residential", "maxspeed": null, "oneway": false, "reversed": "1", "length": 186.468, "bridge": null, "width": "4", "access": null, "service": null }, "geometry": { "type": "LineString", "coordinates": [ [ 29.6324246, 60.2373405 ], [ 29.6329014, 60.2380417 ], [ 29.6331664, 60.2385142 ], [ 29.6337571, 60.2388508 ] ] } },
{ "type": "Feature", "properties": { "u": 1628541398, "v": 1628541256, "key": 0, "osmid": "149918004", "lanes": null, "ref": null, "name": null, "highway": "residential", "maxspeed": null, "oneway": false, "reversed": "0", "length": 186.867, "bridge": null, "width": null, "access": null, "service": null }, "geometry": { "type": "LineString", "coordinates": [ [ 29.6379558, 60.2376112 ], [ 29.636599, 60.2362132 ], [ 29.6363936, 60.2361346 ] ] } },
{ "type": "Feature", "properties": { "u": 1628541398, "v": 1789788999, "key": 0, "osmid": "149918007", "lanes": null, "ref": null, "name": null, "highway": "residential", "maxspeed": null, "oneway": false, "reversed": "0", "length": 186.487, "bridge": null, "width": null, "access": null, "service": null }, "geometry": { "type": "LineString", "coordinates": [ [ 29.6379558, 60.2376112 ], [ 29.6389604, 60.2370554 ], [ 29.6386779, 60.2367957 ], [ 29.638649, 60.2367692 ], [ 29.6385948, 60.2361647 ] ] } },
{ "type": "Feature", "properties": { "u": 1628541398, "v": 1342336340, "key": 0, "osmid": "149918007", "lanes": null, "ref": null, "name": null, "highway": "residential", "maxspeed": null, "oneway": false, "reversed": "1", "length": 44.336, "bridge": null, "width": null, "access": null, "service": null }, "geometry": { "type": "LineString", "coordinates": [ [ 29.6379558, 60.2376112 ], [ 29.6379174, 60.2376423 ], [ 29.6377803, 60.2377536 ], [ 29.6374074, 60.2378931 ] ] } },
{ "type": "Feature", "properties": { "u": 1628541460, "v": 1628541470, "key": 0, "osmid": "167584472", "lanes": null, "ref": null, "name": "Геологическая улица", "highway": "residential", "maxspeed": null, "oneway": false, "reversed": "1", "length": 76.909, "bridge": null, "width": null, "access": null, "service": null }, "geometry": { "type": "LineString", "coordinates": [ [ 29.6337571, 60.2388508 ], [ 29.6326528, 60.2392726 ] ] } },
{ "type": "Feature", "properties": { "u": 1628541460, "v": 1628541363, "key": 0, "osmid": "149918012", "lanes": null, "ref": null, "name": "Центральная улица", "highway": "residential", "maxspeed": null, "oneway": false, "reversed": "0", "length": 186.468, "bridge": null, "width": "4", "access": null, "service": null }, "geometry": { "type": "LineString", "coordinates": [ [ 29.6337571, 60.2388508 ], [ 29.6331664, 60.2385142 ], [ 29.6329014, 60.2380417 ], [ 29.6324246, 60.2373405 ] ] } },
{ "type": "Feature", "properties": { "u": 1628541460, "v": 1789789155, "key": 0, "osmid": "149918012", "lanes": null, "ref": null, "name": "Центральная улица", "highway": "residential", "maxspeed": null, "oneway": false, "reversed": "1", "length": 96.66, "bridge": null, "width": "4", "access": null, "service": null }, "geometry": { "type": "LineString", "coordinates": [ [ 29.6337571, 60.2388508 ], [ 29.6345341, 60.2393405 ], [ 29.6345373, 60.2393422 ], [ 29.6346329, 60.2393923 ], [ 29.6348745, 60.2395192 ] ] } },
{ "type": "Feature", "properties": { "u": 1628541460, "v": 7020223186, "key": 0, "osmid": "167584472", "lanes": null, "ref": null, "name": "Геологическая улица", "highway": "residential", "maxspeed": null, "oneway": false, "reversed": "0", "length": 185.633, "bridge": null, "width": null, "access": null, "service": null }, "geometry": { "type": "LineString", "coordinates": [ [ 29.6337571, 60.2388508 ], [ 29.6350839, 60.2382401 ], [ 29.6353278, 60.2380871 ], [ 29.6351973, 60.2375146 ] ] } },
{ "type": "Feature", "properties": { "u": 1628541461, "v": 1628541470, "key": 0, "osmid": "149918010", "lanes": null, "ref": null, "name": "Институтская улица", "highway": "residential", "maxspeed": null, "oneway": false, "reversed": "0", "length": 63.723, "bridge": null, "width": null, "access": null, "service": null }, "geometry": { "type": "LineString", "coordinates": [ [ 29.6318781, 60.2388477 ], [ 29.6326528, 60.2392726 ] ] } },
{ "type": "Feature", "properties": { "u": 1628541470, "v": 1628541461, "key": 0, "osmid": "149918010", "lanes": null, "ref": null, "name": "Институтская улица", "highway": "residential", "maxspeed": null, "oneway": false, "reversed": "1", "length": 63.723, "bridge": null, "width": null, "access": null, "service": null }, "geometry": { "type": "LineString", "coordinates": [ [ 29.6326528, 60.2392726 ], [ 29.6318781, 60.2388477 ] ] } },
{ "type": "Feature", "properties": { "u": 1628541470, "v": 1628541460, "key": 0, "osmid": "167584472", "lanes": null, "ref": null, "name": "Геологическая улица", "highway": "residential", "maxspeed": null, "oneway": false, "reversed": "0", "length": 76.909, "bridge": null, "width": null, "access": null, "service": null }, "geometry": { "type": "LineString", "coordinates": [ [ 29.6326528, 60.2392726 ], [ 29.6337571, 60.2388508 ] ] } },
{ "type": "Feature", "properties": { "u": 1628541470, "v": 1789789157, "key": 0, "osmid": "167584472", "lanes": null, "ref": null, "name": "Геологическая улица", "highway": "residential", "maxspeed": null, "oneway": false, "reversed": "1", "length": 51.588, "bridge": null, "width": null, "access": null, "service": null }, "geometry": { "type": "LineString", "coordinates": [ [ 29.6326528, 60.2392726 ], [ 29.6320175, 60.2395292 ], [ 29.6319273, 60.2395651 ] ] } },
{ "type": "Feature", "properties": { "u": 1628777226, "v": 1446879310, "key": 0, "osmid": "149942083", "lanes": null, "ref": null, "name": "Пихтовый проезд", "highway": "residential", "maxspeed": null, "oneway": false, "reversed": "1", "length": 53.739, "bridge": null, "width": null, "access": null, "service": null }, "geometry": { "type": "LineString", "coordinates": [ [ 29.615725, 60.2406938 ], [ 29.6166455, 60.2405363 ] ] } },
{ "type": "Feature", "properties": { "u": 1628777226, "v": 1628777249, "key": 0, "lanes": null, "ref": null, "name": "Пихтовый проезд", "highway": "residential", "maxspeed": null, "oneway": false, "reversed": "0", "length": 159.387, "bridge": null, "width": null, "access": null, "service": null }, "geometry": { "type": "LineString", "coordinates": [ [ 29.615725, 60.2406938 ], [ 29.6156424, 60.2407077 ], [ 29.6129402, 60.241073 ] ] } },
{ "type": "Feature", "properties": { "u": 1628777226, "v": 1769870686, "key": 0, "osmid": "163831354", "lanes": null, "ref": null, "name": null, "highway": "residential", "maxspeed": null, "oneway": false, "reversed": "0", "length": 245.126, "bridge": null, "width": null, "access": null, "service": null }, "geometry": { "type": "LineString", "coordinates": [ [ 29.615725, 60.2406938 ], [ 29.6160195, 60.2414296 ], [ 29.615865, 60.2414942 ], [ 29.6132814, 60.2419289 ] ] } },
{ "type": "Feature", "properties": { "u": 1628777249, "v": 1628777226, "key": 0, "lanes": null, "ref": null, "name": "Пихтовый проезд", "highway": "residential", "maxspeed": null, "oneway": false, "reversed": "1", "length": 159.387, "bridge": null, "width": null, "access": null, "service": null }, "geometry": { "type": "LineString", "coordinates": [ [ 29.6129402, 60.241073 ], [ 29.6156424, 60.2407077 ], [ 29.615725, 60.2406938 ] ] } },
{ "type": "Feature", "properties": { "u": 1628809698, "v": 1215737071, "key": 0, "osmid": "180017040", "lanes": "2", "ref": null, "name": "улица Кирова", "highway": "tertiary", "maxspeed": null, "oneway": false, "reversed": "1", "length": 137.339, "bridge": null, "width": null, "access": null, "service": null }, "geometry": { "type": "LineString", "coordinates": [ [ 29.6279525, 60.265453 ], [ 29.6277094, 60.2649307 ], [ 29.6275276, 60.2646583 ], [ 29.6273242, 60.2642587 ] ] } },
{ "type": "Feature", "properties": { "u": 1634397054, "v": 1634397136, "key": 0, "osmid": "150540861", "lanes": null, "ref": null, "name": null, "highway": "residential", "maxspeed": "5", "oneway": false, "reversed": "0", "length": 68.835, "bridge": null, "width": "3", "access": null, "service": "driveway" }, "geometry": { "type": "LineString", "coordinates": [ [ 29.5599495, 60.2470822 ], [ 29.5597549, 60.2471345 ], [ 29.5588629, 60.2473862 ] ] } },
{ "type": "Feature", "properties": { "u": 1634397061, "v": 1841490809, "key": 0, "osmid": "48724218", "lanes": null, "ref": null, "name": null, "highway": "residential", "maxspeed": "90", "oneway": false, "reversed": "0", "length": 235.746, "bridge": null, "width": null, "access": null, "service": null }, "geometry": { "type": "LineString", "coordinates": [ [ 29.5584766, 60.2470815 ], [ 29.5621139, 60.2459695 ] ] } },
{ "type": "Feature", "properties": { "u": 1634397061, "v": 1634397136, "key": 0, "osmid": "150540854", "lanes": null, "ref": null, "name": null, "highway": "residential", "maxspeed": "5", "oneway": false, "reversed": "1", "length": 40.029, "bridge": null, "width": "3", "access": null, "service": "driveway" }, "geometry": { "type": "LineString", "coordinates": [ [ 29.5584766, 60.2470815 ], [ 29.5588629, 60.2473862 ] ] } },
{ "type": "Feature", "properties": { "u": 1634397136, "v": 1634397061, "key": 0, "osmid": "150540854", "lanes": null, "ref": null, "name": null, "highway": "residential", "maxspeed": "5", "oneway": false, "reversed": "0", "length": 40.029, "bridge": null, "width": "3", "access": null, "service": "driveway" }, "geometry": { "type": "LineString", "coordinates": [ [ 29.5588629, 60.2473862 ], [ 29.5584766, 60.2470815 ] ] } },
{ "type": "Feature", "properties": { "u": 1634397136, "v": 1634397480, "key": 0, "osmid": "150540854", "lanes": null, "ref": null, "name": null, "highway": "residential", "maxspeed": "5", "oneway": false, "reversed": "1", "length": 165.283, "bridge": null, "width": "3", "access": null, "service": "driveway" }, "geometry": { "type": "LineString", "coordinates": [ [ 29.5588629, 60.2473862 ], [ 29.5591557, 60.2475999 ], [ 29.5597461, 60.2479352 ], [ 29.5608128, 60.2485118 ] ] } },
{ "type": "Feature", "properties": { "u": 1634397136, "v": 1820435608, "key": 0, "osmid": "150540861", "lanes": null, "ref": null, "name": null, "highway": "residential", "maxspeed": "5", "oneway": false, "reversed": "0", "length": 284.821, "bridge": null, "width": "3", "access": null, "service": "driveway" }, "geometry": { "type": "LineString", "coordinates": [ [ 29.5588629, 60.2473862 ], [ 29.5581405, 60.2476101 ], [ 29.5580587, 60.24768 ], [ 29.5580022, 60.2478204 ], [ 29.5579004, 60.2480153 ], [ 29.5577658, 60.2481072 ], [ 29.5576872, 60.2481937 ], [ 29.5576523, 60.2482423 ], [ 29.5576863, 60.2482904 ], [ 29.5596161, 60.2493149 ] ] } },
{ "type": "Feature", "properties": { "u": 1634397136, "v": 1634397054, "key": 0, "osmid": "150540861", "lanes": null, "ref": null, "name": null, "highway": "residential", "maxspeed": "5", "oneway": false, "reversed": "1", "length": 68.835, "bridge": null, "width": "3", "access": null, "service": "driveway" }, "geometry": { "type": "LineString", "coordinates": [ [ 29.5588629, 60.2473862 ], [ 29.5597549, 60.2471345 ], [ 29.5599495, 60.2470822 ] ] } },
{ "type": "Feature", "properties": { "u": 1634397480, "v": 1634397500, "key": 0, "osmid": "150540854", "lanes": null, "ref": null, "name": null, "highway": "residential", "maxspeed": "5", "oneway": false, "reversed": "1", "length": 5.866, "bridge": null, "width": "3", "access": null, "service": "driveway" }, "geometry": { "type": "LineString", "coordinates": [ [ 29.5608128, 60.2485118 ], [ 29.5608652, 60.2485577 ] ] } },
{ "type": "Feature", "properties": { "u": 1634397480, "v": 1634397136, "key": 0, "osmid": "150540854", "lanes": null, "ref": null, "name": null, "highway": "residential", "maxspeed": "5", "oneway": false, "reversed": "0", "length": 165.283, "bridge": null, "width": "3", "access": null, "service": "driveway" }, "geometry": { "type": "LineString", "coordinates": [ [ 29.5608128, 60.2485118 ], [ 29.5597461, 60.2479352 ], [ 29.5591557, 60.2475999 ], [ 29.5588629, 60.2473862 ] ] } },
{ "type": "Feature", "properties": { "u": 1634397480, "v": 1705455257, "key": 0, "osmid": "150540858", "lanes": null, "ref": null, "name": null, "highway": "residential", "maxspeed": "5", "oneway": false, "reversed": "0", "length": 228.204, "bridge": null, "width": "3", "access": null, "service": "driveway" }, "geometry": { "type": "LineString", "coordinates": [ [ 29.5608128, 60.2485118 ], [ 29.5610748, 60.2483685 ], [ 29.5619478, 60.2480113 ], [ 29.5628424, 60.247664 ], [ 29.5632878, 60.2475216 ], [ 29.5636095, 60.2474992 ], [ 29.5640708, 60.2473824 ], [ 29.5641645, 60.247358 ] ] } },
{ "type": "Feature", "properties": { "u": 1634397500, "v": 1634397480, "key": 0, "osmid": "150540854", "lanes": null, "ref": null, "name": null, "highway": "residential", "maxspeed": "5", "oneway": false, "reversed": "0", "length": 5.866, "bridge": null, "width": "3", "access": null, "service": "driveway" }, "geometry": { "type": "LineString", "coordinates": [ [ 29.5608652, 60.2485577 ], [ 29.5608128, 60.2485118 ] ] } },
{ "type": "Feature", "properties": { "u": 1634397500, "v": 1634397755, "key": 0, "osmid": "150540854", "lanes": null, "ref": null, "name": null, "highway": "residential", "maxspeed": "5", "oneway": false, "reversed": "1", "length": 118.351, "bridge": null, "width": "3", "access": null, "service": "driveway" }, "geometry": { "type": "LineString", "coordinates": [ [ 29.5608652, 60.2485577 ], [ 29.5619211, 60.2491055 ], [ 29.5623783, 60.2493113 ] ] } },
{ "type": "Feature", "properties": { "u": 1634397500, "v": 1634397851, "key": 0, "lanes": null, "ref": null, "name": null, "highway": "residential", "maxspeed": "5", "oneway": false, "reversed": "0", "length": 176.933, "bridge": null, "width": "3", "access": null, "service": "driveway" }, "geometry": { "type": "LineString", "coordinates": [ [ 29.5608652, 60.2485577 ], [ 29.5600917, 60.2489762 ], [ 29.5597962, 60.2492002 ], [ 29.5598687, 60.2493175 ], [ 29.5600673, 60.2494109 ], [ 29.5605726, 60.2496645 ], [ 29.5607686, 60.2497659 ] ] } },
{ "type": "Feature", "properties": { "u": 1634397531, "v": 1634397755, "key": 0, "osmid": "150540852", "lanes": null, "ref": null, "name": null, "highway": "residential", "maxspeed": "5", "oneway": false, "reversed": "0", "length": 77.12, "bridge": null, "width": "3", "access": null, "service": "driveway" }, "geometry": { "type": "LineString", "coordinates": [ [ 29.5630638, 60.2487079 ], [ 29.5624733, 60.2492499 ], [ 29.5623783, 60.2493113 ] ] } },
{ "type": "Feature", "properties": { "u": 1634397755, "v": 1634397851, "key": 0, "osmid": "150540852", "lanes": null, "ref": null, "name": null, "highway": "residential", "maxspeed": "5", "oneway": false, "reversed": "0", "length": 135.104, "bridge": null, "width": "3", "access": null, "service": "driveway" }, "geometry": { "type": "LineString", "coordinates": [ [ 29.5623783, 60.2493113 ], [ 29.5619022, 60.2496718 ], [ 29.5614758, 60.2499413 ], [ 29.5613095, 60.2499759 ], [ 29.5611823, 60.2499679 ], [ 29.5609769, 60.2498761 ], [ 29.5607686, 60.2497659 ] ] } },
{ "type": "Feature", "properties": { "u": 1634397755, "v": 1634397531, "key": 0, "osmid": "150540852", "lanes": null, "ref": null, "name": null, "highway": "residential", "maxspeed": "5", "oneway": false, "reversed": "1", "length": 77.12, "bridge": null, "width": "3", "access": null, "service": "driveway" }, "geometry": { "type": "LineString", "coordinates": [ [ 29.5623783, 60.2493113 ], [ 29.5624733, 60.2492499 ], [ 29.5630638, 60.2487079 ] ] } },
{ "type": "Feature", "properties": { "u": 1634397755, "v": 1634397500, "key": 0, "osmid": "150540854", "lanes": null, "ref": null, "name": null, "highway": "residential", "maxspeed": "5", "oneway": false, "reversed": "0", "length": 118.351, "bridge": null, "width": "3", "access": null, "service": "driveway" }, "geometry": { "type": "LineString", "coordinates": [ [ 29.5623783, 60.2493113 ], [ 29.5619211, 60.2491055 ], [ 29.5608652, 60.2485577 ] ] } },
{ "type": "Feature", "properties": { "u": 1634397755, "v": 639816098, "key": 0, "osmid": "150540854", "lanes": null, "ref": null, "name": null, "highway": "residential", "maxspeed": "5", "oneway": false, "reversed": "1", "length": 179.617, "bridge": null, "width": "3", "access": null, "service": "driveway" }, "geometry": { "type": "LineString", "coordinates": [ [ 29.5623783, 60.2493113 ], [ 29.5624417, 60.2493309 ], [ 29.5631736, 60.2492683 ], [ 29.5640782, 60.2491075 ], [ 29.5646915, 60.2490357 ], [ 29.5649572, 60.2490158 ], [ 29.5655331, 60.2489909 ] ] } },
{ "type": "Feature", "properties": { "u": 1634397851, "v": 1634397917, "key": 0, "osmid": "150540852", "lanes": null, "ref": null, "name": null, "highway": "residential", "maxspeed": "5", "oneway": false, "reversed": "0", "length": 153.247, "bridge": null, "width": "3", "access": null, "service": "driveway" }, "geometry": { "type": "LineString", "coordinates": [ [ 29.5607686, 60.2497659 ], [ 29.5605243, 60.2500245 ], [ 29.5603085, 60.2502244 ], [ 29.5597803, 60.2506965 ], [ 29.5597299, 60.2508315 ], [ 29.5597076, 60.2510197 ] ] } },
{ "type": "Feature", "properties": { "u": 1634397851, "v": 1634397755, "key": 0, "osmid": "150540852", "lanes": null, "ref": null, "name": null, "highway": "residential", "maxspeed": "5", "oneway": false, "reversed": "1", "length": 135.104, "bridge": null, "width": "3", "access": null, "service": "driveway" }, "geometry": { "type": "LineString", "coordinates": [ [ 29.5607686, 60.2497659 ], [ 29.5609769, 60.2498761 ], [ 29.5611823, 60.2499679 ], [ 29.5613095, 60.2499759 ], [ 29.5614758, 60.2499413 ], [ 29.5619022, 60.2496718 ], [ 29.5623783, 60.2493113 ] ] } },
{ "type": "Feature", "properties": { "u": 1634397851, "v": 1634397500, "key": 0, "lanes": null, "ref": null, "name": null, "highway": "residential", "maxspeed": "5", "oneway": false, "reversed": "1", "length": 176.933, "bridge": null, "width": "3", "access": null, "service": "driveway" }, "geometry": { "type": "LineString", "coordinates": [ [ 29.5607686, 60.2497659 ], [ 29.5605726, 60.2496645 ], [ 29.5600673, 60.2494109 ], [ 29.5598687, 60.2493175 ], [ 29.5597962, 60.2492002 ], [ 29.5600917, 60.2489762 ], [ 29.5608652, 60.2485577 ] ] } },
{ "type": "Feature", "properties": { "u": 1634397917, "v": 1634397851, "key": 0, "osmid": "150540852", "lanes": null, "ref": null, "name": null, "highway": "residential", "maxspeed": "5", "oneway": false, "reversed": "1", "length": 153.247, "bridge": null, "width": "3", "access": null, "service": "driveway" }, "geometry": { "type": "LineString", "coordinates": [ [ 29.5597076, 60.2510197 ], [ 29.5597299, 60.2508315 ], [ 29.5597803, 60.2506965 ], [ 29.5603085, 60.2502244 ], [ 29.5605243, 60.2500245 ], [ 29.5607686, 60.2497659 ] ] } },
{ "type": "Feature", "properties": { "u": 1678734472, "v": 1588088322, "key": 0, "osmid": "93220617", "lanes": null, "ref": null, "name": "Инженерная улица", "highway": "residential", "maxspeed": null, "oneway": false, "reversed": "0", "length": 124.263, "bridge": null, "width": null, "access": null, "service": null }, "geometry": { "type": "LineString", "coordinates": [ [ 29.6279693, 60.2359738 ], [ 29.629872, 60.2353766 ] ] } },
{ "type": "Feature", "properties": { "u": 1678734472, "v": 1678734473, "key": 0, "osmid": "93220617", "lanes": null, "ref": null, "name": "Инженерная улица", "highway": "residential", "maxspeed": null, "oneway": false, "reversed": "1", "length": 101.438, "bridge": null, "width": null, "access": null, "service": null }, "geometry": { "type": "LineString", "coordinates": [ [ 29.6279693, 60.2359738 ], [ 29.6264295, 60.2364717 ] ] } },
{ "type": "Feature", "properties": { "u": 1678734472, "v": 1678734486, "key": 0, "osmid": "155478994", "lanes": null, "ref": null, "name": "3-й Инженерный проезд", "highway": "residential", "maxspeed": null, "oneway": false, "reversed": "0", "length": 172.585, "bridge": null, "width": null, "access": null, "service": null }, "geometry": { "type": "LineString", "coordinates": [ [ 29.6279693, 60.2359738 ], [ 29.6285651, 60.2364184 ], [ 29.6288438, 60.2364673 ], [ 29.629024, 60.2365555 ], [ 29.6292282, 60.2367297 ], [ 29.6301499, 60.2364351 ] ] } },
{ "type": "Feature", "properties": { "u": 1678734473, "v": 1678734472, "key": 0, "osmid": "93220617", "lanes": null, "ref": null, "name": "Инженерная улица", "highway": "residential", "maxspeed": null, "oneway": false, "reversed": "0", "length": 101.438, "bridge": null, "width": null, "access": null, "service": null }, "geometry": { "type": "LineString", "coordinates": [ [ 29.6264295, 60.2364717 ], [ 29.6279693, 60.2359738 ] ] } },
{ "type": "Feature", "properties": { "u": 1678734473, "v": 1678734490, "key": 0, "osmid": "93220617", "lanes": null, "ref": null, "name": "Инженерная улица", "highway": "residential", "maxspeed": null, "oneway": false, "reversed": "1", "length": 100.39, "bridge": null, "width": null, "access": null, "service": null }, "geometry": { "type": "LineString", "coordinates": [ [ 29.6264295, 60.2364717 ], [ 29.6248884, 60.2369511 ] ] } },
{ "type": "Feature", "properties": { "u": 1678734473, "v": 1678734493, "key": 0, "osmid": "155478993", "lanes": null, "ref": null, "name": "2-й Инженерный проезд", "highway": "residential", "maxspeed": null, "oneway": false, "reversed": "0", "length": 79.256, "bridge": null, "width": null, "access": null, "service": null }, "geometry": { "type": "LineString", "coordinates": [ [ 29.6264295, 60.2364717 ], [ 29.6272515, 60.2370561 ] ] } },
{ "type": "Feature", "properties": { "u": 1678734486, "v": 1678734472, "key": 0, "osmid": "155478994", "lanes": null, "ref": null, "name": "3-й Инженерный проезд", "highway": "residential", "maxspeed": null, "oneway": false, "reversed": "1", "length": 172.585, "bridge": null, "width": null, "access": null, "service": null }, "geometry": { "type": "LineString", "coordinates": [ [ 29.6301499, 60.2364351 ], [ 29.6292282, 60.2367297 ], [ 29.629024, 60.2365555 ], [ 29.6288438, 60.2364673 ], [ 29.6285651, 60.2364184 ], [ 29.6279693, 60.2359738 ] ] } },
{ "type": "Feature", "properties": { "u": 1678734490, "v": 1678734473, "key": 0, "osmid": "93220617", "lanes": null, "ref": null, "name": "Инженерная улица", "highway": "residential", "maxspeed": null, "oneway": false, "reversed": "0", "length": 100.39, "bridge": null, "width": null, "access": null, "service": null }, "geometry": { "type": "LineString", "coordinates": [ [ 29.6248884, 60.2369511 ], [ 29.6264295, 60.2364717 ] ] } },
{ "type": "Feature", "properties": { "u": 1678734490, "v": 1678734499, "key": 0, "osmid": "155478992", "lanes": null, "ref": null, "name": "1-й Инженерный проезд", "highway": "residential", "maxspeed": null, "oneway": false, "reversed": "0", "length": 81.849, "bridge": null, "width": null, "access": null, "service": null }, "geometry": { "type": "LineString", "coordinates": [ [ 29.6248884, 60.2369511 ], [ 29.6257707, 60.2375427 ] ] } },
{ "type": "Feature", "properties": { "u": 1678734493, "v": 1678734473, "key": 0, "osmid": "155478993", "lanes": null, "ref": null, "name": "2-й Инженерный проезд", "highway": "residential", "maxspeed": null, "oneway": false, "reversed": "1", "length": 79.256, "bridge": null, "width": null, "access": null, "service": null }, "geometry": { "type": "LineString", "coordinates": [ [ 29.6272515, 60.2370561 ], [ 29.6264295, 60.2364717 ] ] } },
{ "type": "Feature", "properties": { "u": 1678734493, "v": 1678734493, "key": 0, "osmid": "155478993", "lanes": null, "ref": null, "name": "2-й Инженерный проезд", "highway": "residential", "maxspeed": null, "oneway": false, "reversed": "0", "length": 70.241, "bridge": null, "width": null, "access": null, "service": null }, "geometry": { "type": "LineString", "coordinates": [ [ 29.6272515, 60.2370561 ], [ 29.6274471, 60.2371152 ], [ 29.6275721, 60.2372097 ], [ 29.6275069, 60.2372758 ], [ 29.6273275, 60.2372785 ], [ 29.6272106, 60.2371962 ], [ 29.6272515, 60.2370561 ] ] } },
{ "type": "Feature", "properties": { "u": 1678734493, "v": 1678734493, "key": 1, "osmid": "155478993", "lanes": null, "ref": null, "name": "2-й Инженерный проезд", "highway": "residential", "maxspeed": null, "oneway": false, "reversed": "1", "length": 70.241, "bridge": null, "width": null, "access": null, "service": null }, "geometry": { "type": "LineString", "coordinates": [ [ 29.6272515, 60.2370561 ], [ 29.6272106, 60.2371962 ], [ 29.6273275, 60.2372785 ], [ 29.6275069, 60.2372758 ], [ 29.6275721, 60.2372097 ], [ 29.6274471, 60.2371152 ], [ 29.6272515, 60.2370561 ] ] } },
{ "type": "Feature", "properties": { "u": 1678734499, "v": 1678734490, "key": 0, "osmid": "155478992", "lanes": null, "ref": null, "name": "1-й Инженерный проезд", "highway": "residential", "maxspeed": null, "oneway": false, "reversed": "1", "length": 81.849, "bridge": null, "width": null, "access": null, "service": null }, "geometry": { "type": "LineString", "coordinates": [ [ 29.6257707, 60.2375427 ], [ 29.6248884, 60.2369511 ] ] } },
{ "type": "Feature", "properties": { "u": 1678734499, "v": 1678734499, "key": 0, "osmid": "155478992", "lanes": null, "ref": null, "name": "1-й Инженерный проезд", "highway": "residential", "maxspeed": null, "oneway": false, "reversed": "0", "length": 90.469, "bridge": null, "width": null, "access": null, "service": null }, "geometry": { "type": "LineString", "coordinates": [ [ 29.6257707, 60.2375427 ], [ 29.6260607, 60.2375858 ], [ 29.6262347, 60.2376451 ], [ 29.6261668, 60.2377531 ], [ 29.625884, 60.2378179 ], [ 29.6257431, 60.2376602 ], [ 29.6257707, 60.2375427 ] ] } },
{ "type": "Feature", "properties": { "u": 1678734499, "v": 1678734499, "key": 1, "osmid": "155478992", "lanes": null, "ref": null, "name": "1-й Инженерный проезд", "highway": "residential", "maxspeed": null, "oneway": false, "reversed": "1", "length": 90.469, "bridge": null, "width": null, "access": null, "service": null }, "geometry": { "type": "LineString", "coordinates": [ [ 29.6257707, 60.2375427 ], [ 29.6257431, 60.2376602 ], [ 29.625884, 60.2378179 ], [ 29.6261668, 60.2377531 ], [ 29.6262347, 60.2376451 ], [ 29.6260607, 60.2375858 ], [ 29.6257707, 60.2375427 ] ] } },
{ "type": "Feature", "properties": { "u": 1685435051, "v": 1685435068, "key": 0, "osmid": "173492751", "lanes": "1", "ref": null, "name": null, "highway": "residential", "maxspeed": null, "oneway": false, "reversed": "1", "length": 139.376, "bridge": null, "width": "2", "access": null, "service": null }, "geometry": { "type": "LineString", "coordinates": [ [ 29.6373785, 60.2424411 ], [ 29.6373775, 60.2426488 ], [ 29.6376189, 60.2428756 ], [ 29.6383894, 60.243566 ] ] } },
{ "type": "Feature", "properties": { "u": 1685435068, "v": 1685435070, "key": 0, "osmid": "173492747", "lanes": null, "ref": null, "name": "Социалистическая улица", "highway": "residential", "maxspeed": null, "oneway": false, "reversed": "1", "length": 83.775, "bridge": null, "width": null, "access": null, "service": null }, "geometry": { "type": "LineString", "coordinates": [ [ 29.6383894, 60.243566 ], [ 29.6368719, 60.2435853 ] ] } },
{ "type": "Feature", "properties": { "u": 1685435068, "v": 712870582, "key": 0, "osmid": "173492747", "lanes": null, "ref": null, "name": "Социалистическая улица", "highway": "residential", "maxspeed": null, "oneway": false, "reversed": "0", "length": 246.649, "bridge": null, "width": null, "access": null, "service": null }, "geometry": { "type": "LineString", "coordinates": [ [ 29.6383894, 60.243566 ], [ 29.638753, 60.2435174 ], [ 29.6397839, 60.24336 ], [ 29.641197, 60.2431317 ], [ 29.6421341, 60.243036 ], [ 29.6422318, 60.243014 ], [ 29.6424572, 60.2429558 ], [ 29.6426294, 60.2428962 ] ] } },
{ "type": "Feature", "properties": { "u": 1685435068, "v": 1685435051, "key": 0, "osmid": "173492751", "lanes": "1", "ref": null, "name": null, "highway": "residential", "maxspeed": null, "oneway": false, "reversed": "0", "length": 139.376, "bridge": null, "width": "2", "access": null, "service": null }, "geometry": { "type": "LineString", "coordinates": [ [ 29.6383894, 60.243566 ], [ 29.6376189, 60.2428756 ], [ 29.6373775, 60.2426488 ], [ 29.6373785, 60.2424411 ] ] } },
{ "type": "Feature", "properties": { "u": 1685435068, "v": 7020300585, "key": 0, "osmid": "173833458", "lanes": "1", "ref": null, "name": "2-я Социалистическая улица", "highway": "residential", "maxspeed": null, "oneway": false, "reversed": "1", "length": 179.81, "bridge": null, "width": "2", "access": null, "service": null }, "geometry": { "type": "LineString", "coordinates": [ [ 29.6383894, 60.243566 ], [ 29.6396118, 60.2441326 ], [ 29.6398948, 60.2442213 ], [ 29.640393, 60.244428 ], [ 29.6408499, 60.2446222 ] ] } },
{ "type": "Feature", "properties": { "u": 1685435070, "v": 1685435068, "key": 0, "osmid": "173492747", "lanes": null, "ref": null, "name": "Социалистическая улица", "highway": "residential", "maxspeed": null, "oneway": false, "reversed": "0", "length": 83.775, "bridge": null, "width": null, "access": null, "service": null }, "geometry": { "type": "LineString", "coordinates": [ [ 29.6368719, 60.2435853 ], [ 29.6383894, 60.243566 ] ] } },
{ "type": "Feature", "properties": { "u": 1685435070, "v": 883185997, "key": 0, "lanes": "1", "ref": null, "highway": "residential", "maxspeed": null, "oneway": false, "reversed": "0", "length": 613.814, "bridge": null, "width": "2", "access": "private", "service": null }, "geometry": { "type": "LineString", "coordinates": [ [ 29.6368719, 60.2435853 ], [ 29.6368959, 60.2439087 ], [ 29.6371806, 60.2441161 ], [ 29.6374675, 60.2442239 ], [ 29.6376086, 60.2443186 ], [ 29.6378813, 60.2446573 ], [ 29.6382054, 60.2448429 ], [ 29.6383474, 60.2449564 ], [ 29.6385091, 60.2449802 ], [ 29.6387041, 60.245009 ], [ 29.6390783, 60.2450052 ], [ 29.640631, 60.2457154 ], [ 29.6405544, 60.2458396 ], [ 29.640276, 60.2459407 ], [ 29.6390703, 60.2463389 ], [ 29.6386101, 60.2459315 ], [ 29.6380897, 60.2457396 ], [ 29.6377002, 60.2454858 ], [ 29.6372726, 60.245196 ] ] } },
{ "type": "Feature", "properties": { "u": 1685435070, "v": 298009692, "key": 0, "osmid": "173492747", "lanes": null, "ref": null, "name": "Социалистическая улица", "highway": "residential", "maxspeed": null, "oneway": false, "reversed": "1", "length": 172.612, "bridge": null, "width": null, "access": null, "service": null }, "geometry": { "type": "LineString", "coordinates": [ [ 29.6368719, 60.2435853 ], [ 29.6346125, 60.243559 ], [ 29.6337448, 60.2435567 ] ] } },
{ "type": "Feature", "properties": { "u": 1687169103, "v": 1752747249, "key": 0, "osmid": "163607665", "lanes": null, "ref": null, "name": null, "highway": "residential", "maxspeed": null, "oneway": false, "reversed": "1", "length": 21.886, "bridge": null, "width": null, "access": null, "service": null }, "geometry": { "type": "LineString", "coordinates": [ [ 29.6135135, 60.2427684 ], [ 29.6137733, 60.2429171 ] ] } },
{ "type": "Feature", "properties": { "u": 1698563885, "v": 506727211, "key": 0, "osmid": "157607178", "lanes": "1", "ref": null, "name": "Луговая улица", "highway": "residential", "maxspeed": null, "oneway": false, "reversed": "0", "length": 156.305, "bridge": null, "width": null, "access": null, "service": null }, "geometry": { "type": "LineString", "coordinates": [ [ 29.6092318, 60.250734 ], [ 29.6095217, 60.2521323 ] ] } },
{ "type": "Feature", "properties": { "u": 1705455257, "v": 1634397480, "key": 0, "osmid": "150540858", "lanes": null, "ref": null, "name": null, "highway": "residential", "maxspeed": "5", "oneway": false, "reversed": "1", "length": 228.204, "bridge": null, "width": "3", "access": null, "service": "driveway" }, "geometry": { "type": "LineString", "coordinates": [ [ 29.5641645, 60.247358 ], [ 29.5640708, 60.2473824 ], [ 29.5636095, 60.2474992 ], [ 29.5632878, 60.2475216 ], [ 29.5628424, 60.247664 ], [ 29.5619478, 60.2480113 ], [ 29.5610748, 60.2483685 ], [ 29.5608128, 60.2485118 ] ] } },
{ "type": "Feature", "properties": { "u": 1705455257, "v": 1841490809, "key": 0, "osmid": "1267358460", "lanes": "2", "ref": "41К-210", "name": "улица Сухотского", "highway": "tertiary", "maxspeed": "RU:urban", "oneway": false, "reversed": "0", "length": 191.466, "bridge": null, "width": null, "access": null, "service": null }, "geometry": { "type": "LineString", "coordinates": [ [ 29.5641645, 60.247358 ], [ 29.5636796, 60.247003 ], [ 29.562994, 60.2465545 ], [ 29.562908, 60.2464982 ], [ 29.5621139, 60.2459695 ] ] } },
{ "type": "Feature", "properties": { "u": 1705455257, "v": 639816098, "key": 0, "lanes": "2", "ref": "41К-210", "name": "улица Сухотского", "highway": "tertiary", "maxspeed": "RU:urban", "oneway": false, "reversed": "1", "length": 200.657, "bridge": "yes", "width": null, "access": null, "service": null }, "geometry": { "type": "LineString", "coordinates": [ [ 29.5641645, 60.247358 ], [ 29.564492, 60.2476444 ], [ 29.5645678, 60.2477422 ], [ 29.5645852, 60.2477645 ], [ 29.5646012, 60.2477853 ], [ 29.564683, 60.2478919 ], [ 29.5647868, 60.2480979 ], [ 29.5648151, 60.2483186 ], [ 29.5648895, 60.2484886 ], [ 29.5650048, 60.2486549 ], [ 29.5652388, 60.2488238 ], [ 29.5655331, 60.2489909 ] ] } },
{ "type": "Feature", "properties": { "u": 1711766285, "v": 499049039, "key": 0, "osmid": "166129590", "lanes": null, "ref": null, "name": null, "highway": "residential", "maxspeed": null, "oneway": false, "reversed": "0", "length": 139.656, "bridge": null, "width": null, "access": null, "service": null }, "geometry": { "type": "LineString", "coordinates": [ [ 29.59777, 60.2441485 ], [ 29.5980099, 60.2442359 ], [ 29.5998291, 60.2448786 ] ] } },
{ "type": "Feature", "properties": { "u": 1747122204, "v": 500313221, "key": 0, "osmid": "43991590", "lanes": "2", "ref": "41А-025", "name": "Первомайское шоссе", "highway": "primary", "maxspeed": "40", "oneway": false, "reversed": "0", "length": 1545.355, "bridge": null, "width": null, "access": null, "service": null }, "geometry": { "type": "LineString", "coordinates": [ [ 29.6317444, 60.2622734 ], [ 29.6334412, 60.2625731 ], [ 29.6348699, 60.2626785 ], [ 29.6363648, 60.2627156 ], [ 29.6372574, 60.2627112 ], [ 29.6379903, 60.2626705 ], [ 29.6384074, 60.2626499 ], [ 29.6389101, 60.262666 ], [ 29.6394714, 60.2627222 ], [ 29.6400965, 60.2627729 ], [ 29.6407062, 60.2627621 ], [ 29.6412871, 60.2627063 ], [ 29.6429082, 60.2623818 ], [ 29.6433687, 60.2623596 ], [ 29.6438322, 60.2623616 ], [ 29.6469629, 60.2627579 ], [ 29.6474482, 60.2628577 ], [ 29.64901, 60.2634898 ], [ 29.6507103, 60.2641294 ], [ 29.6539412, 60.2655473 ], [ 29.6542283, 60.2657203 ], [ 29.6545631, 60.2662602 ], [ 29.6550134, 60.2668705 ], [ 29.6550917, 60.2671256 ] ] } },
{ "type": "Feature", "properties": { "u": 1747122204, "v": 11261590405, "key": 0, "lanes": null, "ref": null, "name": null, "highway": "residential", "maxspeed": null, "oneway": false, "reversed": "1", "length": 238.483, "bridge": "yes", "width": null, "access": null, "service": null }, "geometry": { "type": "LineString", "coordinates": [ [ 29.6317444, 60.2622734 ], [ 29.6309665, 60.2621081 ], [ 29.6307117, 60.2620388 ], [ 29.6305588, 60.2619736 ], [ 29.6302597, 60.2617548 ], [ 29.6299111, 60.2614434 ], [ 29.6293384, 60.2609585 ], [ 29.6290197, 60.2607056 ] ] } },
{ "type": "Feature", "properties": { "u": 1747122204, "v": 883156116, "key": 0, "lanes": "2", "ref": "41А-025", "highway": "primary", "maxspeed": "40", "oneway": false, "reversed": "1", "length": 243.471, "bridge": "yes", "width": null, "access": null, "service": null }, "geometry": { "type": "LineString", "coordinates": [ [ 29.6317444, 60.2622734 ], [ 29.6308168, 60.2621566 ], [ 29.630355, 60.2619803 ], [ 29.6301107, 60.2618176 ], [ 29.629453, 60.2612395 ], [ 29.6288709, 60.2607607 ] ] } },
{ "type": "Feature", "properties": { "u": 1752647407, "v": 1239558362, "key": 0, "osmid": "163607658", "lanes": null, "ref": null, "name": "Северная улица", "highway": "residential", "maxspeed": null, "oneway": false, "reversed": "1", "length": 105.477, "bridge": null, "width": null, "access": null, "service": null }, "geometry": { "type": "LineString", "coordinates": [ [ 29.6133706, 60.2424206 ], [ 29.6132924, 60.2424639 ], [ 29.611894, 60.2430217 ] ] } },
{ "type": "Feature", "properties": { "u": 1752698575, "v": 1239558366, "key": 0, "lanes": null, "ref": null, "name": "Центральная улица", "highway": "residential", "maxspeed": null, "oneway": false, "reversed": "0", "length": 217.51, "bridge": null, "width": null, "access": null, "service": null }, "geometry": { "type": "LineString", "coordinates": [ [ 29.6127771, 60.2411013 ], [ 29.6097356, 60.2422691 ], [ 29.6096599, 60.2422982 ] ] } },
{ "type": "Feature", "properties": { "u": 1752698589, "v": 1295858174, "key": 0, "osmid": "114388690", "lanes": null, "ref": null, "name": "Садовый переулок", "highway": "residential", "maxspeed": null, "oneway": false, "reversed": "1", "length": 101.923, "bridge": null, "width": null, "access": null, "service": null }, "geometry": { "type": "LineString", "coordinates": [ [ 29.619198, 60.2426909 ], [ 29.6191182, 60.2427702 ], [ 29.6178748, 60.2433222 ] ] } },
{ "type": "Feature", "properties": { "u": 1752698645, "v": 1295863535, "key": 0, "osmid": "114389377", "lanes": null, "ref": null, "name": "12-я улица", "highway": "residential", "maxspeed": null, "oneway": false, "reversed": "1", "length": 105.829, "bridge": null, "width": null, "access": null, "service": null }, "geometry": { "type": "LineString", "coordinates": [ [ 29.6123867, 60.2446295 ], [ 29.6136912, 60.2439319 ] ] } },
{ "type": "Feature", "properties": { "u": 1752747199, "v": 1752747225, "key": 0, "osmid": "163607657", "lanes": null, "ref": null, "name": "Песочная улица", "highway": "residential", "maxspeed": null, "oneway": false, "reversed": "1", "length": 137.821, "bridge": null, "width": null, "access": null, "service": null }, "geometry": { "type": "LineString", "coordinates": [ [ 29.6130877, 60.2417585 ], [ 29.6111085, 60.2425143 ] ] } },
{ "type": "Feature", "properties": { "u": 1752747206, "v": 1752747249, "key": 0, "osmid": "163607660", "lanes": null, "ref": null, "name": "11-я улица", "highway": "residential", "maxspeed": null, "oneway": false, "reversed": "1", "length": 147.15, "bridge": null, "width": null, "access": null, "service": null }, "geometry": { "type": "LineString", "coordinates": [ [ 29.6156532, 60.2419934 ], [ 29.6152014, 60.2421242 ], [ 29.6148343, 60.2423172 ], [ 29.613831, 60.2428885 ], [ 29.6137733, 60.2429171 ] ] } },
{ "type": "Feature", "properties": { "u": 1752747225, "v": 1752747199, "key": 0, "osmid": "163607657", "lanes": null, "ref": null, "name": "Песочная улица", "highway": "residential", "maxspeed": null, "oneway": false, "reversed": "0", "length": 137.821, "bridge": null, "width": null, "access": null, "service": null }, "geometry": { "type": "LineString", "coordinates": [ [ 29.6111085, 60.2425143 ], [ 29.6130877, 60.2417585 ] ] } },
{ "type": "Feature", "properties": { "u": 1752747225, "v": 1239558362, "key": 0, "osmid": "107949017", "lanes": null, "ref": null, "name": "Верхняя улица", "highway": "residential", "maxspeed": null, "oneway": false, "reversed": "0", "length": 71.153, "bridge": null, "width": null, "access": null, "service": null }, "geometry": { "type": "LineString", "coordinates": [ [ 29.6111085, 60.2425143 ], [ 29.6111532, 60.2425415 ], [ 29.611894, 60.2430217 ] ] } },
{ "type": "Feature", "properties": { "u": 1752747225, "v": 1239558366, "key": 0, "osmid": "107949017", "lanes": null, "ref": null, "name": "Верхняя улица", "highway": "residential", "maxspeed": null, "oneway": false, "reversed": "1", "length": 88.362, "bridge": null, "width": null, "access": null, "service": null }, "geometry": { "type": "LineString", "coordinates": [ [ 29.6111085, 60.2425143 ], [ 29.6109945, 60.2424488 ], [ 29.610797, 60.2423631 ], [ 29.6104862, 60.2423264 ], [ 29.610122, 60.2423551 ], [ 29.6096599, 60.2422982 ] ] } },
{ "type": "Feature", "properties": { "u": 1752747249, "v": 1239558369, "key": 0, "osmid": "163607660", "lanes": null, "ref": null, "name": "11-я улица", "highway": "residential", "maxspeed": null, "oneway": false, "reversed": "1", "length": 84.45, "bridge": null, "width": null, "access": null, "service": null }, "geometry": { "type": "LineString", "coordinates": [ [ 29.6137733, 60.2429171 ], [ 29.6127575, 60.2434851 ] ] } },
{ "type": "Feature", "properties": { "u": 1752747249, "v": 1687169103, "key": 0, "osmid": "163607665", "lanes": null, "ref": null, "name": null, "highway": "residential", "maxspeed": null, "oneway": false, "reversed": "0", "length": 21.886, "bridge": null, "width": null, "access": null, "service": null }, "geometry": { "type": "LineString", "coordinates": [ [ 29.6137733, 60.2429171 ], [ 29.6135135, 60.2427684 ] ] } },
{ "type": "Feature", "properties": { "u": 1752747249, "v": 1752747206, "key": 0, "osmid": "163607660", "lanes": null, "ref": null, "name": "11-я улица", "highway": "residential", "maxspeed": null, "oneway": false, "reversed": "0", "length": 147.15, "bridge": null, "width": null, "access": null, "service": null }, "geometry": { "type": "LineString", "coordinates": [ [ 29.6137733, 60.2429171 ], [ 29.613831, 60.2428885 ], [ 29.6148343, 60.2423172 ], [ 29.6152014, 60.2421242 ], [ 29.6156532, 60.2419934 ] ] } },
{ "type": "Feature", "properties": { "u": 1752747251, "v": 1239558362, "key": 0, "osmid": "163607659", "lanes": null, "ref": null, "name": "10-я улица", "highway": "residential", "maxspeed": null, "oneway": false, "reversed": "0", "length": 118.649, "bridge": null, "width": null, "access": null, "service": null }, "geometry": { "type": "LineString", "coordinates": [ [ 29.6104484, 60.2438115 ], [ 29.611894, 60.2430217 ] ] } },
{ "type": "Feature", "properties": { "u": 1752747252, "v": 1239558369, "key": 0, "osmid": "163607660", "lanes": null, "ref": null, "name": "11-я улица", "highway": "residential", "maxspeed": null, "oneway": false, "reversed": "0", "length": 107.875, "bridge": null, "width": null, "access": null, "service": null }, "geometry": { "type": "LineString", "coordinates": [ [ 29.6114337, 60.2441989 ], [ 29.6127575, 60.2434851 ] ] } },
{ "type": "Feature", "properties": { "u": 1755021329, "v": 1239555389, "key": 0, "osmid": "107948762", "lanes": "1", "ref": null, "name": null, "highway": "residential", "maxspeed": null, "oneway": false, "reversed": "1", "length": 49.887, "bridge": null, "width": null, "access": null, "service": null }, "geometry": { "type": "LineString", "coordinates": [ [ 29.6208241, 60.2365002 ], [ 29.6199526, 60.236619 ] ] } },
{ "type": "Feature", "properties": { "u": 1755021329, "v": 1375480878, "key": 0, "lanes": "1", "ref": null, "highway": "residential", "maxspeed": null, "oneway": false, "reversed": "0", "length": 396.402, "bridge": null, "width": "2", "access": null, "service": null }, "geometry": { "type": "LineString", "coordinates": [ [ 29.6208241, 60.2365002 ], [ 29.6207769, 60.2364106 ], [ 29.6203971, 60.2356896 ], [ 29.6199389, 60.2350236 ], [ 29.6197593, 60.2349854 ], [ 29.6190254, 60.2349923 ], [ 29.6189012, 60.2349945 ], [ 29.6188575, 60.2350605 ], [ 29.6190802, 60.2356551 ], [ 29.6193844, 60.2364671 ] ] } },
{ "type": "Feature", "properties": { "u": 1755021459, "v": 1080626271, "key": 0, "osmid": "93219121", "lanes": "1", "ref": null, "name": "Светлая улица", "highway": "residential", "maxspeed": null, "oneway": false, "reversed": "1", "length": 5.244, "bridge": null, "width": "2", "access": null, "service": null }, "geometry": { "type": "LineString", "coordinates": [ [ 29.6125394, 60.2375659 ], [ 29.6124661, 60.2375359 ] ] } },
{ "type": "Feature", "properties": { "u": 1755021459, "v": 1080608910, "key": 0, "osmid": "93219121", "lanes": "1", "ref": null, "name": "Светлая улица", "highway": "residential", "maxspeed": null, "oneway": false, "reversed": "0", "length": 66.889, "bridge": null, "width": "2", "access": null, "service": null }, "geometry": { "type": "LineString", "coordinates": [ [ 29.6125394, 60.2375659 ], [ 29.6130842, 60.2378148 ], [ 29.6134062, 60.2379857 ] ] } },
{ "type": "Feature", "properties": { "u": 1755021459, "v": 1755021715, "key": 0, "osmid": "163831340", "lanes": "1", "ref": null, "name": "Подъездной переулок", "highway": "residential", "maxspeed": null, "oneway": false, "reversed": "0", "length": 84.775, "bridge": null, "width": null, "access": null, "service": null }, "geometry": { "type": "LineString", "coordinates": [ [ 29.6125394, 60.2375659 ], [ 29.612285, 60.2377409 ], [ 29.6120426, 60.2379641 ], [ 29.611615, 60.2381661 ] ] } },
{ "type": "Feature", "properties": { "u": 1755021715, "v": 1755021459, "key": 0, "osmid": "163831340", "lanes": "1", "ref": null, "name": "Подъездной переулок", "highway": "residential", "maxspeed": null, "oneway": false, "reversed": "1", "length": 84.775, "bridge": null, "width": null, "access": null, "service": null }, "geometry": { "type": "LineString", "coordinates": [ [ 29.611615, 60.2381661 ], [ 29.6120426, 60.2379641 ], [ 29.612285, 60.2377409 ], [ 29.6125394, 60.2375659 ] ] } },
{ "type": "Feature", "properties": { "u": 1755021895, "v": 1375490016, "key": 0, "osmid": "131477021", "lanes": null, "ref": null, "name": "улица Судостроителей", "highway": "residential", "maxspeed": null, "oneway": false, "reversed": "1", "length": 42.116, "bridge": null, "width": null, "access": null, "service": null }, "geometry": { "type": "LineString", "coordinates": [ [ 29.6122276, 60.2396316 ], [ 29.6127617, 60.2393611 ] ] } },
{ "type": "Feature", "properties": { "u": 1755021974, "v": 529790327, "key": 0, "osmid": "163831398", "lanes": null, "ref": null, "name": "7-я улица", "highway": "residential", "maxspeed": null, "oneway": false, "reversed": "0", "length": 38.99, "bridge": null, "width": null, "access": null, "service": null }, "geometry": { "type": "LineString", "coordinates": [ [ 29.6070801, 60.2405622 ], [ 29.6072421, 60.2409035 ] ] } },
{ "type": "Feature", "properties": { "u": 1755040010, "v": 1080626284, "key": 0, "osmid": "93219121", "lanes": "1", "ref": null, "name": "Светлая улица", "highway": "residential", "maxspeed": null, "oneway": false, "reversed": "0", "length": 7.314, "bridge": null, "width": "2", "access": null, "service": null }, "geometry": { "type": "LineString", "coordinates": [ [ 29.6142042, 60.238562 ], [ 29.614305, 60.2386047 ] ] } },
{ "type": "Feature", "properties": { "u": 1755040010, "v": 1080608910, "key": 0, "osmid": "93219121", "lanes": "1", "ref": null, "name": "Светлая улица", "highway": "residential", "maxspeed": null, "oneway": false, "reversed": "1", "length": 77.76, "bridge": null, "width": "2", "access": null, "service": null }, "geometry": { "type": "LineString", "coordinates": [ [ 29.6142042, 60.238562 ], [ 29.6134062, 60.2379857 ] ] } },
{ "type": "Feature", "properties": { "u": 1755040010, "v": 1375490016, "key": 0, "osmid": "131477021", "lanes": null, "ref": null, "name": "улица Судостроителей", "highway": "residential", "maxspeed": null, "oneway": false, "reversed": "0", "length": 124.41, "bridge": null, "width": null, "access": null, "service": null }, "geometry": { "type": "LineString", "coordinates": [ [ 29.6142042, 60.238562 ], [ 29.6138346, 60.2386421 ], [ 29.6133518, 60.2388605 ], [ 29.6130836, 60.239212 ], [ 29.6127617, 60.2393611 ] ] } },
{ "type": "Feature", "properties": { "u": 1760637584, "v": 500843985, "key": 0, "osmid": "41075321", "lanes": "1", "ref": null, "name": "Верхняя улица", "highway": "residential", "maxspeed": null, "oneway": false, "reversed": "0", "length": 234.819, "bridge": null, "width": null, "access": null, "service": null }, "geometry": { "type": "LineString", "coordinates": [ [ 29.6249806, 60.2479241 ], [ 29.6251006, 60.2479374 ], [ 29.6250527, 60.2479745 ], [ 29.6255166, 60.2481782 ], [ 29.6264989, 60.2485641 ], [ 29.6278312, 60.2490974 ], [ 29.6281892, 60.2492406 ] ] } },
{ "type": "Feature", "properties": { "u": 1760637584, "v": 500843942, "key": 0, "osmid": "41075321", "lanes": "1", "ref": null, "name": "Верхняя улица", "highway": "residential", "maxspeed": null, "oneway": false, "reversed": "1", "length": 164.892, "bridge": null, "width": null, "access": null, "service": null }, "geometry": { "type": "LineString", "coordinates": [ [ 29.6249806, 60.2479241 ], [ 29.6249508, 60.2478814 ], [ 29.624911, 60.2478544 ], [ 29.6247361, 60.2477748 ], [ 29.6241304, 60.2475318 ], [ 29.6237617, 60.2473937 ], [ 29.6231815, 60.2472083 ], [ 29.6226679, 60.2470014 ] ] } },
{ "type": "Feature", "properties": { "u": 1760637584, "v": 498355944, "key": 0, "osmid": "164428730", "lanes": "2", "ref": null, "name": "Социалистическая улица", "highway": "tertiary", "maxspeed": "RU:urban", "oneway": false, "reversed": "0", "length": 102.254, "bridge": null, "width": null, "access": null, "service": null }, "geometry": { "type": "LineString", "coordinates": [ [ 29.6249806, 60.2479241 ], [ 29.6248929, 60.247952 ], [ 29.6235403, 60.2483507 ], [ 29.6233936, 60.2483987 ] ] } },
{ "type": "Feature", "properties": { "u": 1760637584, "v": 496249247, "key": 0, "osmid": "164428730", "lanes": "2", "ref": null, "name": "Социалистическая улица", "highway": "tertiary", "maxspeed": "RU:urban", "oneway": false, "reversed": "1", "length": 51.007, "bridge": null, "width": null, "access": null, "service": null }, "geometry": { "type": "LineString", "coordinates": [ [ 29.6249806, 60.2479241 ], [ 29.6252564, 60.2478349 ], [ 29.6254546, 60.2477708 ], [ 29.625756, 60.2476744 ] ] } },
{ "type": "Feature", "properties": { "u": 1760637635, "v": 500840358, "key": 0, "osmid": "41054264", "lanes": "1", "ref": null, "name": "Моховая улица", "highway": "residential", "maxspeed": "RU:urban", "oneway": false, "reversed": "0", "length": 255.248, "bridge": null, "width": "3", "access": null, "service": null }, "geometry": { "type": "LineString", "coordinates": [ [ 29.6224083, 60.2491544 ], [ 29.6225526, 60.2491598 ], [ 29.6260598, 60.250544 ] ] } },
{ "type": "Feature", "properties": { "u": 1760637635, "v": 500320232, "key": 0, "osmid": "41054264", "lanes": "1", "ref": null, "name": "Моховая улица", "highway": "residential", "maxspeed": "RU:urban", "oneway": false, "reversed": "1", "length": 143.403, "bridge": null, "width": "3", "access": null, "service": null }, "geometry": { "type": "LineString", "coordinates": [ [ 29.6224083, 60.2491544 ], [ 29.6223003, 60.2491131 ], [ 29.6202529, 60.2484341 ] ] } },
{ "type": "Feature", "properties": { "u": 1760637635, "v": 500317978, "key": 0, "osmid": "164428730", "lanes": "2", "ref": null, "name": "Социалистическая улица", "highway": "tertiary", "maxspeed": "RU:urban", "oneway": false, "reversed": "0", "length": 114.132, "bridge": null, "width": null, "access": null, "service": null }, "geometry": { "type": "LineString", "coordinates": [ [ 29.6224083, 60.2491544 ], [ 29.6223005, 60.2494503 ], [ 29.6222413, 60.24958 ], [ 29.6221389, 60.2497066 ], [ 29.6220255, 60.249827 ], [ 29.6216751, 60.2500997 ] ] } },
{ "type": "Feature", "properties": { "u": 1760637635, "v": 498355944, "key": 0, "osmid": "164428730", "lanes": "2", "ref": null, "name": "Социалистическая улица", "highway": "tertiary", "maxspeed": "RU:urban", "oneway": false, "reversed": "1", "length": 103.197, "bridge": null, "width": null, "access": null, "service": null }, "geometry": { "type": "LineString", "coordinates": [ [ 29.6224083, 60.2491544 ], [ 29.622468, 60.2490374 ], [ 29.6225423, 60.2489092 ], [ 29.6226055, 60.2488375 ], [ 29.6226767, 60.248769 ], [ 29.6227911, 60.2486837 ], [ 29.6229434, 60.2485919 ], [ 29.6231316, 60.2484888 ], [ 29.6233936, 60.2483987 ] ] } },
{ "type": "Feature", "properties": { "u": 1760693203, "v": 13397412116, "key": 0, "osmid": "160401561", "lanes": "2", "ref": "41А-025", "name": "Советская улица", "highway": "primary", "maxspeed": "40", "oneway": false, "reversed": "0", "length": 13.798, "bridge": null, "width": null, "access": null, "service": null }, "geometry": { "type": "LineString", "coordinates": [ [ 29.6148018, 60.2560743 ], [ 29.615027, 60.2561283 ] ] } },
{ "type": "Feature", "properties": { "u": 1760693203, "v": 297815099, "key": 0, "osmid": "31398014", "lanes": "2", "ref": null, "name": "улица Филиппова", "highway": "tertiary", "maxspeed": "RU:urban", "oneway": false, "reversed": "1", "length": 231.139, "bridge": null, "width": null, "access": null, "service": null }, "geometry": { "type": "LineString", "coordinates": [ [ 29.6148018, 60.2560743 ], [ 29.6147987, 60.2560063 ], [ 29.6147669, 60.2557834 ], [ 29.6147603, 60.2557426 ], [ 29.6147075, 60.2555919 ], [ 29.6142597, 60.2548121 ], [ 29.6139213, 60.254252 ], [ 29.6138171, 60.2540611 ] ] } },
{ "type": "Feature", "properties": { "u": 1760693203, "v": 98154720, "key": 0, "lanes": "2", "ref": "41А-025", "name": "Советская улица", "highway": "primary", "maxspeed": "40", "oneway": false, "reversed": "1", "length": 516.661, "bridge": null, "width": null, "access": null, "service": null }, "geometry": { "type": "LineString", "coordinates": [ [ 29.6148018, 60.2560743 ], [ 29.6143712, 60.255981 ], [ 29.6141332, 60.2559457 ], [ 29.6138958, 60.2559202 ], [ 29.6137779, 60.2559117 ], [ 29.6135831, 60.2559024 ], [ 29.6135067, 60.2558967 ], [ 29.6133846, 60.2558982 ], [ 29.613216, 60.2558936 ], [ 29.613004, 60.2558947 ], [ 29.6128227, 60.2559024 ], [ 29.6125685, 60.2559241 ], [ 29.6122228, 60.2559536 ], [ 29.6121468, 60.2559566 ], [ 29.6112611, 60.2560638 ], [ 29.6105024, 60.25616 ], [ 29.610294, 60.2561775 ], [ 29.6097483, 60.2562376 ], [ 29.6083901, 60.2564059 ], [ 29.6079852, 60.2564476 ], [ 29.6076093, 60.256489 ], [ 29.6070432, 60.2565392 ], [ 29.6066818, 60.2565722 ], [ 29.6065249, 60.2565869 ], [ 29.6062853, 60.2566089 ], [ 29.605665, 60.2566712 ] ] } },
{ "type": "Feature", "properties": { "u": 1769870686, "v": 1628777226, "key": 0, "osmid": "163831354", "lanes": null, "ref": null, "name": null, "highway": "residential", "maxspeed": null, "oneway": false, "reversed": "1", "length": 245.126, "bridge": null, "width": null, "access": null, "service": null }, "geometry": { "type": "LineString", "coordinates": [ [ 29.6132814, 60.2419289 ], [ 29.615865, 60.2414942 ], [ 29.6160195, 60.2414296 ], [ 29.615725, 60.2406938 ] ] } },
{ "type": "Feature", "properties": { "u": 1770602560, "v": 4913338796, "key": 0, "osmid": "181050627", "lanes": null, "ref": null, "name": null, "highway": "residential", "maxspeed": null, "oneway": false, "reversed": "1", "length": 116.436, "bridge": null, "width": null, "access": null, "service": null }, "geometry": { "type": "LineString", "coordinates": [ [ 29.6132583, 60.2365131 ], [ 29.6121023, 60.2357657 ], [ 29.6120072, 60.2356721 ] ] } },
{ "type": "Feature", "properties": { "u": 1770619647, "v": 1911126251, "key": 0, "osmid": "165521389", "lanes": null, "ref": null, "name": "Наклонная улица", "highway": "residential", "maxspeed": null, "oneway": false, "reversed": "0", "length": 40.027, "bridge": null, "width": null, "access": null, "service": null }, "geometry": { "type": "LineString", "coordinates": [ [ 29.6339947, 60.2344781 ], [ 29.6343291, 60.2347975 ] ] } },
{ "type": "Feature", "properties": { "u": 1776117298, "v": 1384951254, "key": 0, "osmid": "124417392", "lanes": "1", "ref": null, "name": "1-я улица", "highway": "residential", "maxspeed": null, "oneway": false, "reversed": "0", "length": 92.383, "bridge": null, "width": null, "access": null, "service": null }, "geometry": { "type": "LineString", "coordinates": [ [ 29.5993954, 60.2409204 ], [ 29.5990574, 60.2401067 ] ] } },
{ "type": "Feature", "properties": { "u": 1776117298, "v": 1384951278, "key": 0, "osmid": "124417392", "lanes": "1", "ref": null, "name": "1-я улица", "highway": "residential", "maxspeed": null, "oneway": false, "reversed": "1", "length": 86.121, "bridge": null, "width": null, "access": null, "service": null }, "geometry": { "type": "LineString", "coordinates": [ [ 29.5993954, 60.2409204 ], [ 29.599758, 60.2416737 ] ] } },
{ "type": "Feature", "properties": { "u": 1776117298, "v": 1776117299, "key": 0, "osmid": "166129589", "lanes": "1", "ref": null, "name": null, "highway": "residential", "maxspeed": null, "oneway": false, "reversed": "1", "length": 80.701, "bridge": null, "width": null, "access": null, "service": null }, "geometry": { "type": "LineString", "coordinates": [ [ 29.5993954, 60.2409204 ], [ 29.5979334, 60.240932 ] ] } },
{ "type": "Feature", "properties": { "u": 1776117299, "v": 499049081, "key": 0, "osmid": "40963175", "lanes": "2", "ref": null, "name": "Южная улица", "highway": "residential", "maxspeed": null, "oneway": false, "reversed": "1", "length": 21.051, "bridge": null, "width": null, "access": null, "service": null }, "geometry": { "type": "LineString", "coordinates": [ [ 29.5979334, 60.240932 ], [ 29.5979586, 60.2411209 ] ] } },
{ "type": "Feature", "properties": { "u": 1776117299, "v": 1776117298, "key": 0, "osmid": "166129589", "lanes": "1", "ref": null, "name": null, "highway": "residential", "maxspeed": null, "oneway": false, "reversed": "0", "length": 80.701, "bridge": null, "width": null, "access": null, "service": null }, "geometry": { "type": "LineString", "coordinates": [ [ 29.5979334, 60.240932 ], [ 29.5993954, 60.2409204 ] ] } },
{ "type": "Feature", "properties": { "u": 1776117299, "v": 499049102, "key": 0, "osmid": "40963175", "lanes": "2", "ref": null, "name": "Южная улица", "highway": "residential", "maxspeed": null, "oneway": false, "reversed": "0", "length": 83.428, "bridge": null, "width": null, "access": null, "service": null }, "geometry": { "type": "LineString", "coordinates": [ [ 29.5979334, 60.240932 ], [ 29.5978681, 60.2408575 ], [ 29.5978623, 60.2407007 ], [ 29.5979209, 60.2405448 ], [ 29.5980342, 60.2403702 ], [ 29.5982101, 60.2402241 ] ] } },
{ "type": "Feature", "properties": { "u": 1776168579, "v": 859349668, "key": 0, "osmid": "160401561", "lanes": "2", "ref": "41А-025", "name": "Советская улица", "highway": "primary", "maxspeed": "40", "oneway": false, "reversed": "0", "length": 76.999, "bridge": null, "width": null, "access": null, "service": null }, "geometry": { "type": "LineString", "coordinates": [ [ 29.6249223, 60.2592194 ], [ 29.6251594, 60.2592906 ], [ 29.6261006, 60.2595906 ] ] } },
{ "type": "Feature", "properties": { "u": 1776168579, "v": 13397412142, "key": 0, "osmid": "160401561", "lanes": "2", "ref": "41А-025", "name": "Советская улица", "highway": "primary", "maxspeed": "40", "oneway": false, "reversed": "1", "length": 257.331, "bridge": null, "width": null, "access": null, "service": null }, "geometry": { "type": "LineString", "coordinates": [ [ 29.6249223, 60.2592194 ], [ 29.6240531, 60.2589324 ], [ 29.622891, 60.2584803 ], [ 29.6211649, 60.2578494 ] ] } },
{ "type": "Feature", "properties": { "u": 1776168579, "v": 1776168584, "key": 0, "osmid": "166135287", "lanes": null, "ref": null, "name": "Островная улица", "highway": "residential", "maxspeed": null, "oneway": false, "reversed": "0", "length": 176.583, "bridge": null, "width": null, "access": null, "service": "driveway" }, "geometry": { "type": "LineString", "coordinates": [ [ 29.6249223, 60.2592194 ], [ 29.6248702, 60.2592856 ], [ 29.6247751, 60.2594433 ], [ 29.6246987, 60.259737 ], [ 29.6249116, 60.2600509 ], [ 29.6251924, 60.2601895 ], [ 29.6259701, 60.2605508 ] ] } },
{ "type": "Feature", "properties": { "u": 1776168584, "v": 1776168579, "key": 0, "osmid": "166135287", "lanes": null, "ref": null, "name": "Островная улица", "highway": "residential", "maxspeed": null, "oneway": false, "reversed": "1", "length": 176.583, "bridge": null, "width": null, "access": null, "service": "driveway" }, "geometry": { "type": "LineString", "coordinates": [ [ 29.6259701, 60.2605508 ], [ 29.6251924, 60.2601895 ], [ 29.6249116, 60.2600509 ], [ 29.6246987, 60.259737 ], [ 29.6247751, 60.2594433 ], [ 29.6248702, 60.2592856 ], [ 29.6249223, 60.2592194 ] ] } },
{ "type": "Feature", "properties": { "u": 1776225486, "v": 1776225516, "key": 0, "osmid": "946077750", "lanes": null, "ref": null, "name": null, "highway": "unclassified", "maxspeed": null, "oneway": false, "reversed": "1", "length": 106.24, "bridge": null, "width": null, "access": null, "service": null }, "geometry": { "type": "LineString", "coordinates": [ [ 29.6602081, 60.2570162 ], [ 29.6598229, 60.257353 ], [ 29.6593147, 60.2578622 ] ] } },
{ "type": "Feature", "properties": { "u": 1776225516, "v": 8719249687, "key": 0, "osmid": "941538077", "lanes": null, "ref": null, "name": null, "highway": "residential", "maxspeed": null, "oneway": false, "reversed": "1", "length": 103.116, "bridge": null, "width": null, "access": null, "service": null }, "geometry": { "type": "LineString", "coordinates": [ [ 29.6593147, 60.2578622 ], [ 29.6592133, 60.2578551 ], [ 29.6574493, 60.2579051 ] ] } },
{ "type": "Feature", "properties": { "u": 1776225516, "v": 1776225486, "key": 0, "osmid": "946077750", "lanes": null, "ref": null, "name": null, "highway": "unclassified", "maxspeed": null, "oneway": false, "reversed": "0", "length": 106.24, "bridge": null, "width": null, "access": null, "service": null }, "geometry": { "type": "LineString", "coordinates": [ [ 29.6593147, 60.2578622 ], [ 29.6598229, 60.257353 ], [ 29.6602081, 60.2570162 ] ] } },
{ "type": "Feature", "properties": { "u": 1776225516, "v": 503586439, "key": 0, "lanes": null, "ref": null, "name": null, "maxspeed": "60", "oneway": false, "reversed": "1", "length": 489.872, "bridge": null, "width": null, "access": null, "service": null }, "geometry": { "type": "LineString", "coordinates": [ [ 29.6593147, 60.2578622 ], [ 29.6593096, 60.2582831 ], [ 29.6588351, 60.2585799 ], [ 29.6587742, 60.2585882 ], [ 29.6576191, 60.2585656 ], [ 29.656085, 60.2584974 ], [ 29.6557996, 60.2585114 ], [ 29.6543473, 60.2583998 ], [ 29.6516491, 60.2581296 ] ] } },
{ "type": "Feature", "properties": { "u": 1779024998, "v": 1946070462, "key": 0, "osmid": "42277241", "lanes": "1", "ref": null, "name": "Малая Вокзальная улица", "highway": "residential", "maxspeed": null, "oneway": false, "reversed": "0", "length": 94.646, "bridge": null, "width": null, "access": null, "service": null }, "geometry": { "type": "LineString", "coordinates": [ [ 29.584519, 60.2489704 ], [ 29.5858001, 60.2495364 ] ] } },
{ "type": "Feature", "properties": { "u": 1779024998, "v": 527347123, "key": 0, "osmid": "42277241", "lanes": "1", "ref": null, "name": "Малая Вокзальная улица", "highway": "residential", "maxspeed": null, "oneway": false, "reversed": "1", "length": 95.365, "bridge": null, "width": null, "access": null, "service": null }, "geometry": { "type": "LineString", "coordinates": [ [ 29.584519, 60.2489704 ], [ 29.583199, 60.2484168 ] ] } },
{ "type": "Feature", "properties": { "u": 1779024998, "v": 1779025004, "key": 0, "osmid": "166455301", "lanes": "1", "ref": null, "name": null, "highway": "residential", "maxspeed": null, "oneway": false, "reversed": "1", "length": 101.196, "bridge": null, "width": null, "access": null, "service": null }, "geometry": { "type": "LineString", "coordinates": [ [ 29.584519, 60.2489704 ], [ 29.58334, 60.2496675 ] ] } },
{ "type": "Feature", "properties": { "u": 1779024998, "v": 9152663230, "key": 0, "osmid": "166455301", "lanes": "1", "ref": null, "name": null, "highway": "residential", "maxspeed": null, "oneway": false, "reversed": "0", "length": 120.227, "bridge": null, "width": null, "access": null, "service": null }, "geometry": { "type": "LineString", "coordinates": [ [ 29.584519, 60.2489704 ], [ 29.5852623, 60.2485918 ], [ 29.5860207, 60.2481871 ] ] } },
{ "type": "Feature", "properties": { "u": 1779025004, "v": 1779024998, "key": 0, "osmid": "166455301", "lanes": "1", "ref": null, "name": null, "highway": "residential", "maxspeed": null, "oneway": false, "reversed": "0", "length": 101.196, "bridge": null, "width": null, "access": null, "service": null }, "geometry": { "type": "LineString", "coordinates": [ [ 29.58334, 60.2496675 ], [ 29.584519, 60.2489704 ] ] } },
{ "type": "Feature", "properties": { "u": 1779025013, "v": 1779025022, "key": 0, "osmid": "477647211", "lanes": "1", "ref": null, "name": "Софийская улица", "highway": "residential", "maxspeed": null, "oneway": false, "reversed": "1", "length": 152.492, "bridge": null, "width": null, "access": null, "service": null }, "geometry": { "type": "LineString", "coordinates": [ [ 29.589565, 60.2513281 ], [ 29.5888424, 60.2517148 ], [ 29.5882174, 60.2520465 ], [ 29.5876956, 60.2523381 ] ] } },
{ "type": "Feature", "properties": { "u": 1779025015, "v": 1951275739, "key": 0, "osmid": "243285313", "lanes": null, "ref": null, "name": "Малая Вокзальная улица", "highway": "residential", "maxspeed": null, "oneway": false, "reversed": "0", "length": 6.296, "bridge": null, "width": null, "access": null, "service": null }, "geometry": { "type": "LineString", "coordinates": [ [ 29.5886102, 60.2507437 ], [ 29.5886948, 60.2507817 ] ] } },
{ "type": "Feature", "properties": { "u": 1779025015, "v": 2473548524, "key": 0, "osmid": "243285313", "lanes": null, "ref": null, "name": "Малая Вокзальная улица", "highway": "residential", "maxspeed": null, "oneway": false, "reversed": "1", "length": 75.07, "bridge": null, "width": null, "access": null, "service": null }, "geometry": { "type": "LineString", "coordinates": [ [ 29.5886102, 60.2507437 ], [ 29.5875665, 60.2503106 ] ] } },
{ "type": "Feature", "properties": { "u": 1779025015, "v": 1451257275, "key": 0, "osmid": "477647212", "lanes": "1", "ref": null, "name": null, "highway": "residential", "maxspeed": null, "oneway": false, "reversed": "1", "length": 167.6, "bridge": null, "width": null, "access": null, "service": null }, "geometry": { "type": "LineString", "coordinates": [ [ 29.5886102, 60.2507437 ], [ 29.5865143, 60.2518347 ] ] } },
{ "type": "Feature", "properties": { "u": 1779025022, "v": 1451257275, "key": 0, "osmid": "166452929", "lanes": "1", "ref": null, "name": null, "highway": "residential", "maxspeed": null, "oneway": false, "reversed": "1", "length": 85.914, "bridge": null, "width": null, "access": null, "service": null }, "geometry": { "type": "LineString", "coordinates": [ [ 29.5876956, 60.2523381 ], [ 29.5865143, 60.2518347 ] ] } },
{ "type": "Feature", "properties": { "u": 1779025022, "v": 8719361251, "key": 0, "osmid": "477647211", "lanes": "1", "ref": null, "name": "Софийская улица", "highway": "residential", "maxspeed": null, "oneway": false, "reversed": "1", "length": 356.357, "bridge": null, "width": null, "access": null, "service": null }, "geometry": { "type": "LineString", "coordinates": [ [ 29.5876956, 60.2523381 ], [ 29.5835538, 60.2547973 ] ] } },
{ "type": "Feature", "properties": { "u": 1779025022, "v": 1779025013, "key": 0, "osmid": "477647211", "lanes": "1", "ref": null, "name": "Софийская улица", "highway": "residential", "maxspeed": null, "oneway": false, "reversed": "0", "length": 152.492, "bridge": null, "width": null, "access": null, "service": null }, "geometry": { "type": "LineString", "coordinates": [ [ 29.5876956, 60.2523381 ], [ 29.5882174, 60.2520465 ], [ 29.5888424, 60.2517148 ], [ 29.589565, 60.2513281 ] ] } },
{ "type": "Feature", "properties": { "u": 1789788999, "v": 1628541398, "key": 0, "osmid": "149918007", "lanes": null, "ref": null, "name": null, "highway": "residential", "maxspeed": null, "oneway": false, "reversed": "1", "length": 186.487, "bridge": null, "width": null, "access": null, "service": null }, "geometry": { "type": "LineString", "coordinates": [ [ 29.6385948, 60.2361647 ], [ 29.638649, 60.2367692 ], [ 29.6386779, 60.2367957 ], [ 29.6389604, 60.2370554 ], [ 29.6379558, 60.2376112 ] ] } },
{ "type": "Feature", "properties": { "u": 1789789004, "v": 1789789035, "key": 0, "osmid": "167584487", "lanes": null, "ref": null, "name": null, "highway": "residential", "maxspeed": null, "oneway": false, "reversed": "0", "length": 129.253, "bridge": null, "width": null, "access": null, "service": null }, "geometry": { "type": "LineString", "coordinates": [ [ 29.6402374, 60.2365572 ], [ 29.6399717, 60.2367793 ], [ 29.6396672, 60.2370375 ], [ 29.6397497, 60.2371571 ], [ 29.6403491, 60.2375318 ] ] } },
{ "type": "Feature", "properties": { "u": 1789789018, "v": 1789789035, "key": 0, "osmid": "167584487", "lanes": null, "ref": null, "name": null, "highway": "residential", "maxspeed": null, "oneway": false, "reversed": "1", "length": 78.452, "bridge": null, "width": null, "access": null, "service": null }, "geometry": { "type": "LineString", "coordinates": [ [ 29.6412614, 60.2369908 ], [ 29.6403491, 60.2375318 ] ] } },
{ "type": "Feature", "properties": { "u": 1789789027, "v": 1789789082, "key": 0, "osmid": "167584483", "lanes": null, "ref": null, "name": null, "highway": "residential", "maxspeed": null, "oneway": false, "reversed": "0", "length": 169.352, "bridge": null, "width": null, "access": null, "service": null }, "geometry": { "type": "LineString", "coordinates": [ [ 29.642158, 60.2371725 ], [ 29.6406135, 60.2380707 ], [ 29.6406341, 60.2381282 ], [ 29.6409632, 60.2382704 ], [ 29.6410651, 60.2383145 ] ] } },
{ "type": "Feature", "properties": { "u": 1789789035, "v": 1789789018, "key": 0, "osmid": "167584487", "lanes": null, "ref": null, "name": null, "highway": "residential", "maxspeed": null, "oneway": false, "reversed": "0", "length": 78.452, "bridge": null, "width": null, "access": null, "service": null }, "geometry": { "type": "LineString", "coordinates": [ [ 29.6403491, 60.2375318 ], [ 29.6412614, 60.2369908 ] ] } },
{ "type": "Feature", "properties": { "u": 1789789035, "v": 1556742292, "key": 0, "osmid": "167584473", "lanes": null, "ref": null, "name": null, "highway": "residential", "maxspeed": null, "oneway": false, "reversed": "0", "length": 149.38, "bridge": null, "width": null, "access": null, "service": null }, "geometry": { "type": "LineString", "coordinates": [ [ 29.6403491, 60.2375318 ], [ 29.6386623, 60.2385302 ], [ 29.63861, 60.2385611 ] ] } },
{ "type": "Feature", "properties": { "u": 1789789035, "v": 1789789004, "key": 0, "osmid": "167584487", "lanes": null, "ref": null, "name": null, "highway": "residential", "maxspeed": null, "oneway": false, "reversed": "1", "length": 129.253, "bridge": null, "width": null, "access": null, "service": null }, "geometry": { "type": "LineString", "coordinates": [ [ 29.6403491, 60.2375318 ], [ 29.6397497, 60.2371571 ], [ 29.6396672, 60.2370375 ], [ 29.6399717, 60.2367793 ], [ 29.6402374, 60.2365572 ] ] } },
{ "type": "Feature", "properties": { "u": 1789789082, "v": 1556742235, "key": 0, "osmid": "142234635", "lanes": null, "ref": null, "name": null, "highway": "residential", "maxspeed": null, "oneway": false, "reversed": "0", "length": 165.315, "bridge": null, "width": null, "access": null, "service": null }, "geometry": { "type": "LineString", "coordinates": [ [ 29.6410651, 60.2383145 ], [ 29.6413073, 60.238201 ], [ 29.6417576, 60.2380437 ], [ 29.6433779, 60.2373718 ] ] } },
{ "type": "Feature", "properties": { "u": 1789789082, "v": 1556742292, "key": 0, "osmid": "142234635", "lanes": null, "ref": null, "name": null, "highway": "residential", "maxspeed": null, "oneway": false, "reversed": "1", "length": 183.444, "bridge": null, "width": null, "access": null, "service": null }, "geometry": { "type": "LineString", "coordinates": [ [ 29.6410651, 60.2383145 ], [ 29.6402609, 60.2386914 ], [ 29.6396785, 60.2389412 ], [ 29.6395563, 60.2389936 ], [ 29.63861, 60.2385611 ] ] } },
{ "type": "Feature", "properties": { "u": 1789789082, "v": 1789789027, "key": 0, "osmid": "167584483", "lanes": null, "ref": null, "name": null, "highway": "residential", "maxspeed": null, "oneway": false, "reversed": "1", "length": 169.352, "bridge": null, "width": null, "access": null, "service": null }, "geometry": { "type": "LineString", "coordinates": [ [ 29.6410651, 60.2383145 ], [ 29.6409632, 60.2382704 ], [ 29.6406341, 60.2381282 ], [ 29.6406135, 60.2380707 ], [ 29.642158, 60.2371725 ] ] } },
{ "type": "Feature", "properties": { "u": 1789789096, "v": 1789789134, "key": 0, "osmid": "167584464", "lanes": null, "ref": null, "name": null, "highway": "residential", "maxspeed": null, "oneway": false, "reversed": "1", "length": 68.619, "bridge": null, "width": null, "access": null, "service": null }, "geometry": { "type": "LineString", "coordinates": [ [ 29.630323, 60.2385143 ], [ 29.6304037, 60.2386446 ], [ 29.6306482, 60.2389218 ], [ 29.630841, 60.2390721 ] ] } },
{ "type": "Feature", "properties": { "u": 1789789134, "v": 1789789096, "key": 0, "osmid": "167584464", "lanes": null, "ref": null, "name": null, "highway": "residential", "maxspeed": null, "oneway": false, "reversed": "0", "length": 68.619, "bridge": null, "width": null, "access": null, "service": null }, "geometry": { "type": "LineString", "coordinates": [ [ 29.630841, 60.2390721 ], [ 29.6306482, 60.2389218 ], [ 29.6304037, 60.2386446 ], [ 29.630323, 60.2385143 ] ] } },
{ "type": "Feature", "properties": { "u": 1789789134, "v": 672555617, "key": 0, "lanes": null, "ref": null, "name": "Инженерный переулок", "highway": "residential", "maxspeed": null, "oneway": false, "reversed": "1", "length": 410.394, "bridge": null, "width": null, "access": null, "service": null }, "geometry": { "type": "LineString", "coordinates": [ [ 29.630841, 60.2390721 ], [ 29.6304979, 60.2391322 ], [ 29.6300849, 60.2391437 ], [ 29.629778, 60.2391522 ], [ 29.6294551, 60.239209 ], [ 29.6291007, 60.239219 ], [ 29.6285961, 60.2391177 ], [ 29.6270263, 60.2389641 ], [ 29.6260986, 60.2388978 ], [ 29.625096, 60.2390861 ], [ 29.6236023, 60.2391507 ] ] } },
{ "type": "Feature", "properties": { "u": 1789789134, "v": 1789789157, "key": 0, "osmid": "167584481", "lanes": null, "ref": null, "name": null, "highway": "residential", "maxspeed": null, "oneway": false, "reversed": "0", "length": 81.242, "bridge": null, "width": null, "access": null, "service": null }, "geometry": { "type": "LineString", "coordinates": [ [ 29.630841, 60.2390721 ], [ 29.6313711, 60.2393157 ], [ 29.6319273, 60.2395651 ] ] } },
{ "type": "Feature", "properties": { "u": 1789789155, "v": 858872466, "key": 0, "osmid": "72280666", "lanes": null, "ref": null, "name": "Северная улица", "highway": "residential", "maxspeed": null, "oneway": false, "reversed": "0", "length": 118.756, "bridge": null, "width": null, "access": null, "service": null }, "geometry": { "type": "LineString", "coordinates": [ [ 29.6348745, 60.2395192 ], [ 29.6351922, 60.2392651 ], [ 29.6359933, 60.2389621 ], [ 29.6365323, 60.2389342 ] ] } },
{ "type": "Feature", "properties": { "u": 1789789155, "v": 858872483, "key": 0, "osmid": "72280666", "lanes": null, "ref": null, "name": "Северная улица", "highway": "residential", "maxspeed": null, "oneway": false, "reversed": "1", "length": 88.125, "bridge": null, "width": null, "access": null, "service": null }, "geometry": { "type": "LineString", "coordinates": [ [ 29.6348745, 60.2395192 ], [ 29.6347344, 60.2396312 ], [ 29.6334665, 60.2398323 ] ] } },
{ "type": "Feature", "properties": { "u": 1789789155, "v": 1628541460, "key": 0, "osmid": "149918012", "lanes": null, "ref": null, "name": "Центральная улица", "highway": "residential", "maxspeed": null, "oneway": false, "reversed": "0", "length": 96.66, "bridge": null, "width": "4", "access": null, "service": null }, "geometry": { "type": "LineString", "coordinates": [ [ 29.6348745, 60.2395192 ], [ 29.6346329, 60.2393923 ], [ 29.6345373, 60.2393422 ], [ 29.6345341, 60.2393405 ], [ 29.6337571, 60.2388508 ] ] } },
{ "type": "Feature", "properties": { "u": 1789789157, "v": 1628541470, "key": 0, "osmid": "167584472", "lanes": null, "ref": null, "name": "Геологическая улица", "highway": "residential", "maxspeed": null, "oneway": false, "reversed": "0", "length": 51.588, "bridge": null, "width": null, "access": null, "service": null }, "geometry": { "type": "LineString", "coordinates": [ [ 29.6319273, 60.2395651 ], [ 29.6320175, 60.2395292 ], [ 29.6326528, 60.2392726 ] ] } },
{ "type": "Feature", "properties": { "u": 1789789157, "v": 1789789166, "key": 0, "osmid": "167584481", "lanes": null, "ref": null, "name": null, "highway": "residential", "maxspeed": null, "oneway": false, "reversed": "0", "length": 74.956, "bridge": null, "width": null, "access": null, "service": null }, "geometry": { "type": "LineString", "coordinates": [ [ 29.6319273, 60.2395651 ], [ 29.6327436, 60.2400371 ], [ 29.6328104, 60.2400772 ] ] } },
{ "type": "Feature", "properties": { "u": 1789789157, "v": 1789789134, "key": 0, "osmid": "167584481", "lanes": null, "ref": null, "name": null, "highway": "residential", "maxspeed": null, "oneway": false, "reversed": "1", "length": 81.242, "bridge": null, "width": null, "access": null, "service": null }, "geometry": { "type": "LineString", "coordinates": [ [ 29.6319273, 60.2395651 ], [ 29.6313711, 60.2393157 ], [ 29.630841, 60.2390721 ] ] } },
{ "type": "Feature", "properties": { "u": 1789789166, "v": 858872483, "key": 0, "osmid": "72280666", "lanes": null, "ref": null, "name": "Северная улица", "highway": "residential", "maxspeed": null, "oneway": false, "reversed": "0", "length": 45.309, "bridge": null, "width": null, "access": null, "service": null }, "geometry": { "type": "LineString", "coordinates": [ [ 29.6328104, 60.2400772 ], [ 29.6334665, 60.2398323 ] ] } },
{ "type": "Feature", "properties": { "u": 1789789166, "v": 1496974712, "key": 0, "osmid": "72280666", "lanes": null, "ref": null, "name": "Северная улица", "highway": "residential", "maxspeed": null, "oneway": false, "reversed": "1", "length": 18.213, "bridge": null, "width": null, "access": null, "service": null }, "geometry": { "type": "LineString", "coordinates": [ [ 29.6328104, 60.2400772 ], [ 29.6325466, 60.2401756 ] ] } },
{ "type": "Feature", "properties": { "u": 1789789166, "v": 1789789157, "key": 0, "osmid": "167584481", "lanes": null, "ref": null, "name": null, "highway": "residential", "maxspeed": null, "oneway": false, "reversed": "1", "length": 74.956, "bridge": null, "width": null, "access": null, "service": null }, "geometry": { "type": "LineString", "coordinates": [ [ 29.6328104, 60.2400772 ], [ 29.6327436, 60.2400371 ], [ 29.6319273, 60.2395651 ] ] } },
{ "type": "Feature", "properties": { "u": 1794705504, "v": 854525507, "key": 0, "osmid": "180017040", "lanes": "2", "ref": null, "name": "улица Кирова", "highway": "tertiary", "maxspeed": null, "oneway": false, "reversed": "1", "length": 98.424, "bridge": null, "width": null, "access": null, "service": null }, "geometry": { "type": "LineString", "coordinates": [ [ 29.6216712, 60.2632197 ], [ 29.6199111, 60.2630738 ] ] } },
{ "type": "Feature", "properties": { "u": 1794705504, "v": 854525512, "key": 0, "osmid": "168178423", "lanes": null, "ref": null, "name": "улица Кирова", "highway": "residential", "maxspeed": null, "oneway": false, "reversed": "1", "length": 193.351, "bridge": null, "width": "3", "access": null, "service": null }, "geometry": { "type": "LineString", "coordinates": [ [ 29.6216712, 60.2632197 ], [ 29.6224612, 60.262515 ], [ 29.6223454, 60.2624197 ], [ 29.6219427, 60.2622892 ], [ 29.6211188, 60.2621064 ], [ 29.6208578, 60.2620683 ] ] } },
{ "type": "Feature", "properties": { "u": 1794705504, "v": 1215737071, "key": 0, "osmid": "180017040", "lanes": "2", "ref": null, "name": "улица Кирова", "highway": "tertiary", "maxspeed": null, "oneway": false, "reversed": "0", "length": 335.097, "bridge": null, "width": null, "access": null, "service": null }, "geometry": { "type": "LineString", "coordinates": [ [ 29.6216712, 60.2632197 ], [ 29.6242792, 60.2635421 ], [ 29.625881, 60.2638655 ], [ 29.6269646, 60.2641103 ], [ 29.6273242, 60.2642587 ] ] } },
{ "type": "Feature", "properties": { "u": 1797527484, "v": 98154671, "key": 0, "osmid": "31387359", "lanes": "2", "ref": "41А-025", "name": "Железнодорожная улица", "highway": "primary", "maxspeed": "RU:urban", "oneway": false, "reversed": "0", "length": 160.665, "bridge": null, "width": null, "access": null, "service": null }, "geometry": { "type": "LineString", "coordinates": [ [ 29.5866421, 60.2561502 ], [ 29.5889707, 60.2564977 ], [ 29.5891569, 60.2565254 ], [ 29.5894311, 60.2565663 ] ] } },
{ "type": "Feature", "properties": { "u": 1797527484, "v": 1836221784, "key": 0, "osmid": "31387359", "lanes": "2", "ref": "41А-025", "name": "Железнодорожная улица", "highway": "primary", "maxspeed": "RU:urban", "oneway": false, "reversed": "1", "length": 176.302, "bridge": null, "width": null, "access": null, "service": null }, "geometry": { "type": "LineString", "coordinates": [ [ 29.5866421, 60.2561502 ], [ 29.5857759, 60.2560229 ], [ 29.58383, 60.2557587 ], [ 29.5835689, 60.255716 ] ] } },
{ "type": "Feature", "properties": { "u": 1797527484, "v": 497961172, "key": 0, "osmid": "74754862", "lanes": "1", "ref": null, "name": "Ключевой переулок", "highway": "residential", "maxspeed": "RU:urban", "oneway": false, "reversed": "1", "length": 260.681, "bridge": null, "width": null, "access": null, "service": null }, "geometry": { "type": "LineString", "coordinates": [ [ 29.5866421, 60.2561502 ], [ 29.5861792, 60.2568111 ], [ 29.5878151, 60.2571437 ], [ 29.5892894, 60.2573766 ] ] } },
{ "type": "Feature", "properties": { "u": 1799596596, "v": 639816087, "key": 0, "osmid": "150542333", "lanes": null, "ref": null, "name": "улица Сухотского", "highway": "residential", "maxspeed": null, "oneway": false, "reversed": "1", "length": 409.441, "bridge": null, "width": null, "access": null, "service": null }, "geometry": { "type": "LineString", "coordinates": [ [ 29.5532854, 60.2470621 ], [ 29.5537973, 60.2467608 ], [ 29.5541559, 60.2464228 ], [ 29.5549988, 60.2458653 ], [ 29.555064, 60.2458464 ], [ 29.5551274, 60.2458407 ], [ 29.5553376, 60.2458723 ], [ 29.5555776, 60.2459043 ], [ 29.555811, 60.2458857 ], [ 29.5559639, 60.2458617 ], [ 29.5560184, 60.2458461 ], [ 29.5562615, 60.2457512 ], [ 29.5567844, 60.2455164 ], [ 29.5573453, 60.245262 ], [ 29.5578022, 60.245034 ], [ 29.5585853, 60.2447573 ] ] } },
{ "type": "Feature", "properties": { "u": 1812814480, "v": 8719249676, "key": 0, "osmid": "946077754", "lanes": null, "ref": null, "name": null, "highway": "residential", "maxspeed": null, "oneway": false, "reversed": "0", "length": 44.283, "bridge": null, "width": null, "access": null, "service": null }, "geometry": { "type": "LineString", "coordinates": [ [ 29.6558128, 60.2551439 ], [ 29.6557793, 60.2555418 ] ] } },
{ "type": "Feature", "properties": { "u": 1812814492, "v": 8719249676, "key": 0, "osmid": "946077754", "lanes": null, "ref": null, "name": null, "highway": "residential", "maxspeed": null, "oneway": false, "reversed": "1", "length": 70.176, "bridge": null, "width": null, "access": null, "service": null }, "geometry": { "type": "LineString", "coordinates": [ [ 29.655711, 60.256172 ], [ 29.6557793, 60.2555418 ] ] } },
{ "type": "Feature", "properties": { "u": 1812814492, "v": 8719249695, "key": 0, "osmid": "941538079", "lanes": null, "ref": null, "name": null, "highway": "residential", "maxspeed": null, "oneway": false, "reversed": "0", "length": 160.962, "bridge": null, "width": null, "access": null, "service": null }, "geometry": { "type": "LineString", "coordinates": [ [ 29.655711, 60.256172 ], [ 29.6546394, 60.2561876 ], [ 29.6537894, 60.2561989 ], [ 29.6534031, 60.2563959 ], [ 29.6531471, 60.2565743 ] ] } },
{ "type": "Feature", "properties": { "u": 1812814492, "v": 8719249674, "key": 0, "osmid": "941538079", "lanes": null, "ref": null, "name": null, "highway": "residential", "maxspeed": null, "oneway": false, "reversed": "1", "length": 99.2, "bridge": null, "width": null, "access": null, "service": null }, "geometry": { "type": "LineString", "coordinates": [ [ 29.655711, 60.256172 ], [ 29.6566524, 60.2561781 ], [ 29.6569946, 60.2562242 ], [ 29.6571362, 60.2562597 ], [ 29.6573418, 60.2563962 ] ] } },
{ "type": "Feature", "properties": { "u": 1820435608, "v": 1634397136, "key": 0, "osmid": "150540861", "lanes": null, "ref": null, "name": null, "highway": "residential", "maxspeed": "5", "oneway": false, "reversed": "1", "length": 284.821, "bridge": null, "width": "3", "access": null, "service": "driveway" }, "geometry": { "type": "LineString", "coordinates": [ [ 29.5596161, 60.2493149 ], [ 29.5576863, 60.2482904 ], [ 29.5576523, 60.2482423 ], [ 29.5576872, 60.2481937 ], [ 29.5577658, 60.2481072 ], [ 29.5579004, 60.2480153 ], [ 29.5580022, 60.2478204 ], [ 29.5580587, 60.24768 ], [ 29.5581405, 60.2476101 ], [ 29.5588629, 60.2473862 ] ] } },
{ "type": "Feature", "properties": { "u": 1831079144, "v": 858872489, "key": 0, "osmid": "127947257", "lanes": null, "ref": null, "name": "Отрадная улица", "highway": "residential", "maxspeed": null, "oneway": false, "reversed": "0", "length": 135.206, "bridge": null, "width": null, "access": null, "service": null }, "geometry": { "type": "LineString", "coordinates": [ [ 29.6397416, 60.2403319 ], [ 29.6392545, 60.2403178 ], [ 29.6383057, 60.2402796 ], [ 29.6372971, 60.2403046 ] ] } },
{ "type": "Feature", "properties": { "u": 1831079144, "v": 1831079162, "key": 0, "osmid": "127947257", "lanes": null, "ref": null, "name": "Отрадная улица", "highway": "residential", "maxspeed": null, "oneway": false, "reversed": "1", "length": 147.928, "bridge": null, "width": null, "access": null, "service": null }, "geometry": { "type": "LineString", "coordinates": [ [ 29.6397416, 60.2403319 ], [ 29.6400644, 60.2404586 ], [ 29.6418496, 60.2411535 ] ] } },
{ "type": "Feature", "properties": { "u": 1831079144, "v": 1831079162, "key": 1, "osmid": "183148344", "lanes": null, "ref": null, "name": null, "highway": "residential", "maxspeed": null, "oneway": false, "reversed": "0", "length": 154.62, "bridge": null, "width": null, "access": null, "service": null }, "geometry": { "type": "LineString", "coordinates": [ [ 29.6397416, 60.2403319 ], [ 29.6401717, 60.2403263 ], [ 29.6416769, 60.2410279 ], [ 29.6418496, 60.2411535 ] ] } },
{ "type": "Feature", "properties": { "u": 1831079162, "v": 1831079144, "key": 0, "osmid": "127947257", "lanes": null, "ref": null, "name": "Отрадная улица", "highway": "residential", "maxspeed": null, "oneway": false, "reversed": "0", "length": 147.928, "bridge": null, "width": null, "access": null, "service": null }, "geometry": { "type": "LineString", "coordinates": [ [ 29.6418496, 60.2411535 ], [ 29.6400644, 60.2404586 ], [ 29.6397416, 60.2403319 ] ] } },
{ "type": "Feature", "properties": { "u": 1831079162, "v": 1831079144, "key": 1, "osmid": "183148344", "lanes": null, "ref": null, "name": null, "highway": "residential", "maxspeed": null, "oneway": false, "reversed": "1", "length": 154.62, "bridge": null, "width": null, "access": null, "service": null }, "geometry": { "type": "LineString", "coordinates": [ [ 29.6418496, 60.2411535 ], [ 29.6416769, 60.2410279 ], [ 29.6401717, 60.2403263 ], [ 29.6397416, 60.2403319 ] ] } },
{ "type": "Feature", "properties": { "u": 1831079162, "v": 1414861629, "key": 0, "osmid": "127947257", "lanes": null, "ref": null, "name": "Отрадная улица", "highway": "residential", "maxspeed": null, "oneway": false, "reversed": "1", "length": 116.028, "bridge": null, "width": null, "access": null, "service": null }, "geometry": { "type": "LineString", "coordinates": [ [ 29.6418496, 60.2411535 ], [ 29.642536, 60.2415375 ], [ 29.6432719, 60.2419217 ] ] } },
{ "type": "Feature", "properties": { "u": 1831079162, "v": 1557932128, "key": 0, "lanes": null, "ref": null, "name": null, "maxspeed": null, "oneway": false, "reversed": "1", "length": 337.927, "bridge": null, "width": null, "access": null, "service": null }, "geometry": { "type": "LineString", "coordinates": [ [ 29.6418496, 60.2411535 ], [ 29.6414908, 60.2401254 ], [ 29.6414217, 60.2401072 ], [ 29.6402188, 60.2397906 ], [ 29.6379263, 60.2392024 ] ] } },
{ "type": "Feature", "properties": { "u": 1831079164, "v": 712870498, "key": 0, "osmid": "107938745", "lanes": null, "ref": null, "name": null, "highway": "unclassified", "maxspeed": null, "oneway": false, "reversed": "0", "length": 11.418, "bridge": null, "width": null, "access": null, "service": null }, "geometry": { "type": "LineString", "coordinates": [ [ 29.6439645, 60.2423996 ], [ 29.6441166, 60.24233 ] ] } },
{ "type": "Feature", "properties": { "u": 1831079164, "v": 712870537, "key": 0, "osmid": "172173327", "lanes": null, "ref": null, "name": null, "highway": "unclassified", "maxspeed": null, "oneway": false, "reversed": "1", "length": 57.518, "bridge": null, "width": null, "access": null, "service": null }, "geometry": { "type": "LineString", "coordinates": [ [ 29.6439645, 60.2423996 ], [ 29.6431789, 60.2420597 ] ] } },
{ "type": "Feature", "properties": { "u": 1831079164, "v": 712870582, "key": 0, "osmid": "107938745", "lanes": null, "ref": null, "name": null, "highway": "unclassified", "maxspeed": null, "oneway": false, "reversed": "1", "length": 93.079, "bridge": null, "width": null, "access": null, "service": null }, "geometry": { "type": "LineString", "coordinates": [ [ 29.6439645, 60.2423996 ], [ 29.6437209, 60.2425433 ], [ 29.6434294, 60.2426616 ], [ 29.6430886, 60.2427808 ], [ 29.6426294, 60.2428962 ] ] } },
{ "type": "Feature", "properties": { "u": 1835388509, "v": 477646898, "key": 0, "osmid": "39841870", "lanes": "2", "ref": null, "name": "улица Суворова", "highway": "residential", "maxspeed": null, "oneway": false, "reversed": "0", "length": 68.226, "bridge": null, "width": null, "access": null, "service": null }, "geometry": { "type": "LineString", "coordinates": [ [ 29.5787436, 60.2523413 ], [ 29.5795732, 60.2527963 ] ] } },
{ "type": "Feature", "properties": { "u": 1835388509, "v": 528145778, "key": 0, "osmid": "39841870", "lanes": "2", "ref": null, "name": "улица Суворова", "highway": "residential", "maxspeed": null, "oneway": false, "reversed": "1", "length": 123.298, "bridge": null, "width": null, "access": null, "service": null }, "geometry": { "type": "LineString", "coordinates": [ [ 29.5787436, 60.2523413 ], [ 29.5771924, 60.2515431 ] ] } },
{ "type": "Feature", "properties": { "u": 1835388509, "v": 528144783, "key": 0, "osmid": "39841871", "lanes": "1", "ref": null, "name": "переулок Суворова", "highway": "residential", "maxspeed": null, "oneway": false, "reversed": "0", "length": 185.661, "bridge": null, "width": null, "access": null, "service": null }, "geometry": { "type": "LineString", "coordinates": [ [ 29.5787436, 60.2523413 ], [ 29.5808927, 60.2510565 ] ] } },
{ "type": "Feature", "properties": { "u": 1835391266, "v": 298011459, "key": 0, "osmid": "27162130", "lanes": null, "ref": null, "name": "Вокзальная улица", "highway": "residential", "maxspeed": "60", "oneway": false, "reversed": "1", "length": 16.53, "bridge": null, "width": null, "access": null, "service": null }, "geometry": { "type": "LineString", "coordinates": [ [ 29.6016676, 60.2467635 ], [ 29.6017607, 60.2467798 ], [ 29.601863, 60.2467835 ], [ 29.601961, 60.246787 ] ] } },
{ "type": "Feature", "properties": { "u": 1835391266, "v": 528141776, "key": 0, "osmid": "183990367", "lanes": "2", "ref": null, "name": "улица Шалавина", "highway": "tertiary", "maxspeed": "60", "oneway": false, "reversed": "0", "length": 221.492, "bridge": null, "width": null, "access": null, "service": null }, "geometry": { "type": "LineString", "coordinates": [ [ 29.6016676, 60.2467635 ], [ 29.6014334, 60.2470861 ], [ 29.6012633, 60.247486 ], [ 29.6014942, 60.248721 ] ] } },
{ "type": "Feature", "properties": { "u": 1835391266, "v": 298011435, "key": 0, "lanes": "2", "ref": null, "highway": "tertiary", "maxspeed": "60", "oneway": false, "reversed": "1", "length": 20.178, "bridge": null, "width": null, "access": null, "service": null }, "geometry": { "type": "LineString", "coordinates": [ [ 29.6016676, 60.2467635 ], [ 29.6014961, 60.2466767 ], [ 29.601405, 60.2466374 ] ] } },
{ "type": "Feature", "properties": { "u": 1836221784, "v": 477646868, "key": 0, "osmid": "31374932", "lanes": "2", "ref": null, "name": null, "highway": "unclassified", "maxspeed": "RU:urban", "oneway": false, "reversed": "1", "length": 38.218, "bridge": null, "width": null, "access": null, "service": null }, "geometry": { "type": "LineString", "coordinates": [ [ 29.5835689, 60.255716 ], [ 29.583455, 60.2557941 ], [ 29.5831924, 60.2560043 ] ] } },
{ "type": "Feature", "properties": { "u": 1836221784, "v": 1797527484, "key": 0, "osmid": "31387359", "lanes": "2", "ref": "41А-025", "name": "Железнодорожная улица", "highway": "primary", "maxspeed": "RU:urban", "oneway": false, "reversed": "0", "length": 176.302, "bridge": null, "width": null, "access": null, "service": null }, "geometry": { "type": "LineString", "coordinates": [ [ 29.5835689, 60.255716 ], [ 29.58383, 60.2557587 ], [ 29.5857759, 60.2560229 ], [ 29.5866421, 60.2561502 ] ] } },
{ "type": "Feature", "properties": { "u": 1836221784, "v": 1482518882, "key": 0, "osmid": "31387359", "lanes": "2", "ref": "41А-025", "name": "Железнодорожная улица", "highway": "primary", "maxspeed": "RU:urban", "oneway": false, "reversed": "1", "length": 97.57, "bridge": null, "width": null, "access": null, "service": null }, "geometry": { "type": "LineString", "coordinates": [ [ 29.5835689, 60.255716 ], [ 29.5826538, 60.2555284 ], [ 29.5819971, 60.255321 ] ] } },
{ "type": "Feature", "properties": { "u": 1836221793, "v": 1836221809, "key": 0, "lanes": "2", "ref": null, "highway": "unclassified", "maxspeed": null, "oneway": false, "reversed": "0", "length": 452.192, "bridge": null, "width": null, "access": null, "service": null }, "geometry": { "type": "LineString", "coordinates": [ [ 29.5769667, 60.2575055 ], [ 29.5771028, 60.2576369 ], [ 29.577874, 60.2580636 ], [ 29.5792404, 60.2593996 ], [ 29.5793667, 60.2596056 ], [ 29.5789934, 60.2598685 ], [ 29.5788666, 60.2598869 ], [ 29.578273, 60.2599375 ], [ 29.5777319, 60.259934 ], [ 29.5771238, 60.2600021 ], [ 29.576441, 60.260148 ] ] } },
{ "type": "Feature", "properties": { "u": 1836221793, "v": 477646871, "key": 0, "osmid": "172758840", "lanes": "2", "ref": null, "name": "Круговая улица", "highway": "unclassified", "maxspeed": null, "oneway": false, "reversed": "1", "length": 391.341, "bridge": null, "width": null, "access": null, "service": null }, "geometry": { "type": "LineString", "coordinates": [ [ 29.5769667, 60.2575055 ], [ 29.5769504, 60.2573927 ], [ 29.5768894, 60.257123 ], [ 29.5768931, 60.2570303 ], [ 29.5769285, 60.2569426 ], [ 29.5771308, 60.2566212 ], [ 29.577338, 60.2563038 ], [ 29.5774208, 60.2562096 ], [ 29.5775328, 60.2561445 ], [ 29.5783162, 60.2558692 ], [ 29.5793336, 60.255524 ], [ 29.5809225, 60.2549869 ], [ 29.580999, 60.2549508 ] ] } },
{ "type": "Feature", "properties": { "u": 1836221808, "v": 297815077, "key": 0, "osmid": "172758838", "lanes": null, "ref": null, "name": "Дачный переулок", "highway": "residential", "maxspeed": null, "oneway": false, "reversed": "0", "length": 114.122, "bridge": null, "width": null, "access": null, "service": null }, "geometry": { "type": "LineString", "coordinates": [ [ 29.6042526, 60.2599914 ], [ 29.6059585, 60.2594107 ] ] } },
{ "type": "Feature", "properties": { "u": 1836221809, "v": 1836221793, "key": 0, "lanes": "2", "ref": null, "highway": "unclassified", "maxspeed": null, "oneway": false, "reversed": "1", "length": 452.192, "bridge": null, "width": null, "access": null, "service": null }, "geometry": { "type": "LineString", "coordinates": [ [ 29.576441, 60.260148 ], [ 29.5771238, 60.2600021 ], [ 29.5777319, 60.259934 ], [ 29.578273, 60.2599375 ], [ 29.5788666, 60.2598869 ], [ 29.5789934, 60.2598685 ], [ 29.5793667, 60.2596056 ], [ 29.5792404, 60.2593996 ], [ 29.577874, 60.2580636 ], [ 29.5771028, 60.2576369 ], [ 29.5769667, 60.2575055 ] ] } },
{ "type": "Feature", "properties": { "u": 1841490809, "v": 1634397061, "key": 0, "osmid": "48724218", "lanes": null, "ref": null, "name": null, "highway": "residential", "maxspeed": "90", "oneway": false, "reversed": "1", "length": 235.746, "bridge": null, "width": null, "access": null, "service": null }, "geometry": { "type": "LineString", "coordinates": [ [ 29.5621139, 60.2459695 ], [ 29.5584766, 60.2470815 ] ] } },
{ "type": "Feature", "properties": { "u": 1841490809, "v": 639816087, "key": 0, "osmid": "1267358460", "lanes": "2", "ref": "41К-210", "name": "улица Сухотского", "highway": "tertiary", "maxspeed": "RU:urban", "oneway": false, "reversed": "0", "length": 239.715, "bridge": null, "width": null, "access": null, "service": null }, "geometry": { "type": "LineString", "coordinates": [ [ 29.5621139, 60.2459695 ], [ 29.5620505, 60.2459273 ], [ 29.5617914, 60.2458224 ], [ 29.5606751, 60.2455961 ], [ 29.5601926, 60.2454362 ], [ 29.5598757, 60.2452891 ], [ 29.5595088, 60.2451088 ], [ 29.5591743, 60.2449545 ], [ 29.5586617, 60.2447829 ], [ 29.5585853, 60.2447573 ] ] } },
{ "type": "Feature", "properties": { "u": 1841490809, "v": 1705455257, "key": 0, "osmid": "1267358460", "lanes": "2", "ref": "41К-210", "name": "улица Сухотского", "highway": "tertiary", "maxspeed": "RU:urban", "oneway": false, "reversed": "1", "length": 191.466, "bridge": null, "width": null, "access": null, "service": null }, "geometry": { "type": "LineString", "coordinates": [ [ 29.5621139, 60.2459695 ], [ 29.562908, 60.2464982 ], [ 29.562994, 60.2465545 ], [ 29.5636796, 60.247003 ], [ 29.5641645, 60.247358 ] ] } },
{ "type": "Feature", "properties": { "u": 1875508677, "v": 506726738, "key": 0, "osmid": "54905363", "lanes": "2", "ref": null, "name": "Садовая улица", "highway": "tertiary", "maxspeed": "RU:urban", "oneway": false, "reversed": "0", "length": 26.405, "bridge": null, "width": null, "access": null, "service": null }, "geometry": { "type": "LineString", "coordinates": [ [ 29.597383, 60.2541581 ], [ 29.5978281, 60.2540708 ] ] } },
{ "type": "Feature", "properties": { "u": 1875508677, "v": 620964701, "key": 0, "osmid": "54905363", "lanes": "2", "ref": null, "name": "Садовая улица", "highway": "tertiary", "maxspeed": "RU:urban", "oneway": false, "reversed": "1", "length": 116.342, "bridge": null, "width": null, "access": null, "service": null }, "geometry": { "type": "LineString", "coordinates": [ [ 29.597383, 60.2541581 ], [ 29.5971723, 60.2541994 ], [ 29.5960639, 60.2544167 ], [ 29.5954288, 60.2545511 ] ] } },
{ "type": "Feature", "properties": { "u": 1875508677, "v": 1875508682, "key": 0, "osmid": "177077977", "lanes": null, "ref": null, "name": null, "highway": "residential", "maxspeed": null, "oneway": false, "reversed": "1", "length": 36.712, "bridge": null, "width": null, "access": null, "service": null }, "geometry": { "type": "LineString", "coordinates": [ [ 29.597383, 60.2541581 ], [ 29.5974965, 60.2541853 ], [ 29.5979822, 60.2543017 ] ] } },
{ "type": "Feature", "properties": { "u": 1875508682, "v": 506726738, "key": 0, "osmid": "157587967", "lanes": "2", "ref": null, "name": "Садовый переулок", "highway": "residential", "maxspeed": null, "oneway": false, "reversed": "0", "length": 27.046, "bridge": null, "width": null, "access": null, "service": null }, "geometry": { "type": "LineString", "coordinates": [ [ 29.5979822, 60.2543017 ], [ 29.5979202, 60.2542088 ], [ 29.5978659, 60.2541274 ], [ 29.5978532, 60.2541084 ], [ 29.5978281, 60.2540708 ] ] } },
{ "type": "Feature", "properties": { "u": 1875508682, "v": 858468554, "key": 0, "osmid": "157587967", "lanes": "2", "ref": null, "name": "Садовый переулок", "highway": "residential", "maxspeed": null, "oneway": false, "reversed": "1", "length": 377.338, "bridge": null, "width": null, "access": null, "service": null }, "geometry": { "type": "LineString", "coordinates": [ [ 29.5979822, 60.2543017 ], [ 29.5982192, 60.2546749 ], [ 29.5984143, 60.2551066 ], [ 29.5984825, 60.2552575 ], [ 29.5985033, 60.2553036 ], [ 29.5985208, 60.2553425 ], [ 29.5986228, 60.2555681 ], [ 29.5986888, 60.2557315 ], [ 29.5987619, 60.2559125 ], [ 29.5990245, 60.2565626 ], [ 29.5991678, 60.2569173 ], [ 29.5992247, 60.2570579 ], [ 29.5992704, 60.2571567 ], [ 29.5993293, 60.257284 ], [ 29.5993451, 60.2573239 ], [ 29.5993874, 60.2574306 ], [ 29.5994403, 60.25757 ], [ 29.5994567, 60.2576134 ] ] } },
{ "type": "Feature", "properties": { "u": 1875508682, "v": 1875508677, "key": 0, "osmid": "177077977", "lanes": null, "ref": null, "name": null, "highway": "residential", "maxspeed": null, "oneway": false, "reversed": "0", "length": 36.712, "bridge": null, "width": null, "access": null, "service": null }, "geometry": { "type": "LineString", "coordinates": [ [ 29.5979822, 60.2543017 ], [ 29.5974965, 60.2541853 ], [ 29.597383, 60.2541581 ] ] } },
{ "type": "Feature", "properties": { "u": 1911126251, "v": 1770619647, "key": 0, "osmid": "165521389", "lanes": null, "ref": null, "name": "Наклонная улица", "highway": "residential", "maxspeed": null, "oneway": false, "reversed": "1", "length": 40.027, "bridge": null, "width": null, "access": null, "service": null }, "geometry": { "type": "LineString", "coordinates": [ [ 29.6343291, 60.2347975 ], [ 29.6339947, 60.2344781 ] ] } },
{ "type": "Feature", "properties": { "u": 1911126251, "v": 1911126252, "key": 0, "osmid": "180667360", "lanes": "1", "ref": null, "name": "Нижняя улица", "highway": "residential", "maxspeed": null, "oneway": false, "reversed": "1", "length": 165.839, "bridge": null, "width": "3", "access": null, "service": null }, "geometry": { "type": "LineString", "coordinates": [ [ 29.6343291, 60.2347975 ], [ 29.6316142, 60.2354361 ] ] } },
{ "type": "Feature", "properties": { "u": 1911126251, "v": 1496997757, "key": 0, "lanes": null, "ref": null, "name": "Наклонная улица", "highway": "residential", "maxspeed": null, "oneway": false, "reversed": "0", "length": 219.577, "bridge": null, "width": null, "access": null, "service": null }, "geometry": { "type": "LineString", "coordinates": [ [ 29.6343291, 60.2347975 ], [ 29.6348249, 60.2352711 ], [ 29.6357049, 60.2362045 ], [ 29.6360389, 60.2365799 ] ] } },
{ "type": "Feature", "properties": { "u": 1911126252, "v": 1911126251, "key": 0, "osmid": "180667360", "lanes": "1", "ref": null, "name": "Нижняя улица", "highway": "residential", "maxspeed": null, "oneway": false, "reversed": "0", "length": 165.839, "bridge": null, "width": "3", "access": null, "service": null }, "geometry": { "type": "LineString", "coordinates": [ [ 29.6316142, 60.2354361 ], [ 29.6343291, 60.2347975 ] ] } },
{ "type": "Feature", "properties": { "u": 1935014423, "v": 1557932128, "key": 0, "osmid": "183141301", "lanes": null, "ref": null, "name": null, "highway": "residential", "maxspeed": null, "oneway": false, "reversed": "1", "length": 69.04, "bridge": null, "width": null, "access": null, "service": null }, "geometry": { "type": "LineString", "coordinates": [ [ 29.6385383, 60.2386609 ], [ 29.6379263, 60.2392024 ] ] } },
{ "type": "Feature", "properties": { "u": 1935120633, "v": 1496974712, "key": 0, "osmid": "72280666", "lanes": null, "ref": null, "name": "Северная улица", "highway": "residential", "maxspeed": null, "oneway": false, "reversed": "0", "length": 266.296, "bridge": null, "width": null, "access": null, "service": null }, "geometry": { "type": "LineString", "coordinates": [ [ 29.6287387, 60.2416318 ], [ 29.6297303, 60.2413626 ], [ 29.6325466, 60.2401756 ] ] } },
{ "type": "Feature", "properties": { "u": 1935120633, "v": 858872494, "key": 0, "osmid": "72280666", "lanes": null, "ref": null, "name": "Северная улица", "highway": "residential", "maxspeed": null, "oneway": false, "reversed": "1", "length": 112.43, "bridge": null, "width": null, "access": null, "service": null }, "geometry": { "type": "LineString", "coordinates": [ [ 29.6287387, 60.2416318 ], [ 29.6285045, 60.2416609 ], [ 29.6280627, 60.2417109 ], [ 29.6267222, 60.2417476 ] ] } },
{ "type": "Feature", "properties": { "u": 1935120633, "v": 1935120648, "key": 0, "osmid": "183152157", "lanes": null, "ref": null, "name": "Песчаная улица", "highway": "residential", "maxspeed": null, "oneway": false, "reversed": "0", "length": 238.784, "bridge": null, "width": null, "access": null, "service": null }, "geometry": { "type": "LineString", "coordinates": [ [ 29.6287387, 60.2416318 ], [ 29.6296178, 60.2423123 ], [ 29.6309628, 60.2434731 ] ] } },
{ "type": "Feature", "properties": { "u": 1935120638, "v": 1935120648, "key": 0, "osmid": "183152155", "lanes": null, "ref": null, "name": "Отрадная улица", "highway": "residential", "maxspeed": null, "oneway": false, "reversed": "0", "length": 68.906, "bridge": null, "width": null, "access": null, "service": null }, "geometry": { "type": "LineString", "coordinates": [ [ 29.631768, 60.2429995 ], [ 29.6309628, 60.2434731 ] ] } },
{ "type": "Feature", "properties": { "u": 1935120638, "v": 858872489, "key": 0, "osmid": "183152155", "lanes": null, "ref": null, "name": "Отрадная улица", "highway": "residential", "maxspeed": null, "oneway": false, "reversed": "1", "length": 439.658, "bridge": null, "width": null, "access": null, "service": null }, "geometry": { "type": "LineString", "coordinates": [ [ 29.631768, 60.2429995 ], [ 29.6362928, 60.2403907 ], [ 29.636707, 60.2403169 ], [ 29.6372971, 60.2403046 ] ] } },
{ "type": "Feature", "properties": { "u": 1935120638, "v": 1475404781, "key": 0, "osmid": "183152158", "lanes": null, "ref": null, "name": null, "highway": "residential", "maxspeed": null, "oneway": false, "reversed": "0", "length": 96.284, "bridge": null, "width": null, "access": null, "service": null }, "geometry": { "type": "LineString", "coordinates": [ [ 29.631768, 60.2429995 ], [ 29.6324845, 60.243172 ], [ 29.6332195, 60.2434694 ] ] } },
{ "type": "Feature", "properties": { "u": 1935120648, "v": 1935120650, "key": 0, "osmid": "183152155", "lanes": null, "ref": null, "name": "Отрадная улица", "highway": "residential", "maxspeed": null, "oneway": false, "reversed": "0", "length": 101.91, "bridge": null, "width": null, "access": null, "service": null }, "geometry": { "type": "LineString", "coordinates": [ [ 29.6309628, 60.2434731 ], [ 29.629583, 60.2440822 ] ] } },
{ "type": "Feature", "properties": { "u": 1935120648, "v": 1935120638, "key": 0, "osmid": "183152155", "lanes": null, "ref": null, "name": "Отрадная улица", "highway": "residential", "maxspeed": null, "oneway": false, "reversed": "1", "length": 68.906, "bridge": null, "width": null, "access": null, "service": null }, "geometry": { "type": "LineString", "coordinates": [ [ 29.6309628, 60.2434731 ], [ 29.631768, 60.2429995 ] ] } },
{ "type": "Feature", "properties": { "u": 1935120648, "v": 1935120633, "key": 0, "osmid": "183152157", "lanes": null, "ref": null, "name": "Песчаная улица", "highway": "residential", "maxspeed": null, "oneway": false, "reversed": "1", "length": 238.784, "bridge": null, "width": null, "access": null, "service": null }, "geometry": { "type": "LineString", "coordinates": [ [ 29.6309628, 60.2434731 ], [ 29.6296178, 60.2423123 ], [ 29.6287387, 60.2416318 ] ] } },
{ "type": "Feature", "properties": { "u": 1935120650, "v": 1935120648, "key": 0, "osmid": "183152155", "lanes": null, "ref": null, "name": "Отрадная улица", "highway": "residential", "maxspeed": null, "oneway": false, "reversed": "1", "length": 101.91, "bridge": null, "width": null, "access": null, "service": null }, "geometry": { "type": "LineString", "coordinates": [ [ 29.629583, 60.2440822 ], [ 29.6309628, 60.2434731 ] ] } },
{ "type": "Feature", "properties": { "u": 1935120650, "v": 883185909, "key": 0, "osmid": "183152156", "lanes": null, "ref": null, "name": null, "highway": "residential", "maxspeed": null, "oneway": false, "reversed": "0", "length": 64.389, "bridge": null, "width": null, "access": null, "service": null }, "geometry": { "type": "LineString", "coordinates": [ [ 29.629583, 60.2440822 ], [ 29.630037, 60.2443357 ], [ 29.6304531, 60.2444578 ] ] } },
{ "type": "Feature", "properties": { "u": 1935120650, "v": 858872494, "key": 0, "lanes": null, "ref": null, "name": "Овражная улица", "highway": "residential", "maxspeed": null, "oneway": false, "reversed": "0", "length": 310.832, "bridge": null, "width": null, "access": null, "service": null }, "geometry": { "type": "LineString", "coordinates": [ [ 29.629583, 60.2440822 ], [ 29.6283946, 60.2433958 ], [ 29.6280191, 60.24285 ], [ 29.6273401, 60.2422715 ], [ 29.6269512, 60.242145 ], [ 29.6267222, 60.2417476 ] ] } },
{ "type": "Feature", "properties": { "u": 1946070462, "v": 2473548523, "key": 0, "osmid": "42277241", "lanes": "1", "ref": null, "name": "Малая Вокзальная улица", "highway": "residential", "maxspeed": null, "oneway": false, "reversed": "0", "length": 55.426, "bridge": null, "width": null, "access": null, "service": null }, "geometry": { "type": "LineString", "coordinates": [ [ 29.5858001, 60.2495364 ], [ 29.58649, 60.2498987 ] ] } },
{ "type": "Feature", "properties": { "u": 1946070462, "v": 1779024998, "key": 0, "osmid": "42277241", "lanes": "1", "ref": null, "name": "Малая Вокзальная улица", "highway": "residential", "maxspeed": null, "oneway": false, "reversed": "1", "length": 94.646, "bridge": null, "width": null, "access": null, "service": null }, "geometry": { "type": "LineString", "coordinates": [ [ 29.5858001, 60.2495364 ], [ 29.584519, 60.2489704 ] ] } },
{ "type": "Feature", "properties": { "u": 1946070462, "v": 11375852036, "key": 0, "osmid": "377723536", "lanes": "1", "ref": null, "name": "Тенистая улица", "highway": "residential", "maxspeed": null, "oneway": false, "reversed": "1", "length": 95.029, "bridge": null, "width": null, "access": null, "service": null }, "geometry": { "type": "LineString", "coordinates": [ [ 29.5858001, 60.2495364 ], [ 29.5846346, 60.2501656 ] ] } },
{ "type": "Feature", "properties": { "u": 1946070462, "v": 2473548520, "key": 0, "osmid": "377723536", "lanes": "1", "ref": null, "name": "Тенистая улица", "highway": "residential", "maxspeed": null, "oneway": false, "reversed": "0", "length": 34.402, "bridge": null, "width": null, "access": null, "service": null }, "geometry": { "type": "LineString", "coordinates": [ [ 29.5858001, 60.2495364 ], [ 29.5858772, 60.2494981 ], [ 29.5862364, 60.2493154 ] ] } },
{ "type": "Feature", "properties": { "u": 1951275737, "v": 1951275747, "key": 0, "osmid": "128498728", "lanes": "2", "ref": null, "name": "улица Строителей", "highway": "residential", "maxspeed": "40", "oneway": false, "reversed": "0", "length": 59.056, "bridge": null, "width": null, "access": null, "service": null }, "geometry": { "type": "LineString", "coordinates": [ [ 29.5917572, 60.2500442 ], [ 29.5918916, 60.2505711 ] ] } },
{ "type": "Feature", "properties": { "u": 1951275737, "v": 1951275741, "key": 0, "osmid": "128498728", "lanes": "2", "ref": null, "name": "улица Строителей", "highway": "residential", "maxspeed": "40", "oneway": false, "reversed": "1", "length": 58.995, "bridge": null, "width": null, "access": null, "service": null }, "geometry": { "type": "LineString", "coordinates": [ [ 29.5917572, 60.2500442 ], [ 29.5916144, 60.2495184 ] ] } },
{ "type": "Feature", "properties": { "u": 1951275737, "v": 2473548524, "key": 0, "osmid": "184626802", "lanes": "2", "ref": null, "name": "3-й Строительный проезд", "highway": "residential", "maxspeed": "40", "oneway": false, "reversed": "1", "length": 233.119, "bridge": null, "width": null, "access": null, "service": null }, "geometry": { "type": "LineString", "coordinates": [ [ 29.5917572, 60.2500442 ], [ 29.5899931, 60.2501534 ], [ 29.5875665, 60.2503106 ] ] } },
{ "type": "Feature", "properties": { "u": 1951275739, "v": 1951275747, "key": 0, "osmid": "184626801", "lanes": "2", "ref": null, "name": "4-й Строительный проезд", "highway": "residential", "maxspeed": "40", "oneway": false, "reversed": "0", "length": 177.933, "bridge": null, "width": null, "access": null, "service": null }, "geometry": { "type": "LineString", "coordinates": [ [ 29.5886948, 60.2507817 ], [ 29.5918916, 60.2505711 ] ] } },
{ "type": "Feature", "properties": { "u": 1951275739, "v": 1779025015, "key": 0, "osmid": "243285313", "lanes": null, "ref": null, "name": "Малая Вокзальная улица", "highway": "residential", "maxspeed": null, "oneway": false, "reversed": "1", "length": 6.296, "bridge": null, "width": null, "access": null, "service": null }, "geometry": { "type": "LineString", "coordinates": [ [ 29.5886948, 60.2507817 ], [ 29.5886102, 60.2507437 ] ] } },
{ "type": "Feature", "properties": { "u": 1951275739, "v": 1990697579, "key": 0, "lanes": null, "ref": null, "highway": "residential", "maxspeed": "40", "oneway": false, "reversed": "0", "length": 241.025, "bridge": null, "width": null, "access": null, "service": null }, "geometry": { "type": "LineString", "coordinates": [ [ 29.5886948, 60.2507817 ], [ 29.5892099, 60.2510127 ], [ 29.5896632, 60.251284 ], [ 29.5907212, 60.2517587 ], [ 29.5907333, 60.2517221 ], [ 29.5908376, 60.2516864 ], [ 29.5921587, 60.2515875 ] ] } },
{ "type": "Feature", "properties": { "u": 1951275741, "v": 1951275737, "key": 0, "osmid": "128498728", "lanes": "2", "ref": null, "name": "улица Строителей", "highway": "residential", "maxspeed": "40", "oneway": false, "reversed": "0", "length": 58.995, "bridge": null, "width": null, "access": null, "service": null }, "geometry": { "type": "LineString", "coordinates": [ [ 29.5916144, 60.2495184 ], [ 29.5917572, 60.2500442 ] ] } },
{ "type": "Feature", "properties": { "u": 1951275741, "v": 2631510915, "key": 0, "osmid": "128498728", "lanes": "2", "ref": null, "name": "улица Строителей", "highway": "residential", "maxspeed": "40", "oneway": false, "reversed": "1", "length": 56.141, "bridge": null, "width": null, "access": null, "service": null }, "geometry": { "type": "LineString", "coordinates": [ [ 29.5916144, 60.2495184 ], [ 29.5914635, 60.2490191 ] ] } },
{ "type": "Feature", "properties": { "u": 1951275741, "v": 2473548523, "key": 0, "osmid": "188600880", "lanes": "2", "ref": null, "name": "2-й Строительный проезд", "highway": "residential", "maxspeed": "40", "oneway": false, "reversed": "1", "length": 287.036, "bridge": null, "width": null, "access": null, "service": null }, "geometry": { "type": "LineString", "coordinates": [ [ 29.5916144, 60.2495184 ], [ 29.5865401, 60.2498684 ], [ 29.58649, 60.2498987 ] ] } },
{ "type": "Feature", "properties": { "u": 1951275747, "v": 1951275752, "key": 0, "osmid": "128498728", "lanes": "2", "ref": null, "name": "улица Строителей", "highway": "residential", "maxspeed": "40", "oneway": false, "reversed": "0", "length": 58.139, "bridge": null, "width": null, "access": null, "service": null }, "geometry": { "type": "LineString", "coordinates": [ [ 29.5918916, 60.2505711 ], [ 29.5920334, 60.2510892 ] ] } },
{ "type": "Feature", "properties": { "u": 1951275747, "v": 1951275737, "key": 0, "osmid": "128498728", "lanes": "2", "ref": null, "name": "улица Строителей", "highway": "residential", "maxspeed": "40", "oneway": false, "reversed": "1", "length": 59.056, "bridge": null, "width": null, "access": null, "service": null }, "geometry": { "type": "LineString", "coordinates": [ [ 29.5918916, 60.2505711 ], [ 29.5917572, 60.2500442 ] ] } },
{ "type": "Feature", "properties": { "u": 1951275747, "v": 1951275739, "key": 0, "osmid": "184626801", "lanes": "2", "ref": null, "name": "4-й Строительный проезд", "highway": "residential", "maxspeed": "40", "oneway": false, "reversed": "1", "length": 177.933, "bridge": null, "width": null, "access": null, "service": null }, "geometry": { "type": "LineString", "coordinates": [ [ 29.5918916, 60.2505711 ], [ 29.5886948, 60.2507817 ] ] } },
{ "type": "Feature", "properties": { "u": 1951275751, "v": 1951275752, "key": 0, "osmid": "184626794", "lanes": "2", "ref": null, "name": "5-й Строительный проезд", "highway": "residential", "maxspeed": "40", "oneway": false, "reversed": "0", "length": 125.157, "bridge": null, "width": null, "access": null, "service": null }, "geometry": { "type": "LineString", "coordinates": [ [ 29.5897905, 60.2512535 ], [ 29.5904308, 60.2511902 ], [ 29.5920334, 60.2510892 ] ] } },
{ "type": "Feature", "properties": { "u": 1951275752, "v": 1990697579, "key": 0, "osmid": "128498728", "lanes": "2", "ref": null, "name": "улица Строителей", "highway": "residential", "maxspeed": "40", "oneway": false, "reversed": "0", "length": 55.838, "bridge": null, "width": null, "access": null, "service": null }, "geometry": { "type": "LineString", "coordinates": [ [ 29.5920334, 60.2510892 ], [ 29.5921587, 60.2515875 ] ] } },
{ "type": "Feature", "properties": { "u": 1951275752, "v": 1951275747, "key": 0, "osmid": "128498728", "lanes": "2", "ref": null, "name": "улица Строителей", "highway": "residential", "maxspeed": "40", "oneway": false, "reversed": "1", "length": 58.139, "bridge": null, "width": null, "access": null, "service": null }, "geometry": { "type": "LineString", "coordinates": [ [ 29.5920334, 60.2510892 ], [ 29.5918916, 60.2505711 ] ] } },
{ "type": "Feature", "properties": { "u": 1951275752, "v": 1951275751, "key": 0, "osmid": "184626794", "lanes": "2", "ref": null, "name": "5-й Строительный проезд", "highway": "residential", "maxspeed": "40", "oneway": false, "reversed": "1", "length": 125.157, "bridge": null, "width": null, "access": null, "service": null }, "geometry": { "type": "LineString", "coordinates": [ [ 29.5920334, 60.2510892 ], [ 29.5904308, 60.2511902 ], [ 29.5897905, 60.2512535 ] ] } },
{ "type": "Feature", "properties": { "u": 1986148653, "v": 7020367082, "key": 0, "osmid": "187983747", "lanes": null, "ref": null, "name": "Детская улица", "highway": "residential", "maxspeed": null, "oneway": false, "reversed": "1", "length": 96.775, "bridge": null, "width": "3", "access": null, "service": null }, "geometry": { "type": "LineString", "coordinates": [ [ 29.6391353, 60.2520668 ], [ 29.6380663, 60.2513768 ] ] } },
{ "type": "Feature", "properties": { "u": 1986148653, "v": 7830536462, "key": 0, "osmid": "839127031", "lanes": null, "ref": null, "name": "Весенняя улица", "highway": "residential", "maxspeed": null, "oneway": false, "reversed": "0", "length": 84.65, "bridge": null, "width": "3", "access": null, "service": null }, "geometry": { "type": "LineString", "coordinates": [ [ 29.6391353, 60.2520668 ], [ 29.6402147, 60.2515258 ] ] } },
{ "type": "Feature", "properties": { "u": 1986148653, "v": 5502915919, "key": 0, "osmid": "839127031", "lanes": null, "ref": null, "name": "Весенняя улица", "highway": "residential", "maxspeed": null, "oneway": false, "reversed": "1", "length": 14.915, "bridge": null, "width": "3", "access": null, "service": null }, "geometry": { "type": "LineString", "coordinates": [ [ 29.6391353, 60.2520668 ], [ 29.6388818, 60.2521134 ] ] } },
{ "type": "Feature", "properties": { "u": 1990697579, "v": 1951275752, "key": 0, "osmid": "128498728", "lanes": "2", "ref": null, "name": "улица Строителей", "highway": "residential", "maxspeed": "40", "oneway": false, "reversed": "1", "length": 55.838, "bridge": null, "width": null, "access": null, "service": null }, "geometry": { "type": "LineString", "coordinates": [ [ 29.5921587, 60.2515875 ], [ 29.5920334, 60.2510892 ] ] } },
{ "type": "Feature", "properties": { "u": 1990697579, "v": 3813639979, "key": 0, "osmid": "128498728", "lanes": "2", "ref": null, "name": "улица Строителей", "highway": "residential", "maxspeed": "40", "oneway": false, "reversed": "0", "length": 231.442, "bridge": null, "width": null, "access": null, "service": null }, "geometry": { "type": "LineString", "coordinates": [ [ 29.5921587, 60.2515875 ], [ 29.5923018, 60.2521507 ], [ 29.5923475, 60.2523376 ], [ 29.5928226, 60.2532213 ], [ 29.5930367, 60.2536182 ] ] } },
{ "type": "Feature", "properties": { "u": 1990697579, "v": 1951275739, "key": 0, "lanes": null, "ref": null, "highway": "residential", "maxspeed": "40", "oneway": false, "reversed": "1", "length": 241.025, "bridge": null, "width": null, "access": null, "service": null }, "geometry": { "type": "LineString", "coordinates": [ [ 29.5921587, 60.2515875 ], [ 29.5908376, 60.2516864 ], [ 29.5907333, 60.2517221 ], [ 29.5907212, 60.2517587 ], [ 29.5896632, 60.251284 ], [ 29.5892099, 60.2510127 ], [ 29.5886948, 60.2507817 ] ] } },
{ "type": "Feature", "properties": { "u": 2306720967, "v": 5502915932, "key": 0, "osmid": "221639761", "lanes": null, "ref": null, "name": "Заповедная улица", "highway": "residential", "maxspeed": null, "oneway": false, "reversed": "1", "length": 408.671, "bridge": null, "width": null, "access": null, "service": null }, "geometry": { "type": "LineString", "coordinates": [ [ 29.6429537, 60.2544088 ], [ 29.643113, 60.2552777 ], [ 29.6430874, 60.2553193 ], [ 29.6429728, 60.2553288 ], [ 29.6406108, 60.255342 ], [ 29.6385706, 60.255577 ], [ 29.637593, 60.2556504 ] ] } },
{ "type": "Feature", "properties": { "u": 2306720967, "v": 5502915920, "key": 0, "osmid": "572810793", "lanes": null, "ref": null, "name": "2-я Заповедная улица", "highway": "residential", "maxspeed": null, "oneway": false, "reversed": "0", "length": 309.989, "bridge": null, "width": null, "access": null, "service": null }, "geometry": { "type": "LineString", "coordinates": [ [ 29.6429537, 60.2544088 ], [ 29.641938, 60.2544378 ], [ 29.637342, 60.2545493 ] ] } },
{ "type": "Feature", "properties": { "u": 2306720967, "v": 5502915928, "key": 0, "osmid": "572810794", "lanes": null, "ref": null, "name": "3-я Заповедная улица", "highway": "residential", "maxspeed": null, "oneway": false, "reversed": "1", "length": 400.634, "bridge": null, "width": null, "access": null, "service": null }, "geometry": { "type": "LineString", "coordinates": [ [ 29.6429537, 60.2544088 ], [ 29.6428065, 60.253748 ], [ 29.6427478, 60.2535985 ], [ 29.6426141, 60.2535908 ], [ 29.6386683, 60.2536378 ], [ 29.6371351, 60.2536451 ] ] } },
{ "type": "Feature", "properties": { "u": 2473548520, "v": 2631510915, "key": 0, "osmid": "184109311", "lanes": "2", "ref": null, "name": "1-й Строительный проезд", "highway": "residential", "maxspeed": "40", "oneway": false, "reversed": "0", "length": 292.782, "bridge": null, "width": null, "access": null, "service": null }, "geometry": { "type": "LineString", "coordinates": [ [ 29.5862364, 60.2493154 ], [ 29.5863574, 60.2493622 ], [ 29.5880671, 60.2492494 ], [ 29.5914635, 60.2490191 ] ] } },
{ "type": "Feature", "properties": { "u": 2473548520, "v": 3811120945, "key": 0, "osmid": "377723536", "lanes": "1", "ref": null, "name": "Тенистая улица", "highway": "residential", "maxspeed": null, "oneway": false, "reversed": "0", "length": 310.415, "bridge": null, "width": null, "access": null, "service": null }, "geometry": { "type": "LineString", "coordinates": [ [ 29.5862364, 60.2493154 ], [ 29.5872871, 60.248755 ], [ 29.587512, 60.2487075 ], [ 29.5909312, 60.2486393 ], [ 29.5913443, 60.2486121 ] ] } },
{ "type": "Feature", "properties": { "u": 2473548520, "v": 1946070462, "key": 0, "osmid": "377723536", "lanes": "1", "ref": null, "name": "Тенистая улица", "highway": "residential", "maxspeed": null, "oneway": false, "reversed": "1", "length": 34.402, "bridge": null, "width": null, "access": null, "service": null }, "geometry": { "type": "LineString", "coordinates": [ [ 29.5862364, 60.2493154 ], [ 29.5858772, 60.2494981 ], [ 29.5858001, 60.2495364 ] ] } },
{ "type": "Feature", "properties": { "u": 2473548523, "v": 1946070462, "key": 0, "osmid": "42277241", "lanes": "1", "ref": null, "name": "Малая Вокзальная улица", "highway": "residential", "maxspeed": null, "oneway": false, "reversed": "1", "length": 55.426, "bridge": null, "width": null, "access": null, "service": null }, "geometry": { "type": "LineString", "coordinates": [ [ 29.58649, 60.2498987 ], [ 29.5858001, 60.2495364 ] ] } },
{ "type": "Feature", "properties": { "u": 2473548523, "v": 11375852051, "key": 0, "lanes": "1", "ref": null, "name": "Малая Вокзальная улица", "highway": "residential", "maxspeed": null, "oneway": false, "reversed": "0", "length": 36.531, "bridge": null, "width": null, "access": null, "service": null }, "geometry": { "type": "LineString", "coordinates": [ [ 29.58649, 60.2498987 ], [ 29.5869452, 60.250075 ], [ 29.5870152, 60.2500986 ] ] } },
{ "type": "Feature", "properties": { "u": 2473548523, "v": 1951275741, "key": 0, "osmid": "188600880", "lanes": "2", "ref": null, "name": "2-й Строительный проезд", "highway": "residential", "maxspeed": "40", "oneway": false, "reversed": "0", "length": 287.036, "bridge": null, "width": null, "access": null, "service": null }, "geometry": { "type": "LineString", "coordinates": [ [ 29.58649, 60.2498987 ], [ 29.5865401, 60.2498684 ], [ 29.5916144, 60.2495184 ] ] } },
{ "type": "Feature", "properties": { "u": 2473548524, "v": 1779025015, "key": 0, "osmid": "243285313", "lanes": null, "ref": null, "name": "Малая Вокзальная улица", "highway": "residential", "maxspeed": null, "oneway": false, "reversed": "0", "length": 75.07, "bridge": null, "width": null, "access": null, "service": null }, "geometry": { "type": "LineString", "coordinates": [ [ 29.5875665, 60.2503106 ], [ 29.5886102, 60.2507437 ] ] } },
{ "type": "Feature", "properties": { "u": 2473548524, "v": 11375852051, "key": 0, "osmid": "243285313", "lanes": null, "ref": null, "name": "Малая Вокзальная улица", "highway": "residential", "maxspeed": null, "oneway": false, "reversed": "1", "length": 38.484, "bridge": null, "width": null, "access": null, "service": null }, "geometry": { "type": "LineString", "coordinates": [ [ 29.5875665, 60.2503106 ], [ 29.5870152, 60.2500986 ] ] } },
{ "type": "Feature", "properties": { "u": 2473548524, "v": 1951275737, "key": 0, "osmid": "184626802", "lanes": "2", "ref": null, "name": "3-й Строительный проезд", "highway": "residential", "maxspeed": "40", "oneway": false, "reversed": "0", "length": 233.119, "bridge": null, "width": null, "access": null, "service": null }, "geometry": { "type": "LineString", "coordinates": [ [ 29.5875665, 60.2503106 ], [ 29.5899931, 60.2501534 ], [ 29.5917572, 60.2500442 ] ] } },
{ "type": "Feature", "properties": { "u": 2631510915, "v": 1951275741, "key": 0, "osmid": "128498728", "lanes": "2", "ref": null, "name": "улица Строителей", "highway": "residential", "maxspeed": "40", "oneway": false, "reversed": "0", "length": 56.141, "bridge": null, "width": null, "access": null, "service": null }, "geometry": { "type": "LineString", "coordinates": [ [ 29.5914635, 60.2490191 ], [ 29.5916144, 60.2495184 ] ] } },
{ "type": "Feature", "properties": { "u": 2631510915, "v": 3811120945, "key": 0, "osmid": "189649140", "lanes": "2", "ref": null, "name": "Цветочный переулок", "highway": "residential", "maxspeed": "40", "oneway": false, "reversed": "0", "length": 45.732, "bridge": null, "width": null, "access": null, "service": null }, "geometry": { "type": "LineString", "coordinates": [ [ 29.5914635, 60.2490191 ], [ 29.5913443, 60.2486121 ] ] } },
{ "type": "Feature", "properties": { "u": 2631510915, "v": 2473548520, "key": 0, "osmid": "184109311", "lanes": "2", "ref": null, "name": "1-й Строительный проезд", "highway": "residential", "maxspeed": "40", "oneway": false, "reversed": "1", "length": 292.782, "bridge": null, "width": null, "access": null, "service": null }, "geometry": { "type": "LineString", "coordinates": [ [ 29.5914635, 60.2490191 ], [ 29.5880671, 60.2492494 ], [ 29.5863574, 60.2493622 ], [ 29.5862364, 60.2493154 ] ] } },
{ "type": "Feature", "properties": { "u": 3811120945, "v": 528144746, "key": 0, "osmid": "189649140", "lanes": "2", "ref": null, "name": "Цветочный переулок", "highway": "residential", "maxspeed": "40", "oneway": false, "reversed": "0", "length": 92.882, "bridge": null, "width": null, "access": null, "service": null }, "geometry": { "type": "LineString", "coordinates": [ [ 29.5913443, 60.2486121 ], [ 29.5910707, 60.2477879 ] ] } },
{ "type": "Feature", "properties": { "u": 3811120945, "v": 2631510915, "key": 0, "osmid": "189649140", "lanes": "2", "ref": null, "name": "Цветочный переулок", "highway": "residential", "maxspeed": "40", "oneway": false, "reversed": "1", "length": 45.732, "bridge": null, "width": null, "access": null, "service": null }, "geometry": { "type": "LineString", "coordinates": [ [ 29.5913443, 60.2486121 ], [ 29.5914635, 60.2490191 ] ] } },
{ "type": "Feature", "properties": { "u": 3811120945, "v": 2473548520, "key": 0, "osmid": "377723536", "lanes": "1", "ref": null, "name": "Тенистая улица", "highway": "residential", "maxspeed": null, "oneway": false, "reversed": "1", "length": 310.415, "bridge": null, "width": null, "access": null, "service": null }, "geometry": { "type": "LineString", "coordinates": [ [ 29.5913443, 60.2486121 ], [ 29.5909312, 60.2486393 ], [ 29.587512, 60.2487075 ], [ 29.5872871, 60.248755 ], [ 29.5862364, 60.2493154 ] ] } },
{ "type": "Feature", "properties": { "u": 3813639979, "v": 1990697579, "key": 0, "osmid": "128498728", "lanes": "2", "ref": null, "name": "улица Строителей", "highway": "residential", "maxspeed": "40", "oneway": false, "reversed": "1", "length": 231.442, "bridge": null, "width": null, "access": null, "service": null }, "geometry": { "type": "LineString", "coordinates": [ [ 29.5930367, 60.2536182 ], [ 29.5928226, 60.2532213 ], [ 29.5923475, 60.2523376 ], [ 29.5923018, 60.2521507 ], [ 29.5921587, 60.2515875 ] ] } },
{ "type": "Feature", "properties": { "u": 4692616188, "v": 4692616389, "key": 0, "osmid": "475524221", "lanes": null, "ref": null, "name": "Курортная улица", "highway": "residential", "maxspeed": null, "oneway": false, "reversed": "1", "length": 248.363, "bridge": null, "width": null, "access": null, "service": null }, "geometry": { "type": "LineString", "coordinates": [ [ 29.6049067, 60.2492623 ], [ 29.6039296, 60.2502179 ], [ 29.6040076, 60.2503113 ], [ 29.6046291, 60.2505467 ], [ 29.6056283, 60.2510017 ] ] } },
{ "type": "Feature", "properties": { "u": 4692616389, "v": 528142600, "key": 0, "osmid": "126547072", "lanes": "1", "ref": null, "name": "улица Верхнее Рощино", "highway": "tertiary", "maxspeed": "RU:urban", "oneway": false, "reversed": "0", "length": 104.738, "bridge": null, "width": null, "access": null, "service": null }, "geometry": { "type": "LineString", "coordinates": [ [ 29.6056283, 60.2510017 ], [ 29.604366, 60.2517052 ] ] } },
{ "type": "Feature", "properties": { "u": 4692616389, "v": 98154652, "key": 0, "osmid": "126547072", "lanes": "1", "ref": null, "name": "улица Верхнее Рощино", "highway": "tertiary", "maxspeed": "RU:urban", "oneway": false, "reversed": "1", "length": 131.566, "bridge": null, "width": null, "access": null, "service": null }, "geometry": { "type": "LineString", "coordinates": [ [ 29.6056283, 60.2510017 ], [ 29.6072256, 60.2501232 ] ] } },
{ "type": "Feature", "properties": { "u": 4692616389, "v": 4692616188, "key": 0, "osmid": "475524221", "lanes": null, "ref": null, "name": "Курортная улица", "highway": "residential", "maxspeed": null, "oneway": false, "reversed": "0", "length": 248.363, "bridge": null, "width": null, "access": null, "service": null }, "geometry": { "type": "LineString", "coordinates": [ [ 29.6056283, 60.2510017 ], [ 29.6046291, 60.2505467 ], [ 29.6040076, 60.2503113 ], [ 29.6039296, 60.2502179 ], [ 29.6049067, 60.2492623 ] ] } },
{ "type": "Feature", "properties": { "u": 4692616393, "v": 528141781, "key": 0, "osmid": "54905278", "lanes": "1", "ref": null, "name": "улица Радищева", "highway": "residential", "maxspeed": null, "oneway": false, "reversed": "1", "length": 135.561, "bridge": null, "width": null, "access": null, "service": null }, "geometry": { "type": "LineString", "coordinates": [ [ 29.6048855, 60.2485177 ], [ 29.6049258, 60.2488597 ], [ 29.6047781, 60.2488487 ], [ 29.6031821, 60.2487197 ] ] } },
{ "type": "Feature", "properties": { "u": 4845978365, "v": 4845978367, "key": 0, "osmid": "492606591", "lanes": null, "ref": null, "name": null, "highway": "residential", "maxspeed": null, "oneway": false, "reversed": "1", "length": 114.738, "bridge": null, "width": null, "access": null, "service": null }, "geometry": { "type": "LineString", "coordinates": [ [ 29.6105166, 60.2345928 ], [ 29.6110451, 60.2352505 ], [ 29.6111575, 60.2352674 ], [ 29.6116634, 60.2351814 ] ] } },
{ "type": "Feature", "properties": { "u": 4845978367, "v": 1226495896, "key": 0, "osmid": "181050627", "lanes": null, "ref": null, "name": null, "highway": "residential", "maxspeed": null, "oneway": false, "reversed": "1", "length": 105.792, "bridge": null, "width": null, "access": null, "service": null }, "geometry": { "type": "LineString", "coordinates": [ [ 29.6116634, 60.2351814 ], [ 29.6110006, 60.2342887 ] ] } },
{ "type": "Feature", "properties": { "u": 4845978367, "v": 4913338796, "key": 0, "osmid": "181050627", "lanes": null, "ref": null, "name": null, "highway": "residential", "maxspeed": null, "oneway": false, "reversed": "0", "length": 57.77, "bridge": null, "width": null, "access": null, "service": null }, "geometry": { "type": "LineString", "coordinates": [ [ 29.6116634, 60.2351814 ], [ 29.6119264, 60.2355541 ], [ 29.6120072, 60.2356721 ] ] } },
{ "type": "Feature", "properties": { "u": 4845978367, "v": 4845978365, "key": 0, "osmid": "492606591", "lanes": null, "ref": null, "name": null, "highway": "residential", "maxspeed": null, "oneway": false, "reversed": "0", "length": 114.738, "bridge": null, "width": null, "access": null, "service": null }, "geometry": { "type": "LineString", "coordinates": [ [ 29.6116634, 60.2351814 ], [ 29.6111575, 60.2352674 ], [ 29.6110451, 60.2352505 ], [ 29.6105166, 60.2345928 ] ] } },
{ "type": "Feature", "properties": { "u": 4913338796, "v": 1360301984, "key": 0, "osmid": "121532805", "lanes": "1", "ref": null, "name": "Родниковая улица", "highway": "residential", "maxspeed": null, "oneway": false, "reversed": "0", "length": 4.763, "bridge": null, "width": null, "access": null, "service": null }, "geometry": { "type": "LineString", "coordinates": [ [ 29.6120072, 60.2356721 ], [ 29.6119522, 60.2357051 ] ] } },
{ "type": "Feature", "properties": { "u": 4913338796, "v": 1360301986, "key": 0, "osmid": "121532805", "lanes": "1", "ref": null, "name": "Родниковая улица", "highway": "residential", "maxspeed": null, "oneway": false, "reversed": "1", "length": 51.185, "bridge": null, "width": null, "access": null, "service": null }, "geometry": { "type": "LineString", "coordinates": [ [ 29.6120072, 60.2356721 ], [ 29.6126841, 60.2353575 ] ] } },
{ "type": "Feature", "properties": { "u": 4913338796, "v": 1770602560, "key": 0, "osmid": "181050627", "lanes": null, "ref": null, "name": null, "highway": "residential", "maxspeed": null, "oneway": false, "reversed": "0", "length": 116.436, "bridge": null, "width": null, "access": null, "service": null }, "geometry": { "type": "LineString", "coordinates": [ [ 29.6120072, 60.2356721 ], [ 29.6121023, 60.2357657 ], [ 29.6132583, 60.2365131 ] ] } },
{ "type": "Feature", "properties": { "u": 4913338796, "v": 4845978367, "key": 0, "osmid": "181050627", "lanes": null, "ref": null, "name": null, "highway": "residential", "maxspeed": null, "oneway": false, "reversed": "1", "length": 57.77, "bridge": null, "width": null, "access": null, "service": null }, "geometry": { "type": "LineString", "coordinates": [ [ 29.6120072, 60.2356721 ], [ 29.6119264, 60.2355541 ], [ 29.6116634, 60.2351814 ] ] } },
{ "type": "Feature", "properties": { "u": 5502915820, "v": 5502915821, "key": 0, "osmid": "572810769", "lanes": null, "ref": null, "name": "Финский переулок", "highway": "residential", "maxspeed": null, "oneway": false, "reversed": "1", "length": 229.492, "bridge": null, "width": null, "access": null, "service": null }, "geometry": { "type": "LineString", "coordinates": [ [ 29.6378753, 60.2572541 ], [ 29.6337224, 60.2573758 ] ] } },
{ "type": "Feature", "properties": { "u": 5502915821, "v": 1445236217, "key": 0, "osmid": "114389382", "lanes": "1", "ref": null, "name": "улица Ахматовой", "highway": "residential", "maxspeed": null, "oneway": false, "reversed": "1", "length": 86.731, "bridge": null, "width": null, "access": null, "service": null }, "geometry": { "type": "LineString", "coordinates": [ [ 29.6337224, 60.2573758 ], [ 29.6333331, 60.2566201 ] ] } },
{ "type": "Feature", "properties": { "u": 5502915821, "v": 5502915820, "key": 0, "osmid": "572810769", "lanes": null, "ref": null, "name": "Финский переулок", "highway": "residential", "maxspeed": null, "oneway": false, "reversed": "0", "length": 229.492, "bridge": null, "width": null, "access": null, "service": null }, "geometry": { "type": "LineString", "coordinates": [ [ 29.6337224, 60.2573758 ], [ 29.6378753, 60.2572541 ] ] } },
{ "type": "Feature", "properties": { "u": 5502915821, "v": 503584337, "key": 0, "osmid": "114389382", "lanes": "1", "ref": null, "name": "улица Ахматовой", "highway": "residential", "maxspeed": null, "oneway": false, "reversed": "0", "length": 112.107, "bridge": null, "width": null, "access": null, "service": null }, "geometry": { "type": "LineString", "coordinates": [ [ 29.6337224, 60.2573758 ], [ 29.6340054, 60.2578622 ], [ 29.6341767, 60.2583569 ] ] } },
{ "type": "Feature", "properties": { "u": 5502915919, "v": 1986148653, "key": 0, "osmid": "839127031", "lanes": null, "ref": null, "name": "Весенняя улица", "highway": "residential", "maxspeed": null, "oneway": false, "reversed": "0", "length": 14.915, "bridge": null, "width": "3", "access": null, "service": null }, "geometry": { "type": "LineString", "coordinates": [ [ 29.6388818, 60.2521134 ], [ 29.6391353, 60.2520668 ] ] } },
{ "type": "Feature", "properties": { "u": 5502915919, "v": 7020396838, "key": 0, "lanes": null, "ref": null, "highway": "residential", "maxspeed": null, "oneway": false, "reversed": "0", "length": 281.379, "bridge": null, "width": "3", "access": null, "service": null }, "geometry": { "type": "LineString", "coordinates": [ [ 29.6388818, 60.2521134 ], [ 29.6389863, 60.2523743 ], [ 29.6390587, 60.2526031 ], [ 29.6394958, 60.2531155 ], [ 29.6408155, 60.2531048 ], [ 29.6409037, 60.2531056 ], [ 29.6424711, 60.2531201 ] ] } },
{ "type": "Feature", "properties": { "u": 5502915919, "v": 7830536471, "key": 0, "osmid": "839127031", "lanes": null, "ref": null, "name": "Весенняя улица", "highway": "residential", "maxspeed": null, "oneway": false, "reversed": "1", "length": 136.12, "bridge": null, "width": "3", "access": null, "service": null }, "geometry": { "type": "LineString", "coordinates": [ [ 29.6388818, 60.2521134 ], [ 29.6380005, 60.2522501 ], [ 29.6365186, 60.2524648 ] ] } },
{ "type": "Feature", "properties": { "u": 5502915920, "v": 5502915928, "key": 0, "osmid": "572810795", "lanes": null, "ref": null, "name": "1-я Заповедная улица", "highway": "residential", "maxspeed": null, "oneway": false, "reversed": "0", "length": 101.188, "bridge": null, "width": null, "access": null, "service": null }, "geometry": { "type": "LineString", "coordinates": [ [ 29.637342, 60.2545493 ], [ 29.6371351, 60.2536451 ] ] } },
{ "type": "Feature", "properties": { "u": 5502915920, "v": 5502915932, "key": 0, "osmid": "572810795", "lanes": null, "ref": null, "name": "1-я Заповедная улица", "highway": "residential", "maxspeed": null, "oneway": false, "reversed": "1", "length": 123.217, "bridge": null, "width": null, "access": null, "service": null }, "geometry": { "type": "LineString", "coordinates": [ [ 29.637342, 60.2545493 ], [ 29.637593, 60.2556504 ] ] } },
{ "type": "Feature", "properties": { "u": 5502915920, "v": 2306720967, "key": 0, "osmid": "572810793", "lanes": null, "ref": null, "name": "2-я Заповедная улица", "highway": "residential", "maxspeed": null, "oneway": false, "reversed": "1", "length": 309.989, "bridge": null, "width": null, "access": null, "service": null }, "geometry": { "type": "LineString", "coordinates": [ [ 29.637342, 60.2545493 ], [ 29.641938, 60.2544378 ], [ 29.6429537, 60.2544088 ] ] } },
{ "type": "Feature", "properties": { "u": 5502915928, "v": 7830525514, "key": 0, "osmid": "572810795", "lanes": null, "ref": null, "name": "1-я Заповедная улица", "highway": "residential", "maxspeed": null, "oneway": false, "reversed": "0", "length": 48.795, "bridge": null, "width": null, "access": null, "service": null }, "geometry": { "type": "LineString", "coordinates": [ [ 29.6371351, 60.2536451 ], [ 29.6370202, 60.25321 ] ] } },
{ "type": "Feature", "properties": { "u": 5502915928, "v": 5502915920, "key": 0, "osmid": "572810795", "lanes": null, "ref": null, "name": "1-я Заповедная улица", "highway": "residential", "maxspeed": null, "oneway": false, "reversed": "1", "length": 101.188, "bridge": null, "width": null, "access": null, "service": null }, "geometry": { "type": "LineString", "coordinates": [ [ 29.6371351, 60.2536451 ], [ 29.637342, 60.2545493 ] ] } },
{ "type": "Feature", "properties": { "u": 5502915928, "v": 2306720967, "key": 0, "osmid": "572810794", "lanes": null, "ref": null, "name": "3-я Заповедная улица", "highway": "residential", "maxspeed": null, "oneway": false, "reversed": "0", "length": 400.634, "bridge": null, "width": null, "access": null, "service": null }, "geometry": { "type": "LineString", "coordinates": [ [ 29.6371351, 60.2536451 ], [ 29.6386683, 60.2536378 ], [ 29.6426141, 60.2535908 ], [ 29.6427478, 60.2535985 ], [ 29.6428065, 60.253748 ], [ 29.6429537, 60.2544088 ] ] } },
{ "type": "Feature", "properties": { "u": 5502915932, "v": 5502915920, "key": 0, "osmid": "572810795", "lanes": null, "ref": null, "name": "1-я Заповедная улица", "highway": "residential", "maxspeed": null, "oneway": false, "reversed": "0", "length": 123.217, "bridge": null, "width": null, "access": null, "service": null }, "geometry": { "type": "LineString", "coordinates": [ [ 29.637593, 60.2556504 ], [ 29.637342, 60.2545493 ] ] } },
{ "type": "Feature", "properties": { "u": 5502915932, "v": 2306720967, "key": 0, "osmid": "221639761", "lanes": null, "ref": null, "name": "Заповедная улица", "highway": "residential", "maxspeed": null, "oneway": false, "reversed": "0", "length": 408.671, "bridge": null, "width": null, "access": null, "service": null }, "geometry": { "type": "LineString", "coordinates": [ [ 29.637593, 60.2556504 ], [ 29.6385706, 60.255577 ], [ 29.6406108, 60.255342 ], [ 29.6429728, 60.2553288 ], [ 29.6430874, 60.2553193 ], [ 29.643113, 60.2552777 ], [ 29.6429537, 60.2544088 ] ] } },
{ "type": "Feature", "properties": { "u": 5502915932, "v": 1414848803, "key": 0, "osmid": "221639761", "lanes": null, "ref": null, "name": "Заповедная улица", "highway": "residential", "maxspeed": null, "oneway": false, "reversed": "1", "length": 93.059, "bridge": null, "width": null, "access": null, "service": null }, "geometry": { "type": "LineString", "coordinates": [ [ 29.637593, 60.2556504 ], [ 29.6374231, 60.2556893 ], [ 29.6367355, 60.2557943 ], [ 29.6359567, 60.2557703 ] ] } },
{ "type": "Feature", "properties": { "u": 5714228690, "v": 98154652, "key": 0, "osmid": "126547072", "lanes": "1", "ref": null, "name": "улица Верхнее Рощино", "highway": "tertiary", "maxspeed": "RU:urban", "oneway": false, "reversed": "0", "length": 32.176, "bridge": null, "width": null, "access": null, "service": null }, "geometry": { "type": "LineString", "coordinates": [ [ 29.6075616, 60.2498867 ], [ 29.6072256, 60.2501232 ] ] } },
{ "type": "Feature", "properties": { "u": 5714228690, "v": 1074637544, "key": 0, "osmid": "126547072", "lanes": "1", "ref": null, "name": "улица Верхнее Рощино", "highway": "tertiary", "maxspeed": "RU:urban", "oneway": false, "reversed": "1", "length": 100.682, "bridge": null, "width": null, "access": null, "service": null }, "geometry": { "type": "LineString", "coordinates": [ [ 29.6075616, 60.2498867 ], [ 29.6077962, 60.2497215 ], [ 29.6090857, 60.2494295 ] ] } },
{ "type": "Feature", "properties": { "u": 5714228690, "v": 8672853280, "key": 0, "lanes": null, "ref": null, "name": "Курортный переулок", "highway": "residential", "maxspeed": null, "oneway": false, "reversed": "1", "length": 145.032, "bridge": null, "width": null, "access": null, "service": null }, "geometry": { "type": "LineString", "coordinates": [ [ 29.6075616, 60.2498867 ], [ 29.605912, 60.2495315 ], [ 29.6053633, 60.2498407 ] ] } },
{ "type": "Feature", "properties": { "u": 6086008231, "v": 499049115, "key": 0, "osmid": "93039226", "lanes": "2", "ref": null, "name": "Южная улица", "highway": "residential", "maxspeed": "60", "oneway": false, "reversed": "1", "length": 24.857, "bridge": null, "width": "2", "access": null, "service": null }, "geometry": { "type": "LineString", "coordinates": [ [ 29.5996277, 60.2391825 ], [ 29.5994141, 60.2393793 ] ] } },
{ "type": "Feature", "properties": { "u": 6086008231, "v": 499049126, "key": 0, "osmid": "93039226", "lanes": "2", "ref": null, "name": "Южная улица", "highway": "residential", "maxspeed": "60", "oneway": false, "reversed": "0", "length": 55.194, "bridge": null, "width": "2", "access": null, "service": null }, "geometry": { "type": "LineString", "coordinates": [ [ 29.5996277, 60.2391825 ], [ 29.5999938, 60.2390057 ], [ 29.6003905, 60.2388636 ] ] } },
{ "type": "Feature", "properties": { "u": 6086008231, "v": 11167047057, "key": 0, "osmid": "1204918325", "lanes": null, "ref": null, "name": null, "highway": "residential", "maxspeed": null, "oneway": false, "reversed": "0", "length": 226.154, "bridge": null, "width": null, "access": null, "service": null }, "geometry": { "type": "LineString", "coordinates": [ [ 29.5996277, 60.2391825 ], [ 29.60081, 60.2396799 ], [ 29.6017636, 60.2401292 ], [ 29.6028252, 60.2398181 ] ] } },
{ "type": "Feature", "properties": { "u": 6324923711, "v": 1472129000, "key": 0, "lanes": null, "ref": null, "name": null, "highway": "unclassified", "maxspeed": null, "oneway": false, "length": 575.095, "bridge": null, "width": "3", "access": null, "service": null }, "geometry": { "type": "LineString", "coordinates": [ [ 29.6060139, 60.2671035 ], [ 29.6075238, 60.2675924 ], [ 29.607641, 60.2676225 ], [ 29.6104902, 60.2647721 ], [ 29.6114151, 60.2638491 ] ] } },
{ "type": "Feature", "properties": { "u": 7020223185, "v": 1628541359, "key": 0, "osmid": "149918006", "lanes": null, "ref": null, "name": "Хвойный проезд", "highway": "residential", "maxspeed": null, "oneway": false, "reversed": "1", "length": 6.096, "bridge": null, "width": null, "access": null, "service": null }, "geometry": { "type": "LineString", "coordinates": [ [ 29.6333181, 60.2372154 ], [ 29.6332092, 60.2372245 ] ] } },
{ "type": "Feature", "properties": { "u": 7020223185, "v": 1342336336, "key": 0, "osmid": "149918006", "lanes": null, "ref": null, "name": "Хвойный проезд", "highway": "residential", "maxspeed": null, "oneway": false, "reversed": "0", "length": 176.454, "bridge": null, "width": null, "access": null, "service": null }, "geometry": { "type": "LineString", "coordinates": [ [ 29.6333181, 60.2372154 ], [ 29.6358115, 60.2370078 ], [ 29.6364749, 60.236967 ] ] } },
{ "type": "Feature", "properties": { "u": 7020223185, "v": 7020223186, "key": 0, "osmid": "149918009", "lanes": null, "ref": null, "name": "Берёзовый проезд", "highway": "residential", "maxspeed": null, "oneway": false, "reversed": "1", "length": 139.806, "bridge": null, "width": null, "access": null, "service": null }, "geometry": { "type": "LineString", "coordinates": [ [ 29.6333181, 60.2372154 ], [ 29.6337054, 60.2376718 ], [ 29.634031, 60.2376665 ], [ 29.6350411, 60.2375517 ], [ 29.6351973, 60.2375146 ] ] } },
{ "type": "Feature", "properties": { "u": 7020223186, "v": 7020223185, "key": 0, "osmid": "149918009", "lanes": null, "ref": null, "name": "Берёзовый проезд", "highway": "residential", "maxspeed": null, "oneway": false, "reversed": "0", "length": 139.806, "bridge": null, "width": null, "access": null, "service": null }, "geometry": { "type": "LineString", "coordinates": [ [ 29.6351973, 60.2375146 ], [ 29.6350411, 60.2375517 ], [ 29.634031, 60.2376665 ], [ 29.6337054, 60.2376718 ], [ 29.6333181, 60.2372154 ] ] } },
{ "type": "Feature", "properties": { "u": 7020223186, "v": 1496997796, "key": 0, "osmid": "149918009", "lanes": null, "ref": null, "name": "Берёзовый проезд", "highway": "residential", "maxspeed": null, "oneway": false, "reversed": "1", "length": 88.032, "bridge": null, "width": null, "access": null, "service": null }, "geometry": { "type": "LineString", "coordinates": [ [ 29.6351973, 60.2375146 ], [ 29.6353535, 60.2374774 ], [ 29.6361496, 60.2374264 ], [ 29.6367666, 60.2374025 ] ] } },
{ "type": "Feature", "properties": { "u": 7020223186, "v": 1628541460, "key": 0, "osmid": "167584472", "lanes": null, "ref": null, "name": "Геологическая улица", "highway": "residential", "maxspeed": null, "oneway": false, "reversed": "1", "length": 185.633, "bridge": null, "width": null, "access": null, "service": null }, "geometry": { "type": "LineString", "coordinates": [ [ 29.6351973, 60.2375146 ], [ 29.6353278, 60.2380871 ], [ 29.6350839, 60.2382401 ], [ 29.6337571, 60.2388508 ] ] } },
{ "type": "Feature", "properties": { "u": 7020223195, "v": 1239555374, "key": 0, "osmid": "750878385", "lanes": null, "ref": null, "name": "Южная улица", "highway": "unclassified", "maxspeed": null, "oneway": false, "reversed": "0", "length": 181.906, "bridge": null, "width": null, "access": null, "service": null }, "geometry": { "type": "LineString", "coordinates": [ [ 29.6255944, 60.2400755 ], [ 29.6268805, 60.2395102 ], [ 29.6278555, 60.240126 ] ] } },
{ "type": "Feature", "properties": { "u": 7020300585, "v": 1685435068, "key": 0, "osmid": "173833458", "lanes": "1", "ref": null, "name": "2-я Социалистическая улица", "highway": "residential", "maxspeed": null, "oneway": false, "reversed": "0", "length": 179.81, "bridge": null, "width": "2", "access": null, "service": null }, "geometry": { "type": "LineString", "coordinates": [ [ 29.6408499, 60.2446222 ], [ 29.640393, 60.244428 ], [ 29.6398948, 60.2442213 ], [ 29.6396118, 60.2441326 ], [ 29.6383894, 60.243566 ] ] } },
{ "type": "Feature", "properties": { "u": 7020367081, "v": 7020367082, "key": 0, "osmid": "750901374", "lanes": null, "ref": null, "name": "Кристальная улица", "highway": "residential", "maxspeed": null, "oneway": false, "reversed": "1", "length": 108.915, "bridge": null, "width": null, "access": null, "service": null }, "geometry": { "type": "LineString", "coordinates": [ [ 29.6395487, 60.25073 ], [ 29.6380663, 60.2513768 ] ] } },
{ "type": "Feature", "properties": { "u": 7020367082, "v": 1986148653, "key": 0, "osmid": "187983747", "lanes": null, "ref": null, "name": "Детская улица", "highway": "residential", "maxspeed": null, "oneway": false, "reversed": "0", "length": 96.775, "bridge": null, "width": "3", "access": null, "service": null }, "geometry": { "type": "LineString", "coordinates": [ [ 29.6380663, 60.2513768 ], [ 29.6391353, 60.2520668 ] ] } },
{ "type": "Feature", "properties": { "u": 7020367082, "v": 7020367081, "key": 0, "osmid": "750901374", "lanes": null, "ref": null, "name": "Кристальная улица", "highway": "residential", "maxspeed": null, "oneway": false, "reversed": "0", "length": 108.915, "bridge": null, "width": null, "access": null, "service": null }, "geometry": { "type": "LineString", "coordinates": [ [ 29.6380663, 60.2513768 ], [ 29.6395487, 60.25073 ] ] } },
{ "type": "Feature", "properties": { "u": 7020367082, "v": 1214456775, "key": 0, "lanes": null, "ref": null, "name": "Детская улица", "highway": "residential", "maxspeed": null, "oneway": false, "reversed": "1", "length": 128.366, "bridge": null, "width": "3", "access": null, "service": null }, "geometry": { "type": "LineString", "coordinates": [ [ 29.6380663, 60.2513768 ], [ 29.637004, 60.2507338 ], [ 29.6366357, 60.2504675 ] ] } },
{ "type": "Feature", "properties": { "u": 7020367082, "v": 7020396789, "key": 0, "osmid": "750901374", "lanes": null, "ref": null, "name": "Кристальная улица", "highway": "residential", "maxspeed": null, "oneway": false, "reversed": "1", "length": 119.258, "bridge": null, "width": null, "access": null, "service": null }, "geometry": { "type": "LineString", "coordinates": [ [ 29.6380663, 60.2513768 ], [ 29.6378344, 60.2513592 ], [ 29.6359802, 60.2516193 ] ] } },
{ "type": "Feature", "properties": { "u": 7020367083, "v": 7830525499, "key": 0, "osmid": "127945380", "lanes": null, "ref": null, "name": "улица Воропаева", "highway": "residential", "maxspeed": null, "oneway": false, "reversed": "0", "length": 20.419, "bridge": null, "width": null, "access": null, "service": null }, "geometry": { "type": "LineString", "coordinates": [ [ 29.6366394, 60.2531376 ], [ 29.6370095, 60.2531382 ] ] } },
{ "type": "Feature", "properties": { "u": 7020367083, "v": 1192717063, "key": 0, "osmid": "127945380", "lanes": null, "ref": null, "name": "улица Воропаева", "highway": "residential", "maxspeed": null, "oneway": false, "reversed": "1", "length": 75.798, "bridge": null, "width": null, "access": null, "service": null }, "geometry": { "type": "LineString", "coordinates": [ [ 29.6366394, 60.2531376 ], [ 29.6352675, 60.253174 ] ] } },
{ "type": "Feature", "properties": { "u": 7020367083, "v": 7830536471, "key": 0, "osmid": "839127029", "lanes": null, "ref": null, "name": "1-я Заповедная улица", "highway": "residential", "maxspeed": null, "oneway": false, "reversed": "0", "length": 75.12, "bridge": null, "width": null, "access": null, "service": null }, "geometry": { "type": "LineString", "coordinates": [ [ 29.6366394, 60.2531376 ], [ 29.6366279, 60.2530249 ], [ 29.6365186, 60.2524648 ] ] } },
{ "type": "Feature", "properties": { "u": 7020396789, "v": 503576552, "key": 0, "osmid": "750901377", "lanes": null, "ref": null, "name": "Еловый переулок", "highway": "residential", "maxspeed": null, "oneway": false, "reversed": "0", "length": 89.825, "bridge": null, "width": null, "access": null, "service": null }, "geometry": { "type": "LineString", "coordinates": [ [ 29.6359802, 60.2516193 ], [ 29.6353056, 60.2508841 ] ] } },
{ "type": "Feature", "properties": { "u": 7020396789, "v": 7020367082, "key": 0, "osmid": "750901374", "lanes": null, "ref": null, "name": "Кристальная улица", "highway": "residential", "maxspeed": null, "oneway": false, "reversed": "0", "length": 119.258, "bridge": null, "width": null, "access": null, "service": null }, "geometry": { "type": "LineString", "coordinates": [ [ 29.6359802, 60.2516193 ], [ 29.6378344, 60.2513592 ], [ 29.6380663, 60.2513768 ] ] } },
{ "type": "Feature", "properties": { "u": 7020396789, "v": 7830536471, "key": 0, "osmid": "750901377", "lanes": null, "ref": null, "name": "Еловый переулок", "highway": "residential", "maxspeed": null, "oneway": false, "reversed": "1", "length": 99.159, "bridge": null, "width": null, "access": null, "service": null }, "geometry": { "type": "LineString", "coordinates": [ [ 29.6359802, 60.2516193 ], [ 29.6363793, 60.2522378 ], [ 29.6364421, 60.2524139 ], [ 29.6365186, 60.2524648 ] ] } },
{ "type": "Feature", "properties": { "u": 7020396838, "v": 5502915919, "key": 0, "lanes": null, "ref": null, "highway": "residential", "maxspeed": null, "oneway": false, "reversed": "1", "length": 281.379, "bridge": null, "width": "3", "access": null, "service": null }, "geometry": { "type": "LineString", "coordinates": [ [ 29.6424711, 60.2531201 ], [ 29.6409037, 60.2531056 ], [ 29.6408155, 60.2531048 ], [ 29.6394958, 60.2531155 ], [ 29.6390587, 60.2526031 ], [ 29.6389863, 60.2523743 ], [ 29.6388818, 60.2521134 ] ] } },
{ "type": "Feature", "properties": { "u": 7020396869, "v": 11663576520, "key": 0, "osmid": "750901399", "lanes": null, "ref": null, "name": "Речной переулок", "highway": "residential", "maxspeed": null, "oneway": false, "reversed": "1", "length": 41.955, "bridge": null, "width": null, "access": null, "service": null }, "geometry": { "type": "LineString", "coordinates": [ [ 29.6462306, 60.2597816 ], [ 29.6454705, 60.2597953 ] ] } },
{ "type": "Feature", "properties": { "u": 7020396869, "v": 11663576521, "key": 0, "osmid": "750901398", "lanes": null, "ref": null, "name": "Звёздная улица", "highway": "residential", "maxspeed": null, "oneway": false, "reversed": "0", "length": 59.306, "bridge": null, "width": null, "access": null, "service": null }, "geometry": { "type": "LineString", "coordinates": [ [ 29.6462306, 60.2597816 ], [ 29.6462493, 60.2599167 ], [ 29.6462867, 60.2603142 ] ] } },
{ "type": "Feature", "properties": { "u": 7020396869, "v": 7020396870, "key": 0, "osmid": "750901398", "lanes": null, "ref": null, "name": "Звёздная улица", "highway": "residential", "maxspeed": null, "oneway": false, "reversed": "1", "length": 210.509, "bridge": null, "width": null, "access": null, "service": null }, "geometry": { "type": "LineString", "coordinates": [ [ 29.6462306, 60.2597816 ], [ 29.6461414, 60.2591045 ], [ 29.6460873, 60.2584021 ], [ 29.6460368, 60.2579533 ], [ 29.6460297, 60.2578912 ] ] } },
{ "type": "Feature", "properties": { "u": 7020396869, "v": 503586362, "key": 0, "lanes": null, "ref": null, "highway": "residential", "maxspeed": null, "oneway": false, "reversed": "0", "length": 294.348, "bridge": null, "width": null, "access": null, "service": null }, "geometry": { "type": "LineString", "coordinates": [ [ 29.6462306, 60.2597816 ], [ 29.6477479, 60.2597541 ], [ 29.6476409, 60.2584575 ], [ 29.647558, 60.2579452 ], [ 29.6475397, 60.2578634 ] ] } },
{ "type": "Feature", "properties": { "u": 7020396870, "v": 503586362, "key": 0, "osmid": "41213556", "lanes": "1", "ref": null, "name": "Еловая аллея", "highway": "residential", "maxspeed": "60", "oneway": false, "reversed": "0", "length": 83.354, "bridge": null, "width": null, "access": null, "service": null }, "geometry": { "type": "LineString", "coordinates": [ [ 29.6460297, 60.2578912 ], [ 29.6475397, 60.2578634 ] ] } },
{ "type": "Feature", "properties": { "u": 7020396870, "v": 8758198808, "key": 0, "osmid": "41213556", "lanes": "1", "ref": null, "name": "Еловая аллея", "highway": "residential", "maxspeed": "60", "oneway": false, "reversed": "1", "length": 11.243, "bridge": null, "width": null, "access": null, "service": null }, "geometry": { "type": "LineString", "coordinates": [ [ 29.6460297, 60.2578912 ], [ 29.6458264, 60.2578983 ] ] } },
{ "type": "Feature", "properties": { "u": 7020396870, "v": 7020396869, "key": 0, "osmid": "750901398", "lanes": null, "ref": null, "name": "Звёздная улица", "highway": "residential", "maxspeed": null, "oneway": false, "reversed": "0", "length": 210.509, "bridge": null, "width": null, "access": null, "service": null }, "geometry": { "type": "LineString", "coordinates": [ [ 29.6460297, 60.2578912 ], [ 29.6460368, 60.2579533 ], [ 29.6460873, 60.2584021 ], [ 29.6461414, 60.2591045 ], [ 29.6462306, 60.2597816 ] ] } },
{ "type": "Feature", "properties": { "u": 7393456394, "v": 98154628, "key": 0, "osmid": "122239837", "lanes": null, "ref": null, "name": "Подгорная улица", "highway": "residential", "maxspeed": "RU:urban", "oneway": false, "reversed": "1", "length": 298.864, "bridge": null, "width": null, "access": null, "service": null }, "geometry": { "type": "LineString", "coordinates": [ [ 29.6241284, 60.2452044 ], [ 29.6228426, 60.2442476 ], [ 29.6227914, 60.2442184 ], [ 29.6221899, 60.2438179 ], [ 29.6213284, 60.2430714 ], [ 29.6211939, 60.2429493 ] ] } },
{ "type": "Feature", "properties": { "u": 7393456395, "v": 478230432, "key": 0, "osmid": "790867204", "lanes": null, "ref": null, "name": "Подгорная улица", "highway": "residential", "maxspeed": "RU:urban", "oneway": false, "reversed": "0", "length": 55.562, "bridge": null, "width": null, "access": null, "service": null }, "geometry": { "type": "LineString", "coordinates": [ [ 29.6242451, 60.2452842 ], [ 29.6248528, 60.2456826 ] ] } },
{ "type": "Feature", "properties": { "u": 7830525499, "v": 7020367083, "key": 0, "osmid": "127945380", "lanes": null, "ref": null, "name": "улица Воропаева", "highway": "residential", "maxspeed": null, "oneway": false, "reversed": "1", "length": 20.419, "bridge": null, "width": null, "access": null, "service": null }, "geometry": { "type": "LineString", "coordinates": [ [ 29.6370095, 60.2531382 ], [ 29.6366394, 60.2531376 ] ] } },
{ "type": "Feature", "properties": { "u": 7830525514, "v": 5502915928, "key": 0, "osmid": "572810795", "lanes": null, "ref": null, "name": "1-я Заповедная улица", "highway": "residential", "maxspeed": null, "oneway": false, "reversed": "1", "length": 48.795, "bridge": null, "width": null, "access": null, "service": null }, "geometry": { "type": "LineString", "coordinates": [ [ 29.6370202, 60.25321 ], [ 29.6371351, 60.2536451 ] ] } },
{ "type": "Feature", "properties": { "u": 7830536462, "v": 1986148653, "key": 0, "osmid": "839127031", "lanes": null, "ref": null, "name": "Весенняя улица", "highway": "residential", "maxspeed": null, "oneway": false, "reversed": "1", "length": 84.65, "bridge": null, "width": "3", "access": null, "service": null }, "geometry": { "type": "LineString", "coordinates": [ [ 29.6402147, 60.2515258 ], [ 29.6391353, 60.2520668 ] ] } },
{ "type": "Feature", "properties": { "u": 7830536471, "v": 7020396789, "key": 0, "osmid": "750901377", "lanes": null, "ref": null, "name": "Еловый переулок", "highway": "residential", "maxspeed": null, "oneway": false, "reversed": "0", "length": 99.159, "bridge": null, "width": null, "access": null, "service": null }, "geometry": { "type": "LineString", "coordinates": [ [ 29.6365186, 60.2524648 ], [ 29.6364421, 60.2524139 ], [ 29.6363793, 60.2522378 ], [ 29.6359802, 60.2516193 ] ] } },
{ "type": "Feature", "properties": { "u": 7830536471, "v": 7020367083, "key": 0, "osmid": "839127029", "lanes": null, "ref": null, "name": "1-я Заповедная улица", "highway": "residential", "maxspeed": null, "oneway": false, "reversed": "1", "length": 75.12, "bridge": null, "width": null, "access": null, "service": null }, "geometry": { "type": "LineString", "coordinates": [ [ 29.6365186, 60.2524648 ], [ 29.6366279, 60.2530249 ], [ 29.6366394, 60.2531376 ] ] } },
{ "type": "Feature", "properties": { "u": 7830536471, "v": 5502915919, "key": 0, "osmid": "839127031", "lanes": null, "ref": null, "name": "Весенняя улица", "highway": "residential", "maxspeed": null, "oneway": false, "reversed": "0", "length": 136.12, "bridge": null, "width": "3", "access": null, "service": null }, "geometry": { "type": "LineString", "coordinates": [ [ 29.6365186, 60.2524648 ], [ 29.6380005, 60.2522501 ], [ 29.6388818, 60.2521134 ] ] } },
{ "type": "Feature", "properties": { "u": 8672853280, "v": 5714228690, "key": 0, "lanes": null, "ref": null, "name": "Курортный переулок", "highway": "residential", "maxspeed": null, "oneway": false, "reversed": "0", "length": 145.032, "bridge": null, "width": null, "access": null, "service": null }, "geometry": { "type": "LineString", "coordinates": [ [ 29.6053633, 60.2498407 ], [ 29.605912, 60.2495315 ], [ 29.6075616, 60.2498867 ] ] } },
{ "type": "Feature", "properties": { "u": 8719249618, "v": 11663576533, "key": 0, "osmid": "941538059", "lanes": null, "ref": null, "name": null, "highway": "residential", "maxspeed": null, "oneway": false, "reversed": "0", "length": 107.641, "bridge": null, "width": null, "access": null, "service": null }, "geometry": { "type": "LineString", "coordinates": [ [ 29.6484585, 60.2570803 ], [ 29.6485591, 60.2566673 ], [ 29.6485911, 60.2565768 ], [ 29.6487051, 60.2562033 ], [ 29.6486499, 60.2561256 ] ] } },
{ "type": "Feature", "properties": { "u": 8719249618, "v": 8719249619, "key": 0, "osmid": "941538059", "lanes": null, "ref": null, "name": null, "highway": "residential", "maxspeed": null, "oneway": false, "reversed": "1", "length": 87.714, "bridge": null, "width": null, "access": null, "service": null }, "geometry": { "type": "LineString", "coordinates": [ [ 29.6484585, 60.2570803 ], [ 29.6482609, 60.2577854 ], [ 29.6482556, 60.2578623 ] ] } },
{ "type": "Feature", "properties": { "u": 8719249618, "v": 11663576526, "key": 0, "osmid": "1254683301", "lanes": null, "ref": null, "name": null, "highway": "residential", "maxspeed": null, "oneway": false, "reversed": "1", "length": 145.97, "bridge": null, "width": null, "access": null, "service": null }, "geometry": { "type": "LineString", "coordinates": [ [ 29.6484585, 60.2570803 ], [ 29.6474018, 60.2570296 ], [ 29.6462922, 60.2564685 ] ] } },
{ "type": "Feature", "properties": { "u": 8719249619, "v": 503586362, "key": 0, "osmid": "41213556", "lanes": "1", "ref": null, "name": "Еловая аллея", "highway": "residential", "maxspeed": "60", "oneway": false, "reversed": "1", "length": 39.492, "bridge": null, "width": null, "access": null, "service": null }, "geometry": { "type": "LineString", "coordinates": [ [ 29.6482556, 60.2578623 ], [ 29.6475397, 60.2578634 ] ] } },
{ "type": "Feature", "properties": { "u": 8719249619, "v": 11663576543, "key": 0, "lanes": "1", "ref": null, "name": "Еловая аллея", "highway": "residential", "maxspeed": "60", "oneway": false, "reversed": "0", "length": 172.94, "bridge": "yes", "width": "5", "access": null, "service": null }, "geometry": { "type": "LineString", "coordinates": [ [ 29.6482556, 60.2578623 ], [ 29.6491297, 60.2579175 ], [ 29.6491903, 60.2579233 ], [ 29.6494334, 60.2579331 ], [ 29.6502214, 60.2580077 ], [ 29.6505103, 60.2580262 ], [ 29.6509766, 60.2580753 ], [ 29.6513399, 60.2581272 ] ] } },
{ "type": "Feature", "properties": { "u": 8719249619, "v": 8719249618, "key": 0, "osmid": "941538059", "lanes": null, "ref": null, "name": null, "highway": "residential", "maxspeed": null, "oneway": false, "reversed": "0", "length": 87.714, "bridge": null, "width": null, "access": null, "service": null }, "geometry": { "type": "LineString", "coordinates": [ [ 29.6482556, 60.2578623 ], [ 29.6482609, 60.2577854 ], [ 29.6484585, 60.2570803 ] ] } },
{ "type": "Feature", "properties": { "u": 8719249673, "v": 8719249674, "key": 0, "osmid": "941538074", "lanes": null, "ref": null, "name": null, "highway": "residential", "maxspeed": null, "oneway": false, "reversed": "1", "length": 55.621, "bridge": null, "width": null, "access": null, "service": null }, "geometry": { "type": "LineString", "coordinates": [ [ 29.6583491, 60.2563746 ], [ 29.6573418, 60.2563962 ] ] } },
{ "type": "Feature", "properties": { "u": 8719249674, "v": 8719249673, "key": 0, "osmid": "941538074", "lanes": null, "ref": null, "name": null, "highway": "residential", "maxspeed": null, "oneway": false, "reversed": "0", "length": 55.621, "bridge": null, "width": null, "access": null, "service": null }, "geometry": { "type": "LineString", "coordinates": [ [ 29.6573418, 60.2563962 ], [ 29.6583491, 60.2563746 ] ] } },
{ "type": "Feature", "properties": { "u": 8719249674, "v": 1812814492, "key": 0, "osmid": "941538079", "lanes": null, "ref": null, "name": null, "highway": "residential", "maxspeed": null, "oneway": false, "reversed": "0", "length": 99.2, "bridge": null, "width": null, "access": null, "service": null }, "geometry": { "type": "LineString", "coordinates": [ [ 29.6573418, 60.2563962 ], [ 29.6571362, 60.2562597 ], [ 29.6569946, 60.2562242 ], [ 29.6566524, 60.2561781 ], [ 29.655711, 60.256172 ] ] } },
{ "type": "Feature", "properties": { "u": 8719249674, "v": 8719249684, "key": 0, "osmid": "941538079", "lanes": null, "ref": null, "name": null, "highway": "residential", "maxspeed": null, "oneway": false, "reversed": "1", "length": 83.35, "bridge": null, "width": null, "access": null, "service": null }, "geometry": { "type": "LineString", "coordinates": [ [ 29.6573418, 60.2563962 ], [ 29.6573326, 60.2564956 ], [ 29.6573776, 60.2571453 ] ] } },
{ "type": "Feature", "properties": { "u": 8719249675, "v": 8719249676, "key": 0, "osmid": "941538076", "lanes": null, "ref": null, "name": null, "highway": "residential", "maxspeed": null, "oneway": false, "reversed": "1", "length": 128.99, "bridge": null, "width": null, "access": null, "service": null }, "geometry": { "type": "LineString", "coordinates": [ [ 29.6581122, 60.2556195 ], [ 29.6557793, 60.2555418 ] ] } },
{ "type": "Feature", "properties": { "u": 8719249676, "v": 8719249675, "key": 0, "osmid": "941538076", "lanes": null, "ref": null, "name": null, "highway": "residential", "maxspeed": null, "oneway": false, "reversed": "0", "length": 128.99, "bridge": null, "width": null, "access": null, "service": null }, "geometry": { "type": "LineString", "coordinates": [ [ 29.6557793, 60.2555418 ], [ 29.6581122, 60.2556195 ] ] } },
{ "type": "Feature", "properties": { "u": 8719249676, "v": 1812814492, "key": 0, "osmid": "946077754", "lanes": null, "ref": null, "name": null, "highway": "residential", "maxspeed": null, "oneway": false, "reversed": "0", "length": 70.176, "bridge": null, "width": null, "access": null, "service": null }, "geometry": { "type": "LineString", "coordinates": [ [ 29.6557793, 60.2555418 ], [ 29.655711, 60.256172 ] ] } },
{ "type": "Feature", "properties": { "u": 8719249676, "v": 1812814480, "key": 0, "osmid": "946077754", "lanes": null, "ref": null, "name": null, "highway": "residential", "maxspeed": null, "oneway": false, "reversed": "1", "length": 44.283, "bridge": null, "width": null, "access": null, "service": null }, "geometry": { "type": "LineString", "coordinates": [ [ 29.6557793, 60.2555418 ], [ 29.6558128, 60.2551439 ] ] } },
{ "type": "Feature", "properties": { "u": 8719249676, "v": 8719249679, "key": 0, "osmid": "941538076", "lanes": null, "ref": null, "name": null, "highway": "residential", "maxspeed": null, "oneway": false, "reversed": "1", "length": 249.864, "bridge": null, "width": null, "access": null, "service": null }, "geometry": { "type": "LineString", "coordinates": [ [ 29.6557793, 60.2555418 ], [ 29.6532248, 60.2554335 ], [ 29.6530175, 60.2555187 ], [ 29.6529115, 60.2555806 ], [ 29.6521539, 60.2562415 ] ] } },
{ "type": "Feature", "properties": { "u": 8719249679, "v": 8719249695, "key": 0, "osmid": "941538075", "lanes": null, "ref": null, "name": null, "highway": "residential", "maxspeed": null, "oneway": false, "reversed": "0", "length": 66.117, "bridge": null, "width": null, "access": null, "service": null }, "geometry": { "type": "LineString", "coordinates": [ [ 29.6521539, 60.2562415 ], [ 29.6531471, 60.2565743 ] ] } },
{ "type": "Feature", "properties": { "u": 8719249679, "v": 8719249676, "key": 0, "osmid": "941538076", "lanes": null, "ref": null, "name": null, "highway": "residential", "maxspeed": null, "oneway": false, "reversed": "0", "length": 249.864, "bridge": null, "width": null, "access": null, "service": null }, "geometry": { "type": "LineString", "coordinates": [ [ 29.6521539, 60.2562415 ], [ 29.6529115, 60.2555806 ], [ 29.6530175, 60.2555187 ], [ 29.6532248, 60.2554335 ], [ 29.6557793, 60.2555418 ] ] } },
{ "type": "Feature", "properties": { "u": 8719249679, "v": 8719249686, "key": 0, "osmid": "941538076", "lanes": null, "ref": null, "name": null, "highway": "residential", "maxspeed": null, "oneway": false, "reversed": "1", "length": 221.529, "bridge": null, "width": null, "access": null, "service": null }, "geometry": { "type": "LineString", "coordinates": [ [ 29.6521539, 60.2562415 ], [ 29.6509836, 60.2573499 ], [ 29.6510443, 60.257464 ], [ 29.6511745, 60.2575044 ], [ 29.6521565, 60.2577527 ] ] } },
{ "type": "Feature", "properties": { "u": 8719249683, "v": 8719249684, "key": 0, "osmid": "941538078", "lanes": null, "ref": null, "name": null, "highway": "residential", "maxspeed": null, "oneway": false, "reversed": "1", "length": 62.738, "bridge": null, "width": null, "access": null, "service": null }, "geometry": { "type": "LineString", "coordinates": [ [ 29.6585127, 60.2571104 ], [ 29.6573776, 60.2571453 ] ] } },
{ "type": "Feature", "properties": { "u": 8719249684, "v": 8719249683, "key": 0, "osmid": "941538078", "lanes": null, "ref": null, "name": null, "highway": "residential", "maxspeed": null, "oneway": false, "reversed": "0", "length": 62.738, "bridge": null, "width": null, "access": null, "service": null }, "geometry": { "type": "LineString", "coordinates": [ [ 29.6573776, 60.2571453 ], [ 29.6585127, 60.2571104 ] ] } },
{ "type": "Feature", "properties": { "u": 8719249684, "v": 8719249696, "key": 0, "osmid": "941538078", "lanes": null, "ref": null, "name": null, "highway": "residential", "maxspeed": null, "oneway": false, "reversed": "1", "length": 236.787, "bridge": null, "width": null, "access": null, "service": null }, "geometry": { "type": "LineString", "coordinates": [ [ 29.6573776, 60.2571453 ], [ 29.6560022, 60.2571663 ], [ 29.6545916, 60.2572054 ], [ 29.65312, 60.2570526 ] ] } },
{ "type": "Feature", "properties": { "u": 8719249684, "v": 8719249674, "key": 0, "osmid": "941538079", "lanes": null, "ref": null, "name": null, "highway": "residential", "maxspeed": null, "oneway": false, "reversed": "0", "length": 83.35, "bridge": null, "width": null, "access": null, "service": null }, "geometry": { "type": "LineString", "coordinates": [ [ 29.6573776, 60.2571453 ], [ 29.6573326, 60.2564956 ], [ 29.6573418, 60.2563962 ] ] } },
{ "type": "Feature", "properties": { "u": 8719249684, "v": 8719249687, "key": 0, "osmid": "941538079", "lanes": null, "ref": null, "name": null, "highway": "residential", "maxspeed": null, "oneway": false, "reversed": "1", "length": 84.6, "bridge": null, "width": null, "access": null, "service": null }, "geometry": { "type": "LineString", "coordinates": [ [ 29.6573776, 60.2571453 ], [ 29.657453, 60.2578522 ], [ 29.6574493, 60.2579051 ] ] } },
{ "type": "Feature", "properties": { "u": 8719249686, "v": 8719249679, "key": 0, "osmid": "941538076", "lanes": null, "ref": null, "name": null, "highway": "residential", "maxspeed": null, "oneway": false, "reversed": "0", "length": 221.529, "bridge": null, "width": null, "access": null, "service": null }, "geometry": { "type": "LineString", "coordinates": [ [ 29.6521565, 60.2577527 ], [ 29.6511745, 60.2575044 ], [ 29.6510443, 60.257464 ], [ 29.6509836, 60.2573499 ], [ 29.6521539, 60.2562415 ] ] } },
{ "type": "Feature", "properties": { "u": 8719249686, "v": 8719249687, "key": 0, "osmid": "941538077", "lanes": null, "ref": null, "name": null, "highway": "residential", "maxspeed": null, "oneway": false, "reversed": "0", "length": 293.568, "bridge": null, "width": null, "access": null, "service": null }, "geometry": { "type": "LineString", "coordinates": [ [ 29.6521565, 60.2577527 ], [ 29.6531215, 60.257793 ], [ 29.6545018, 60.2579245 ], [ 29.6569142, 60.2579128 ], [ 29.6574493, 60.2579051 ] ] } },
{ "type": "Feature", "properties": { "u": 8719249686, "v": 503586439, "key": 0, "osmid": "941538079", "lanes": null, "ref": null, "name": null, "highway": "residential", "maxspeed": null, "oneway": false, "reversed": "0", "length": 50.499, "bridge": null, "width": null, "access": null, "service": null }, "geometry": { "type": "LineString", "coordinates": [ [ 29.6521565, 60.2577527 ], [ 29.651684, 60.2580882 ], [ 29.6516491, 60.2581296 ] ] } },
{ "type": "Feature", "properties": { "u": 8719249686, "v": 8719249696, "key": 0, "osmid": "941538079", "lanes": null, "ref": null, "name": null, "highway": "residential", "maxspeed": null, "oneway": false, "reversed": "1", "length": 94.799, "bridge": null, "width": null, "access": null, "service": null }, "geometry": { "type": "LineString", "coordinates": [ [ 29.6521565, 60.2577527 ], [ 29.6529539, 60.2571205 ], [ 29.65312, 60.2570526 ] ] } },
{ "type": "Feature", "properties": { "u": 8719249687, "v": 1776225516, "key": 0, "osmid": "941538077", "lanes": null, "ref": null, "name": null, "highway": "residential", "maxspeed": null, "oneway": false, "reversed": "0", "length": 103.116, "bridge": null, "width": null, "access": null, "service": null }, "geometry": { "type": "LineString", "coordinates": [ [ 29.6574493, 60.2579051 ], [ 29.6592133, 60.2578551 ], [ 29.6593147, 60.2578622 ] ] } },
{ "type": "Feature", "properties": { "u": 8719249687, "v": 8719249686, "key": 0, "osmid": "941538077", "lanes": null, "ref": null, "name": null, "highway": "residential", "maxspeed": null, "oneway": false, "reversed": "1", "length": 293.568, "bridge": null, "width": null, "access": null, "service": null }, "geometry": { "type": "LineString", "coordinates": [ [ 29.6574493, 60.2579051 ], [ 29.6569142, 60.2579128 ], [ 29.6545018, 60.2579245 ], [ 29.6531215, 60.257793 ], [ 29.6521565, 60.2577527 ] ] } },
{ "type": "Feature", "properties": { "u": 8719249687, "v": 8719249684, "key": 0, "osmid": "941538079", "lanes": null, "ref": null, "name": null, "highway": "residential", "maxspeed": null, "oneway": false, "reversed": "0", "length": 84.6, "bridge": null, "width": null, "access": null, "service": null }, "geometry": { "type": "LineString", "coordinates": [ [ 29.6574493, 60.2579051 ], [ 29.657453, 60.2578522 ], [ 29.6573776, 60.2571453 ] ] } },
{ "type": "Feature", "properties": { "u": 8719249695, "v": 8719249679, "key": 0, "osmid": "941538075", "lanes": null, "ref": null, "name": null, "highway": "residential", "maxspeed": null, "oneway": false, "reversed": "1", "length": 66.117, "bridge": null, "width": null, "access": null, "service": null }, "geometry": { "type": "LineString", "coordinates": [ [ 29.6531471, 60.2565743 ], [ 29.6521539, 60.2562415 ] ] } },
{ "type": "Feature", "properties": { "u": 8719249695, "v": 8719249696, "key": 0, "osmid": "941538079", "lanes": null, "ref": null, "name": null, "highway": "residential", "maxspeed": null, "oneway": false, "reversed": "0", "length": 53.206, "bridge": null, "width": null, "access": null, "service": null }, "geometry": { "type": "LineString", "coordinates": [ [ 29.6531471, 60.2565743 ], [ 29.65312, 60.2570526 ] ] } },
{ "type": "Feature", "properties": { "u": 8719249695, "v": 1812814492, "key": 0, "osmid": "941538079", "lanes": null, "ref": null, "name": null, "highway": "residential", "maxspeed": null, "oneway": false, "reversed": "1", "length": 160.962, "bridge": null, "width": null, "access": null, "service": null }, "geometry": { "type": "LineString", "coordinates": [ [ 29.6531471, 60.2565743 ], [ 29.6534031, 60.2563959 ], [ 29.6537894, 60.2561989 ], [ 29.6546394, 60.2561876 ], [ 29.655711, 60.256172 ] ] } },
{ "type": "Feature", "properties": { "u": 8719249696, "v": 8719249695, "key": 0, "osmid": "941538079", "lanes": null, "ref": null, "name": null, "highway": "residential", "maxspeed": null, "oneway": false, "reversed": "1", "length": 53.206, "bridge": null, "width": null, "access": null, "service": null }, "geometry": { "type": "LineString", "coordinates": [ [ 29.65312, 60.2570526 ], [ 29.6531471, 60.2565743 ] ] } },
{ "type": "Feature", "properties": { "u": 8719249696, "v": 8719249684, "key": 0, "osmid": "941538078", "lanes": null, "ref": null, "name": null, "highway": "residential", "maxspeed": null, "oneway": false, "reversed": "0", "length": 236.787, "bridge": null, "width": null, "access": null, "service": null }, "geometry": { "type": "LineString", "coordinates": [ [ 29.65312, 60.2570526 ], [ 29.6545916, 60.2572054 ], [ 29.6560022, 60.2571663 ], [ 29.6573776, 60.2571453 ] ] } },
{ "type": "Feature", "properties": { "u": 8719249696, "v": 8719249686, "key": 0, "osmid": "941538079", "lanes": null, "ref": null, "name": null, "highway": "residential", "maxspeed": null, "oneway": false, "reversed": "0", "length": 94.799, "bridge": null, "width": null, "access": null, "service": null }, "geometry": { "type": "LineString", "coordinates": [ [ 29.65312, 60.2570526 ], [ 29.6529539, 60.2571205 ], [ 29.6521565, 60.2577527 ] ] } },
{ "type": "Feature", "properties": { "u": 8719361251, "v": 1779025022, "key": 0, "osmid": "477647211", "lanes": "1", "ref": null, "name": "Софийская улица", "highway": "residential", "maxspeed": null, "oneway": false, "reversed": "0", "length": 356.357, "bridge": null, "width": null, "access": null, "service": null }, "geometry": { "type": "LineString", "coordinates": [ [ 29.5835538, 60.2547973 ], [ 29.5876956, 60.2523381 ] ] } },
{ "type": "Feature", "properties": { "u": 8758198807, "v": 11663576525, "key": 0, "osmid": "946077755", "lanes": null, "ref": null, "name": null, "highway": "residential", "maxspeed": null, "oneway": false, "reversed": "1", "length": 61.156, "bridge": null, "width": null, "access": null, "service": null }, "geometry": { "type": "LineString", "coordinates": [ [ 29.645486, 60.2559484 ], [ 29.6455974, 60.2564956 ] ] } },
{ "type": "Feature", "properties": { "u": 8758198808, "v": 7020396870, "key": 0, "osmid": "41213556", "lanes": "1", "ref": null, "name": "Еловая аллея", "highway": "residential", "maxspeed": "60", "oneway": false, "reversed": "0", "length": 11.243, "bridge": null, "width": null, "access": null, "service": null }, "geometry": { "type": "LineString", "coordinates": [ [ 29.6458264, 60.2578983 ], [ 29.6460297, 60.2578912 ] ] } },
{ "type": "Feature", "properties": { "u": 8758198808, "v": 883156086, "key": 0, "osmid": "41213556", "lanes": "1", "ref": null, "name": "Еловая аллея", "highway": "residential", "maxspeed": "60", "oneway": false, "reversed": "1", "length": 75.657, "bridge": null, "width": null, "access": null, "service": null }, "geometry": { "type": "LineString", "coordinates": [ [ 29.6458264, 60.2578983 ], [ 29.6444631, 60.2579726 ] ] } },
{ "type": "Feature", "properties": { "u": 8758198808, "v": 11663576525, "key": 0, "osmid": "946077755", "lanes": null, "ref": null, "name": null, "highway": "residential", "maxspeed": null, "oneway": false, "reversed": "0", "length": 156.526, "bridge": null, "width": null, "access": null, "service": null }, "geometry": { "type": "LineString", "coordinates": [ [ 29.6458264, 60.2578983 ], [ 29.64582, 60.257769 ], [ 29.6457885, 60.2574935 ], [ 29.6455974, 60.2564956 ] ] } },
{ "type": "Feature", "properties": { "u": 9152663230, "v": 1779024998, "key": 0, "osmid": "166455301", "lanes": "1", "ref": null, "name": null, "highway": "residential", "maxspeed": null, "oneway": false, "reversed": "1", "length": 120.227, "bridge": null, "width": null, "access": null, "service": null }, "geometry": { "type": "LineString", "coordinates": [ [ 29.5860207, 60.2481871 ], [ 29.5852623, 60.2485918 ], [ 29.584519, 60.2489704 ] ] } },
{ "type": "Feature", "properties": { "u": 9319425530, "v": 9319425540, "key": 0, "osmid": "1010051179", "lanes": "1", "ref": null, "name": "улица Нижнее Рощино", "highway": "residential", "maxspeed": null, "oneway": false, "reversed": "0", "length": 77.301, "bridge": null, "width": null, "access": null, "service": null }, "geometry": { "type": "LineString", "coordinates": [ [ 29.5906399, 60.2429203 ], [ 29.5915225, 60.2423805 ] ] } },
{ "type": "Feature", "properties": { "u": 9319425530, "v": 1452328793, "key": 0, "osmid": "1010051179", "lanes": "1", "ref": null, "name": "улица Нижнее Рощино", "highway": "residential", "maxspeed": null, "oneway": false, "reversed": "1", "length": 73.242, "bridge": null, "width": null, "access": null, "service": null }, "geometry": { "type": "LineString", "coordinates": [ [ 29.5906399, 60.2429203 ], [ 29.5897944, 60.243428 ] ] } },
{ "type": "Feature", "properties": { "u": 9319425530, "v": 1452328793, "key": 1, "lanes": "1", "ref": null, "highway": "residential", "maxspeed": null, "oneway": false, "reversed": "1", "length": 303.475, "bridge": null, "width": null, "access": null, "service": null }, "geometry": { "type": "LineString", "coordinates": [ [ 29.5906399, 60.2429203 ], [ 29.5901433, 60.2427547 ], [ 29.5890784, 60.2422888 ], [ 29.5889343, 60.2422715 ], [ 29.588204, 60.2426775 ], [ 29.5882057, 60.2427389 ], [ 29.5882818, 60.242788 ], [ 29.5897944, 60.243428 ] ] } },
{ "type": "Feature", "properties": { "u": 9319425531, "v": 11366114677, "key": 0, "osmid": "1010051179", "lanes": "1", "ref": null, "name": "улица Нижнее Рощино", "highway": "residential", "maxspeed": null, "oneway": false, "reversed": "1", "length": 8.976, "bridge": null, "width": null, "access": null, "service": null }, "geometry": { "type": "LineString", "coordinates": [ [ 29.5944892, 60.240661 ], [ 29.5943765, 60.2407192 ] ] } },
{ "type": "Feature", "properties": { "u": 9319425531, "v": 11366114678, "key": 0, "osmid": "1010051178", "lanes": null, "ref": null, "name": "улица Нижнее Рощино", "highway": "residential", "maxspeed": null, "oneway": false, "reversed": "0", "length": 175.543, "bridge": null, "width": null, "access": null, "service": null }, "geometry": { "type": "LineString", "coordinates": [ [ 29.5944892, 60.240661 ], [ 29.5954462, 60.2401315 ], [ 29.596538, 60.2394543 ] ] } },
{ "type": "Feature", "properties": { "u": 9319425531, "v": 956009869, "key": 0, "lanes": "1", "ref": null, "name": "Усадебная улица", "highway": "residential", "maxspeed": null, "oneway": false, "reversed": "1", "length": 204.641, "bridge": null, "width": null, "access": null, "service": null }, "geometry": { "type": "LineString", "coordinates": [ [ 29.5944892, 60.240661 ], [ 29.5955532, 60.2411363 ], [ 29.5972471, 60.2418911 ] ] } },
{ "type": "Feature", "properties": { "u": 9319425536, "v": 1462553385, "key": 0, "osmid": "1010051179", "lanes": "1", "ref": null, "name": "улица Нижнее Рощино", "highway": "residential", "maxspeed": null, "oneway": false, "reversed": "0", "length": 42.927, "bridge": null, "width": null, "access": null, "service": null }, "geometry": { "type": "LineString", "coordinates": [ [ 29.5889059, 60.243919 ], [ 29.5894277, 60.2436327 ] ] } },
{ "type": "Feature", "properties": { "u": 9319425536, "v": 1462867082, "key": 0, "osmid": "1010051179", "lanes": "1", "ref": null, "name": "улица Нижнее Рощино", "highway": "residential", "maxspeed": null, "oneway": false, "reversed": "1", "length": 39.578, "bridge": null, "width": null, "access": null, "service": null }, "geometry": { "type": "LineString", "coordinates": [ [ 29.5889059, 60.243919 ], [ 29.5884665, 60.2442003 ] ] } },
{ "type": "Feature", "properties": { "u": 9319425536, "v": 9319425539, "key": 0, "lanes": "1", "ref": null, "highway": "residential", "maxspeed": null, "oneway": false, "length": 308.619, "bridge": null, "width": null, "access": null, "service": null }, "geometry": { "type": "LineString", "coordinates": [ [ 29.5889059, 60.243919 ], [ 29.5872362, 60.243196 ], [ 29.5865115, 60.243628 ], [ 29.586524, 60.2436663 ], [ 29.5865625, 60.2437065 ], [ 29.5880575, 60.2444213 ] ] } },
{ "type": "Feature", "properties": { "u": 9319425539, "v": 1462867082, "key": 0, "osmid": "1010051179", "lanes": "1", "ref": null, "name": "улица Нижнее Рощино", "highway": "residential", "maxspeed": null, "oneway": false, "reversed": "0", "length": 33.367, "bridge": null, "width": null, "access": null, "service": null }, "geometry": { "type": "LineString", "coordinates": [ [ 29.5880575, 60.2444213 ], [ 29.5884665, 60.2442003 ] ] } },
{ "type": "Feature", "properties": { "u": 9319425539, "v": 9319425536, "key": 0, "lanes": "1", "ref": null, "highway": "residential", "maxspeed": null, "oneway": false, "length": 308.619, "bridge": null, "width": null, "access": null, "service": null }, "geometry": { "type": "LineString", "coordinates": [ [ 29.5880575, 60.2444213 ], [ 29.5865625, 60.2437065 ], [ 29.586524, 60.2436663 ], [ 29.5865115, 60.243628 ], [ 29.5872362, 60.243196 ], [ 29.5889059, 60.243919 ] ] } },
{ "type": "Feature", "properties": { "u": 9319425540, "v": 9319425530, "key": 0, "osmid": "1010051179", "lanes": "1", "ref": null, "name": "улица Нижнее Рощино", "highway": "residential", "maxspeed": null, "oneway": false, "reversed": "1", "length": 77.301, "bridge": null, "width": null, "access": null, "service": null }, "geometry": { "type": "LineString", "coordinates": [ [ 29.5915225, 60.2423805 ], [ 29.5906399, 60.2429203 ] ] } },
{ "type": "Feature", "properties": { "u": 9319425540, "v": 11167047075, "key": 0, "osmid": "1010051179", "lanes": "1", "ref": null, "name": "улица Нижнее Рощино", "highway": "residential", "maxspeed": null, "oneway": false, "reversed": "0", "length": 91.982, "bridge": null, "width": null, "access": null, "service": null }, "geometry": { "type": "LineString", "coordinates": [ [ 29.5915225, 60.2423805 ], [ 29.5915684, 60.2423534 ], [ 29.5921579, 60.2419899 ], [ 29.5925889, 60.241745 ] ] } },
{ "type": "Feature", "properties": { "u": 11167047031, "v": 11366114678, "key": 0, "osmid": "1204918318", "lanes": null, "ref": null, "name": "улица Нижнее Рощино", "highway": "residential", "maxspeed": null, "oneway": false, "reversed": "0", "length": 116.149, "bridge": null, "width": null, "access": null, "service": null }, "geometry": { "type": "LineString", "coordinates": [ [ 29.5978792, 60.2386494 ], [ 29.596538, 60.2394543 ] ] } },
{ "type": "Feature", "properties": { "u": 11167047031, "v": 499049115, "key": 0, "osmid": "1204918320", "lanes": null, "ref": null, "name": null, "highway": "residential", "maxspeed": null, "oneway": false, "reversed": "0", "length": 117.322, "bridge": null, "width": null, "access": null, "service": null }, "geometry": { "type": "LineString", "coordinates": [ [ 29.5978792, 60.2386494 ], [ 29.5994141, 60.2393793 ] ] } },
{ "type": "Feature", "properties": { "u": 11167047031, "v": 11366114679, "key": 0, "osmid": "1204918318", "lanes": null, "ref": null, "name": "улица Нижнее Рощино", "highway": "residential", "maxspeed": null, "oneway": false, "reversed": "1", "length": 227.047, "bridge": null, "width": null, "access": null, "service": null }, "geometry": { "type": "LineString", "coordinates": [ [ 29.5978792, 60.2386494 ], [ 29.598388, 60.2383857 ], [ 29.6005772, 60.2371088 ] ] } },
{ "type": "Feature", "properties": { "u": 11167047040, "v": 11366114678, "key": 0, "osmid": "172657847", "lanes": null, "ref": null, "name": "Хуторская улица", "highway": "residential", "maxspeed": null, "oneway": false, "reversed": "1", "length": 100.468, "bridge": null, "width": null, "access": null, "service": null }, "geometry": { "type": "LineString", "coordinates": [ [ 29.5951121, 60.2388927 ], [ 29.596538, 60.2394543 ] ] } },
{ "type": "Feature", "properties": { "u": 11167047040, "v": 499049188, "key": 0, "osmid": "1204918321", "lanes": null, "ref": null, "name": "Линдуловская улица", "highway": "residential", "maxspeed": null, "oneway": false, "reversed": "0", "length": 352.695, "bridge": null, "width": null, "access": null, "service": null }, "geometry": { "type": "LineString", "coordinates": [ [ 29.5951121, 60.2388927 ], [ 29.5969665, 60.2377623 ], [ 29.5992002, 60.2364552 ] ] } },
{ "type": "Feature", "properties": { "u": 11167047040, "v": 11167047080, "key": 0, "osmid": "1204918321", "lanes": null, "ref": null, "name": "Линдуловская улица", "highway": "residential", "maxspeed": null, "oneway": false, "reversed": "1", "length": 106.801, "bridge": null, "width": null, "access": null, "service": null }, "geometry": { "type": "LineString", "coordinates": [ [ 29.5951121, 60.2388927 ], [ 29.5947074, 60.2391557 ], [ 29.5944197, 60.2393178 ], [ 29.5938659, 60.2396267 ] ] } },
{ "type": "Feature", "properties": { "u": 11167047048, "v": 499049166, "key": 0, "osmid": "1204918323", "lanes": null, "ref": null, "name": "Радужная улица", "highway": "residential", "maxspeed": null, "oneway": false, "reversed": "1", "length": 236.665, "bridge": null, "width": null, "access": null, "service": null }, "geometry": { "type": "LineString", "coordinates": [ [ 29.6022198, 60.2349437 ], [ 29.5994384, 60.2365634 ] ] } },
{ "type": "Feature", "properties": { "u": 11167047048, "v": 1375490016, "key": 0, "lanes": null, "ref": null, "name": "Лазурная улица", "highway": "residential", "maxspeed": null, "oneway": false, "reversed": "0", "length": 815.149, "bridge": null, "width": null, "access": null, "service": null }, "geometry": { "type": "LineString", "coordinates": [ [ 29.6022198, 60.2349437 ], [ 29.6074342, 60.2377856 ], [ 29.6078778, 60.237994 ], [ 29.608556, 60.2376941 ], [ 29.6089637, 60.2376835 ], [ 29.6101868, 60.2383386 ], [ 29.6108671, 60.2386068 ], [ 29.6116996, 60.238935 ], [ 29.6127617, 60.2393611 ] ] } },
{ "type": "Feature", "properties": { "u": 11167047057, "v": 6086008231, "key": 0, "osmid": "1204918325", "lanes": null, "ref": null, "name": null, "highway": "residential", "maxspeed": null, "oneway": false, "reversed": "1", "length": 226.154, "bridge": null, "width": null, "access": null, "service": null }, "geometry": { "type": "LineString", "coordinates": [ [ 29.6028252, 60.2398181 ], [ 29.6017636, 60.2401292 ], [ 29.60081, 60.2396799 ], [ 29.5996277, 60.2391825 ] ] } },
{ "type": "Feature", "properties": { "u": 11167047065, "v": 11167047075, "key": 0, "osmid": "1010051179", "lanes": "1", "ref": null, "name": "улица Нижнее Рощино", "highway": "residential", "maxspeed": null, "oneway": false, "reversed": "1", "length": 38.205, "bridge": null, "width": null, "access": null, "service": null }, "geometry": { "type": "LineString", "coordinates": [ [ 29.5930506, 60.241489 ], [ 29.5925889, 60.241745 ] ] } },
{ "type": "Feature", "properties": { "u": 11167047065, "v": 11366114677, "key": 0, "osmid": "1010051179", "lanes": "1", "ref": null, "name": "улица Нижнее Рощино", "highway": "residential", "maxspeed": null, "oneway": false, "reversed": "0", "length": 112.615, "bridge": null, "width": null, "access": null, "service": null }, "geometry": { "type": "LineString", "coordinates": [ [ 29.5930506, 60.241489 ], [ 29.59405, 60.2409087 ], [ 29.5943765, 60.2407192 ] ] } },
{ "type": "Feature", "properties": { "u": 11167047065, "v": 11350505107, "key": 0, "osmid": "1204918328", "lanes": null, "ref": null, "name": null, "highway": "residential", "maxspeed": null, "oneway": false, "reversed": "0", "length": 49.404, "bridge": null, "width": null, "access": "private", "service": null }, "geometry": { "type": "LineString", "coordinates": [ [ 29.5930506, 60.241489 ], [ 29.5930883, 60.2415133 ], [ 29.593764, 60.2417554 ] ] } },
{ "type": "Feature", "properties": { "u": 11167047070, "v": 11167047071, "key": 0, "osmid": "1204918326", "lanes": null, "ref": null, "name": "Усадебная улица", "highway": "residential", "maxspeed": null, "oneway": false, "reversed": "1", "length": 39.252, "bridge": null, "width": null, "access": null, "service": null }, "geometry": { "type": "LineString", "coordinates": [ [ 29.5922184, 60.2398206 ], [ 29.5927744, 60.2400407 ] ] } },
{ "type": "Feature", "properties": { "u": 11167047071, "v": 11167047070, "key": 0, "osmid": "1204918326", "lanes": null, "ref": null, "name": "Усадебная улица", "highway": "residential", "maxspeed": null, "oneway": false, "reversed": "0", "length": 39.252, "bridge": null, "width": null, "access": null, "service": null }, "geometry": { "type": "LineString", "coordinates": [ [ 29.5927744, 60.2400407 ], [ 29.5922184, 60.2398206 ] ] } },
{ "type": "Feature", "properties": { "u": 11167047071, "v": 11366114677, "key": 0, "osmid": "1204918326", "lanes": null, "ref": null, "name": "Усадебная улица", "highway": "residential", "maxspeed": null, "oneway": false, "reversed": "1", "length": 116.237, "bridge": null, "width": null, "access": null, "service": null }, "geometry": { "type": "LineString", "coordinates": [ [ 29.5927744, 60.2400407 ], [ 29.5943765, 60.2407192 ] ] } },
{ "type": "Feature", "properties": { "u": 11167047071, "v": 11167047075, "key": 0, "osmid": "1204918327", "lanes": null, "ref": null, "name": "Улица Асташева", "highway": "residential", "maxspeed": null, "oneway": false, "reversed": "0", "length": 260.639, "bridge": null, "width": null, "access": null, "service": null }, "geometry": { "type": "LineString", "coordinates": [ [ 29.5927744, 60.2400407 ], [ 29.5911062, 60.24102 ], [ 29.591087, 60.2410707 ], [ 29.5911276, 60.2411172 ], [ 29.5912803, 60.2411828 ], [ 29.5925889, 60.241745 ] ] } },
{ "type": "Feature", "properties": { "u": 11167047075, "v": 11167047065, "key": 0, "osmid": "1010051179", "lanes": "1", "ref": null, "name": "улица Нижнее Рощино", "highway": "residential", "maxspeed": null, "oneway": false, "reversed": "0", "length": 38.205, "bridge": null, "width": null, "access": null, "service": null }, "geometry": { "type": "LineString", "coordinates": [ [ 29.5925889, 60.241745 ], [ 29.5930506, 60.241489 ] ] } },
{ "type": "Feature", "properties": { "u": 11167047075, "v": 9319425540, "key": 0, "osmid": "1010051179", "lanes": "1", "ref": null, "name": "улица Нижнее Рощино", "highway": "residential", "maxspeed": null, "oneway": false, "reversed": "1", "length": 91.982, "bridge": null, "width": null, "access": null, "service": null }, "geometry": { "type": "LineString", "coordinates": [ [ 29.5925889, 60.241745 ], [ 29.5921579, 60.2419899 ], [ 29.5915684, 60.2423534 ], [ 29.5915225, 60.2423805 ] ] } },
{ "type": "Feature", "properties": { "u": 11167047075, "v": 11167047071, "key": 0, "osmid": "1204918327", "lanes": null, "ref": null, "name": "Улица Асташева", "highway": "residential", "maxspeed": null, "oneway": false, "reversed": "1", "length": 260.639, "bridge": null, "width": null, "access": null, "service": null }, "geometry": { "type": "LineString", "coordinates": [ [ 29.5925889, 60.241745 ], [ 29.5912803, 60.2411828 ], [ 29.5911276, 60.2411172 ], [ 29.591087, 60.2410707 ], [ 29.5911062, 60.24102 ], [ 29.5927744, 60.2400407 ] ] } },
{ "type": "Feature", "properties": { "u": 11167047077, "v": 11350505107, "key": 0, "osmid": "1204918328", "lanes": null, "ref": null, "name": null, "highway": "residential", "maxspeed": null, "oneway": false, "reversed": "1", "length": 102.706, "bridge": null, "width": null, "access": "private", "service": null }, "geometry": { "type": "LineString", "coordinates": [ [ 29.5951445, 60.2423748 ], [ 29.593764, 60.2417554 ] ] } },
{ "type": "Feature", "properties": { "u": 11167047077, "v": 11366114676, "key": 0, "osmid": "1223710373", "lanes": null, "ref": null, "name": null, "highway": "residential", "maxspeed": null, "oneway": false, "reversed": "1", "length": 35.531, "bridge": null, "width": null, "access": "private", "service": null }, "geometry": { "type": "LineString", "coordinates": [ [ 29.5951445, 60.2423748 ], [ 29.5955075, 60.2421109 ] ] } },
{ "type": "Feature", "properties": { "u": 11167047077, "v": 11350505108, "key": 0, "osmid": "1225370662", "lanes": "1", "ref": null, "name": "переулок Достоевского", "highway": "residential", "maxspeed": null, "oneway": false, "reversed": "0", "length": 34.088, "bridge": null, "width": null, "access": "private", "service": null }, "geometry": { "type": "LineString", "coordinates": [ [ 29.5951445, 60.2423748 ], [ 29.594835, 60.2426401 ] ] } },
{ "type": "Feature", "properties": { "u": 11167047080, "v": 11167047040, "key": 0, "osmid": "1204918321", "lanes": null, "ref": null, "name": "Линдуловская улица", "highway": "residential", "maxspeed": null, "oneway": false, "reversed": "0", "length": 106.801, "bridge": null, "width": null, "access": null, "service": null }, "geometry": { "type": "LineString", "coordinates": [ [ 29.5938659, 60.2396267 ], [ 29.5944197, 60.2393178 ], [ 29.5947074, 60.2391557 ], [ 29.5951121, 60.2388927 ] ] } },
{ "type": "Feature", "properties": { "u": 11261590405, "v": 883156116, "key": 0, "osmid": "74754864", "lanes": "1", "ref": null, "name": "Розовый переулок", "highway": "residential", "maxspeed": "RU:urban", "oneway": false, "reversed": "1", "length": 10.242, "bridge": null, "width": null, "access": null, "service": null }, "geometry": { "type": "LineString", "coordinates": [ [ 29.6290197, 60.2607056 ], [ 29.6289874, 60.2607178 ], [ 29.6288709, 60.2607607 ] ] } },
{ "type": "Feature", "properties": { "u": 11261590405, "v": 883156107, "key": 0, "osmid": "1215468985", "lanes": "1", "ref": null, "name": "Розовый переулок", "highway": "residential", "maxspeed": "RU:urban", "oneway": false, "reversed": "0", "length": 113.534, "bridge": null, "width": null, "access": null, "service": null }, "geometry": { "type": "LineString", "coordinates": [ [ 29.6290197, 60.2607056 ], [ 29.6298266, 60.2604309 ], [ 29.6306152, 60.2600651 ] ] } },
{ "type": "Feature", "properties": { "u": 11261590405, "v": 1747122204, "key": 0, "lanes": null, "ref": null, "name": null, "highway": "residential", "maxspeed": null, "oneway": false, "reversed": "0", "length": 238.483, "bridge": "yes", "width": null, "access": null, "service": null }, "geometry": { "type": "LineString", "coordinates": [ [ 29.6290197, 60.2607056 ], [ 29.6293384, 60.2609585 ], [ 29.6299111, 60.2614434 ], [ 29.6302597, 60.2617548 ], [ 29.6305588, 60.2619736 ], [ 29.6307117, 60.2620388 ], [ 29.6309665, 60.2621081 ], [ 29.6317444, 60.2622734 ] ] } },
{ "type": "Feature", "properties": { "u": 11261590405, "v": 496246345, "key": 0, "osmid": "1215468989", "lanes": null, "ref": null, "name": null, "highway": "residential", "maxspeed": null, "oneway": false, "reversed": "1", "length": 89.943, "bridge": null, "width": null, "access": null, "service": null }, "geometry": { "type": "LineString", "coordinates": [ [ 29.6290197, 60.2607056 ], [ 29.6284184, 60.2603425 ], [ 29.6281326, 60.2600346 ] ] } },
{ "type": "Feature", "properties": { "u": 11273354978, "v": 712870498, "key": 0, "lanes": null, "ref": null, "name": null, "highway": "unclassified", "maxspeed": null, "oneway": false, "reversed": "1", "length": 104.333, "bridge": null, "width": null, "access": null, "service": null }, "geometry": { "type": "LineString", "coordinates": [ [ 29.6457684, 60.2427142 ], [ 29.64517, 60.2426852 ], [ 29.6445465, 60.242535 ], [ 29.6441166, 60.24233 ] ] } },
{ "type": "Feature", "properties": { "u": 11350505087, "v": 11350505107, "key": 0, "osmid": "1223710372", "lanes": null, "ref": null, "name": null, "highway": "residential", "maxspeed": null, "oneway": false, "reversed": "0", "length": 39.96, "bridge": null, "width": null, "access": "private", "service": null }, "geometry": { "type": "LineString", "coordinates": [ [ 29.5942386, 60.241484 ], [ 29.593764, 60.2417554 ] ] } },
{ "type": "Feature", "properties": { "u": 11350505087, "v": 11350505087, "key": 0, "osmid": "1223710370", "lanes": null, "ref": null, "name": null, "highway": "residential", "maxspeed": null, "oneway": false, "reversed": "0", "length": 45.626, "bridge": null, "width": null, "access": "private", "service": null }, "geometry": { "type": "LineString", "coordinates": [ [ 29.5942386, 60.241484 ], [ 29.5942751, 60.2414971 ], [ 29.5943154, 60.2415032 ], [ 29.5943575, 60.2415027 ], [ 29.5943971, 60.2414956 ], [ 29.5944303, 60.2414827 ], [ 29.5944535, 60.2414653 ], [ 29.5944646, 60.2414451 ], [ 29.5944623, 60.2414242 ], [ 29.5944468, 60.2414047 ], [ 29.5944199, 60.2413887 ], [ 29.5943841, 60.2413777 ], [ 29.5943402, 60.2413727 ], [ 29.5942954, 60.2413753 ], [ 29.5942551, 60.2413852 ], [ 29.5942238, 60.2414013 ], [ 29.5942052, 60.2414217 ], [ 29.5942015, 60.241444 ], [ 29.594213, 60.2414656 ], [ 29.5942386, 60.241484 ] ] } },
{ "type": "Feature", "properties": { "u": 11350505087, "v": 11350505087, "key": 1, "osmid": "1223710370", "lanes": null, "ref": null, "name": null, "highway": "residential", "maxspeed": null, "oneway": false, "reversed": "1", "length": 45.626, "bridge": null, "width": null, "access": "private", "service": null }, "geometry": { "type": "LineString", "coordinates": [ [ 29.5942386, 60.241484 ], [ 29.594213, 60.2414656 ], [ 29.5942015, 60.241444 ], [ 29.5942052, 60.2414217 ], [ 29.5942238, 60.2414013 ], [ 29.5942551, 60.2413852 ], [ 29.5942954, 60.2413753 ], [ 29.5943402, 60.2413727 ], [ 29.5943841, 60.2413777 ], [ 29.5944199, 60.2413887 ], [ 29.5944468, 60.2414047 ], [ 29.5944623, 60.2414242 ], [ 29.5944646, 60.2414451 ], [ 29.5944535, 60.2414653 ], [ 29.5944303, 60.2414827 ], [ 29.5943971, 60.2414956 ], [ 29.5943575, 60.2415027 ], [ 29.5943154, 60.2415032 ], [ 29.5942751, 60.2414971 ], [ 29.5942386, 60.241484 ] ] } },
{ "type": "Feature", "properties": { "u": 11350505107, "v": 11167047077, "key": 0, "osmid": "1204918328", "lanes": null, "ref": null, "name": null, "highway": "residential", "maxspeed": null, "oneway": false, "reversed": "0", "length": 102.706, "bridge": null, "width": null, "access": "private", "service": null }, "geometry": { "type": "LineString", "coordinates": [ [ 29.593764, 60.2417554 ], [ 29.5951445, 60.2423748 ] ] } },
{ "type": "Feature", "properties": { "u": 11350505107, "v": 11350505087, "key": 0, "osmid": "1223710372", "lanes": null, "ref": null, "name": null, "highway": "residential", "maxspeed": null, "oneway": false, "reversed": "1", "length": 39.96, "bridge": null, "width": null, "access": "private", "service": null }, "geometry": { "type": "LineString", "coordinates": [ [ 29.593764, 60.2417554 ], [ 29.5942386, 60.241484 ] ] } },
{ "type": "Feature", "properties": { "u": 11350505107, "v": 11167047065, "key": 0, "osmid": "1204918328", "lanes": null, "ref": null, "name": null, "highway": "residential", "maxspeed": null, "oneway": false, "reversed": "1", "length": 49.404, "bridge": null, "width": null, "access": "private", "service": null }, "geometry": { "type": "LineString", "coordinates": [ [ 29.593764, 60.2417554 ], [ 29.5930883, 60.2415133 ], [ 29.5930506, 60.241489 ] ] } },
{ "type": "Feature", "properties": { "u": 11350505108, "v": 11350505109, "key": 0, "osmid": "1223710374", "lanes": null, "ref": null, "name": null, "highway": "residential", "maxspeed": null, "oneway": false, "reversed": "0", "length": 51.822, "bridge": null, "width": null, "access": "private", "service": null }, "geometry": { "type": "LineString", "coordinates": [ [ 29.594835, 60.2426401 ], [ 29.5955517, 60.2429412 ] ] } },
{ "type": "Feature", "properties": { "u": 11350505108, "v": 11167047077, "key": 0, "osmid": "1225370662", "lanes": "1", "ref": null, "name": "переулок Достоевского", "highway": "residential", "maxspeed": null, "oneway": false, "reversed": "1", "length": 34.088, "bridge": null, "width": null, "access": "private", "service": null }, "geometry": { "type": "LineString", "coordinates": [ [ 29.594835, 60.2426401 ], [ 29.5951445, 60.2423748 ] ] } },
{ "type": "Feature", "properties": { "u": 11350505108, "v": 956009865, "key": 0, "lanes": "1", "ref": null, "name": "переулок Достоевского", "highway": "residential", "maxspeed": null, "oneway": false, "reversed": "0", "length": 117.406, "bridge": null, "width": null, "access": "private", "service": null }, "geometry": { "type": "LineString", "coordinates": [ [ 29.594835, 60.2426401 ], [ 29.5944862, 60.2429058 ], [ 29.5944602, 60.2429239 ], [ 29.5937615, 60.2435509 ] ] } },
{ "type": "Feature", "properties": { "u": 11350505109, "v": 11350505108, "key": 0, "osmid": "1223710374", "lanes": null, "ref": null, "name": null, "highway": "residential", "maxspeed": null, "oneway": false, "reversed": "1", "length": 51.822, "bridge": null, "width": null, "access": "private", "service": null }, "geometry": { "type": "LineString", "coordinates": [ [ 29.5955517, 60.2429412 ], [ 29.594835, 60.2426401 ] ] } },
{ "type": "Feature", "properties": { "u": 11363674913, "v": 1452328804, "key": 0, "osmid": "131995272", "lanes": "1", "ref": null, "name": "Онежский переулок", "highway": "residential", "maxspeed": null, "oneway": false, "reversed": "1", "length": 160.12, "bridge": null, "width": null, "access": null, "service": null }, "geometry": { "type": "LineString", "coordinates": [ [ 29.5914964, 60.243803 ], [ 29.5926759, 60.2442651 ], [ 29.5932446, 60.2444848 ], [ 29.5939101, 60.2445492 ] ] } },
{ "type": "Feature", "properties": { "u": 11366114676, "v": 11167047077, "key": 0, "osmid": "1223710373", "lanes": null, "ref": null, "name": null, "highway": "residential", "maxspeed": null, "oneway": false, "reversed": "0", "length": 35.531, "bridge": null, "width": null, "access": "private", "service": null }, "geometry": { "type": "LineString", "coordinates": [ [ 29.5955075, 60.2421109 ], [ 29.5951445, 60.2423748 ] ] } },
{ "type": "Feature", "properties": { "u": 11366114676, "v": 11366114676, "key": 0, "osmid": "1223710371", "lanes": null, "ref": null, "name": null, "highway": "residential", "maxspeed": null, "oneway": false, "reversed": "0", "length": 45.625, "bridge": null, "width": null, "access": "private", "service": null }, "geometry": { "type": "LineString", "coordinates": [ [ 29.5955075, 60.2421109 ], [ 29.5955216, 60.242116 ], [ 29.5955365, 60.2421182 ], [ 29.5955619, 60.2421221 ], [ 29.595604, 60.2421216 ], [ 29.5956437, 60.2421145 ], [ 29.5956768, 60.2421016 ], [ 29.5957001, 60.2420842 ], [ 29.5957111, 60.242064 ], [ 29.5957088, 60.2420431 ], [ 29.5956934, 60.2420237 ], [ 29.5956664, 60.2420076 ], [ 29.5956306, 60.2419966 ], [ 29.5955867, 60.2419916 ], [ 29.595542, 60.2419942 ], [ 29.5955016, 60.2420042 ], [ 29.5954703, 60.2420202 ], [ 29.5954517, 60.2420406 ], [ 29.595448, 60.2420629 ], [ 29.5954596, 60.2420845 ], [ 29.5954851, 60.2421029 ], [ 29.5955075, 60.2421109 ] ] } },
{ "type": "Feature", "properties": { "u": 11366114676, "v": 11366114676, "key": 1, "osmid": "1223710371", "lanes": null, "ref": null, "name": null, "highway": "residential", "maxspeed": null, "oneway": false, "reversed": "1", "length": 45.625, "bridge": null, "width": null, "access": "private", "service": null }, "geometry": { "type": "LineString", "coordinates": [ [ 29.5955075, 60.2421109 ], [ 29.5954851, 60.2421029 ], [ 29.5954596, 60.2420845 ], [ 29.595448, 60.2420629 ], [ 29.5954517, 60.2420406 ], [ 29.5954703, 60.2420202 ], [ 29.5955016, 60.2420042 ], [ 29.595542, 60.2419942 ], [ 29.5955867, 60.2419916 ], [ 29.5956306, 60.2419966 ], [ 29.5956664, 60.2420076 ], [ 29.5956934, 60.2420237 ], [ 29.5957088, 60.2420431 ], [ 29.5957111, 60.242064 ], [ 29.5957001, 60.2420842 ], [ 29.5956768, 60.2421016 ], [ 29.5956437, 60.2421145 ], [ 29.595604, 60.2421216 ], [ 29.5955619, 60.2421221 ], [ 29.5955365, 60.2421182 ], [ 29.5955216, 60.242116 ], [ 29.5955075, 60.2421109 ] ] } },
{ "type": "Feature", "properties": { "u": 11366114677, "v": 9319425531, "key": 0, "osmid": "1010051179", "lanes": "1", "ref": null, "name": "улица Нижнее Рощино", "highway": "residential", "maxspeed": null, "oneway": false, "reversed": "0", "length": 8.976, "bridge": null, "width": null, "access": null, "service": null }, "geometry": { "type": "LineString", "coordinates": [ [ 29.5943765, 60.2407192 ], [ 29.5944892, 60.240661 ] ] } },
{ "type": "Feature", "properties": { "u": 11366114677, "v": 11167047071, "key": 0, "osmid": "1204918326", "lanes": null, "ref": null, "name": "Усадебная улица", "highway": "residential", "maxspeed": null, "oneway": false, "reversed": "0", "length": 116.237, "bridge": null, "width": null, "access": null, "service": null }, "geometry": { "type": "LineString", "coordinates": [ [ 29.5943765, 60.2407192 ], [ 29.5927744, 60.2400407 ] ] } },
{ "type": "Feature", "properties": { "u": 11366114677, "v": 11167047065, "key": 0, "osmid": "1010051179", "lanes": "1", "ref": null, "name": "улица Нижнее Рощино", "highway": "residential", "maxspeed": null, "oneway": false, "reversed": "1", "length": 112.615, "bridge": null, "width": null, "access": null, "service": null }, "geometry": { "type": "LineString", "coordinates": [ [ 29.5943765, 60.2407192 ], [ 29.59405, 60.2409087 ], [ 29.5930506, 60.241489 ] ] } },
{ "type": "Feature", "properties": { "u": 11366114678, "v": 11167047040, "key": 0, "osmid": "172657847", "lanes": null, "ref": null, "name": "Хуторская улица", "highway": "residential", "maxspeed": null, "oneway": false, "reversed": "0", "length": 100.468, "bridge": null, "width": null, "access": null, "service": null }, "geometry": { "type": "LineString", "coordinates": [ [ 29.596538, 60.2394543 ], [ 29.5951121, 60.2388927 ] ] } },
{ "type": "Feature", "properties": { "u": 11366114678, "v": 11167047031, "key": 0, "osmid": "1204918318", "lanes": null, "ref": null, "name": "улица Нижнее Рощино", "highway": "residential", "maxspeed": null, "oneway": false, "reversed": "1", "length": 116.149, "bridge": null, "width": null, "access": null, "service": null }, "geometry": { "type": "LineString", "coordinates": [ [ 29.596538, 60.2394543 ], [ 29.5978792, 60.2386494 ] ] } },
{ "type": "Feature", "properties": { "u": 11366114678, "v": 499049102, "key": 0, "osmid": "172657847", "lanes": null, "ref": null, "name": "Хуторская улица", "highway": "residential", "maxspeed": null, "oneway": false, "reversed": "1", "length": 126.236, "bridge": null, "width": null, "access": null, "service": null }, "geometry": { "type": "LineString", "coordinates": [ [ 29.596538, 60.2394543 ], [ 29.5973852, 60.2397859 ], [ 29.5982101, 60.2402241 ] ] } },
{ "type": "Feature", "properties": { "u": 11366114678, "v": 9319425531, "key": 0, "osmid": "1010051178", "lanes": null, "ref": null, "name": "улица Нижнее Рощино", "highway": "residential", "maxspeed": null, "oneway": false, "reversed": "1", "length": 175.543, "bridge": null, "width": null, "access": null, "service": null }, "geometry": { "type": "LineString", "coordinates": [ [ 29.596538, 60.2394543 ], [ 29.5954462, 60.2401315 ], [ 29.5944892, 60.240661 ] ] } },
{ "type": "Feature", "properties": { "u": 11366114679, "v": 499049166, "key": 0, "osmid": "93039226", "lanes": "2", "ref": null, "name": "Южная улица", "highway": "residential", "maxspeed": "60", "oneway": false, "reversed": "0", "length": 87.735, "bridge": null, "width": "2", "access": null, "service": null }, "geometry": { "type": "LineString", "coordinates": [ [ 29.6005772, 60.2371088 ], [ 29.600278, 60.236918 ], [ 29.5994384, 60.2365634 ] ] } },
{ "type": "Feature", "properties": { "u": 11366114679, "v": 499049126, "key": 0, "osmid": "93039226", "lanes": "2", "ref": null, "name": "Южная улица", "highway": "residential", "maxspeed": "60", "oneway": false, "reversed": "1", "length": 205.852, "bridge": null, "width": "2", "access": null, "service": null }, "geometry": { "type": "LineString", "coordinates": [ [ 29.6005772, 60.2371088 ], [ 29.6008137, 60.2373562 ], [ 29.6010184, 60.2376549 ], [ 29.6010431, 60.2378515 ], [ 29.6007182, 60.2384668 ], [ 29.6003905, 60.2388636 ] ] } },
{ "type": "Feature", "properties": { "u": 11366114679, "v": 11167047031, "key": 0, "osmid": "1204918318", "lanes": null, "ref": null, "name": "улица Нижнее Рощино", "highway": "residential", "maxspeed": null, "oneway": false, "reversed": "0", "length": 227.047, "bridge": null, "width": null, "access": null, "service": null }, "geometry": { "type": "LineString", "coordinates": [ [ 29.6005772, 60.2371088 ], [ 29.598388, 60.2383857 ], [ 29.5978792, 60.2386494 ] ] } },
{ "type": "Feature", "properties": { "u": 11366175789, "v": 528145796, "key": 0, "osmid": "1225642110", "lanes": null, "ref": null, "name": null, "highway": "residential", "maxspeed": null, "oneway": false, "reversed": "1", "length": 13.947, "bridge": null, "width": null, "access": null, "service": null }, "geometry": { "type": "LineString", "coordinates": [ [ 29.5817622, 60.248796 ], [ 29.5816299, 60.2487514 ], [ 29.5815375, 60.2487558 ] ] } },
{ "type": "Feature", "properties": { "u": 11375852036, "v": 1946070462, "key": 0, "osmid": "377723536", "lanes": "1", "ref": null, "name": "Тенистая улица", "highway": "residential", "maxspeed": null, "oneway": false, "reversed": "0", "length": 95.029, "bridge": null, "width": null, "access": null, "service": null }, "geometry": { "type": "LineString", "coordinates": [ [ 29.5846346, 60.2501656 ], [ 29.5858001, 60.2495364 ] ] } },
{ "type": "Feature", "properties": { "u": 11375852050, "v": 11375852051, "key": 0, "osmid": "1226769502", "lanes": null, "ref": null, "name": "Выборгский переулок", "highway": "residential", "maxspeed": null, "oneway": false, "reversed": "1", "length": 106.312, "bridge": null, "width": null, "access": null, "service": null }, "geometry": { "type": "LineString", "coordinates": [ [ 29.585675, 60.2507854 ], [ 29.5864458, 60.2503992 ], [ 29.5870152, 60.2500986 ] ] } },
{ "type": "Feature", "properties": { "u": 11375852051, "v": 2473548524, "key": 0, "osmid": "243285313", "lanes": null, "ref": null, "name": "Малая Вокзальная улица", "highway": "residential", "maxspeed": null, "oneway": false, "reversed": "0", "length": 38.484, "bridge": null, "width": null, "access": null, "service": null }, "geometry": { "type": "LineString", "coordinates": [ [ 29.5870152, 60.2500986 ], [ 29.5875665, 60.2503106 ] ] } },
{ "type": "Feature", "properties": { "u": 11375852051, "v": 11375852050, "key": 0, "osmid": "1226769502", "lanes": null, "ref": null, "name": "Выборгский переулок", "highway": "residential", "maxspeed": null, "oneway": false, "reversed": "0", "length": 106.312, "bridge": null, "width": null, "access": null, "service": null }, "geometry": { "type": "LineString", "coordinates": [ [ 29.5870152, 60.2500986 ], [ 29.5864458, 60.2503992 ], [ 29.585675, 60.2507854 ] ] } },
{ "type": "Feature", "properties": { "u": 11375852051, "v": 2473548523, "key": 0, "lanes": "1", "ref": null, "name": "Малая Вокзальная улица", "highway": "residential", "maxspeed": null, "oneway": false, "reversed": "1", "length": 36.531, "bridge": null, "width": null, "access": null, "service": null }, "geometry": { "type": "LineString", "coordinates": [ [ 29.5870152, 60.2500986 ], [ 29.5869452, 60.250075 ], [ 29.58649, 60.2498987 ] ] } },
{ "type": "Feature", "properties": { "u": 11663576520, "v": 7020396869, "key": 0, "osmid": "750901399", "lanes": null, "ref": null, "name": "Речной переулок", "highway": "residential", "maxspeed": null, "oneway": false, "reversed": "0", "length": 41.955, "bridge": null, "width": null, "access": null, "service": null }, "geometry": { "type": "LineString", "coordinates": [ [ 29.6454705, 60.2597953 ], [ 29.6462306, 60.2597816 ] ] } },
{ "type": "Feature", "properties": { "u": 11663576521, "v": 7020396869, "key": 0, "osmid": "750901398", "lanes": null, "ref": null, "name": "Звёздная улица", "highway": "residential", "maxspeed": null, "oneway": false, "reversed": "1", "length": 59.306, "bridge": null, "width": null, "access": null, "service": null }, "geometry": { "type": "LineString", "coordinates": [ [ 29.6462867, 60.2603142 ], [ 29.6462493, 60.2599167 ], [ 29.6462306, 60.2597816 ] ] } },
{ "type": "Feature", "properties": { "u": 11663576525, "v": 8758198807, "key": 0, "osmid": "946077755", "lanes": null, "ref": null, "name": null, "highway": "residential", "maxspeed": null, "oneway": false, "reversed": "0", "length": 61.156, "bridge": null, "width": null, "access": null, "service": null }, "geometry": { "type": "LineString", "coordinates": [ [ 29.6455974, 60.2564956 ], [ 29.645486, 60.2559484 ] ] } },
{ "type": "Feature", "properties": { "u": 11663576525, "v": 11663576526, "key": 0, "osmid": "1254683301", "lanes": null, "ref": null, "name": null, "highway": "residential", "maxspeed": null, "oneway": false, "reversed": "0", "length": 38.448, "bridge": null, "width": null, "access": null, "service": null }, "geometry": { "type": "LineString", "coordinates": [ [ 29.6455974, 60.2564956 ], [ 29.6462922, 60.2564685 ] ] } },
{ "type": "Feature", "properties": { "u": 11663576525, "v": 8758198808, "key": 0, "osmid": "946077755", "lanes": null, "ref": null, "name": null, "highway": "residential", "maxspeed": null, "oneway": false, "reversed": "1", "length": 156.526, "bridge": null, "width": null, "access": null, "service": null }, "geometry": { "type": "LineString", "coordinates": [ [ 29.6455974, 60.2564956 ], [ 29.6457885, 60.2574935 ], [ 29.64582, 60.257769 ], [ 29.6458264, 60.2578983 ] ] } },
{ "type": "Feature", "properties": { "u": 11663576526, "v": 11663576525, "key": 0, "osmid": "1254683301", "lanes": null, "ref": null, "name": null, "highway": "residential", "maxspeed": null, "oneway": false, "reversed": "1", "length": 38.448, "bridge": null, "width": null, "access": null, "service": null }, "geometry": { "type": "LineString", "coordinates": [ [ 29.6462922, 60.2564685 ], [ 29.6455974, 60.2564956 ] ] } },
{ "type": "Feature", "properties": { "u": 11663576526, "v": 11663576533, "key": 0, "osmid": "941538059", "lanes": null, "ref": null, "name": null, "highway": "residential", "maxspeed": null, "oneway": false, "reversed": "1", "length": 165.447, "bridge": null, "width": null, "access": null, "service": null }, "geometry": { "type": "LineString", "coordinates": [ [ 29.6462922, 60.2564685 ], [ 29.6463954, 60.2564008 ], [ 29.6465366, 60.2563228 ], [ 29.6472184, 60.2559997 ], [ 29.6474725, 60.2559132 ], [ 29.6481113, 60.2558853 ], [ 29.6486499, 60.2561256 ] ] } },
{ "type": "Feature", "properties": { "u": 11663576526, "v": 8719249618, "key": 0, "osmid": "1254683301", "lanes": null, "ref": null, "name": null, "highway": "residential", "maxspeed": null, "oneway": false, "reversed": "0", "length": 145.97, "bridge": null, "width": null, "access": null, "service": null }, "geometry": { "type": "LineString", "coordinates": [ [ 29.6462922, 60.2564685 ], [ 29.6474018, 60.2570296 ], [ 29.6484585, 60.2570803 ] ] } },
{ "type": "Feature", "properties": { "u": 11663576532, "v": 11663576533, "key": 0, "osmid": "1254683302", "lanes": null, "ref": null, "name": null, "highway": "residential", "maxspeed": null, "oneway": false, "reversed": "0", "length": 149.759, "bridge": null, "width": null, "access": null, "service": null }, "geometry": { "type": "LineString", "coordinates": [ [ 29.6507603, 60.2552793 ], [ 29.6487549, 60.2560725 ], [ 29.6486499, 60.2561256 ] ] } },
{ "type": "Feature", "properties": { "u": 11663576533, "v": 11663576526, "key": 0, "osmid": "941538059", "lanes": null, "ref": null, "name": null, "highway": "residential", "maxspeed": null, "oneway": false, "reversed": "0", "length": 165.447, "bridge": null, "width": null, "access": null, "service": null }, "geometry": { "type": "LineString", "coordinates": [ [ 29.6486499, 60.2561256 ], [ 29.6481113, 60.2558853 ], [ 29.6474725, 60.2559132 ], [ 29.6472184, 60.2559997 ], [ 29.6465366, 60.2563228 ], [ 29.6463954, 60.2564008 ], [ 29.6462922, 60.2564685 ] ] } },
{ "type": "Feature", "properties": { "u": 11663576533, "v": 8719249618, "key": 0, "osmid": "941538059", "lanes": null, "ref": null, "name": null, "highway": "residential", "maxspeed": null, "oneway": false, "reversed": "1", "length": 107.641, "bridge": null, "width": null, "access": null, "service": null }, "geometry": { "type": "LineString", "coordinates": [ [ 29.6486499, 60.2561256 ], [ 29.6487051, 60.2562033 ], [ 29.6485911, 60.2565768 ], [ 29.6485591, 60.2566673 ], [ 29.6484585, 60.2570803 ] ] } },
{ "type": "Feature", "properties": { "u": 11663576533, "v": 11663576532, "key": 0, "osmid": "1254683302", "lanes": null, "ref": null, "name": null, "highway": "residential", "maxspeed": null, "oneway": false, "reversed": "1", "length": 149.759, "bridge": null, "width": null, "access": null, "service": null }, "geometry": { "type": "LineString", "coordinates": [ [ 29.6486499, 60.2561256 ], [ 29.6487549, 60.2560725 ], [ 29.6507603, 60.2552793 ] ] } },
{ "type": "Feature", "properties": { "u": 11663576543, "v": 503586439, "key": 0, "osmid": "1296146314", "lanes": null, "ref": null, "name": null, "highway": "residential", "maxspeed": "60", "oneway": false, "reversed": "0", "length": 17.059, "bridge": null, "width": null, "access": null, "service": null }, "geometry": { "type": "LineString", "coordinates": [ [ 29.6513399, 60.2581272 ], [ 29.6516491, 60.2581296 ] ] } },
{ "type": "Feature", "properties": { "u": 11663576543, "v": 503586477, "key": 0, "osmid": "161118527", "lanes": null, "ref": null, "name": "Еловая аллея", "highway": "residential", "maxspeed": "60", "oneway": false, "reversed": "0", "length": 249.347, "bridge": null, "width": null, "access": null, "service": null }, "geometry": { "type": "LineString", "coordinates": [ [ 29.6513399, 60.2581272 ], [ 29.6515365, 60.2584072 ], [ 29.6517768, 60.2591225 ], [ 29.651836, 60.2593333 ], [ 29.6518524, 60.2603412 ] ] } },
{ "type": "Feature", "properties": { "u": 11663576543, "v": 8719249619, "key": 0, "lanes": "1", "ref": null, "name": "Еловая аллея", "highway": "residential", "maxspeed": "60", "oneway": false, "reversed": "1", "length": 172.94, "bridge": "yes", "width": "5", "access": null, "service": null }, "geometry": { "type": "LineString", "coordinates": [ [ 29.6513399, 60.2581272 ], [ 29.6509766, 60.2580753 ], [ 29.6505103, 60.2580262 ], [ 29.6502214, 60.2580077 ], [ 29.6494334, 60.2579331 ], [ 29.6491903, 60.2579233 ], [ 29.6491297, 60.2579175 ], [ 29.6482556, 60.2578623 ] ] } },
{ "type": "Feature", "properties": { "u": 13397412116, "v": 1760693203, "key": 0, "osmid": "160401561", "lanes": "2", "ref": "41А-025", "name": "Советская улица", "highway": "primary", "maxspeed": "40", "oneway": false, "reversed": "1", "length": 13.798, "bridge": null, "width": null, "access": null, "service": null }, "geometry": { "type": "LineString", "coordinates": [ [ 29.615027, 60.2561283 ], [ 29.6148018, 60.2560743 ] ] } },
{ "type": "Feature", "properties": { "u": 13397412116, "v": 500315727, "key": 0, "osmid": "40962466", "lanes": null, "ref": null, "name": "улица Связи", "highway": "residential", "maxspeed": null, "oneway": false, "reversed": "0", "length": 136.283, "bridge": null, "width": null, "access": null, "service": null }, "geometry": { "type": "LineString", "coordinates": [ [ 29.615027, 60.2561283 ], [ 29.6151112, 60.2560823 ], [ 29.6154233, 60.2559594 ], [ 29.6162367, 60.2558884 ], [ 29.6166076, 60.2558382 ], [ 29.6172977, 60.2557108 ] ] } },
{ "type": "Feature", "properties": { "u": 13397412116, "v": 1074611817, "key": 0, "osmid": "160401561", "lanes": "2", "ref": "41А-025", "name": "Советская улица", "highway": "primary", "maxspeed": "40", "oneway": false, "reversed": "0", "length": 120.225, "bridge": null, "width": null, "access": null, "service": null }, "geometry": { "type": "LineString", "coordinates": [ [ 29.615027, 60.2561283 ], [ 29.6153972, 60.2562439 ], [ 29.6157226, 60.2564058 ], [ 29.6162582, 60.2566566 ], [ 29.6165291, 60.2567652 ], [ 29.6166985, 60.2568144 ] ] } },
{ "type": "Feature", "properties": { "u": 13397412142, "v": 1776168579, "key": 0, "osmid": "160401561", "lanes": "2", "ref": "41А-025", "name": "Советская улица", "highway": "primary", "maxspeed": "40", "oneway": false, "reversed": "0", "length": 257.331, "bridge": null, "width": null, "access": null, "service": null }, "geometry": { "type": "LineString", "coordinates": [ [ 29.6211649, 60.2578494 ], [ 29.622891, 60.2584803 ], [ 29.6240531, 60.2589324 ], [ 29.6249223, 60.2592194 ] ] } },
{ "type": "Feature", "properties": { "u": 13397412142, "v": 498360768, "key": 0, "osmid": "160401561", "lanes": "2", "ref": "41А-025", "name": "Советская улица", "highway": "primary", "maxspeed": "40", "oneway": false, "reversed": "1", "length": 187.256, "bridge": null, "width": null, "access": null, "service": null }, "geometry": { "type": "LineString", "coordinates": [ [ 29.6211649, 60.2578494 ], [ 29.6203913, 60.2575666 ], [ 29.6198863, 60.2574591 ], [ 29.6195584, 60.25739 ], [ 29.6181398, 60.2571086 ] ] } },
{ "type": "Feature", "properties": { "u": 13397412142, "v": 498360810, "key": 0, "osmid": "173398951", "lanes": null, "ref": null, "name": "Красноармейская улица", "highway": "residential", "maxspeed": null, "oneway": false, "reversed": "1", "length": 303.249, "bridge": null, "width": null, "access": null, "service": null }, "geometry": { "type": "LineString", "coordinates": [ [ 29.6211649, 60.2578494 ], [ 29.6212696, 60.2577822 ], [ 29.6213246, 60.2577521 ], [ 29.6218024, 60.2574596 ], [ 29.6225263, 60.2570136 ], [ 29.6225721, 60.2569574 ], [ 29.6225662, 60.2568222 ], [ 29.6224165, 60.2567227 ], [ 29.622256, 60.2566352 ], [ 29.6218425, 60.2565654 ], [ 29.6209035, 60.2564771 ], [ 29.6198662, 60.2563819 ] ] } },
{ "type": "Feature", "properties": { "u": 13397412145, "v": 1074611817, "key": 0, "osmid": "160401561", "lanes": "2", "ref": "41А-025", "name": "Советская улица", "highway": "primary", "maxspeed": "40", "oneway": false, "reversed": "1", "length": 21.441, "bridge": null, "width": null, "access": null, "service": null }, "geometry": { "type": "LineString", "coordinates": [ [ 29.6170496, 60.2568971 ], [ 29.6166985, 60.2568144 ] ] } },
{ "type": "Feature", "properties": { "u": 13397412145, "v": 883156083, "key": 0, "osmid": "74754863", "lanes": null, "ref": null, "name": "Речная улица", "highway": "residential", "maxspeed": null, "oneway": false, "reversed": "0", "length": 27.419, "bridge": null, "width": null, "access": null, "service": null }, "geometry": { "type": "LineString", "coordinates": [ [ 29.6170496, 60.2568971 ], [ 29.6168564, 60.2569594 ], [ 29.6165937, 60.256982 ] ] } },
{ "type": "Feature", "properties": { "u": 13397412145, "v": 498360768, "key": 0, "osmid": "160401561", "lanes": "2", "ref": "41А-025", "name": "Советская улица", "highway": "primary", "maxspeed": "40", "oneway": false, "reversed": "0", "length": 64.608, "bridge": null, "width": null, "access": null, "service": null }, "geometry": { "type": "LineString", "coordinates": [ [ 29.6170496, 60.2568971 ], [ 29.6172856, 60.2569511 ], [ 29.6181398, 60.2571086 ] ] } },
{ "type": "Feature", "properties": { "u": 13397412587, "v": 1215322056, "key": 0, "osmid": "1460722440", "lanes": null, "ref": null, "name": "Зелёная улица", "highway": "residential", "maxspeed": null, "oneway": false, "reversed": "1", "length": 64.572, "bridge": null, "width": "3", "access": null, "service": null }, "geometry": { "type": "LineString", "coordinates": [ [ 29.6394503, 60.2607363 ], [ 29.6392196, 60.2605926 ], [ 29.6391413, 60.2601975 ] ] } }
]
}
