{
"type": "FeatureCollection",
"name": "water",
"crs": { "type": "name", "properties": { "name": "urn:ogc:def:crs:OGC:1.3:CRS84" } },
"features": [
{ "type": "Feature", "properties": { "element_type": "way", "osmid": 42285307, "intermittent": null, "waterway": null, "source": null, "natural": "water", "gvr:code": null, "image": null, "name": null, "name:fi": null, "name:ru": null, "wikidata": null, "wikipedia": null, "layer": null, "description": null, "landuse": null, "water": null, "boat": null, "old_name": null, "bridge": null, "highway": null, "fishing": null, "salt": null, "building:part": null, "alt_name:fi": null, "int_name": null, "name:en": null, "tunnel": null, "ways": null, "name:old": null, "type": null, "source:name": null, "alt_name": null, "alt_name:ru": null }, "geometry": { "type": "Polygon", "coordinates": [ [ [ 29.6677793, 60.2749034 ], [ 29.6676347, 60.2747616 ], [ 29.6676916, 60.2745528 ], [ 29.667965, 60.2744189 ], [ 29.6681908, 60.2744538 ], [ 29.6684474, 60.2746152 ], [ 29.6685967, 60.274782 ], [ 29.6684519, 60.2748777 ], [ 29.6680959, 60.2749582 ], [ 29.6677793, 60.2749034 ] ] ] } },
{ "type": "Feature", "properties": { "element_type": "way", "osmid": 42285308, "intermittent": null, "waterway": "drain", "source": null, "natural": null, "gvr:code": null, "image": null, "name": null, "name:fi": null, "name:ru": null, "wikidata": null, "wikipedia": null, "layer": null, "description": null, "landuse": null, "water": null, "boat": null, "old_name": null, "bridge": null, "highway": null, "fishing": null, "salt": null, "building:part": null, "alt_name:fi": null, "int_name": null, "name:en": null, "tunnel": null, "ways": null, "name:old": null, "type": null, "source:name": null, "alt_name": null, "alt_name:ru": null }, "geometry": { "type": "LineString", "coordinates": [ [ 29.667521, 60.2728037 ], [ 29.6676546, 60.2725786 ], [ 29.667306, 60.2722535 ], [ 29.667424, 60.2720681 ], [ 29.6677596, 60.2720264 ] ] } },
{ "type": "Feature", "properties": { "element_type": "way", "osmid": 42285320, "intermittent": null, "waterway": "river", "source": "Esri", "natural": null, "gvr:code": "01040300512102000008386", "image": "http://img-fotki.yandex.ru/get/5803/3316237.25/0_6f14b_6caab819_orig", "name": "Нижняя", "name:fi": "Alajoki", "name:ru": "Нижняя", "wikidata": "Q4319241", "wikipedia": "ru:Нижняя (приток Рощинки)", "layer": null, "description": null, "landuse": null, "water": null, "boat": null, "old_name": null, "bridge": null, "highway": null, "fishing": null, "salt": null, "building:part": null, "alt_name:fi": null, "int_name": null, "name:en": null, "tunnel": null, "ways": null, "name:old": null, "type": null, "source:name": null, "alt_name": null, "alt_name:ru": null }, "geometry": { "type": "LineString", "coordinates": [ [ 29.7208981, 60.2623306 ], [ 29.7208044, 60.2623449 ], [ 29.7206998, 60.2623755 ], [ 29.7204128, 60.2623927 ], [ 29.719643, 60.2623329 ], [ 29.7190556, 60.2623555 ], [ 29.7188494, 60.2622592 ], [ 29.7188588, 60.2621656 ], [ 29.719077, 60.262108 ], [ 29.7192112, 60.2621 ], [ 29.7194237, 60.2619859 ], [ 29.7193345, 60.2618752 ], [ 29.7192433, 60.26179 ], [ 29.7188474, 60.2616116 ], [ 29.7184816, 60.2616064 ], [ 29.7181571, 60.2615585 ], [ 29.7179639, 60.2614987 ], [ 29.7178808, 60.2613829 ], [ 29.7179686, 60.2612208 ], [ 29.7178432, 60.2610157 ], [ 29.717465, 60.2606857 ], [ 29.7171405, 60.2603462 ], [ 29.7161454, 60.2601522 ], [ 29.7155022, 60.2600862 ], [ 29.7148338, 60.2601637 ], [ 29.7145951, 60.2601455 ], [ 29.7144261, 60.2600763 ], [ 29.7143059, 60.2598879 ], [ 29.7142571, 60.2596772 ], [ 29.7145483, 60.259421 ], [ 29.7144261, 60.2592966 ], [ 29.7135863, 60.2590531 ], [ 29.7133049, 60.2590225 ], [ 29.7132352, 60.2589148 ], [ 29.7134045, 60.2587399 ], [ 29.7134042, 60.258634 ], [ 29.713271, 60.2585525 ], [ 29.7129402, 60.2584544 ], [ 29.7125459, 60.2584184 ], [ 29.7123267, 60.2583048 ], [ 29.7122911, 60.2579833 ], [ 29.7120208, 60.257708 ], [ 29.7115374, 60.2572954 ], [ 29.7111638, 60.2570872 ], [ 29.7106239, 60.2571521 ], [ 29.7097121, 60.2572783 ], [ 29.7095464, 60.2572309 ], [ 29.7093154, 60.2570441 ], [ 29.7090317, 60.2569313 ], [ 29.7088283, 60.2568124 ], [ 29.7088534, 60.2566903 ], [ 29.7085521, 60.2566654 ], [ 29.708405, 60.2564331 ], [ 29.709004, 60.2560351 ], [ 29.7094868, 60.2559106 ], [ 29.709687, 60.255751 ], [ 29.709692, 60.2555442 ], [ 29.7095263, 60.2553574 ], [ 29.7093625, 60.2553047 ], [ 29.7088232, 60.2554147 ], [ 29.7084418, 60.255541 ], [ 29.7080449, 60.2555667 ], [ 29.7076029, 60.2555243 ], [ 29.7072715, 60.2554246 ], [ 29.7070204, 60.2552627 ], [ 29.7071259, 60.2552054 ], [ 29.7072916, 60.2551605 ], [ 29.7074422, 60.2551581 ], [ 29.7074874, 60.2552702 ], [ 29.7077335, 60.2553075 ], [ 29.7079695, 60.2552851 ], [ 29.7080449, 60.2551381 ], [ 29.707849, 60.2549986 ], [ 29.7075625, 60.2549656 ], [ 29.706511, 60.2551348 ], [ 29.7059794, 60.2552744 ], [ 29.7052459, 60.2550716 ], [ 29.705003, 60.2547095 ], [ 29.7039776, 60.2543501 ], [ 29.703521, 60.2539456 ], [ 29.7037894, 60.2538029 ], [ 29.7043259, 60.2536139 ], [ 29.7042169, 60.2534297 ], [ 29.703671, 60.2534757 ], [ 29.7028385, 60.2530841 ], [ 29.7018185, 60.2529645 ], [ 29.7013608, 60.2530428 ], [ 29.7014395, 60.2533989 ], [ 29.7012341, 60.2541238 ], [ 29.7016298, 60.2542467 ], [ 29.7015399, 60.2544886 ], [ 29.7005917, 60.2548471 ], [ 29.6993349, 60.2550172 ], [ 29.6985481, 60.254963 ], [ 29.6985959, 60.2553119 ], [ 29.6988394, 60.2559463 ], [ 29.6989771, 60.2565001 ], [ 29.6995981, 60.2567047 ], [ 29.6997836, 60.2572666 ], [ 29.6995467, 60.2575174 ], [ 29.6991309, 60.2574357 ], [ 29.6986537, 60.2571822 ], [ 29.6975532, 60.2569452 ], [ 29.6967522, 60.2569735 ], [ 29.6966788, 60.257254 ], [ 29.6970329, 60.2575604 ], [ 29.6966933, 60.258054 ], [ 29.6960645, 60.2582497 ], [ 29.6949443, 60.2580097 ], [ 29.6946273, 60.2581107 ], [ 29.6944842, 60.2582693 ], [ 29.6945257, 60.2584537 ], [ 29.694398, 60.2587218 ], [ 29.6942702, 60.2587979 ], [ 29.6938292, 60.2589662 ], [ 29.6937227, 60.2590296 ], [ 29.6935558, 60.2591463 ], [ 29.6935263, 60.2593153 ], [ 29.6933825, 60.259379 ], [ 29.6928665, 60.2594164 ], [ 29.6925527, 60.2594829 ], [ 29.6923241, 60.2596042 ], [ 29.6922657, 60.2599366 ], [ 29.6921289, 60.2601083 ], [ 29.6921067, 60.2602148 ], [ 29.6922603, 60.2602839 ], [ 29.6924776, 60.2603172 ], [ 29.6925849, 60.2604183 ], [ 29.6925315, 60.2605297 ], [ 29.6922791, 60.2606165 ], [ 29.6918017, 60.2605953 ], [ 29.6916566, 60.2606406 ], [ 29.6915469, 60.2607177 ], [ 29.6915764, 60.2608214 ], [ 29.6916702, 60.2609039 ], [ 29.6916614, 60.2610339 ], [ 29.6913025, 60.2612541 ], [ 29.6913279, 60.2613468 ], [ 29.6916085, 60.2614787 ], [ 29.6923774, 60.2619717 ], [ 29.6924615, 60.2620721 ], [ 29.6923944, 60.2621719 ], [ 29.6921101, 60.2622584 ], [ 29.6919143, 60.2623688 ], [ 29.6919136, 60.2625024 ], [ 29.6920323, 60.2625857 ], [ 29.6923006, 60.2626389 ], [ 29.692542, 60.2627187 ], [ 29.6927056, 60.2628291 ], [ 29.6927064, 60.2629253 ], [ 29.6924295, 60.2630358 ], [ 29.6920913, 60.2631178 ], [ 29.6917802, 60.2631484 ], [ 29.691254, 60.2633588 ], [ 29.6909836, 60.2635063 ], [ 29.6909407, 60.2636367 ], [ 29.6911144, 60.2640251 ], [ 29.6910502, 60.2641108 ], [ 29.6904901, 60.2643515 ], [ 29.6899147, 60.2644961 ], [ 29.6896559, 60.2645227 ], [ 29.6895201, 60.2645918 ], [ 29.6894814, 60.2646753 ], [ 29.6896224, 60.2647509 ], [ 29.6898318, 60.2647946 ], [ 29.6898833, 60.2649089 ], [ 29.6897569, 60.2649488 ], [ 29.6895855, 60.2649554 ], [ 29.6890689, 60.2648068 ], [ 29.6885796, 60.264763 ], [ 29.6883979, 60.2646943 ], [ 29.6882554, 60.264585 ], [ 29.6881834, 60.2644788 ], [ 29.6879878, 60.2644562 ], [ 29.6877656, 60.2645 ], [ 29.687878, 60.2647523 ], [ 29.687894, 60.2651399 ], [ 29.6877467, 60.2652647 ], [ 29.686574, 60.2653263 ], [ 29.6862117, 60.2654439 ], [ 29.6860096, 60.2656034 ], [ 29.6858809, 60.2658079 ], [ 29.685335, 60.2660161 ], [ 29.6850726, 60.2659828 ], [ 29.6848345, 60.2658688 ], [ 29.6844223, 60.2658808 ], [ 29.6841467, 60.2659432 ], [ 29.6841333, 60.2660613 ], [ 29.6845106, 60.2663679 ], [ 29.6850219, 60.2666495 ], [ 29.6851417, 60.2668096 ], [ 29.6850961, 60.267165 ], [ 29.6848137, 60.2673983 ], [ 29.6844551, 60.2675683 ], [ 29.684329, 60.2677141 ], [ 29.6843215, 60.2678297 ], [ 29.6844473, 60.2680261 ], [ 29.6843748, 60.2681588 ], [ 29.68415, 60.2681827 ], [ 29.6835451, 60.2681322 ], [ 29.6829045, 60.2681506 ], [ 29.6826521, 60.2682149 ], [ 29.6821662, 60.2682251 ], [ 29.6820167, 60.2681336 ], [ 29.681947, 60.2679837 ], [ 29.681966, 60.2678112 ], [ 29.6818246, 60.2676689 ], [ 29.6810569, 60.2674959 ], [ 29.6806428, 60.2675076 ], [ 29.6804613, 60.2674886 ], [ 29.6800688, 60.2674001 ], [ 29.6798732, 60.2673915 ], [ 29.6797006, 60.2673976 ], [ 29.6791605, 60.2675544 ], [ 29.6788304, 60.2675582 ], [ 29.6784381, 60.2675101 ], [ 29.6774704, 60.2675611 ], [ 29.6772396, 60.2674844 ], [ 29.6771681, 60.2673934 ], [ 29.6769886, 60.2673747 ], [ 29.6767924, 60.267404 ], [ 29.6766928, 60.2674496 ], [ 29.6766337, 60.2675254 ], [ 29.6766099, 60.267725 ], [ 29.676519, 60.2677881 ], [ 29.6763166, 60.2678362 ], [ 29.6760073, 60.2678145 ], [ 29.6758198, 60.2677506 ], [ 29.6757981, 60.2676822 ], [ 29.6759527, 60.2676001 ], [ 29.6759877, 60.2675012 ], [ 29.6758044, 60.2672444 ], [ 29.6755906, 60.2671372 ], [ 29.675361, 60.2671163 ], [ 29.6751968, 60.2671727 ], [ 29.6748655, 60.2676289 ], [ 29.6747305, 60.2676992 ], [ 29.6745599, 60.2677268 ], [ 29.6722772, 60.2674574 ], [ 29.6706929, 60.2670712 ], [ 29.6676713, 60.2659872 ], [ 29.6641815, 60.265347 ], [ 29.663452, 60.2636334 ], [ 29.6626031, 60.262905 ], [ 29.6614581, 60.2625124 ], [ 29.6588248, 60.2628625 ], [ 29.6576571, 60.2637458 ], [ 29.6564097, 60.2637996 ], [ 29.6539235, 60.2637352 ], [ 29.6517494, 60.2632071 ], [ 29.650085, 60.2620076 ], [ 29.6465784, 60.2608554 ], [ 29.645875, 60.2608614 ], [ 29.6393251, 60.2613908 ], [ 29.6346648, 60.2610557 ], [ 29.6317276, 60.2613082 ], [ 29.6300905, 60.2616807 ], [ 29.6287405, 60.2621143 ] ] } },
{ "type": "Feature", "properties": { "element_type": "way", "osmid": 128426289, "intermittent": null, "waterway": "weir", "source": null, "natural": null, "gvr:code": null, "image": null, "name": null, "name:fi": null, "name:ru": null, "wikidata": null, "wikipedia": null, "layer": null, "description": null, "landuse": null, "water": null, "boat": null, "old_name": null, "bridge": null, "highway": null, "fishing": null, "salt": null, "building:part": null, "alt_name:fi": null, "int_name": null, "name:en": null, "tunnel": null, "ways": null, "name:old": null, "type": null, "source:name": null, "alt_name": null, "alt_name:ru": null }, "geometry": { "type": "LineString", "coordinates": [ [ 29.6038134, 60.2583399 ], [ 29.6039045, 60.2584188 ], [ 29.6039684, 60.2584756 ] ] } },
{ "type": "Feature", "properties": { "element_type": "way", "osmid": 130337507, "intermittent": null, "waterway": "stream", "source": null, "natural": null, "gvr:code": null, "image": null, "name": null, "name:fi": null, "name:ru": null, "wikidata": null, "wikipedia": null, "layer": null, "description": null, "landuse": null, "water": null, "boat": null, "old_name": null, "bridge": null, "highway": null, "fishing": null, "salt": null, "building:part": null, "alt_name:fi": null, "int_name": null, "name:en": null, "tunnel": null, "ways": null, "name:old": null, "type": null, "source:name": null, "alt_name": null, "alt_name:ru": null }, "geometry": { "type": "LineString", "coordinates": [ [ 29.5994848, 60.2597594 ], [ 29.5989633, 60.259828 ], [ 29.5984833, 60.259968 ], [ 29.5976195, 60.2602335 ], [ 29.5958567, 60.2607655 ] ] } },
{ "type": "Feature", "properties": { "element_type": "way", "osmid": 132822601, "intermittent": null, "waterway": null, "source": null, "natural": "water", "gvr:code": null, "image": null, "name": null, "name:fi": null, "name:ru": null, "wikidata": null, "wikipedia": null, "layer": null, "description": null, "landuse": null, "water": null, "boat": null, "old_name": null, "bridge": null, "highway": null, "fishing": null, "salt": null, "building:part": null, "alt_name:fi": null, "int_name": null, "name:en": null, "tunnel": null, "ways": null, "name:old": null, "type": null, "source:name": null, "alt_name": null, "alt_name:ru": null }, "geometry": { "type": "Polygon", "coordinates": [ [ [ 29.6040866, 60.2457018 ], [ 29.6041086, 60.2457258 ], [ 29.6042435, 60.245776 ], [ 29.6043402, 60.2457745 ], [ 29.6043886, 60.2457491 ], [ 29.6043226, 60.2456872 ], [ 29.6042244, 60.2456538 ], [ 29.6041423, 60.2456589 ], [ 29.6041013, 60.2456727 ], [ 29.6040866, 60.2457018 ] ] ] } },
{ "type": "Feature", "properties": { "element_type": "way", "osmid": 132822602, "intermittent": null, "waterway": null, "source": null, "natural": "water", "gvr:code": null, "image": null, "name": null, "name:fi": null, "name:ru": null, "wikidata": null, "wikipedia": null, "layer": null, "description": null, "landuse": null, "water": null, "boat": null, "old_name": null, "bridge": null, "highway": null, "fishing": null, "salt": null, "building:part": null, "alt_name:fi": null, "int_name": null, "name:en": null, "tunnel": null, "ways": null, "name:old": null, "type": null, "source:name": null, "alt_name": null, "alt_name:ru": null }, "geometry": { "type": "Polygon", "coordinates": [ [ [ 29.6077827, 60.248193 ], [ 29.6078583, 60.2482249 ], [ 29.6079407, 60.2482396 ], [ 29.6080346, 60.2482396 ], [ 29.6081263, 60.2482271 ], [ 29.6081263, 60.2482033 ], [ 29.6080621, 60.248168 ], [ 29.6079751, 60.2481385 ], [ 29.6078789, 60.2481521 ], [ 29.6077827, 60.248193 ] ] ] } },
{ "type": "Feature", "properties": { "element_type": "way", "osmid": 132929308, "intermittent": null, "waterway": "stream", "source": null, "natural": null, "gvr:code": null, "image": null, "name": null, "name:fi": null, "name:ru": null, "wikidata": null, "wikipedia": null, "layer": "-1", "description": null, "landuse": null, "water": null, "boat": null, "old_name": null, "bridge": null, "highway": null, "fishing": null, "salt": null, "building:part": null, "alt_name:fi": null, "int_name": null, "name:en": null, "tunnel": null, "ways": null, "name:old": null, "type": null, "source:name": null, "alt_name": null, "alt_name:ru": null }, "geometry": { "type": "LineString", "coordinates": [ [ 29.5997281, 60.244886 ], [ 29.5986509, 60.2445318 ], [ 29.5958963, 60.243605 ], [ 29.5958611, 60.2435135 ], [ 29.5944468, 60.242962 ] ] } },
{ "type": "Feature", "properties": { "element_type": "way", "osmid": 132936206, "intermittent": null, "waterway": "stream", "source": null, "natural": null, "gvr:code": null, "image": null, "name": null, "name:fi": null, "name:ru": null, "wikidata": null, "wikipedia": null, "layer": "-1", "description": null, "landuse": null, "water": null, "boat": null, "old_name": null, "bridge": null, "highway": null, "fishing": null, "salt": null, "building:part": null, "alt_name:fi": null, "int_name": null, "name:en": null, "tunnel": null, "ways": null, "name:old": null, "type": null, "source:name": null, "alt_name": null, "alt_name:ru": null }, "geometry": { "type": "LineString", "coordinates": [ [ 29.605129, 60.2442761 ], [ 29.604585, 60.2439925 ], [ 29.6045239, 60.2439106 ] ] } },
{ "type": "Feature", "properties": { "element_type": "way", "osmid": 133761860, "intermittent": null, "waterway": "waterfall", "source": null, "natural": null, "gvr:code": null, "image": null, "name": null, "name:fi": null, "name:ru": null, "wikidata": null, "wikipedia": null, "layer": null, "description": null, "landuse": null, "water": null, "boat": null, "old_name": null, "bridge": null, "highway": null, "fishing": null, "salt": null, "building:part": null, "alt_name:fi": null, "int_name": null, "name:en": null, "tunnel": null, "ways": null, "name:old": null, "type": null, "source:name": null, "alt_name": null, "alt_name:ru": null }, "geometry": { "type": "LineString", "coordinates": [ [ 29.6038248, 60.2583776 ], [ 29.6038744, 60.2584238 ], [ 29.6039241, 60.2584701 ] ] } },
{ "type": "Feature", "properties": { "element_type": "way", "osmid": 133761958, "intermittent": null, "waterway": null, "source": null, "natural": "water", "gvr:code": null, "image": null, "name": null, "name:fi": null, "name:ru": null, "wikidata": null, "wikipedia": null, "layer": null, "description": null, "landuse": null, "water": null, "boat": null, "old_name": null, "bridge": null, "highway": null, "fishing": null, "salt": null, "building:part": null, "alt_name:fi": null, "int_name": null, "name:en": null, "tunnel": null, "ways": null, "name:old": null, "type": null, "source:name": null, "alt_name": null, "alt_name:ru": null }, "geometry": { "type": "Polygon", "coordinates": [ [ [ 29.604477, 60.2634797 ], [ 29.6051966, 60.2631534 ], [ 29.605684, 60.263022 ], [ 29.6058128, 60.2630247 ], [ 29.6058771, 60.2630806 ], [ 29.6058557, 60.2631817 ], [ 29.6055392, 60.2635249 ], [ 29.6054319, 60.2635968 ], [ 29.6049759, 60.2637724 ], [ 29.6048204, 60.2638043 ], [ 29.6046433, 60.263791 ], [ 29.6044552, 60.263744 ], [ 29.6043751, 60.2636553 ], [ 29.6043697, 60.2635675 ], [ 29.604477, 60.2634797 ] ] ] } },
{ "type": "Feature", "properties": { "element_type": "way", "osmid": 134369382, "intermittent": null, "waterway": "drain", "source": null, "natural": null, "gvr:code": null, "image": null, "name": null, "name:fi": null, "name:ru": null, "wikidata": null, "wikipedia": null, "layer": "-1", "description": null, "landuse": null, "water": null, "boat": null, "old_name": null, "bridge": null, "highway": null, "fishing": null, "salt": null, "building:part": null, "alt_name:fi": null, "int_name": null, "name:en": null, "tunnel": null, "ways": null, "name:old": null, "type": null, "source:name": null, "alt_name": null, "alt_name:ru": null }, "geometry": { "type": "LineString", "coordinates": [ [ 29.6231108, 60.2534315 ], [ 29.6232583, 60.2535399 ], [ 29.6233241, 60.2535882 ], [ 29.6234893, 60.2537095 ], [ 29.6237326, 60.25391 ], [ 29.6248274, 60.2542551 ], [ 29.62535, 60.2556764 ] ] } },
{ "type": "Feature", "properties": { "element_type": "way", "osmid": 134369387, "intermittent": null, "waterway": null, "source": null, "natural": null, "gvr:code": null, "image": null, "name": null, "name:fi": null, "name:ru": null, "wikidata": null, "wikipedia": null, "layer": null, "description": "пожарный водоём", "landuse": "reservoir", "water": "reservoir", "boat": null, "old_name": null, "bridge": null, "highway": null, "fishing": null, "salt": null, "building:part": null, "alt_name:fi": null, "int_name": null, "name:en": null, "tunnel": null, "ways": null, "name:old": null, "type": null, "source:name": null, "alt_name": null, "alt_name:ru": null }, "geometry": { "type": "Polygon", "coordinates": [ [ [ 29.6278949, 60.2528751 ], [ 29.627953, 60.2528742 ], [ 29.6279879, 60.2528799 ], [ 29.6279976, 60.2529136 ], [ 29.6279588, 60.2529299 ], [ 29.6278949, 60.252928 ], [ 29.6278794, 60.252903 ], [ 29.6278949, 60.2528751 ] ] ] } },
{ "type": "Feature", "properties": { "element_type": "way", "osmid": 136274426, "intermittent": null, "waterway": "stream", "source": null, "natural": null, "gvr:code": null, "image": null, "name": null, "name:fi": null, "name:ru": null, "wikidata": null, "wikipedia": null, "layer": "-1", "description": null, "landuse": null, "water": null, "boat": null, "old_name": null, "bridge": null, "highway": null, "fishing": null, "salt": null, "building:part": null, "alt_name:fi": null, "int_name": null, "name:en": null, "tunnel": null, "ways": null, "name:old": null, "type": null, "source:name": null, "alt_name": null, "alt_name:ru": null }, "geometry": { "type": "LineString", "coordinates": [ [ 29.6329557, 60.2595959 ], [ 29.6331526, 60.2595215 ], [ 29.6331639, 60.2593834 ], [ 29.6334515, 60.2592784 ], [ 29.6334961, 60.2591767 ], [ 29.6337724, 60.2590286 ], [ 29.6338928, 60.2589247 ], [ 29.6342984, 60.2588495 ], [ 29.6345212, 60.2587854 ], [ 29.6347345, 60.2586916 ], [ 29.6347242, 60.2584291 ], [ 29.6346772, 60.2580093 ] ] } },
{ "type": "Feature", "properties": { "element_type": "way", "osmid": 138359125, "intermittent": null, "waterway": "stream", "source": null, "natural": null, "gvr:code": null, "image": null, "name": null, "name:fi": null, "name:ru": null, "wikidata": null, "wikipedia": null, "layer": "-1", "description": null, "landuse": null, "water": null, "boat": null, "old_name": null, "bridge": null, "highway": null, "fishing": null, "salt": null, "building:part": null, "alt_name:fi": null, "int_name": null, "name:en": null, "tunnel": null, "ways": null, "name:old": null, "type": null, "source:name": null, "alt_name": null, "alt_name:ru": null }, "geometry": { "type": "LineString", "coordinates": [ [ 29.6325044, 60.2582647 ], [ 29.6325334, 60.2584681 ], [ 29.6326477, 60.2585432 ], [ 29.632705, 60.2585808 ], [ 29.6328768, 60.2587847 ], [ 29.6330549, 60.2588849 ], [ 29.6331886, 60.2589866 ], [ 29.6334961, 60.2591767 ] ] } },
{ "type": "Feature", "properties": { "element_type": "way", "osmid": 140132922, "intermittent": null, "waterway": "river", "source": null, "natural": null, "gvr:code": null, "image": "http://img-fotki.yandex.ru/get/6310/3316237.23/0_6de01_130da233_orig", "name": "Рощинка", "name:fi": "Raivolanjoki", "name:ru": null, "wikidata": "Q4398832", "wikipedia": "ru:Рощинка", "layer": null, "description": null, "landuse": null, "water": null, "boat": "no", "old_name": "Райволанйоки", "bridge": null, "highway": null, "fishing": null, "salt": null, "building:part": null, "alt_name:fi": null, "int_name": null, "name:en": null, "tunnel": null, "ways": null, "name:old": null, "type": null, "source:name": null, "alt_name": null, "alt_name:ru": null }, "geometry": { "type": "LineString", "coordinates": [ [ 29.6041523, 60.2583786 ], [ 29.6040295, 60.2584024 ], [ 29.6039045, 60.2584188 ], [ 29.6038744, 60.2584238 ], [ 29.603329, 60.2585163 ], [ 29.602948, 60.2586258 ], [ 29.602676, 60.2587542 ], [ 29.6010017, 60.2591291 ], [ 29.6002227, 60.2594245 ], [ 29.5994848, 60.2597594 ], [ 29.5995013, 60.2600079 ], [ 29.5997143, 60.2602367 ], [ 29.6000735, 60.2603131 ], [ 29.6004162, 60.2602859 ], [ 29.6006508, 60.2601332 ], [ 29.6009658, 60.2600958 ], [ 29.6013818, 60.2601041 ], [ 29.6015391, 60.2602259 ], [ 29.6014153, 60.2603691 ], [ 29.6009441, 60.2605264 ], [ 29.6007077, 60.2605394 ], [ 29.5996727, 60.2605768 ], [ 29.5987588, 60.2608221 ], [ 29.5984054, 60.261072 ], [ 29.5981779, 60.2611237 ], [ 29.5977627, 60.261095 ], [ 29.5963468, 60.2608608 ], [ 29.5961014, 60.2607598 ], [ 29.5958567, 60.2607655 ], [ 29.5949901, 60.260949 ], [ 29.5946442, 60.2611468 ], [ 29.5944256, 60.2613144 ], [ 29.5943381, 60.2614842 ], [ 29.5941887, 60.261876 ], [ 29.5942845, 60.2619783 ], [ 29.5942505, 60.262197 ], [ 29.594185, 60.2623403 ], [ 29.5939484, 60.2623932 ], [ 29.5931346, 60.2624249 ], [ 29.5924382, 60.2624029 ], [ 29.5917736, 60.2623505 ], [ 29.5914133, 60.262281 ], [ 29.5911505, 60.2622819 ], [ 29.5908056, 60.2624233 ], [ 29.5905071, 60.2625874 ], [ 29.5903267, 60.2627418 ], [ 29.5903796, 60.2629631 ], [ 29.590265, 60.2630604 ], [ 29.5900397, 60.2630931 ], [ 29.5898297, 60.2631019 ], [ 29.5895405, 60.2630537 ], [ 29.5893951, 60.2630468 ], [ 29.5892785, 60.263119 ], [ 29.5891821, 60.2633058 ], [ 29.5891399, 60.2633888 ], [ 29.5890449, 60.2634494 ], [ 29.5891145, 60.2636362 ], [ 29.589155, 60.2638001 ], [ 29.5889016, 60.2639136 ], [ 29.5887193, 60.2639933 ], [ 29.5883393, 60.2639197 ], [ 29.5881391, 60.2640293 ], [ 29.5880137, 60.2642012 ], [ 29.5882641, 60.2646113 ], [ 29.5885849, 60.2648645 ], [ 29.5885767, 60.2650177 ], [ 29.5884601, 60.2651283 ], [ 29.5876355, 60.265299 ], [ 29.5874007, 60.2653532 ], [ 29.5869784, 60.2656497 ], [ 29.5870843, 60.2657627 ], [ 29.5884978, 60.2656721 ], [ 29.5886651, 60.2656199 ], [ 29.5889424, 60.2656436 ], [ 29.5892045, 60.2655735 ], [ 29.5893535, 60.2656839 ], [ 29.5893157, 60.2658038 ], [ 29.5889814, 60.2659731 ], [ 29.5888969, 60.2662177 ], [ 29.5886842, 60.2665947 ], [ 29.588536, 60.2668839 ], [ 29.5883514, 60.2669821 ], [ 29.5880603, 60.2670511 ], [ 29.5876835, 60.2670403 ], [ 29.5867648, 60.2669664 ], [ 29.5864768, 60.2670093 ], [ 29.5863649, 60.2671798 ], [ 29.5863711, 60.26734 ], [ 29.5862366, 60.2674434 ], [ 29.586058, 60.2675127 ], [ 29.5849485, 60.2675588 ], [ 29.5845586, 60.2676865 ], [ 29.5841536, 60.2677759 ], [ 29.5828322, 60.2676117 ], [ 29.5827755, 60.2676473 ], [ 29.5827971, 60.267704 ], [ 29.5828328, 60.2678616 ], [ 29.582766, 60.2679366 ], [ 29.5826367, 60.267992 ], [ 29.5824661, 60.2680063 ], [ 29.5823174, 60.2679906 ], [ 29.5821525, 60.2678479 ], [ 29.5820331, 60.2676605 ], [ 29.5819303, 60.2675346 ], [ 29.5818218, 60.2674994 ], [ 29.5815165, 60.2675067 ], [ 29.5812194, 60.2675631 ], [ 29.5809703, 60.2675245 ], [ 29.5806092, 60.2675266 ], [ 29.580301, 60.2675874 ], [ 29.5800923, 60.2676836 ], [ 29.5798515, 60.2677894 ], [ 29.5796978, 60.2678997 ], [ 29.5794864, 60.2680677 ], [ 29.5793072, 60.2681758 ], [ 29.579194, 60.2682949 ], [ 29.578854, 60.2684373 ], [ 29.5785671, 60.2684243 ], [ 29.5784168, 60.268327 ], [ 29.5784535, 60.268181 ], [ 29.5782931, 60.2680677 ], [ 29.578108, 60.2679711 ], [ 29.5777557, 60.2678934 ], [ 29.577373, 60.2678646 ], [ 29.5770712, 60.2678816 ], [ 29.5767519, 60.2678604 ], [ 29.5763782, 60.2678799 ], [ 29.5760824, 60.2679286 ], [ 29.5752587, 60.2679609 ], [ 29.5746678, 60.2681096 ], [ 29.5743329, 60.2682552 ], [ 29.5740171, 60.2684332 ], [ 29.5736415, 60.2685857 ], [ 29.5729254, 60.2689902 ], [ 29.5722478, 60.2694877 ], [ 29.57233, 60.2697283 ], [ 29.572632, 60.2700767 ], [ 29.5726717, 60.2702675 ], [ 29.5724571, 60.2703031 ], [ 29.5721761, 60.2702922 ], [ 29.5719551, 60.2702269 ], [ 29.571781, 60.2702125 ], [ 29.5713298, 60.270251 ], [ 29.5709094, 60.2701944 ], [ 29.5706757, 60.2702353 ], [ 29.5705056, 60.2703006 ], [ 29.5703562, 60.2703643 ], [ 29.5703074, 60.2704609 ], [ 29.5703428, 60.2706225 ], [ 29.5704157, 60.2707232 ], [ 29.5706875, 60.2707675 ], [ 29.5709357, 60.2707715 ], [ 29.5712673, 60.270782 ], [ 29.5713973, 60.2708052 ], [ 29.571365, 60.2708906 ], [ 29.5712537, 60.2709519 ], [ 29.5710704, 60.2709697 ], [ 29.5702032, 60.2711059 ], [ 29.5694415, 60.2711016 ], [ 29.5692103, 60.2710441 ], [ 29.568864, 60.2710721 ], [ 29.5685495, 60.271174 ], [ 29.5684402, 60.2712777 ], [ 29.5683592, 60.2714522 ], [ 29.5681759, 60.2714707 ], [ 29.5680063, 60.2714349 ], [ 29.56787, 60.2713793 ], [ 29.5677924, 60.2713018 ], [ 29.5676503, 60.2712536 ], [ 29.5676067, 60.2711736 ], [ 29.567314, 60.271179 ], [ 29.5670383, 60.2711345 ], [ 29.5667866, 60.2711312 ], [ 29.5665517, 60.2711773 ], [ 29.5662106, 60.271161 ], [ 29.5653013, 60.2710317 ], [ 29.5646063, 60.2708748 ], [ 29.5638888, 60.2707811 ], [ 29.5638129, 60.2707614 ], [ 29.5632137, 60.2706057 ], [ 29.5628435, 60.2705035 ], [ 29.5625121, 60.2704828 ], [ 29.5622114, 60.2704811 ], [ 29.5618572, 60.2703992 ], [ 29.5614608, 60.2703638 ], [ 29.5611202, 60.2702576 ], [ 29.5610402, 60.2701528 ], [ 29.5610573, 60.2700565 ], [ 29.5611031, 60.2697507 ], [ 29.5613676, 60.2695175 ], [ 29.5618231, 60.2692098 ], [ 29.5619341, 60.2690955 ], [ 29.5617716, 60.2688951 ], [ 29.5617119, 60.2686869 ], [ 29.5616521, 60.268581 ], [ 29.5614751, 60.2684079 ], [ 29.5611381, 60.2683007 ], [ 29.5608147, 60.2681711 ], [ 29.5604593, 60.2681389 ], [ 29.5600926, 60.2680296 ], [ 29.5599478, 60.2680203 ], [ 29.5598862, 60.2681084 ], [ 29.5597231, 60.268204 ], [ 29.559601, 60.2683242 ], [ 29.5593813, 60.2685976 ], [ 29.5592188, 60.26871 ], [ 29.5582109, 60.2691713 ], [ 29.5577297, 60.269233 ], [ 29.5573544, 60.2691986 ], [ 29.5571082, 60.2692425 ], [ 29.5568979, 60.2692496 ], [ 29.5566198, 60.2692108 ], [ 29.5562621, 60.2691927 ], [ 29.5559187, 60.2691262 ], [ 29.5554967, 60.2689817 ], [ 29.5552964, 60.2689497 ], [ 29.5549761, 60.2687932 ], [ 29.5544599, 60.2686142 ], [ 29.5538845, 60.2684611 ], [ 29.5534488, 60.2683902 ], [ 29.5530024, 60.2683686 ], [ 29.5526487, 60.2682204 ], [ 29.55228, 60.2681614 ], [ 29.5519555, 60.2680805 ], [ 29.5516872, 60.2679527 ], [ 29.5514392, 60.2677593 ], [ 29.5513191, 60.2676457 ], [ 29.5509755, 60.2675507 ], [ 29.5507407, 60.2674655 ], [ 29.5502417, 60.2672448 ], [ 29.5500403, 60.267181 ], [ 29.5498587, 60.2672095 ], [ 29.5496651, 60.267149 ], [ 29.549527, 60.2672661 ], [ 29.5494738, 60.2674312 ], [ 29.5494936, 60.2676052 ], [ 29.5498975, 60.2680118 ], [ 29.5496991, 60.2684706 ], [ 29.5493424, 60.2685692 ], [ 29.5492265, 60.2686451 ], [ 29.5491273, 60.2686782 ], [ 29.5491177, 60.2687885 ], [ 29.5491964, 60.2688712 ], [ 29.549119, 60.2689901 ], [ 29.5492354, 60.2694046 ], [ 29.5490078, 60.2695163 ], [ 29.5486709, 60.2696487 ], [ 29.5484819, 60.2696834 ], [ 29.5479704, 60.2696988 ], [ 29.5470528, 60.269539 ], [ 29.5468422, 60.2695222 ], [ 29.546651, 60.2695423 ], [ 29.5464646, 60.2695423 ], [ 29.5462317, 60.2695115 ], [ 29.546008, 60.2694297 ], [ 29.5458192, 60.2693148 ], [ 29.5448894, 60.2688833 ], [ 29.5445452, 60.2687458 ], [ 29.544335, 60.2686996 ], [ 29.5432162, 60.2686403 ], [ 29.5427619, 60.2686127 ], [ 29.5425282, 60.2684517 ], [ 29.5425414, 60.2682488 ], [ 29.542515, 60.2681298 ], [ 29.5427678, 60.2679154 ], [ 29.5429252, 60.2677132 ], [ 29.542955, 60.2676473 ], [ 29.5428715, 60.2673119 ], [ 29.54294, 60.2671804 ], [ 29.5428464, 60.2671198 ], [ 29.5425678, 60.2669331 ], [ 29.5423943, 60.2668218 ], [ 29.5421706, 60.2666313 ], [ 29.541948, 60.2663706 ], [ 29.5418541, 60.2662588 ], [ 29.5415619, 60.266004 ], [ 29.5413699, 60.2657358 ], [ 29.5412211, 60.26541 ], [ 29.5411979, 60.2652699 ], [ 29.5411755, 60.2651623 ], [ 29.5411589, 60.2650865 ], [ 29.5411668, 60.2650351 ], [ 29.5412993, 60.2648407 ], [ 29.5416419, 60.2644358 ], [ 29.5416607, 60.2643047 ], [ 29.5416564, 60.2642171 ], [ 29.5415768, 60.2640074 ], [ 29.5415797, 60.2637901 ], [ 29.5415756, 60.263629 ], [ 29.54153, 60.2632631 ], [ 29.5417612, 60.2630974 ], [ 29.5418221, 60.2628892 ], [ 29.5417533, 60.2627776 ], [ 29.5417204, 60.2626334 ], [ 29.5417469, 60.2624946 ], [ 29.5418533, 60.2622446 ], [ 29.5418803, 60.2620553 ], [ 29.5418008, 60.2619648 ], [ 29.5417667, 60.2617759 ], [ 29.5414783, 60.2614316 ], [ 29.5411026, 60.2610954 ], [ 29.5404749, 60.2609242 ], [ 29.5402786, 60.2608787 ], [ 29.5401666, 60.2607783 ], [ 29.539961, 60.2607314 ], [ 29.5395505, 60.2606269 ], [ 29.5391485, 60.2605147 ], [ 29.538976, 60.2604575 ], [ 29.5388387, 60.2603795 ], [ 29.5384502, 60.2602456 ], [ 29.5380745, 60.2601644 ], [ 29.53791, 60.260142 ], [ 29.5376463, 60.2600631 ], [ 29.5372452, 60.2599341 ], [ 29.5370598, 60.2598419 ], [ 29.5369489, 60.2598471 ], [ 29.5368441, 60.2598041 ], [ 29.5367678, 60.259718 ], [ 29.5367538, 60.2596518 ], [ 29.5367768, 60.2595452 ], [ 29.5367971, 60.259399 ], [ 29.5368586, 60.2592574 ], [ 29.5369055, 60.2591956 ], [ 29.5368922, 60.2591059 ], [ 29.5368035, 60.2589488 ], [ 29.5362586, 60.2585745 ], [ 29.535823, 60.2583312 ], [ 29.5356121, 60.2582029 ], [ 29.5355067, 60.2581191 ], [ 29.535261, 60.2579011 ], [ 29.5351456, 60.257756 ], [ 29.5350375, 60.2576797 ], [ 29.5347891, 60.2574568 ], [ 29.5346155, 60.2573361 ], [ 29.5343425, 60.2571399 ], [ 29.5343714, 60.25701 ], [ 29.5344767, 60.2568968 ], [ 29.534635, 60.2568268 ], [ 29.5348847, 60.2567752 ], [ 29.5356251, 60.2566902 ], [ 29.5358386, 60.2566383 ], [ 29.5359705, 60.2565614 ], [ 29.5360433, 60.2565089 ], [ 29.5360333, 60.2564479 ], [ 29.5359867, 60.2563993 ], [ 29.5357095, 60.256289 ], [ 29.5354296, 60.2561193 ], [ 29.5350326, 60.2559864 ], [ 29.5347214, 60.2558852 ], [ 29.5346284, 60.2558087 ], [ 29.534667, 60.2557439 ], [ 29.5347109, 60.2556797 ], [ 29.5352242, 60.2556399 ], [ 29.5360784, 60.2557302 ], [ 29.5367682, 60.2558226 ], [ 29.5369473, 60.2559063 ], [ 29.5369724, 60.2559707 ], [ 29.5369468, 60.2560404 ], [ 29.5366166, 60.2562423 ], [ 29.5366323, 60.2563634 ], [ 29.5370184, 60.2564721 ], [ 29.5372828, 60.2564226 ], [ 29.5377332, 60.2562452 ], [ 29.5380088, 60.2558725 ], [ 29.5382204, 60.2555798 ], [ 29.5381661, 60.2554467 ], [ 29.538109, 60.2552803 ], [ 29.53816, 60.255123 ], [ 29.5383229, 60.2550134 ], [ 29.5386556, 60.2550039 ], [ 29.5389318, 60.2550878 ], [ 29.5391535, 60.2553482 ], [ 29.5392444, 60.2554032 ], [ 29.5395381, 60.2554277 ], [ 29.5397021, 60.2553871 ], [ 29.5397744, 60.2553105 ], [ 29.5397507, 60.2551425 ], [ 29.5395993, 60.2549132 ], [ 29.5394728, 60.2546872 ], [ 29.5395189, 60.2545191 ], [ 29.5394436, 60.2542908 ], [ 29.5393599, 60.2541563 ], [ 29.5391936, 60.2540332 ], [ 29.5391636, 60.2539003 ], [ 29.5394751, 60.2538102 ], [ 29.5399791, 60.2539743 ], [ 29.5402232, 60.2539157 ], [ 29.5403491, 60.2538355 ], [ 29.5403974, 60.2537659 ], [ 29.540428, 60.2537086 ], [ 29.5399884, 60.2531397 ], [ 29.5400022, 60.253061 ], [ 29.5408374, 60.2523919 ], [ 29.5409319, 60.2522102 ], [ 29.5408309, 60.2515993 ], [ 29.5407927, 60.2514962 ], [ 29.5407588, 60.2510353 ], [ 29.5405986, 60.2508457 ], [ 29.5405207, 60.250784 ], [ 29.5404043, 60.2507254 ], [ 29.5396799, 60.2505222 ], [ 29.5391129, 60.2500533 ], [ 29.5387894, 60.2495545 ], [ 29.5387014, 60.249346 ], [ 29.5386616, 60.2491353 ], [ 29.5387465, 60.248913 ], [ 29.5387113, 60.2486798 ], [ 29.5389002, 60.247862 ], [ 29.5389399, 60.2476901 ], [ 29.5390212, 60.2473619 ], [ 29.5390509, 60.2471099 ], [ 29.5391801, 60.2470329 ], [ 29.5392782, 60.2469291 ], [ 29.5393012, 60.2466743 ], [ 29.5392625, 60.2465832 ], [ 29.5385695, 60.2462198 ], [ 29.5381891, 60.2461741 ], [ 29.5374963, 60.2461479 ], [ 29.5372623, 60.2461045 ], [ 29.5357761, 60.2452244 ], [ 29.5357332, 60.2450433 ], [ 29.5355587, 60.2449097 ], [ 29.5353896, 60.2446679 ], [ 29.535217, 60.2444963 ], [ 29.5349918, 60.2442326 ], [ 29.5344658, 60.243623 ], [ 29.5342556, 60.2434299 ], [ 29.5341112, 60.2433 ], [ 29.5339286, 60.2432174 ], [ 29.532741, 60.2428832 ], [ 29.5320855, 60.2428061 ], [ 29.5317113, 60.2426935 ], [ 29.5314821, 60.242582 ], [ 29.531336, 60.2423529 ], [ 29.5313536, 60.2422416 ], [ 29.5314335, 60.2421591 ], [ 29.531614, 60.2420504 ], [ 29.5319529, 60.2419779 ], [ 29.5321995, 60.2419 ], [ 29.5323427, 60.241778 ], [ 29.5323678, 60.2416436 ], [ 29.5322849, 60.2415458 ], [ 29.5320881, 60.2414664 ], [ 29.5319284, 60.2414444 ], [ 29.5317571, 60.2414658 ], [ 29.531651, 60.2415455 ], [ 29.5316037, 60.2416379 ], [ 29.5314514, 60.2417818 ], [ 29.5313774, 60.2418055 ], [ 29.5312819, 60.2418085 ], [ 29.5311155, 60.2417311 ], [ 29.5310931, 60.2416371 ], [ 29.5311043, 60.2415181 ], [ 29.5312098, 60.2413768 ], [ 29.5314665, 60.2412347 ], [ 29.5317359, 60.2411806 ], [ 29.5322799, 60.2411705 ], [ 29.5328076, 60.2411289 ], [ 29.5332422, 60.2408337 ], [ 29.5335126, 60.2405634 ], [ 29.5337254, 60.2403814 ], [ 29.533845, 60.2401033 ], [ 29.5339592, 60.2397399 ] ] } },
{ "type": "Feature", "properties": { "element_type": "way", "osmid": 155304974, "intermittent": null, "waterway": "ditch", "source": null, "natural": null, "gvr:code": null, "image": null, "name": null, "name:fi": null, "name:ru": null, "wikidata": null, "wikipedia": null, "layer": "-1", "description": null, "landuse": null, "water": null, "boat": null, "old_name": null, "bridge": null, "highway": null, "fishing": null, "salt": null, "building:part": null, "alt_name:fi": null, "int_name": null, "name:en": null, "tunnel": null, "ways": null, "name:old": null, "type": null, "source:name": null, "alt_name": null, "alt_name:ru": null }, "geometry": { "type": "LineString", "coordinates": [ [ 29.5757583, 60.2525101 ], [ 29.5765391, 60.2519208 ], [ 29.5759033, 60.2515276 ], [ 29.5755362, 60.2515859 ], [ 29.5745443, 60.2511372 ], [ 29.5742047, 60.2511426 ], [ 29.5739155, 60.2512003 ], [ 29.5736677, 60.2512511 ] ] } },
{ "type": "Feature", "properties": { "element_type": "way", "osmid": 159349802, "intermittent": null, "waterway": null, "source": null, "natural": "water", "gvr:code": null, "image": null, "name": null, "name:fi": null, "name:ru": null, "wikidata": null, "wikipedia": null, "layer": null, "description": null, "landuse": null, "water": null, "boat": null, "old_name": null, "bridge": null, "highway": null, "fishing": null, "salt": null, "building:part": null, "alt_name:fi": null, "int_name": null, "name:en": null, "tunnel": null, "ways": null, "name:old": null, "type": null, "source:name": null, "alt_name": null, "alt_name:ru": null }, "geometry": { "type": "Polygon", "coordinates": [ [ [ 29.5949829, 60.2378902 ], [ 29.5946475, 60.2380551 ], [ 29.5949636, 60.2380869 ], [ 29.5951615, 60.2379521 ], [ 29.5949829, 60.2378902 ] ] ] } },
{ "type": "Feature", "properties": { "element_type": "way", "osmid": 160074705, "intermittent": null, "waterway": "stream", "source": null, "natural": null, "gvr:code": null, "image": null, "name": null, "name:fi": null, "name:ru": null, "wikidata": null, "wikipedia": null, "layer": "-1", "description": null, "landuse": null, "water": null, "boat": null, "old_name": null, "bridge": null, "highway": null, "fishing": null, "salt": null, "building:part": null, "alt_name:fi": null, "int_name": null, "name:en": null, "tunnel": null, "ways": null, "name:old": null, "type": null, "source:name": null, "alt_name": null, "alt_name:ru": null }, "geometry": { "type": "LineString", "coordinates": [ [ 29.6197756, 60.2482304 ], [ 29.6210669, 60.2486735 ] ] } },
{ "type": "Feature", "properties": { "element_type": "way", "osmid": 161118528, "intermittent": null, "waterway": "stream", "source": null, "natural": null, "gvr:code": null, "image": null, "name": null, "name:fi": null, "name:ru": null, "wikidata": null, "wikipedia": null, "layer": "-1", "description": null, "landuse": null, "water": null, "boat": null, "old_name": null, "bridge": null, "highway": null, "fishing": null, "salt": null, "building:part": null, "alt_name:fi": null, "int_name": null, "name:en": null, "tunnel": null, "ways": null, "name:old": null, "type": null, "source:name": null, "alt_name": null, "alt_name:ru": null }, "geometry": { "type": "LineString", "coordinates": [ [ 29.6493168, 60.2579627 ], [ 29.6492296, 60.2582515 ], [ 29.6491626, 60.2586839 ], [ 29.6489426, 60.2593153 ], [ 29.6484639, 60.2601036 ], [ 29.6478148, 60.2603085 ], [ 29.6474017, 60.2602952 ], [ 29.6465784, 60.2608554 ] ] } },
{ "type": "Feature", "properties": { "element_type": "way", "osmid": 161772148, "intermittent": null, "waterway": "stream", "source": null, "natural": null, "gvr:code": null, "image": null, "name": null, "name:fi": null, "name:ru": null, "wikidata": null, "wikipedia": null, "layer": "-1", "description": null, "landuse": null, "water": null, "boat": null, "old_name": null, "bridge": null, "highway": null, "fishing": null, "salt": null, "building:part": null, "alt_name:fi": null, "int_name": null, "name:en": null, "tunnel": null, "ways": null, "name:old": null, "type": null, "source:name": null, "alt_name": null, "alt_name:ru": null }, "geometry": { "type": "LineString", "coordinates": [ [ 29.5704555, 60.2494083 ], [ 29.5703963, 60.249319 ], [ 29.5702394, 60.2491994 ], [ 29.5695207, 60.2488619 ], [ 29.5678689, 60.2480782 ], [ 29.5654065, 60.2474963 ], [ 29.5646117, 60.2477605 ], [ 29.564555, 60.2477805 ], [ 29.5634918, 60.2485748 ] ] } },
{ "type": "Feature", "properties": { "element_type": "way", "osmid": 163831343, "intermittent": null, "waterway": "stream", "source": null, "natural": null, "gvr:code": null, "image": null, "name": null, "name:fi": null, "name:ru": null, "wikidata": null, "wikipedia": null, "layer": "-1", "description": null, "landuse": null, "water": null, "boat": null, "old_name": null, "bridge": null, "highway": null, "fishing": null, "salt": null, "building:part": null, "alt_name:fi": null, "int_name": null, "name:en": null, "tunnel": null, "ways": null, "name:old": null, "type": null, "source:name": null, "alt_name": null, "alt_name:ru": null }, "geometry": { "type": "LineString", "coordinates": [ [ 29.6135507, 60.2426835 ], [ 29.6134708, 60.2423161 ], [ 29.6133187, 60.2419496 ], [ 29.6131794, 60.2416667 ], [ 29.6128917, 60.2411454 ], [ 29.6127396, 60.240828 ], [ 29.612439, 60.2402358 ], [ 29.6122814, 60.2398892 ], [ 29.6121705, 60.2396568 ], [ 29.6119085, 60.2395553 ], [ 29.6113981, 60.2393638 ], [ 29.6109307, 60.2392037 ], [ 29.6100969, 60.2389008 ], [ 29.6094096, 60.2386579 ], [ 29.6085592, 60.2383304 ], [ 29.6079764, 60.2380802 ], [ 29.6075348, 60.2378855 ], [ 29.6072525, 60.2377045 ], [ 29.6063747, 60.2371941 ], [ 29.6057461, 60.2368611 ] ] } },
{ "type": "Feature", "properties": { "element_type": "way", "osmid": 163831344, "intermittent": null, "waterway": "stream", "source": null, "natural": null, "gvr:code": null, "image": null, "name": null, "name:fi": null, "name:ru": null, "wikidata": null, "wikipedia": null, "layer": "-1", "description": null, "landuse": null, "water": null, "boat": null, "old_name": null, "bridge": null, "highway": null, "fishing": null, "salt": null, "building:part": null, "alt_name:fi": null, "int_name": null, "name:en": null, "tunnel": null, "ways": null, "name:old": null, "type": null, "source:name": null, "alt_name": null, "alt_name:ru": null }, "geometry": { "type": "LineString", "coordinates": [ [ 29.6088276, 60.2413232 ], [ 29.6086334, 60.2411231 ], [ 29.6084153, 60.2409384 ], [ 29.6084299, 60.2409048 ], [ 29.6081697, 60.2406846 ], [ 29.6079864, 60.2404945 ], [ 29.6077482, 60.2403107 ] ] } },
{ "type": "Feature", "properties": { "element_type": "way", "osmid": 163831380, "intermittent": null, "waterway": null, "source": null, "natural": "water", "gvr:code": null, "image": null, "name": null, "name:fi": null, "name:ru": null, "wikidata": null, "wikipedia": null, "layer": null, "description": null, "landuse": null, "water": null, "boat": null, "old_name": null, "bridge": null, "highway": null, "fishing": null, "salt": null, "building:part": null, "alt_name:fi": null, "int_name": null, "name:en": null, "tunnel": null, "ways": null, "name:old": null, "type": null, "source:name": null, "alt_name": null, "alt_name:ru": null }, "geometry": { "type": "Polygon", "coordinates": [ [ [ 29.62104, 60.2380993 ], [ 29.6210581, 60.2381585 ], [ 29.6211463, 60.2382691 ], [ 29.6211955, 60.2383039 ], [ 29.6212784, 60.2383013 ], [ 29.6212992, 60.2382563 ], [ 29.6212525, 60.2381984 ], [ 29.6212473, 60.2381276 ], [ 29.6212422, 60.2380749 ], [ 29.621154, 60.2380427 ], [ 29.6210711, 60.2380491 ], [ 29.62104, 60.2380993 ] ] ] } },
{ "type": "Feature", "properties": { "element_type": "way", "osmid": 163831381, "intermittent": null, "waterway": null, "source": null, "natural": "water", "gvr:code": null, "image": null, "name": null, "name:fi": null, "name:ru": null, "wikidata": null, "wikipedia": null, "layer": null, "description": null, "landuse": null, "water": null, "boat": null, "old_name": null, "bridge": null, "highway": null, "fishing": null, "salt": null, "building:part": null, "alt_name:fi": null, "int_name": null, "name:en": null, "tunnel": null, "ways": null, "name:old": null, "type": null, "source:name": null, "alt_name": null, "alt_name:ru": null }, "geometry": { "type": "Polygon", "coordinates": [ [ [ 29.6084472, 60.2421122 ], [ 29.6084534, 60.2421599 ], [ 29.608483, 60.2421906 ], [ 29.6085508, 60.2422096 ], [ 29.6086002, 60.2421991 ], [ 29.6086261, 60.2421753 ], [ 29.6086335, 60.2421489 ], [ 29.6086039, 60.2420956 ], [ 29.6085706, 60.2420742 ], [ 29.6085089, 60.2420766 ], [ 29.608462, 60.2420938 ], [ 29.6084472, 60.2421122 ] ] ] } },
{ "type": "Feature", "properties": { "element_type": "way", "osmid": 163831383, "intermittent": null, "waterway": null, "source": null, "natural": "water", "gvr:code": null, "image": null, "name": null, "name:fi": null, "name:ru": null, "wikidata": null, "wikipedia": null, "layer": null, "description": null, "landuse": null, "water": null, "boat": null, "old_name": null, "bridge": null, "highway": null, "fishing": null, "salt": null, "building:part": null, "alt_name:fi": null, "int_name": null, "name:en": null, "tunnel": null, "ways": null, "name:old": null, "type": null, "source:name": null, "alt_name": null, "alt_name:ru": null }, "geometry": { "type": "Polygon", "coordinates": [ [ [ 29.619965, 60.2390985 ], [ 29.62014, 60.2390959 ], [ 29.6200933, 60.239166 ], [ 29.6200505, 60.2391853 ], [ 29.6200505, 60.239222 ], [ 29.620022, 60.2392529 ], [ 29.6199637, 60.2392503 ], [ 29.6199845, 60.2392284 ], [ 29.6199676, 60.2392059 ], [ 29.619943, 60.2391963 ], [ 29.6199521, 60.239159 ], [ 29.6199391, 60.2391429 ], [ 29.6199391, 60.2391242 ], [ 29.6199508, 60.2391204 ], [ 29.619965, 60.2390985 ] ] ] } },
{ "type": "Feature", "properties": { "element_type": "way", "osmid": 163831389, "intermittent": null, "waterway": null, "source": null, "natural": "water", "gvr:code": null, "image": null, "name": null, "name:fi": null, "name:ru": null, "wikidata": null, "wikipedia": null, "layer": null, "description": null, "landuse": null, "water": null, "boat": null, "old_name": null, "bridge": null, "highway": null, "fishing": null, "salt": null, "building:part": null, "alt_name:fi": null, "int_name": null, "name:en": null, "tunnel": null, "ways": null, "name:old": null, "type": null, "source:name": null, "alt_name": null, "alt_name:ru": null }, "geometry": { "type": "Polygon", "coordinates": [ [ [ 29.6207325, 60.2362018 ], [ 29.6207398, 60.2362318 ], [ 29.6207856, 60.23625 ], [ 29.6207856, 60.2362864 ], [ 29.6208113, 60.2363246 ], [ 29.6208681, 60.2363501 ], [ 29.6209561, 60.2363392 ], [ 29.6209652, 60.2362873 ], [ 29.6209396, 60.2362391 ], [ 29.6209579, 60.23619 ], [ 29.6210092, 60.2361872 ], [ 29.6209781, 60.2361536 ], [ 29.6209103, 60.2361436 ], [ 29.6208938, 60.2361636 ], [ 29.6208809, 60.2361945 ], [ 29.6208571, 60.2361972 ], [ 29.6208058, 60.2361827 ], [ 29.6207325, 60.2362018 ] ] ] } },
{ "type": "Feature", "properties": { "element_type": "way", "osmid": 163831393, "intermittent": null, "waterway": null, "source": null, "natural": "water", "gvr:code": null, "image": null, "name": null, "name:fi": null, "name:ru": null, "wikidata": null, "wikipedia": null, "layer": null, "description": null, "landuse": null, "water": null, "boat": null, "old_name": null, "bridge": null, "highway": null, "fishing": null, "salt": null, "building:part": null, "alt_name:fi": null, "int_name": null, "name:en": null, "tunnel": null, "ways": null, "name:old": null, "type": null, "source:name": null, "alt_name": null, "alt_name:ru": null }, "geometry": { "type": "Polygon", "coordinates": [ [ [ 29.620333, 60.2371652 ], [ 29.6203348, 60.2371989 ], [ 29.620377, 60.2372326 ], [ 29.6204814, 60.2372153 ], [ 29.6204906, 60.2371716 ], [ 29.6203934, 60.2371516 ], [ 29.620333, 60.2371652 ] ] ] } },
{ "type": "Feature", "properties": { "element_type": "way", "osmid": 163831394, "intermittent": null, "waterway": null, "source": null, "natural": "water", "gvr:code": null, "image": null, "name": null, "name:fi": null, "name:ru": null, "wikidata": null, "wikipedia": null, "layer": null, "description": null, "landuse": null, "water": null, "boat": null, "old_name": null, "bridge": null, "highway": null, "fishing": null, "salt": null, "building:part": null, "alt_name:fi": null, "int_name": null, "name:en": null, "tunnel": null, "ways": null, "name:old": null, "type": null, "source:name": null, "alt_name": null, "alt_name:ru": null }, "geometry": { "type": "Polygon", "coordinates": [ [ [ 29.6128478, 60.2419469 ], [ 29.6129749, 60.2420259 ], [ 29.6130354, 60.2420247 ], [ 29.613065, 60.2420002 ], [ 29.6129725, 60.2419126 ], [ 29.6129021, 60.2419193 ], [ 29.6128478, 60.2419469 ] ] ] } },
{ "type": "Feature", "properties": { "element_type": "way", "osmid": 163831396, "intermittent": null, "waterway": null, "source": null, "natural": "water", "gvr:code": null, "image": null, "name": null, "name:fi": null, "name:ru": null, "wikidata": null, "wikipedia": null, "layer": null, "description": null, "landuse": null, "water": null, "boat": null, "old_name": null, "bridge": null, "highway": null, "fishing": null, "salt": null, "building:part": null, "alt_name:fi": null, "int_name": null, "name:en": null, "tunnel": null, "ways": null, "name:old": null, "type": null, "source:name": null, "alt_name": null, "alt_name:ru": null }, "geometry": { "type": "Polygon", "coordinates": [ [ [ 29.6162611, 60.2355346 ], [ 29.6161885, 60.235559 ], [ 29.6162377, 60.2356324 ], [ 29.6163596, 60.2357533 ], [ 29.616458, 60.2357225 ], [ 29.6164269, 60.2355809 ], [ 29.6164477, 60.23555 ], [ 29.6164062, 60.2355217 ], [ 29.616357, 60.2355127 ], [ 29.6162611, 60.2355346 ] ] ] } },
{ "type": "Feature", "properties": { "element_type": "way", "osmid": 163831397, "intermittent": null, "waterway": null, "source": null, "natural": "water", "gvr:code": null, "image": null, "name": null, "name:fi": null, "name:ru": null, "wikidata": null, "wikipedia": null, "layer": null, "description": null, "landuse": null, "water": null, "boat": null, "old_name": null, "bridge": null, "highway": null, "fishing": null, "salt": null, "building:part": null, "alt_name:fi": null, "int_name": null, "name:en": null, "tunnel": null, "ways": null, "name:old": null, "type": null, "source:name": null, "alt_name": null, "alt_name:ru": null }, "geometry": { "type": "Polygon", "coordinates": [ [ [ 29.6099982, 60.2422346 ], [ 29.6099587, 60.2422524 ], [ 29.6099797, 60.2422702 ], [ 29.6100241, 60.2422873 ], [ 29.6100858, 60.24228 ], [ 29.6101364, 60.2422671 ], [ 29.6101438, 60.2422414 ], [ 29.6100846, 60.2422187 ], [ 29.6100303, 60.242223 ], [ 29.6099982, 60.2422346 ] ] ] } },
{ "type": "Feature", "properties": { "element_type": "way", "osmid": 163833033, "intermittent": null, "waterway": null, "source": null, "natural": "water", "gvr:code": null, "image": null, "name": null, "name:fi": null, "name:ru": null, "wikidata": null, "wikipedia": null, "layer": null, "description": null, "landuse": null, "water": null, "boat": null, "old_name": null, "bridge": null, "highway": null, "fishing": null, "salt": null, "building:part": null, "alt_name:fi": null, "int_name": null, "name:en": null, "tunnel": null, "ways": null, "name:old": null, "type": null, "source:name": null, "alt_name": null, "alt_name:ru": null }, "geometry": { "type": "Polygon", "coordinates": [ [ [ 29.6165749, 60.2379958 ], [ 29.616422, 60.2380434 ], [ 29.6164687, 60.2381039 ], [ 29.6165153, 60.2381 ], [ 29.6165438, 60.2381219 ], [ 29.616676, 60.2380949 ], [ 29.6166423, 60.2380498 ], [ 29.6165749, 60.2379958 ] ] ] } },
{ "type": "Feature", "properties": { "element_type": "way", "osmid": 164672919, "intermittent": null, "waterway": null, "source": null, "natural": "water", "gvr:code": null, "image": null, "name": null, "name:fi": null, "name:ru": null, "wikidata": null, "wikipedia": null, "layer": null, "description": null, "landuse": null, "water": null, "boat": null, "old_name": null, "bridge": null, "highway": null, "fishing": null, "salt": null, "building:part": null, "alt_name:fi": null, "int_name": null, "name:en": null, "tunnel": null, "ways": null, "name:old": null, "type": null, "source:name": null, "alt_name": null, "alt_name:ru": null }, "geometry": { "type": "Polygon", "coordinates": [ [ [ 29.6220184, 60.2442296 ], [ 29.621957, 60.2443347 ], [ 29.6220212, 60.2443583 ], [ 29.6221198, 60.2443387 ], [ 29.62211, 60.2442873 ], [ 29.6221955, 60.2442824 ], [ 29.6222629, 60.2442588 ], [ 29.6222021, 60.2442106 ], [ 29.6220184, 60.2442296 ] ] ] } },
{ "type": "Feature", "properties": { "element_type": "way", "osmid": 166561430, "intermittent": null, "waterway": null, "source": null, "natural": "water", "gvr:code": null, "image": null, "name": null, "name:fi": null, "name:ru": null, "wikidata": null, "wikipedia": null, "layer": null, "description": null, "landuse": null, "water": null, "boat": null, "old_name": null, "bridge": null, "highway": null, "fishing": null, "salt": null, "building:part": null, "alt_name:fi": null, "int_name": null, "name:en": null, "tunnel": null, "ways": null, "name:old": null, "type": null, "source:name": null, "alt_name": null, "alt_name:ru": null }, "geometry": { "type": "Polygon", "coordinates": [ [ [ 29.5942231, 60.2593705 ], [ 29.5942589, 60.2594139 ], [ 29.5943217, 60.2594228 ], [ 29.5943801, 60.2594429 ], [ 29.5944743, 60.2594173 ], [ 29.5945236, 60.2593817 ], [ 29.5945797, 60.2593605 ], [ 29.5946358, 60.2593394 ], [ 29.594638, 60.2592849 ], [ 29.594573, 60.2592259 ], [ 29.5945124, 60.2592548 ], [ 29.5944227, 60.2592826 ], [ 29.5943778, 60.2592626 ], [ 29.5943756, 60.2592315 ], [ 29.5943958, 60.2592081 ], [ 29.5942814, 60.2592114 ], [ 29.5942298, 60.259237 ], [ 29.5942253, 60.2592671 ], [ 29.5942881, 60.2592904 ], [ 29.5942343, 60.2593227 ], [ 29.5942163, 60.2593494 ], [ 29.5942231, 60.2593705 ] ] ] } },
{ "type": "Feature", "properties": { "element_type": "way", "osmid": 167584461, "intermittent": null, "waterway": "stream", "source": null, "natural": null, "gvr:code": null, "image": null, "name": null, "name:fi": null, "name:ru": null, "wikidata": null, "wikipedia": null, "layer": null, "description": null, "landuse": null, "water": null, "boat": null, "old_name": null, "bridge": null, "highway": null, "fishing": null, "salt": null, "building:part": null, "alt_name:fi": null, "int_name": null, "name:en": null, "tunnel": null, "ways": null, "name:old": null, "type": null, "source:name": null, "alt_name": null, "alt_name:ru": null }, "geometry": { "type": "LineString", "coordinates": [ [ 29.6293917, 60.2382939 ], [ 29.6293853, 60.2381656 ] ] } },
{ "type": "Feature", "properties": { "element_type": "way", "osmid": 167589332, "intermittent": null, "waterway": null, "source": null, "natural": "water", "gvr:code": null, "image": null, "name": null, "name:fi": null, "name:ru": null, "wikidata": null, "wikipedia": null, "layer": null, "description": null, "landuse": null, "water": null, "boat": null, "old_name": null, "bridge": null, "highway": null, "fishing": null, "salt": null, "building:part": null, "alt_name:fi": null, "int_name": null, "name:en": null, "tunnel": null, "ways": null, "name:old": null, "type": null, "source:name": null, "alt_name": null, "alt_name:ru": null }, "geometry": { "type": "Polygon", "coordinates": [ [ [ 29.6240635, 60.2373462 ], [ 29.6241637, 60.2373631 ], [ 29.6241246, 60.23745 ], [ 29.6239853, 60.2374297 ], [ 29.6238834, 60.2374154 ], [ 29.6238732, 60.2373766 ], [ 29.6239962, 60.2373734 ], [ 29.6240635, 60.2373462 ] ] ] } },
{ "type": "Feature", "properties": { "element_type": "way", "osmid": 168021253, "intermittent": null, "waterway": "stream", "source": null, "natural": null, "gvr:code": null, "image": null, "name": null, "name:fi": null, "name:ru": null, "wikidata": null, "wikipedia": null, "layer": "-1", "description": null, "landuse": null, "water": null, "boat": null, "old_name": null, "bridge": null, "highway": null, "fishing": null, "salt": null, "building:part": null, "alt_name:fi": null, "int_name": null, "name:en": null, "tunnel": null, "ways": null, "name:old": null, "type": null, "source:name": null, "alt_name": null, "alt_name:ru": null }, "geometry": { "type": "LineString", "coordinates": [ [ 29.5917815, 60.266187 ], [ 29.591661, 60.2661473 ], [ 29.5912944, 60.266006 ], [ 29.5910966, 60.2659511 ], [ 29.5902525, 60.2656868 ], [ 29.5896011, 60.2656254 ], [ 29.5893535, 60.2656839 ] ] } },
{ "type": "Feature", "properties": { "element_type": "way", "osmid": 168178404, "intermittent": null, "waterway": "ditch", "source": null, "natural": null, "gvr:code": null, "image": null, "name": null, "name:fi": null, "name:ru": null, "wikidata": null, "wikipedia": null, "layer": null, "description": null, "landuse": null, "water": null, "boat": null, "old_name": null, "bridge": null, "highway": null, "fishing": null, "salt": null, "building:part": null, "alt_name:fi": null, "int_name": null, "name:en": null, "tunnel": null, "ways": null, "name:old": null, "type": null, "source:name": null, "alt_name": null, "alt_name:ru": null }, "geometry": { "type": "LineString", "coordinates": [ [ 29.6089599, 60.2678911 ], [ 29.6101632, 60.267482 ], [ 29.6108878, 60.2674211 ], [ 29.6118906, 60.2674548 ] ] } },
{ "type": "Feature", "properties": { "element_type": "way", "osmid": 168740889, "intermittent": null, "waterway": "ditch", "source": null, "natural": null, "gvr:code": null, "image": null, "name": null, "name:fi": null, "name:ru": null, "wikidata": null, "wikipedia": null, "layer": null, "description": null, "landuse": null, "water": null, "boat": null, "old_name": null, "bridge": null, "highway": null, "fishing": null, "salt": null, "building:part": null, "alt_name:fi": null, "int_name": null, "name:en": null, "tunnel": null, "ways": null, "name:old": null, "type": null, "source:name": null, "alt_name": null, "alt_name:ru": null }, "geometry": { "type": "LineString", "coordinates": [ [ 29.5590652, 60.2499328 ], [ 29.5586582, 60.2500205 ], [ 29.5583564, 60.250117 ] ] } },
{ "type": "Feature", "properties": { "element_type": "way", "osmid": 168740890, "intermittent": null, "waterway": "ditch", "source": null, "natural": null, "gvr:code": null, "image": null, "name": null, "name:fi": null, "name:ru": null, "wikidata": null, "wikipedia": null, "layer": null, "description": null, "landuse": null, "water": null, "boat": null, "old_name": null, "bridge": null, "highway": null, "fishing": null, "salt": null, "building:part": null, "alt_name:fi": null, "int_name": null, "name:en": null, "tunnel": null, "ways": null, "name:old": null, "type": null, "source:name": null, "alt_name": null, "alt_name:ru": null }, "geometry": { "type": "LineString", "coordinates": [ [ 29.5581149, 60.2502388 ], [ 29.5576217, 60.2504276 ] ] } },
{ "type": "Feature", "properties": { "element_type": "way", "osmid": 168740892, "intermittent": null, "waterway": "ditch", "source": null, "natural": null, "gvr:code": null, "image": null, "name": null, "name:fi": null, "name:ru": null, "wikidata": null, "wikipedia": null, "layer": "-1", "description": null, "landuse": null, "water": null, "boat": null, "old_name": null, "bridge": null, "highway": null, "fishing": null, "salt": null, "building:part": null, "alt_name:fi": null, "int_name": null, "name:en": null, "tunnel": null, "ways": null, "name:old": null, "type": null, "source:name": null, "alt_name": null, "alt_name:ru": null }, "geometry": { "type": "LineString", "coordinates": [ [ 29.5582643, 60.2501722 ], [ 29.5581149, 60.2502388 ] ] } },
{ "type": "Feature", "properties": { "element_type": "way", "osmid": 169234318, "intermittent": null, "waterway": "ditch", "source": null, "natural": null, "gvr:code": null, "image": null, "name": null, "name:fi": null, "name:ru": null, "wikidata": null, "wikipedia": null, "layer": null, "description": null, "landuse": null, "water": null, "boat": null, "old_name": null, "bridge": null, "highway": null, "fishing": null, "salt": null, "building:part": null, "alt_name:fi": null, "int_name": null, "name:en": null, "tunnel": null, "ways": null, "name:old": null, "type": null, "source:name": null, "alt_name": null, "alt_name:ru": null }, "geometry": { "type": "LineString", "coordinates": [ [ 29.6252054, 60.2586098 ], [ 29.625153, 60.2586147 ], [ 29.6247827, 60.2585238 ] ] } },
{ "type": "Feature", "properties": { "element_type": "way", "osmid": 169234319, "intermittent": null, "waterway": "ditch", "source": null, "natural": null, "gvr:code": null, "image": null, "name": null, "name:fi": null, "name:ru": null, "wikidata": null, "wikipedia": null, "layer": null, "description": null, "landuse": null, "water": null, "boat": null, "old_name": null, "bridge": null, "highway": null, "fishing": null, "salt": null, "building:part": null, "alt_name:fi": null, "int_name": null, "name:en": null, "tunnel": null, "ways": null, "name:old": null, "type": null, "source:name": null, "alt_name": null, "alt_name:ru": null }, "geometry": { "type": "LineString", "coordinates": [ [ 29.6251243, 60.2585492 ], [ 29.6252054, 60.2586098 ], [ 29.625259, 60.2586815 ] ] } },
{ "type": "Feature", "properties": { "element_type": "way", "osmid": 170133694, "intermittent": null, "waterway": "stream", "source": null, "natural": null, "gvr:code": null, "image": null, "name": null, "name:fi": null, "name:ru": null, "wikidata": null, "wikipedia": null, "layer": null, "description": null, "landuse": null, "water": null, "boat": null, "old_name": null, "bridge": null, "highway": null, "fishing": null, "salt": null, "building:part": null, "alt_name:fi": null, "int_name": null, "name:en": null, "tunnel": null, "ways": null, "name:old": null, "type": null, "source:name": null, "alt_name": null, "alt_name:ru": null }, "geometry": { "type": "LineString", "coordinates": [ [ 29.6407561, 60.2465229 ], [ 29.6409138, 60.246714 ] ] } },
{ "type": "Feature", "properties": { "element_type": "way", "osmid": 170133697, "intermittent": null, "waterway": "stream", "source": null, "natural": null, "gvr:code": null, "image": "http://img-fotki.yandex.ru/get/5407/3316237.25/0_6f134_f4520729_orig", "name": null, "name:fi": null, "name:ru": null, "wikidata": null, "wikipedia": null, "layer": null, "description": null, "landuse": null, "water": null, "boat": null, "old_name": null, "bridge": null, "highway": null, "fishing": null, "salt": null, "building:part": null, "alt_name:fi": null, "int_name": null, "name:en": null, "tunnel": null, "ways": null, "name:old": null, "type": null, "source:name": null, "alt_name": null, "alt_name:ru": null }, "geometry": { "type": "LineString", "coordinates": [ [ 29.6506656, 60.2531295 ], [ 29.6501594, 60.2534875 ], [ 29.650197, 60.2537085 ], [ 29.6519111, 60.2552101 ], [ 29.651876, 60.2553385 ], [ 29.6509069, 60.2559665 ], [ 29.6502784, 60.2562175 ], [ 29.6499974, 60.2566049 ], [ 29.6499703, 60.2570924 ], [ 29.6499072, 60.2572057 ], [ 29.6494199, 60.25777 ], [ 29.64934, 60.2578917 ] ] } },
{ "type": "Feature", "properties": { "element_type": "way", "osmid": 170713235, "intermittent": null, "waterway": "drain", "source": null, "natural": null, "gvr:code": null, "image": null, "name": null, "name:fi": null, "name:ru": null, "wikidata": null, "wikipedia": null, "layer": "-1", "description": null, "landuse": null, "water": null, "boat": null, "old_name": null, "bridge": null, "highway": null, "fishing": null, "salt": null, "building:part": null, "alt_name:fi": null, "int_name": null, "name:en": null, "tunnel": null, "ways": null, "name:old": null, "type": null, "source:name": null, "alt_name": null, "alt_name:ru": null }, "geometry": { "type": "LineString", "coordinates": [ [ 29.6073422, 60.2552181 ], [ 29.6066739, 60.2554287 ], [ 29.6060448, 60.2557349 ], [ 29.6053373, 60.2560778 ], [ 29.6054093, 60.2562434 ], [ 29.6056725, 60.2566069 ] ] } },
{ "type": "Feature", "properties": { "element_type": "way", "osmid": 170934939, "intermittent": null, "waterway": "drain", "source": null, "natural": null, "gvr:code": null, "image": null, "name": null, "name:fi": null, "name:ru": null, "wikidata": null, "wikipedia": null, "layer": "-1", "description": null, "landuse": null, "water": null, "boat": null, "old_name": null, "bridge": null, "highway": null, "fishing": null, "salt": null, "building:part": null, "alt_name:fi": null, "int_name": null, "name:en": null, "tunnel": null, "ways": null, "name:old": null, "type": null, "source:name": null, "alt_name": null, "alt_name:ru": null }, "geometry": { "type": "LineString", "coordinates": [ [ 29.574742, 60.2475424 ], [ 29.5747534, 60.247461 ] ] } },
{ "type": "Feature", "properties": { "element_type": "way", "osmid": 170934942, "intermittent": null, "waterway": "drain", "source": null, "natural": null, "gvr:code": null, "image": null, "name": null, "name:fi": null, "name:ru": null, "wikidata": null, "wikipedia": null, "layer": null, "description": null, "landuse": null, "water": null, "boat": null, "old_name": null, "bridge": null, "highway": null, "fishing": null, "salt": null, "building:part": null, "alt_name:fi": null, "int_name": null, "name:en": null, "tunnel": null, "ways": null, "name:old": null, "type": null, "source:name": null, "alt_name": null, "alt_name:ru": null }, "geometry": { "type": "LineString", "coordinates": [ [ 29.5747534, 60.247461 ], [ 29.574723, 60.2473948 ], [ 29.5742085, 60.2472095 ] ] } },
{ "type": "Feature", "properties": { "element_type": "way", "osmid": 170934943, "intermittent": null, "waterway": "ditch", "source": null, "natural": null, "gvr:code": null, "image": null, "name": null, "name:fi": null, "name:ru": null, "wikidata": null, "wikipedia": null, "layer": null, "description": null, "landuse": null, "water": null, "boat": null, "old_name": null, "bridge": null, "highway": null, "fishing": null, "salt": null, "building:part": null, "alt_name:fi": null, "int_name": null, "name:en": null, "tunnel": null, "ways": null, "name:old": null, "type": null, "source:name": null, "alt_name": null, "alt_name:ru": null }, "geometry": { "type": "LineString", "coordinates": [ [ 29.5603089, 60.2488092 ], [ 29.5599098, 60.2490606 ], [ 29.5596999, 60.2492001 ], [ 29.5596921, 60.2492971 ] ] } },
{ "type": "Feature", "properties": { "element_type": "way", "osmid": 170934944, "intermittent": null, "waterway": "drain", "source": null, "natural": null, "gvr:code": null, "image": null, "name": null, "name:fi": null, "name:ru": null, "wikidata": null, "wikipedia": null, "layer": null, "description": null, "landuse": null, "water": null, "boat": null, "old_name": null, "bridge": null, "highway": null, "fishing": null, "salt": null, "building:part": null, "alt_name:fi": null, "int_name": null, "name:en": null, "tunnel": null, "ways": null, "name:old": null, "type": null, "source:name": null, "alt_name": null, "alt_name:ru": null }, "geometry": { "type": "LineString", "coordinates": [ [ 29.5740594, 60.2478843 ], [ 29.5742847, 60.2478071 ], [ 29.5745476, 60.2476596 ], [ 29.5747115, 60.2475726 ], [ 29.574742, 60.2475424 ] ] } },
{ "type": "Feature", "properties": { "element_type": "way", "osmid": 170934956, "intermittent": null, "waterway": null, "source": null, "natural": "water", "gvr:code": null, "image": null, "name": null, "name:fi": null, "name:ru": null, "wikidata": null, "wikipedia": null, "layer": null, "description": null, "landuse": "reservoir", "water": "reservoir", "boat": null, "old_name": null, "bridge": null, "highway": null, "fishing": null, "salt": null, "building:part": null, "alt_name:fi": null, "int_name": null, "name:en": null, "tunnel": null, "ways": null, "name:old": null, "type": null, "source:name": null, "alt_name": null, "alt_name:ru": null }, "geometry": { "type": "Polygon", "coordinates": [ [ [ 29.5599054, 60.2496865 ], [ 29.5598786, 60.2496825 ], [ 29.5597672, 60.2496865 ], [ 29.5597766, 60.2496731 ], [ 29.5598021, 60.2496672 ], [ 29.5599094, 60.2496592 ], [ 29.5599148, 60.2496465 ], [ 29.5599148, 60.2496192 ], [ 29.5599054, 60.2496073 ], [ 29.5598812, 60.2496013 ], [ 29.5597994, 60.2496039 ], [ 29.559774, 60.2495979 ], [ 29.559774, 60.2494861 ], [ 29.559778, 60.2494735 ], [ 29.5597994, 60.2494655 ], [ 29.5599014, 60.2494888 ], [ 29.5599054, 60.2495161 ], [ 29.5599483, 60.2495334 ], [ 29.5600811, 60.2495554 ], [ 29.5600998, 60.2495647 ], [ 29.5601012, 60.249578 ], [ 29.5600221, 60.2496212 ], [ 29.5600113, 60.2496479 ], [ 29.5600207, 60.2496605 ], [ 29.5600449, 60.2496652 ], [ 29.5600985, 60.2496652 ], [ 29.56012, 60.2496725 ], [ 29.5601334, 60.2496845 ], [ 29.5601106, 60.2496918 ], [ 29.5600019, 60.2496818 ], [ 29.5599054, 60.2496865 ] ] ] } },
{ "type": "Feature", "properties": { "element_type": "way", "osmid": 173807648, "intermittent": null, "waterway": null, "source": null, "natural": "water", "gvr:code": null, "image": null, "name": null, "name:fi": null, "name:ru": null, "wikidata": null, "wikipedia": null, "layer": null, "description": null, "landuse": null, "water": null, "boat": null, "old_name": null, "bridge": null, "highway": null, "fishing": null, "salt": null, "building:part": null, "alt_name:fi": null, "int_name": null, "name:en": null, "tunnel": null, "ways": null, "name:old": null, "type": null, "source:name": null, "alt_name": null, "alt_name:ru": null }, "geometry": { "type": "Polygon", "coordinates": [ [ [ 29.6086504, 60.2434537 ], [ 29.608454, 60.2434756 ], [ 29.6084706, 60.2435237 ], [ 29.6085785, 60.2435278 ], [ 29.6086864, 60.2435031 ], [ 29.608703, 60.2434619 ], [ 29.6086504, 60.2434537 ] ] ] } },
{ "type": "Feature", "properties": { "element_type": "way", "osmid": 180658121, "intermittent": null, "waterway": "weir", "source": null, "natural": null, "gvr:code": null, "image": "http://img-fotki.yandex.ru/get/6612/3316237.26/0_74776_d6a7fd67_orig", "name": null, "name:fi": null, "name:ru": null, "wikidata": null, "wikipedia": null, "layer": "1", "description": null, "landuse": null, "water": null, "boat": null, "old_name": null, "bridge": "yes", "highway": "path", "fishing": null, "salt": null, "building:part": null, "alt_name:fi": null, "int_name": null, "name:en": null, "tunnel": null, "ways": null, "name:old": null, "type": null, "source:name": null, "alt_name": null, "alt_name:ru": null }, "geometry": { "type": "LineString", "coordinates": [ [ 29.647788, 60.244493 ], [ 29.6475408, 60.2445172 ] ] } },
{ "type": "Feature", "properties": { "element_type": "way", "osmid": 180659140, "intermittent": null, "waterway": "stream", "source": null, "natural": null, "gvr:code": null, "image": "http://img-fotki.yandex.ru/get/5407/3316237.25/0_6f134_f4520729_orig", "name": null, "name:fi": null, "name:ru": null, "wikidata": null, "wikipedia": null, "layer": null, "description": null, "landuse": null, "water": null, "boat": null, "old_name": null, "bridge": null, "highway": null, "fishing": null, "salt": null, "building:part": null, "alt_name:fi": null, "int_name": null, "name:en": null, "tunnel": null, "ways": null, "name:old": null, "type": null, "source:name": null, "alt_name": null, "alt_name:ru": null }, "geometry": { "type": "LineString", "coordinates": [ [ 29.6476509, 60.2444581 ], [ 29.647673, 60.2445624 ], [ 29.6474542, 60.2448363 ], [ 29.6473843, 60.2453414 ], [ 29.6485207, 60.2459909 ], [ 29.6487196, 60.2463267 ], [ 29.6489849, 60.2464342 ], [ 29.6491486, 60.2465944 ], [ 29.648954, 60.2466975 ], [ 29.6489363, 60.2467765 ], [ 29.6488302, 60.2468204 ], [ 29.6488479, 60.2469279 ], [ 29.6490645, 60.246906 ], [ 29.649206, 60.2470157 ], [ 29.6492856, 60.2472088 ], [ 29.6491264, 60.2473207 ], [ 29.6491751, 60.2474809 ], [ 29.6493033, 60.2475489 ], [ 29.6492635, 60.2475928 ], [ 29.6494846, 60.2476981 ], [ 29.6494006, 60.2478561 ], [ 29.6496703, 60.2480668 ], [ 29.6498693, 60.2486307 ], [ 29.6506652, 60.2494206 ], [ 29.6512046, 60.2506317 ], [ 29.6518369, 60.2524001 ], [ 29.6517404, 60.2524943 ] ] } },
{ "type": "Feature", "properties": { "element_type": "way", "osmid": 180964274, "intermittent": null, "waterway": "ditch", "source": null, "natural": null, "gvr:code": null, "image": null, "name": null, "name:fi": null, "name:ru": null, "wikidata": null, "wikipedia": null, "layer": null, "description": null, "landuse": null, "water": null, "boat": null, "old_name": null, "bridge": null, "highway": null, "fishing": null, "salt": null, "building:part": null, "alt_name:fi": null, "int_name": null, "name:en": null, "tunnel": null, "ways": null, "name:old": null, "type": null, "source:name": null, "alt_name": null, "alt_name:ru": null }, "geometry": { "type": "LineString", "coordinates": [ [ 29.6269651, 60.2474045 ], [ 29.6272434, 60.247299 ], [ 29.6275272, 60.2471881 ], [ 29.6277171, 60.2470946 ] ] } },
{ "type": "Feature", "properties": { "element_type": "way", "osmid": 183894506, "intermittent": null, "waterway": "stream", "source": null, "natural": null, "gvr:code": null, "image": null, "name": null, "name:fi": null, "name:ru": null, "wikidata": null, "wikipedia": null, "layer": null, "description": null, "landuse": null, "water": null, "boat": null, "old_name": null, "bridge": null, "highway": null, "fishing": null, "salt": null, "building:part": null, "alt_name:fi": null, "int_name": null, "name:en": null, "tunnel": null, "ways": null, "name:old": null, "type": null, "source:name": null, "alt_name": null, "alt_name:ru": null }, "geometry": { "type": "LineString", "coordinates": [ [ 29.5849767, 60.2438952 ], [ 29.5845197, 60.2437131 ] ] } },
{ "type": "Feature", "properties": { "element_type": "way", "osmid": 193635045, "intermittent": null, "waterway": "drain", "source": null, "natural": null, "gvr:code": null, "image": null, "name": null, "name:fi": null, "name:ru": null, "wikidata": null, "wikipedia": null, "layer": "-1", "description": null, "landuse": null, "water": null, "boat": null, "old_name": null, "bridge": null, "highway": null, "fishing": null, "salt": null, "building:part": null, "alt_name:fi": null, "int_name": null, "name:en": null, "tunnel": null, "ways": null, "name:old": null, "type": null, "source:name": null, "alt_name": null, "alt_name:ru": null }, "geometry": { "type": "LineString", "coordinates": [ [ 29.5819394, 60.2478904 ], [ 29.5825047, 60.2481551 ], [ 29.5831571, 60.2484391 ], [ 29.5844154, 60.2489854 ] ] } },
{ "type": "Feature", "properties": { "element_type": "way", "osmid": 225140807, "intermittent": null, "waterway": "drain", "source": null, "natural": null, "gvr:code": null, "image": null, "name": null, "name:fi": null, "name:ru": null, "wikidata": null, "wikipedia": null, "layer": "-1", "description": null, "landuse": null, "water": null, "boat": null, "old_name": null, "bridge": null, "highway": null, "fishing": null, "salt": null, "building:part": null, "alt_name:fi": null, "int_name": null, "name:en": null, "tunnel": null, "ways": null, "name:old": null, "type": null, "source:name": null, "alt_name": null, "alt_name:ru": null }, "geometry": { "type": "LineString", "coordinates": [ [ 29.5845213, 60.2490178 ], [ 29.5851195, 60.2492725 ], [ 29.5856908, 60.2495334 ], [ 29.5858728, 60.2496248 ] ] } },
{ "type": "Feature", "properties": { "element_type": "way", "osmid": 225140808, "intermittent": null, "waterway": "drain", "source": null, "natural": null, "gvr:code": null, "image": null, "name": null, "name:fi": null, "name:ru": null, "wikidata": null, "wikipedia": null, "layer": "-1", "description": null, "landuse": null, "water": null, "boat": null, "old_name": null, "bridge": null, "highway": null, "fishing": null, "salt": null, "building:part": null, "alt_name:fi": null, "int_name": null, "name:en": null, "tunnel": null, "ways": null, "name:old": null, "type": null, "source:name": null, "alt_name": null, "alt_name:ru": null }, "geometry": { "type": "LineString", "coordinates": [ [ 29.5844154, 60.2489854 ], [ 29.5845213, 60.2490178 ] ] } },
{ "type": "Feature", "properties": { "element_type": "way", "osmid": 243292578, "intermittent": "no", "waterway": null, "source": null, "natural": "water", "gvr:code": null, "image": null, "name": null, "name:fi": null, "name:ru": null, "wikidata": null, "wikipedia": null, "layer": null, "description": null, "landuse": null, "water": "pond", "boat": null, "old_name": null, "bridge": null, "highway": null, "fishing": "private", "salt": "no", "building:part": null, "alt_name:fi": null, "int_name": null, "name:en": null, "tunnel": null, "ways": null, "name:old": null, "type": null, "source:name": null, "alt_name": null, "alt_name:ru": null }, "geometry": { "type": "Polygon", "coordinates": [ [ [ 29.5817576, 60.2487128 ], [ 29.5817706, 60.2486793 ], [ 29.5817679, 60.248662 ], [ 29.581904, 60.2485797 ], [ 29.581986, 60.2485658 ], [ 29.5820428, 60.2486008 ], [ 29.5819677, 60.2486527 ], [ 29.5820844, 60.248646 ], [ 29.5821269, 60.24864 ], [ 29.5821822, 60.2485802 ], [ 29.5822198, 60.2485749 ], [ 29.5823177, 60.2486068 ], [ 29.5823191, 60.2486647 ], [ 29.5823325, 60.2487119 ], [ 29.5823343, 60.2487731 ], [ 29.5823244, 60.2487935 ], [ 29.5822725, 60.2488062 ], [ 29.582207, 60.248802 ], [ 29.5821387, 60.2487819 ], [ 29.5820388, 60.2487625 ], [ 29.5819937, 60.2487429 ], [ 29.5819564, 60.2487316 ], [ 29.5819133, 60.2487394 ], [ 29.5818788, 60.2487387 ], [ 29.5818361, 60.2487343 ], [ 29.5817983, 60.2487287 ], [ 29.5817576, 60.2487128 ] ] ] } },
{ "type": "Feature", "properties": { "element_type": "way", "osmid": 377607889, "intermittent": null, "waterway": "drain", "source": null, "natural": null, "gvr:code": null, "image": null, "name": null, "name:fi": null, "name:ru": null, "wikidata": null, "wikipedia": null, "layer": null, "description": null, "landuse": null, "water": null, "boat": null, "old_name": null, "bridge": null, "highway": null, "fishing": null, "salt": null, "building:part": null, "alt_name:fi": null, "int_name": null, "name:en": null, "tunnel": null, "ways": null, "name:old": null, "type": null, "source:name": null, "alt_name": null, "alt_name:ru": null }, "geometry": { "type": "LineString", "coordinates": [ [ 29.5931649, 60.2536622 ], [ 29.5932459, 60.2539972 ], [ 29.593696, 60.2546823 ] ] } },
{ "type": "Feature", "properties": { "element_type": "way", "osmid": 377607890, "intermittent": null, "waterway": "drain", "source": null, "natural": null, "gvr:code": null, "image": null, "name": null, "name:fi": null, "name:ru": null, "wikidata": null, "wikipedia": null, "layer": null, "description": null, "landuse": null, "water": null, "boat": null, "old_name": null, "bridge": null, "highway": null, "fishing": null, "salt": null, "building:part": null, "alt_name:fi": null, "int_name": null, "name:en": null, "tunnel": null, "ways": null, "name:old": null, "type": null, "source:name": null, "alt_name": null, "alt_name:ru": null }, "geometry": { "type": "LineString", "coordinates": [ [ 29.593486, 60.2546817 ], [ 29.5929844, 60.2540424 ], [ 29.5927553, 60.2537201 ], [ 29.5859068, 60.254683 ] ] } },
{ "type": "Feature", "properties": { "element_type": "way", "osmid": 816852288, "intermittent": null, "waterway": "dam", "source": null, "natural": null, "gvr:code": null, "image": null, "name": null, "name:fi": null, "name:ru": null, "wikidata": null, "wikipedia": null, "layer": null, "description": null, "landuse": null, "water": null, "boat": null, "old_name": null, "bridge": null, "highway": null, "fishing": null, "salt": null, "building:part": "industrial", "alt_name:fi": null, "int_name": null, "name:en": null, "tunnel": null, "ways": null, "name:old": null, "type": null, "source:name": null, "alt_name": null, "alt_name:ru": null }, "geometry": { "type": "Polygon", "coordinates": [ [ [ 29.6039456, 60.2584819 ], [ 29.6038258, 60.2583751 ], [ 29.6038781, 60.2583606 ], [ 29.6039979, 60.2584674 ], [ 29.6039456, 60.2584819 ] ] ] } },
{ "type": "Feature", "properties": { "element_type": "way", "osmid": 831196830, "intermittent": null, "waterway": "river", "source": null, "natural": null, "gvr:code": null, "image": null, "name": "Широкая", "name:fi": "Kotselanjoki", "name:ru": null, "wikidata": null, "wikipedia": null, "layer": null, "description": null, "landuse": null, "water": null, "boat": null, "old_name": "Liikolanjoki", "bridge": null, "highway": null, "fishing": null, "salt": null, "building:part": null, "alt_name:fi": "Kotselänjoki", "int_name": "Liikolanjoki", "name:en": "Shirokaya", "tunnel": null, "ways": null, "name:old": null, "type": null, "source:name": null, "alt_name": null, "alt_name:ru": null }, "geometry": { "type": "LineString", "coordinates": [ [ 29.6606505, 60.2991631 ], [ 29.660747, 60.2990302 ], [ 29.6609294, 60.2989345 ], [ 29.6611762, 60.2987857 ], [ 29.6611118, 60.2986847 ], [ 29.6606827, 60.2986049 ], [ 29.6602321, 60.2985837 ], [ 29.6584128, 60.2981021 ], [ 29.6540147, 60.2976283 ], [ 29.6507831, 60.296605 ], [ 29.6496166, 60.2955627 ], [ 29.6439564, 60.2916491 ], [ 29.6414351, 60.2889604 ], [ 29.6412581, 60.2886999 ], [ 29.6411508, 60.2885589 ], [ 29.6410114, 60.2883276 ], [ 29.640947, 60.2882 ], [ 29.6410435, 60.2881468 ], [ 29.6413225, 60.2881282 ], [ 29.6415907, 60.288099 ], [ 29.6418643, 60.2880484 ], [ 29.6420789, 60.2879501 ], [ 29.6421972, 60.2877823 ], [ 29.6423793, 60.2876044 ], [ 29.6423578, 60.2873226 ], [ 29.6422613, 60.2871258 ], [ 29.6419823, 60.286509 ], [ 29.6414781, 60.2859453 ], [ 29.6408987, 60.2855251 ], [ 29.6397293, 60.2849348 ], [ 29.6388709, 60.2845891 ], [ 29.6374226, 60.284302 ], [ 29.6366135, 60.2837919 ], [ 29.636414, 60.2834085 ], [ 29.6372254, 60.2811946 ], [ 29.6390229, 60.2790237 ], [ 29.6387169, 60.276663 ], [ 29.6350264, 60.2724342 ], [ 29.6347204, 60.2703385 ], [ 29.6313166, 60.2663839 ], [ 29.6290465, 60.2626806 ], [ 29.6287405, 60.2621143 ] ] } },
{ "type": "Feature", "properties": { "element_type": "way", "osmid": 1042402506, "intermittent": null, "waterway": "river", "source": null, "natural": null, "gvr:code": null, "image": null, "name": null, "name:fi": null, "name:ru": null, "wikidata": null, "wikipedia": null, "layer": null, "description": null, "landuse": null, "water": null, "boat": null, "old_name": null, "bridge": null, "highway": null, "fishing": null, "salt": null, "building:part": null, "alt_name:fi": null, "int_name": null, "name:en": null, "tunnel": null, "ways": null, "name:old": null, "type": null, "source:name": null, "alt_name": null, "alt_name:ru": null }, "geometry": { "type": "LineString", "coordinates": [ [ 29.6287405, 60.2621143 ], [ 29.6270181, 60.2618823 ], [ 29.6245645, 60.2619478 ], [ 29.6234718, 60.2611528 ], [ 29.620762, 60.2603157 ], [ 29.61659, 60.259469 ], [ 29.6113093, 60.2588178 ], [ 29.6078083, 60.2584993 ], [ 29.6044024, 60.2583301 ], [ 29.6041523, 60.2583786 ] ] } },
{ "type": "Feature", "properties": { "element_type": "way", "osmid": 1199240720, "intermittent": null, "waterway": "drain", "source": null, "natural": null, "gvr:code": null, "image": null, "name": null, "name:fi": null, "name:ru": null, "wikidata": null, "wikipedia": null, "layer": "-1", "description": null, "landuse": null, "water": null, "boat": null, "old_name": null, "bridge": null, "highway": null, "fishing": null, "salt": null, "building:part": null, "alt_name:fi": null, "int_name": null, "name:en": null, "tunnel": null, "ways": null, "name:old": null, "type": null, "source:name": null, "alt_name": null, "alt_name:ru": null }, "geometry": { "type": "LineString", "coordinates": [ [ 29.6059769, 60.2566928 ], [ 29.6061166, 60.2567322 ], [ 29.6070548, 60.2572193 ] ] } },
{ "type": "Feature", "properties": { "element_type": "way", "osmid": 1199240721, "intermittent": null, "waterway": "drain", "source": null, "natural": null, "gvr:code": null, "image": null, "name": null, "name:fi": null, "name:ru": null, "wikidata": null, "wikipedia": null, "layer": "-1", "description": null, "landuse": null, "water": null, "boat": null, "old_name": null, "bridge": null, "highway": null, "fishing": null, "salt": null, "building:part": null, "alt_name:fi": null, "int_name": null, "name:en": null, "tunnel": "culvert", "ways": null, "name:old": null, "type": null, "source:name": null, "alt_name": null, "alt_name:ru": null }, "geometry": { "type": "LineString", "coordinates": [ [ 29.6056725, 60.2566069 ], [ 29.605766, 60.2566324 ] ] } },
{ "type": "Feature", "properties": { "element_type": "way", "osmid": 1199240722, "intermittent": null, "waterway": "drain", "source": null, "natural": null, "gvr:code": null, "image": null, "name": null, "name:fi": null, "name:ru": null, "wikidata": null, "wikipedia": null, "layer": "-1", "description": null, "landuse": null, "water": null, "boat": null, "old_name": null, "bridge": null, "highway": null, "fishing": null, "salt": null, "building:part": null, "alt_name:fi": null, "int_name": null, "name:en": null, "tunnel": "culvert", "ways": null, "name:old": null, "type": null, "source:name": null, "alt_name": null, "alt_name:ru": null }, "geometry": { "type": "LineString", "coordinates": [ [ 29.605766, 60.2566324 ], [ 29.6059769, 60.2566928 ] ] } },
{ "type": "Feature", "properties": { "element_type": "way", "osmid": 1214559553, "intermittent": null, "waterway": null, "source": null, "natural": "water", "gvr:code": null, "image": null, "name": null, "name:fi": null, "name:ru": null, "wikidata": null, "wikipedia": null, "layer": null, "description": null, "landuse": null, "water": "pond", "boat": null, "old_name": null, "bridge": null, "highway": null, "fishing": null, "salt": null, "building:part": null, "alt_name:fi": null, "int_name": null, "name:en": null, "tunnel": null, "ways": null, "name:old": null, "type": null, "source:name": null, "alt_name": null, "alt_name:ru": null }, "geometry": { "type": "Polygon", "coordinates": [ [ [ 29.5545503, 60.2449485 ], [ 29.5548588, 60.2448886 ], [ 29.555127, 60.2446956 ], [ 29.5550412, 60.2445505 ], [ 29.5547247, 60.2446344 ], [ 29.5545691, 60.2447249 ], [ 29.5545262, 60.2448287 ], [ 29.5545503, 60.2449485 ] ] ] } },
{ "type": "Feature", "properties": { "element_type": "way", "osmid": 1223710367, "intermittent": null, "waterway": "stream", "source": null, "natural": null, "gvr:code": null, "image": null, "name": null, "name:fi": null, "name:ru": null, "wikidata": null, "wikipedia": null, "layer": "-1", "description": null, "landuse": null, "water": null, "boat": null, "old_name": null, "bridge": null, "highway": null, "fishing": null, "salt": null, "building:part": null, "alt_name:fi": null, "int_name": null, "name:en": null, "tunnel": null, "ways": null, "name:old": null, "type": null, "source:name": null, "alt_name": null, "alt_name:ru": null }, "geometry": { "type": "LineString", "coordinates": [ [ 29.5943881, 60.2429407 ], [ 29.5921549, 60.2420379 ], [ 29.5916098, 60.2423714 ], [ 29.5901902, 60.2431574 ], [ 29.5901208, 60.2431983 ], [ 29.5894531, 60.2436024 ] ] } },
{ "type": "Feature", "properties": { "element_type": "way", "osmid": 1223710368, "intermittent": null, "waterway": "stream", "source": null, "natural": null, "gvr:code": null, "image": null, "name": null, "name:fi": null, "name:ru": null, "wikidata": null, "wikipedia": null, "layer": "-1", "description": null, "landuse": null, "water": null, "boat": null, "old_name": null, "bridge": null, "highway": null, "fishing": null, "salt": null, "building:part": null, "alt_name:fi": null, "int_name": null, "name:en": null, "tunnel": "culvert", "ways": null, "name:old": null, "type": null, "source:name": null, "alt_name": null, "alt_name:ru": null }, "geometry": { "type": "LineString", "coordinates": [ [ 29.5944468, 60.242962 ], [ 29.5943881, 60.2429407 ] ] } },
{ "type": "Feature", "properties": { "element_type": "way", "osmid": 1225376071, "intermittent": null, "waterway": "stream", "source": null, "natural": null, "gvr:code": null, "image": null, "name": null, "name:fi": null, "name:ru": null, "wikidata": null, "wikipedia": null, "layer": "-1", "description": null, "landuse": null, "water": null, "boat": null, "old_name": null, "bridge": null, "highway": null, "fishing": null, "salt": null, "building:part": null, "alt_name:fi": null, "int_name": null, "name:en": null, "tunnel": null, "ways": null, "name:old": null, "type": null, "source:name": null, "alt_name": null, "alt_name:ru": null }, "geometry": { "type": "LineString", "coordinates": [ [ 29.6017137, 60.2447789 ], [ 29.6004615, 60.2444917 ], [ 29.5999188, 60.244443 ], [ 29.5999203, 60.2444848 ], [ 29.5999319, 60.2448016 ], [ 29.5998763, 60.2449347 ] ] } },
{ "type": "Feature", "properties": { "element_type": "way", "osmid": 1225376072, "intermittent": null, "waterway": "stream", "source": null, "natural": null, "gvr:code": null, "image": null, "name": null, "name:fi": null, "name:ru": null, "wikidata": null, "wikipedia": null, "layer": "-1", "description": null, "landuse": null, "water": null, "boat": null, "old_name": null, "bridge": null, "highway": null, "fishing": null, "salt": null, "building:part": null, "alt_name:fi": null, "int_name": null, "name:en": null, "tunnel": "culvert", "ways": null, "name:old": null, "type": null, "source:name": null, "alt_name": null, "alt_name:ru": null }, "geometry": { "type": "LineString", "coordinates": [ [ 29.5998763, 60.2449347 ], [ 29.5997281, 60.244886 ] ] } },
{ "type": "Feature", "properties": { "element_type": "way", "osmid": 1225642107, "intermittent": null, "waterway": "ditch", "source": null, "natural": null, "gvr:code": null, "image": null, "name": null, "name:fi": null, "name:ru": null, "wikidata": null, "wikipedia": null, "layer": "-1", "description": null, "landuse": null, "water": null, "boat": null, "old_name": null, "bridge": null, "highway": null, "fishing": null, "salt": null, "building:part": null, "alt_name:fi": null, "int_name": null, "name:en": null, "tunnel": null, "ways": null, "name:old": null, "type": null, "source:name": null, "alt_name": null, "alt_name:ru": null }, "geometry": { "type": "LineString", "coordinates": [ [ 29.5760194, 60.2526138 ], [ 29.5758376, 60.2525416 ] ] } },
{ "type": "Feature", "properties": { "element_type": "way", "osmid": 1225642108, "intermittent": null, "waterway": "ditch", "source": null, "natural": null, "gvr:code": null, "image": null, "name": null, "name:fi": null, "name:ru": null, "wikidata": null, "wikipedia": null, "layer": "-1", "description": null, "landuse": null, "water": null, "boat": null, "old_name": null, "bridge": null, "highway": null, "fishing": null, "salt": null, "building:part": null, "alt_name:fi": null, "int_name": null, "name:en": null, "tunnel": "culvert", "ways": null, "name:old": null, "type": null, "source:name": null, "alt_name": null, "alt_name:ru": null }, "geometry": { "type": "LineString", "coordinates": [ [ 29.5758376, 60.2525416 ], [ 29.5757583, 60.2525101 ] ] } },
{ "type": "Feature", "properties": { "element_type": "way", "osmid": 1456032947, "intermittent": null, "waterway": null, "source": "Esri", "natural": "water", "gvr:code": null, "image": null, "name": null, "name:fi": null, "name:ru": null, "wikidata": null, "wikipedia": null, "layer": null, "description": null, "landuse": null, "water": "pond", "boat": null, "old_name": null, "bridge": null, "highway": null, "fishing": null, "salt": null, "building:part": null, "alt_name:fi": null, "int_name": null, "name:en": null, "tunnel": null, "ways": null, "name:old": null, "type": null, "source:name": null, "alt_name": null, "alt_name:ru": null }, "geometry": { "type": "Polygon", "coordinates": [ [ [ 29.5843872, 60.2551716 ], [ 29.5843711, 60.2553892 ], [ 29.5842665, 60.2554783 ], [ 29.5842437, 60.2555209 ], [ 29.5842491, 60.2555488 ], [ 29.5842746, 60.2555741 ], [ 29.584351, 60.2555954 ], [ 29.584406, 60.2555921 ], [ 29.5844744, 60.2555661 ], [ 29.5845307, 60.2555369 ], [ 29.5846032, 60.255479 ], [ 29.5846179, 60.2552953 ], [ 29.5846514, 60.2551709 ], [ 29.584634, 60.2551443 ], [ 29.5845629, 60.2551263 ], [ 29.5844248, 60.2551416 ], [ 29.5843872, 60.2551716 ] ] ] } },
{ "type": "Feature", "properties": { "element_type": "way", "osmid": 1457776862, "intermittent": null, "waterway": null, "source": "Esri", "natural": "water", "gvr:code": null, "image": null, "name": null, "name:fi": null, "name:ru": null, "wikidata": null, "wikipedia": null, "layer": null, "description": null, "landuse": null, "water": "pond", "boat": null, "old_name": null, "bridge": null, "highway": null, "fishing": null, "salt": null, "building:part": null, "alt_name:fi": null, "int_name": null, "name:en": null, "tunnel": null, "ways": null, "name:old": null, "type": null, "source:name": null, "alt_name": null, "alt_name:ru": null }, "geometry": { "type": "Polygon", "coordinates": [ [ [ 29.6168151, 60.2682303 ], [ 29.6169198, 60.2682356 ], [ 29.6170807, 60.2682236 ], [ 29.6173838, 60.2681651 ], [ 29.6175098, 60.2681172 ], [ 29.6175501, 60.268068 ], [ 29.6175554, 60.2680161 ], [ 29.6174777, 60.2679695 ], [ 29.6172014, 60.2679403 ], [ 29.6171048, 60.267911 ], [ 29.6169922, 60.2678498 ], [ 29.6169573, 60.2677434 ], [ 29.6168232, 60.2676729 ], [ 29.6167105, 60.2676609 ], [ 29.6165952, 60.2676795 ], [ 29.6165577, 60.2677314 ], [ 29.6165711, 60.2678086 ], [ 29.6166086, 60.2678591 ], [ 29.6166193, 60.2679416 ], [ 29.6165523, 60.268048 ], [ 29.6165469, 60.2681026 ], [ 29.6166247, 60.268177 ], [ 29.6168151, 60.2682303 ] ] ] } },
{ "type": "Feature", "properties": { "element_type": "way", "osmid": 1457776889, "intermittent": null, "waterway": null, "source": "Esri", "natural": "water", "gvr:code": null, "image": null, "name": null, "name:fi": null, "name:ru": null, "wikidata": null, "wikipedia": null, "layer": null, "description": null, "landuse": null, "water": "pond", "boat": null, "old_name": null, "bridge": null, "highway": null, "fishing": null, "salt": null, "building:part": null, "alt_name:fi": null, "int_name": null, "name:en": null, "tunnel": null, "ways": null, "name:old": null, "type": null, "source:name": null, "alt_name": null, "alt_name:ru": null }, "geometry": { "type": "Polygon", "coordinates": [ [ [ 29.6184915, 60.2682409 ], [ 29.6185639, 60.2681411 ], [ 29.6186163, 60.2681205 ], [ 29.6187142, 60.2681198 ], [ 29.6191862, 60.2682974 ], [ 29.619154, 60.2683806 ], [ 29.6191004, 60.2684005 ], [ 29.6190146, 60.2684158 ], [ 29.6189542, 60.2684052 ], [ 29.6185251, 60.2682615 ], [ 29.6184915, 60.2682409 ] ] ] } },
{ "type": "Feature", "properties": { "element_type": "way", "osmid": 1459295049, "intermittent": null, "waterway": null, "source": "Esri", "natural": "water", "gvr:code": null, "image": null, "name": null, "name:fi": null, "name:ru": null, "wikidata": null, "wikipedia": null, "layer": null, "description": null, "landuse": null, "water": null, "boat": null, "old_name": null, "bridge": null, "highway": null, "fishing": null, "salt": null, "building:part": null, "alt_name:fi": null, "int_name": null, "name:en": null, "tunnel": null, "ways": null, "name:old": null, "type": null, "source:name": null, "alt_name": null, "alt_name:ru": null }, "geometry": { "type": "Polygon", "coordinates": [ [ [ 29.619661, 60.2559068 ], [ 29.6196194, 60.2558869 ], [ 29.6196167, 60.255835 ], [ 29.6195859, 60.2557944 ], [ 29.6195336, 60.2557844 ], [ 29.6193954, 60.2558004 ], [ 29.6193619, 60.2557864 ], [ 29.6193472, 60.2557578 ], [ 29.6193646, 60.2557205 ], [ 29.6194625, 60.2556899 ], [ 29.6195175, 60.2556899 ], [ 29.6195926, 60.2557205 ], [ 29.6197642, 60.255811 ], [ 29.6197522, 60.2558782 ], [ 29.6197093, 60.2559095 ], [ 29.619661, 60.2559068 ] ] ] } },
{ "type": "Feature", "properties": { "element_type": "way", "osmid": 1460489706, "intermittent": null, "waterway": "stream", "source": null, "natural": null, "gvr:code": null, "image": "http://img-fotki.yandex.ru/get/5407/3316237.25/0_6f134_f4520729_orig", "name": null, "name:fi": null, "name:ru": null, "wikidata": null, "wikipedia": null, "layer": "-1", "description": null, "landuse": null, "water": null, "boat": null, "old_name": null, "bridge": null, "highway": null, "fishing": null, "salt": null, "building:part": null, "alt_name:fi": null, "int_name": null, "name:en": null, "tunnel": null, "ways": null, "name:old": null, "type": null, "source:name": null, "alt_name": null, "alt_name:ru": null }, "geometry": { "type": "LineString", "coordinates": [ [ 29.64934, 60.2578917 ], [ 29.6493168, 60.2579627 ] ] } },
{ "type": "Feature", "properties": { "element_type": "way", "osmid": 1461292900, "intermittent": null, "waterway": "drain", "source": "Esri", "natural": null, "gvr:code": null, "image": null, "name": null, "name:fi": null, "name:ru": null, "wikidata": null, "wikipedia": null, "layer": "-1", "description": null, "landuse": null, "water": null, "boat": null, "old_name": null, "bridge": null, "highway": null, "fishing": null, "salt": null, "building:part": null, "alt_name:fi": null, "int_name": null, "name:en": null, "tunnel": "yes", "ways": null, "name:old": null, "type": null, "source:name": null, "alt_name": null, "alt_name:ru": null }, "geometry": { "type": "LineString", "coordinates": [ [ 29.5735659, 60.2480031 ], [ 29.5740594, 60.2478843 ] ] } },
{ "type": "Feature", "properties": { "element_type": "way", "osmid": 1461292901, "intermittent": null, "waterway": "drain", "source": null, "natural": null, "gvr:code": null, "image": null, "name": null, "name:fi": null, "name:ru": null, "wikidata": null, "wikipedia": null, "layer": null, "description": null, "landuse": null, "water": null, "boat": null, "old_name": null, "bridge": null, "highway": null, "fishing": null, "salt": null, "building:part": null, "alt_name:fi": null, "int_name": null, "name:en": null, "tunnel": null, "ways": null, "name:old": null, "type": null, "source:name": null, "alt_name": null, "alt_name:ru": null }, "geometry": { "type": "LineString", "coordinates": [ [ 29.5728902, 60.2482006 ], [ 29.5735659, 60.2480031 ] ] } },
{ "type": "Feature", "properties": { "element_type": "way", "osmid": 1475538402, "intermittent": null, "waterway": "ditch", "source": null, "natural": null, "gvr:code": null, "image": null, "name": null, "name:fi": null, "name:ru": null, "wikidata": null, "wikipedia": null, "layer": null, "description": null, "landuse": null, "water": null, "boat": null, "old_name": null, "bridge": null, "highway": null, "fishing": null, "salt": null, "building:part": null, "alt_name:fi": null, "int_name": null, "name:en": null, "tunnel": null, "ways": null, "name:old": null, "type": null, "source:name": null, "alt_name": null, "alt_name:ru": null }, "geometry": { "type": "LineString", "coordinates": [ [ 29.5596787, 60.2494376 ], [ 29.5596855, 60.2495726 ], [ 29.5599496, 60.2495926 ], [ 29.5599604, 60.2496632 ], [ 29.5597485, 60.2496964 ], [ 29.5596439, 60.2497617 ], [ 29.5593408, 60.2498548 ], [ 29.5590652, 60.2499328 ] ] } },
{ "type": "Feature", "properties": { "element_type": "way", "osmid": 1475538403, "intermittent": null, "waterway": "ditch", "source": null, "natural": null, "gvr:code": null, "image": null, "name": null, "name:fi": null, "name:ru": null, "wikidata": null, "wikipedia": null, "layer": "-1", "description": null, "landuse": null, "water": null, "boat": null, "old_name": null, "bridge": null, "highway": null, "fishing": null, "salt": null, "building:part": null, "alt_name:fi": null, "int_name": null, "name:en": null, "tunnel": "yes", "ways": null, "name:old": null, "type": null, "source:name": null, "alt_name": null, "alt_name:ru": null }, "geometry": { "type": "LineString", "coordinates": [ [ 29.5596921, 60.2492971 ], [ 29.5596787, 60.2494376 ] ] } },
{ "type": "Feature", "properties": { "element_type": "way", "osmid": 1475538458, "intermittent": null, "waterway": "ditch", "source": null, "natural": null, "gvr:code": null, "image": null, "name": null, "name:fi": null, "name:ru": null, "wikidata": null, "wikipedia": null, "layer": "-1", "description": null, "landuse": null, "water": null, "boat": null, "old_name": null, "bridge": null, "highway": null, "fishing": null, "salt": null, "building:part": null, "alt_name:fi": null, "int_name": null, "name:en": null, "tunnel": null, "ways": null, "name:old": null, "type": null, "source:name": null, "alt_name": null, "alt_name:ru": null }, "geometry": { "type": "LineString", "coordinates": [ [ 29.5583564, 60.250117 ], [ 29.5582643, 60.2501722 ] ] } },
{ "type": "Feature", "properties": { "element_type": "relation", "osmid": 2064995, "intermittent": null, "waterway": null, "source": null, "natural": "water", "gvr:code": null, "image": null, "name": "Рощинское", "name:fi": null, "name:ru": "Рощинское", "wikidata": "Q121338751", "wikipedia": "ru:Рощинское (озеро, Выборгский район)", "layer": null, "description": null, "landuse": null, "water": "lake", "boat": null, "old_name": null, "bridge": null, "highway": null, "fishing": null, "salt": null, "building:part": null, "alt_name:fi": null, "int_name": null, "name:en": null, "tunnel": null, "name:old": "Линтула", "type": "multipolygon", "source:name": null, "alt_name": null, "alt_name:ru": null }, "geometry": { "type": "Polygon", "coordinates": [ [ [ 29.6040611, 60.2583085 ], [ 29.6041523, 60.2583786 ], [ 29.6041965, 60.2584269 ], [ 29.6042957, 60.2584218 ], [ 29.6044972, 60.258513 ], [ 29.6046594, 60.2586451 ], [ 29.6049091, 60.2587392 ], [ 29.6056979, 60.2588808 ], [ 29.6059608, 60.2590121 ], [ 29.6062095, 60.258984 ], [ 29.6069134, 60.2590551 ], [ 29.6070594, 60.2593738 ], [ 29.6076998, 60.2596371 ], [ 29.6083106, 60.2598054 ], [ 29.608672, 60.2598748 ], [ 29.6088329, 60.2598768 ], [ 29.6091977, 60.2599167 ], [ 29.6094021, 60.2599304 ], [ 29.6095732, 60.2599087 ], [ 29.6096964, 60.2599058 ], [ 29.6099715, 60.2598994 ], [ 29.6100855, 60.2599147 ], [ 29.610296, 60.2599007 ], [ 29.6106891, 60.259879 ], [ 29.6109014, 60.2598847 ], [ 29.611281, 60.2599271 ], [ 29.6117656, 60.2597618 ], [ 29.6125124, 60.2599524 ], [ 29.6131387, 60.2600552 ], [ 29.6142907, 60.2602447 ], [ 29.6146476, 60.260214 ], [ 29.6147016, 60.2602373 ], [ 29.6148491, 60.2601961 ], [ 29.6150876, 60.2602486 ], [ 29.6153131, 60.2603904 ], [ 29.6158988, 60.2603979 ], [ 29.6161634, 60.2603391 ], [ 29.6163484, 60.2603105 ], [ 29.6165922, 60.2603443 ], [ 29.6178843, 60.2606218 ], [ 29.6185613, 60.2607948 ], [ 29.6189726, 60.2609108 ], [ 29.6200752, 60.2611953 ], [ 29.6211273, 60.2612788 ], [ 29.622164, 60.2614264 ], [ 29.6226785, 60.2616204 ], [ 29.6231108, 60.2619471 ], [ 29.623543, 60.2623044 ], [ 29.623956, 60.2624002 ], [ 29.6242199, 60.2623711 ], [ 29.6244692, 60.2624372 ], [ 29.6250249, 60.2623963 ], [ 29.6254242, 60.2623076 ], [ 29.626031, 60.2623839 ], [ 29.6264048, 60.2624996 ], [ 29.6268505, 60.2624595 ], [ 29.6272711, 60.2624655 ], [ 29.6275781, 60.2624859 ], [ 29.6280724, 60.2625737 ], [ 29.6282333, 60.2625883 ], [ 29.6283937, 60.2626908 ], [ 29.6290465, 60.2626806 ], [ 29.6297667, 60.2625254 ], [ 29.6295756, 60.262442 ], [ 29.6295825, 60.2623794 ], [ 29.6296817, 60.262257 ], [ 29.6297648, 60.2620987 ], [ 29.6296549, 60.2620521 ], [ 29.6296656, 60.261983 ], [ 29.6297885, 60.2619617 ], [ 29.6298078, 60.2618912 ], [ 29.6299285, 60.2617954 ], [ 29.6301492, 60.261715 ], [ 29.6300905, 60.2616807 ], [ 29.6298867, 60.261477 ], [ 29.6296553, 60.2613521 ], [ 29.6293603, 60.2613928 ], [ 29.6291459, 60.2614536 ], [ 29.6286134, 60.2614445 ], [ 29.628699, 60.2615968 ], [ 29.6283753, 60.2616803 ], [ 29.6280174, 60.2616623 ], [ 29.6266594, 60.2611291 ], [ 29.6260146, 60.2610594 ], [ 29.6259105, 60.2610942 ], [ 29.6257161, 60.2611093 ], [ 29.6256262, 60.2612193 ], [ 29.6256289, 60.2613164 ], [ 29.6254517, 60.2613436 ], [ 29.6251238, 60.2615079 ], [ 29.6249535, 60.2615424 ], [ 29.6249047, 60.2614734 ], [ 29.6248886, 60.2612632 ], [ 29.6247458, 60.2608159 ], [ 29.6246821, 60.2605906 ], [ 29.6247326, 60.2602388 ], [ 29.6247609, 60.2601066 ], [ 29.624549, 60.2598042 ], [ 29.6243173, 60.2595235 ], [ 29.6241343, 60.25944 ], [ 29.6240678, 60.2593199 ], [ 29.6240035, 60.2592514 ], [ 29.6240357, 60.2591929 ], [ 29.6239096, 60.2591756 ], [ 29.6237948, 60.2592088 ], [ 29.6234078, 60.2591989 ], [ 29.6230617, 60.2592519 ], [ 29.6227227, 60.2595112 ], [ 29.6226972, 60.2596439 ], [ 29.6224424, 60.2596931 ], [ 29.6219666, 60.2596437 ], [ 29.6216914, 60.2594151 ], [ 29.6218201, 60.2593845 ], [ 29.621678, 60.2592647 ], [ 29.6214366, 60.2591875 ], [ 29.621094, 60.2588553 ], [ 29.6200476, 60.2581844 ], [ 29.6197978, 60.2581377 ], [ 29.6196932, 60.2582082 ], [ 29.6196042, 60.2581914 ], [ 29.6195322, 60.2580858 ], [ 29.6194354, 60.2580402 ], [ 29.6193129, 60.2580425 ], [ 29.6190297, 60.2581896 ], [ 29.6188646, 60.2583765 ], [ 29.6184454, 60.2584527 ], [ 29.6180395, 60.2583022 ], [ 29.6177941, 60.2582211 ], [ 29.6171451, 60.258292 ], [ 29.6169966, 60.2582707 ], [ 29.6169117, 60.2582255 ], [ 29.6169573, 60.2581324 ], [ 29.616972, 60.2580567 ], [ 29.6170565, 60.2580179 ], [ 29.6172363, 60.2580219 ], [ 29.6174162, 60.2579862 ], [ 29.6175696, 60.2578531 ], [ 29.6173376, 60.2577451 ], [ 29.616961, 60.257642 ], [ 29.6166027, 60.257698 ], [ 29.6164932, 60.2577869 ], [ 29.6164331, 60.2578357 ], [ 29.6157443, 60.2581031 ], [ 29.6155196, 60.258159 ], [ 29.6153003, 60.25819 ], [ 29.6148974, 60.2581297 ], [ 29.6144929, 60.2581799 ], [ 29.614048, 60.2580741 ], [ 29.6130355, 60.2580836 ], [ 29.6127481, 60.2580488 ], [ 29.61258, 60.2580681 ], [ 29.6120057, 60.2578555 ], [ 29.6115444, 60.2576156 ], [ 29.6108534, 60.2575112 ], [ 29.6106046, 60.257497 ], [ 29.6105546, 60.2575409 ], [ 29.6105905, 60.2575949 ], [ 29.6104064, 60.2576563 ], [ 29.6103067, 60.2576886 ], [ 29.6102193, 60.2576902 ], [ 29.6102298, 60.2576382 ], [ 29.6103084, 60.2575771 ], [ 29.610295, 60.2575225 ], [ 29.6103052, 60.2574562 ], [ 29.6101343, 60.2574677 ], [ 29.6100951, 60.257552 ], [ 29.6101341, 60.2576195 ], [ 29.610138, 60.2577023 ], [ 29.6101335, 60.2577852 ], [ 29.6099344, 60.2578053 ], [ 29.609729, 60.25781 ], [ 29.6095038, 60.2577489 ], [ 29.6093633, 60.2577077 ], [ 29.6094129, 60.257658 ], [ 29.6094168, 60.2576004 ], [ 29.609429, 60.2575699 ], [ 29.6095232, 60.2576014 ], [ 29.609561, 60.2576279 ], [ 29.6095969, 60.2576389 ], [ 29.6096473, 60.2576006 ], [ 29.6097158, 60.2576107 ], [ 29.6097616, 60.257613 ], [ 29.6098139, 60.2576195 ], [ 29.6098198, 60.2575586 ], [ 29.6097849, 60.257515 ], [ 29.6098042, 60.2574538 ], [ 29.6097308, 60.2574205 ], [ 29.6096022, 60.2574016 ], [ 29.609476, 60.257383 ], [ 29.6094172, 60.2573707 ], [ 29.609411, 60.2573861 ], [ 29.6094186, 60.2574091 ], [ 29.6094726, 60.2574321 ], [ 29.6094197, 60.2574645 ], [ 29.6093386, 60.257454 ], [ 29.609331, 60.257427 ], [ 29.6092848, 60.2574127 ], [ 29.6092171, 60.2573858 ], [ 29.6092069, 60.2574271 ], [ 29.6092049, 60.2574538 ], [ 29.6091596, 60.257476 ], [ 29.609164, 60.2575585 ], [ 29.6091048, 60.257532 ], [ 29.6090079, 60.257482 ], [ 29.6089779, 60.2574326 ], [ 29.6089427, 60.2573937 ], [ 29.6088723, 60.2573954 ], [ 29.6088489, 60.2573667 ], [ 29.6087897, 60.2573783 ], [ 29.6087609, 60.2573954 ], [ 29.608762, 60.2574172 ], [ 29.6086932, 60.2574287 ], [ 29.6086605, 60.2573996 ], [ 29.6085458, 60.2573936 ], [ 29.6085047, 60.2574259 ], [ 29.6084443, 60.2574552 ], [ 29.6073707, 60.2575012 ], [ 29.6072433, 60.2575387 ], [ 29.60712, 60.2576255 ], [ 29.6070227, 60.257661 ], [ 29.6069003, 60.2576809 ], [ 29.606649, 60.2576498 ], [ 29.6065596, 60.2575247 ], [ 29.6064213, 60.2576543 ], [ 29.6063671, 60.2577157 ], [ 29.6062296, 60.2577502 ], [ 29.6061, 60.2577553 ], [ 29.6061536, 60.2577033 ], [ 29.606168, 60.2576545 ], [ 29.6061365, 60.2576161 ], [ 29.6059399, 60.2576277 ], [ 29.605864, 60.2576888 ], [ 29.6057927, 60.2577235 ], [ 29.6057051, 60.257746 ], [ 29.6055618, 60.2577431 ], [ 29.6054127, 60.257792 ], [ 29.6052511, 60.2578099 ], [ 29.6051384, 60.2578084 ], [ 29.6048343, 60.2578834 ], [ 29.6044049, 60.257986 ], [ 29.6038024, 60.2580858 ], [ 29.6040611, 60.2583085 ] ] ] } },
{ "type": "Feature", "properties": { "element_type": "relation", "osmid": 2264065, "intermittent": null, "waterway": null, "source": null, "natural": "water", "gvr:code": null, "image": null, "name": null, "name:fi": null, "name:ru": null, "wikidata": null, "wikipedia": null, "layer": null, "description": null, "landuse": null, "water": null, "boat": null, "old_name": null, "bridge": null, "highway": null, "fishing": null, "salt": null, "building:part": null, "alt_name:fi": null, "int_name": null, "name:en": null, "tunnel": null, "name:old": null, "type": "multipolygon", "source:name": null, "alt_name": null, "alt_name:ru": null }, "geometry": { "type": "Polygon", "coordinates": [ [ [ 29.6349464, 60.2487063 ], [ 29.6352926, 60.2488477 ], [ 29.6353792, 60.2487922 ], [ 29.6350654, 60.248667 ], [ 29.6349464, 60.2487063 ] ] ] } },
{ "type": "Feature", "properties": { "element_type": "relation", "osmid": 2264101, "intermittent": null, "waterway": null, "source": null, "natural": "water", "gvr:code": null, "image": "http://img-fotki.yandex.ru/get/6314/3316237.25/0_6f14a_4277cf62_orig", "name": null, "name:fi": null, "name:ru": null, "wikidata": null, "wikipedia": null, "layer": null, "description": null, "landuse": null, "water": "river", "boat": null, "old_name": null, "bridge": null, "highway": null, "fishing": null, "salt": null, "building:part": null, "alt_name:fi": null, "int_name": null, "name:en": null, "tunnel": null, "name:old": null, "type": "multipolygon", "source:name": null, "alt_name": null, "alt_name:ru": null }, "geometry": { "type": "Polygon", "coordinates": [ [ [ 29.6300905, 60.2616807 ], [ 29.6301492, 60.261715 ], [ 29.6302906, 60.2616783 ], [ 29.6303871, 60.2616897 ], [ 29.630721, 60.2619285 ], [ 29.6311629, 60.261907 ], [ 29.6320591, 60.2616498 ], [ 29.6327126, 60.2614548 ], [ 29.6331675, 60.261445 ], [ 29.6337939, 60.2613553 ], [ 29.6346771, 60.2614942 ], [ 29.6353236, 60.2615556 ], [ 29.6358993, 60.26161 ], [ 29.6361083, 60.2617262 ], [ 29.6363806, 60.2618053 ], [ 29.6370865, 60.2616665 ], [ 29.6372831, 60.2617448 ], [ 29.6376971, 60.2617685 ], [ 29.6381275, 60.2616964 ], [ 29.6390647, 60.2617848 ], [ 29.6394905, 60.2617568 ], [ 29.639879, 60.2617837 ], [ 29.6400364, 60.26179 ], [ 29.6401777, 60.261785 ], [ 29.6405125, 60.2617731 ], [ 29.6405654, 60.2617844 ], [ 29.6405809, 60.2617678 ], [ 29.6406969, 60.2617644 ], [ 29.6407143, 60.2617757 ], [ 29.6407633, 60.2617531 ], [ 29.6409202, 60.261657 ], [ 29.6412411, 60.2615975 ], [ 29.6415827, 60.2615828 ], [ 29.6419448, 60.2614681 ], [ 29.6422277, 60.2614262 ], [ 29.6422975, 60.2614561 ], [ 29.6423122, 60.2614774 ], [ 29.6423618, 60.2614727 ], [ 29.6423458, 60.2614341 ], [ 29.6424235, 60.2614235 ], [ 29.6438041, 60.2613094 ], [ 29.6442137, 60.2613801 ], [ 29.6445046, 60.2613392 ], [ 29.6453031, 60.2611468 ], [ 29.6464407, 60.2611798 ], [ 29.6478449, 60.261581 ], [ 29.6479176, 60.261513 ], [ 29.6481363, 60.2615706 ], [ 29.6480603, 60.2616417 ], [ 29.6485098, 60.2618015 ], [ 29.6488818, 60.2618889 ], [ 29.6490959, 60.262015 ], [ 29.649717, 60.2623344 ], [ 29.649999, 60.2627767 ], [ 29.6506843, 60.2632235 ], [ 29.651126, 60.2634212 ], [ 29.6514046, 60.2634891 ], [ 29.6522265, 60.2636868 ], [ 29.6526334, 60.2637192 ], [ 29.6528325, 60.2637794 ], [ 29.6535239, 60.2638615 ], [ 29.6536204, 60.2638935 ], [ 29.6537358, 60.2639573 ], [ 29.6538044, 60.2639585 ], [ 29.6542084, 60.2639494 ], [ 29.6547042, 60.2639583 ], [ 29.655452, 60.2639903 ], [ 29.6556964, 60.2640332 ], [ 29.6559459, 60.2640571 ], [ 29.656134, 60.2641642 ], [ 29.6562155, 60.2642009 ], [ 29.6576498, 60.2642034 ], [ 29.6580445, 60.2640525 ], [ 29.6583867, 60.2640012 ], [ 29.6586093, 60.2638881 ], [ 29.6587296, 60.2637545 ], [ 29.6587595, 60.263642 ], [ 29.658889, 60.2635098 ], [ 29.6594532, 60.2633718 ], [ 29.6597171, 60.2633653 ], [ 29.6599102, 60.2634025 ], [ 29.659878, 60.2633493 ], [ 29.6597922, 60.2633147 ], [ 29.6598083, 60.2632589 ], [ 29.6600443, 60.2631524 ], [ 29.6602482, 60.2631125 ], [ 29.6605754, 60.2631019 ], [ 29.6609992, 60.2630274 ], [ 29.6612138, 60.2630327 ], [ 29.6614122, 60.2631657 ], [ 29.6616214, 60.2632003 ], [ 29.6616751, 60.2632482 ], [ 29.6615785, 60.2632775 ], [ 29.6611386, 60.2632801 ], [ 29.6609777, 60.2634398 ], [ 29.6608221, 60.2635196 ], [ 29.6608061, 60.2635728 ], [ 29.6611065, 60.263642 ], [ 29.6611816, 60.2637458 ], [ 29.6609724, 60.2637937 ], [ 29.6607524, 60.263799 ], [ 29.6605539, 60.2638575 ], [ 29.6605056, 60.2640199 ], [ 29.660393, 60.2641156 ], [ 29.6602857, 60.2641316 ], [ 29.6600872, 60.2640731 ], [ 29.6599799, 60.2640731 ], [ 29.6599638, 60.2641289 ], [ 29.6600765, 60.2642301 ], [ 29.6600228, 60.2642886 ], [ 29.6598029, 60.2643232 ], [ 29.6594703, 60.2641635 ], [ 29.659363, 60.2641609 ], [ 29.6591934, 60.2642022 ], [ 29.6592879, 60.2643711 ], [ 29.6593255, 60.2644216 ], [ 29.6593791, 60.2644695 ], [ 29.6596366, 60.2645653 ], [ 29.659642, 60.2648287 ], [ 29.6597654, 60.264983 ], [ 29.6597117, 60.2650309 ], [ 29.6598136, 60.2650575 ], [ 29.6599156, 60.2650389 ], [ 29.6599531, 60.2649857 ], [ 29.6598083, 60.2648128 ], [ 29.6597761, 60.2647063 ], [ 29.6598378, 60.2645426 ], [ 29.6599477, 60.2644536 ], [ 29.6599853, 60.2643431 ], [ 29.660275, 60.2643232 ], [ 29.6603769, 60.2643179 ], [ 29.6604198, 60.26427 ], [ 29.6604198, 60.2641635 ], [ 29.6605861, 60.2640997 ], [ 29.6606719, 60.2639454 ], [ 29.6607417, 60.2639054 ], [ 29.6609402, 60.2638948 ], [ 29.6610314, 60.263932 ], [ 29.6610206, 60.2639932 ], [ 29.660747, 60.2642434 ], [ 29.6608168, 60.2642833 ], [ 29.6609294, 60.2642726 ], [ 29.6609831, 60.2641689 ], [ 29.661085, 60.2641822 ], [ 29.6612138, 60.2643551 ], [ 29.6614873, 60.2644509 ], [ 29.6615463, 60.2644961 ], [ 29.6615678, 60.2646052 ], [ 29.6617019, 60.2647569 ], [ 29.6616644, 60.2649245 ], [ 29.6619379, 60.2651108 ], [ 29.661997, 60.2652704 ], [ 29.6621311, 60.2653609 ], [ 29.6620533, 60.2653994 ], [ 29.6618006, 60.2654887 ], [ 29.6615276, 60.2655045 ], [ 29.6612513, 60.2654965 ], [ 29.6614552, 60.2655631 ], [ 29.6617489, 60.2655404 ], [ 29.6619889, 60.2654939 ], [ 29.6621002, 60.265422 ], [ 29.662347, 60.2654161 ], [ 29.6625763, 60.265454 ], [ 29.6632415, 60.2654354 ], [ 29.6637833, 60.2655498 ], [ 29.6646362, 60.2655311 ], [ 29.6648401, 60.2655524 ], [ 29.6649796, 60.2655617 ], [ 29.6665813, 60.2659817 ], [ 29.6679553, 60.2663028 ], [ 29.6681179, 60.2665575 ], [ 29.6687002, 60.2668484 ], [ 29.6692372, 60.2668307 ], [ 29.6700057, 60.2673131 ], [ 29.6704824, 60.2675064 ], [ 29.6706654, 60.2674943 ], [ 29.6706929, 60.2670712 ], [ 29.670699, 60.2668569 ], [ 29.6696018, 60.2663675 ], [ 29.6689157, 60.2662083 ], [ 29.6687341, 60.2659582 ], [ 29.6669182, 60.2656651 ], [ 29.6653715, 60.2653123 ], [ 29.6649916, 60.2652256 ], [ 29.6647465, 60.2651392 ], [ 29.6648844, 60.2649438 ], [ 29.6651549, 60.2646031 ], [ 29.6652068, 60.264449 ], [ 29.6650064, 60.2645946 ], [ 29.6649045, 60.2646159 ], [ 29.664824, 60.2645759 ], [ 29.6648079, 60.2645254 ], [ 29.6650439, 60.2644057 ], [ 29.6650761, 60.2642434 ], [ 29.6650171, 60.2641955 ], [ 29.6649045, 60.2641822 ], [ 29.664824, 60.2642194 ], [ 29.6647435, 60.2641795 ], [ 29.6647167, 60.2640784 ], [ 29.6642983, 60.2639799 ], [ 29.6642822, 60.2639267 ], [ 29.6643197, 60.2638788 ], [ 29.6647543, 60.2638469 ], [ 29.665001, 60.2637431 ], [ 29.6649045, 60.2636447 ], [ 29.664942, 60.2635941 ], [ 29.6648455, 60.2635595 ], [ 29.6648079, 60.2634558 ], [ 29.6650439, 60.2633467 ], [ 29.6650493, 60.2632935 ], [ 29.6651781, 60.263203 ], [ 29.6651512, 60.2630966 ], [ 29.6653068, 60.2630247 ], [ 29.665339, 60.262716 ], [ 29.6653873, 60.2626043 ], [ 29.6653658, 60.2625511 ], [ 29.6652102, 60.2624659 ], [ 29.6652585, 60.2623568 ], [ 29.6652102, 60.2622557 ], [ 29.6652424, 60.2622025 ], [ 29.6650118, 60.2620854 ], [ 29.6648401, 60.2620934 ], [ 29.6648616, 60.2620082 ], [ 29.6649581, 60.2619923 ], [ 29.6648508, 60.2618832 ], [ 29.6648562, 60.2618246 ], [ 29.6650064, 60.2617422 ], [ 29.6650118, 60.2616889 ], [ 29.6647006, 60.2614681 ], [ 29.664706, 60.2613111 ], [ 29.6646309, 60.2612712 ], [ 29.6645182, 60.2612658 ], [ 29.6644324, 60.2613031 ], [ 29.6644109, 60.2614095 ], [ 29.6643144, 60.2614361 ], [ 29.6640944, 60.2614202 ], [ 29.664014, 60.2613803 ], [ 29.6640086, 60.2612605 ], [ 29.6639228, 60.2612126 ], [ 29.6636116, 60.2611647 ], [ 29.6633434, 60.2609784 ], [ 29.6630323, 60.2609119 ], [ 29.6629196, 60.2609385 ], [ 29.6628874, 60.2609944 ], [ 29.6629035, 60.2611368 ], [ 29.6629572, 60.2612073 ], [ 29.6628982, 60.2612445 ], [ 29.6627641, 60.2612419 ], [ 29.6626621, 60.26121 ], [ 29.6625441, 60.2612179 ], [ 29.6623349, 60.2614175 ], [ 29.662233, 60.2613803 ], [ 29.6621418, 60.2612818 ], [ 29.6621364, 60.2612259 ], [ 29.6623081, 60.2611408 ], [ 29.6623456, 60.2610902 ], [ 29.6623295, 60.261037 ], [ 29.6621847, 60.2609492 ], [ 29.6619916, 60.260896 ], [ 29.6619594, 60.2608427 ], [ 29.6618682, 60.2607523 ], [ 29.6617716, 60.2605314 ], [ 29.6618521, 60.2604223 ], [ 29.6620291, 60.2603531 ], [ 29.6622652, 60.2603185 ], [ 29.6622974, 60.2602254 ], [ 29.6623939, 60.2600737 ], [ 29.6623242, 60.2600284 ], [ 29.6622115, 60.2600497 ], [ 29.6621472, 60.2601535 ], [ 29.6619272, 60.2601775 ], [ 29.6617877, 60.2602626 ], [ 29.6615893, 60.2603132 ], [ 29.6615732, 60.2604223 ], [ 29.6617126, 60.2607469 ], [ 29.661659, 60.2608507 ], [ 29.6615517, 60.2608693 ], [ 29.6615517, 60.2609226 ], [ 29.6615732, 60.2609811 ], [ 29.6617234, 60.2610663 ], [ 29.6619916, 60.2613137 ], [ 29.6620613, 60.2614202 ], [ 29.6620023, 60.2614681 ], [ 29.6617824, 60.2614761 ], [ 29.6617126, 60.2615213 ], [ 29.6617234, 60.2615772 ], [ 29.6618736, 60.261665 ], [ 29.6619996, 60.2617581 ], [ 29.6621337, 60.2617209 ], [ 29.6624476, 60.2618459 ], [ 29.6627265, 60.2620242 ], [ 29.6626835, 60.2620911 ], [ 29.662697, 60.2621852 ], [ 29.6627775, 60.2622491 ], [ 29.6626005, 60.2622597 ], [ 29.6625093, 60.2622105 ], [ 29.6623939, 60.2621639 ], [ 29.6622115, 60.2620668 ], [ 29.6617234, 60.2621056 ], [ 29.6614383, 60.2620446 ], [ 29.6612583, 60.2620061 ], [ 29.6599327, 60.2617224 ], [ 29.6591576, 60.2618003 ], [ 29.6584936, 60.2622684 ], [ 29.6583933, 60.262262 ], [ 29.6583331, 60.2622517 ], [ 29.658089, 60.262297 ], [ 29.6579388, 60.262253 ], [ 29.6576706, 60.2623409 ], [ 29.6572971, 60.2626131 ], [ 29.6572519, 60.2626884 ], [ 29.6570728, 60.2628108 ], [ 29.6569678, 60.263026 ], [ 29.6570568, 60.2632374 ], [ 29.6570215, 60.2633719 ], [ 29.6568402, 60.2635583 ], [ 29.6560478, 60.2634824 ], [ 29.6556203, 60.2635143 ], [ 29.6552432, 60.2634451 ], [ 29.6547193, 60.2635716 ], [ 29.6541274, 60.2634292 ], [ 29.6536524, 60.2633744 ], [ 29.6532759, 60.263309 ], [ 29.6523094, 60.2628774 ], [ 29.6520056, 60.2627325 ], [ 29.651826, 60.2626788 ], [ 29.6511831, 60.2624883 ], [ 29.6508705, 60.2622717 ], [ 29.6506858, 60.261892 ], [ 29.6501518, 60.2616897 ], [ 29.6494965, 60.2615607 ], [ 29.6488156, 60.2613019 ], [ 29.6487254, 60.2610796 ], [ 29.6485484, 60.2610782 ], [ 29.6483955, 60.2610184 ], [ 29.6479794, 60.2610247 ], [ 29.6472975, 60.2608212 ], [ 29.6471965, 60.2606791 ], [ 29.6472555, 60.2606352 ], [ 29.6472378, 60.2605409 ], [ 29.6469592, 60.2604069 ], [ 29.6469041, 60.260455 ], [ 29.6468049, 60.2604795 ], [ 29.6465184, 60.2604511 ], [ 29.6464106, 60.2604702 ], [ 29.6448037, 60.2604695 ], [ 29.6446511, 60.2604795 ], [ 29.6445626, 60.2603957 ], [ 29.64434, 60.2604036 ], [ 29.6444017, 60.2606086 ], [ 29.6442434, 60.260735 ], [ 29.643835, 60.2608389 ], [ 29.6435219, 60.2608254 ], [ 29.6431853, 60.2607614 ], [ 29.6429036, 60.2605972 ], [ 29.6428452, 60.2605088 ], [ 29.6420605, 60.2606562 ], [ 29.641758, 60.2607393 ], [ 29.6407703, 60.2606585 ], [ 29.6402872, 60.2606732 ], [ 29.6403314, 60.2607356 ], [ 29.640255, 60.2607882 ], [ 29.6400873, 60.2607775 ], [ 29.6395526, 60.2608492 ], [ 29.6393965, 60.2609327 ], [ 29.6392008, 60.2610132 ], [ 29.6390113, 60.2609996 ], [ 29.6388135, 60.2609218 ], [ 29.6382637, 60.2609179 ], [ 29.6376105, 60.260757 ], [ 29.6369337, 60.2607228 ], [ 29.6365072, 60.2608206 ], [ 29.6362281, 60.2606891 ], [ 29.6358481, 60.2606245 ], [ 29.6354622, 60.2606349 ], [ 29.6350918, 60.2607077 ], [ 29.6349339, 60.2607988 ], [ 29.6346859, 60.2608156 ], [ 29.6343615, 60.2607966 ], [ 29.6340153, 60.2605298 ], [ 29.6337889, 60.2604503 ], [ 29.6330461, 60.2604233 ], [ 29.6327841, 60.2603252 ], [ 29.6325773, 60.2600889 ], [ 29.6326309, 60.2599388 ], [ 29.6327904, 60.2598092 ], [ 29.6330535, 60.2597377 ], [ 29.6329557, 60.2595959 ], [ 29.6326263, 60.2598099 ], [ 29.6324589, 60.2599658 ], [ 29.6324964, 60.2600936 ], [ 29.6324068, 60.2601642 ], [ 29.6322378, 60.2601735 ], [ 29.6322327, 60.2603937 ], [ 29.6323181, 60.2606137 ], [ 29.6322437, 60.2608065 ], [ 29.6319274, 60.2608097 ], [ 29.6316974, 60.2608808 ], [ 29.6308739, 60.2613016 ], [ 29.6304823, 60.2612782 ], [ 29.6301527, 60.2614293 ], [ 29.6298867, 60.261477 ], [ 29.6300905, 60.2616807 ] ], [ [ 29.6625763, 60.2615838 ], [ 29.6625495, 60.2615279 ], [ 29.6625495, 60.2614747 ], [ 29.6626139, 60.2613962 ], [ 29.6626514, 60.2613763 ], [ 29.6629679, 60.2613616 ], [ 29.6630752, 60.2613031 ], [ 29.6630779, 60.2612485 ], [ 29.662925, 60.261013 ], [ 29.6630001, 60.2609465 ], [ 29.6632603, 60.2609931 ], [ 29.66333, 60.2610383 ], [ 29.6633756, 60.2611527 ], [ 29.6634454, 60.261194 ], [ 29.6638316, 60.2612126 ], [ 29.6639577, 60.2612685 ], [ 29.6639657, 60.261351 ], [ 29.6638906, 60.2613922 ], [ 29.6637806, 60.2613869 ], [ 29.6636707, 60.2614508 ], [ 29.6636224, 60.2614361 ], [ 29.6635365, 60.2615053 ], [ 29.6634829, 60.2615067 ], [ 29.6633729, 60.2615745 ], [ 29.6632066, 60.2615625 ], [ 29.663153, 60.2616104 ], [ 29.6630511, 60.2616011 ], [ 29.6629277, 60.2616597 ], [ 29.6628258, 60.261641 ], [ 29.6627855, 60.2615891 ], [ 29.6626219, 60.2616051 ], [ 29.6625763, 60.2615838 ] ] ] } },
{ "type": "Feature", "properties": { "element_type": "relation", "osmid": 2314113, "intermittent": null, "waterway": null, "source": null, "natural": "water", "gvr:code": null, "image": null, "name": "Широкая", "name:fi": "Kotselänjoki", "name:ru": null, "wikidata": null, "wikipedia": null, "layer": null, "description": null, "landuse": null, "water": "river", "boat": null, "old_name": null, "bridge": null, "highway": null, "fishing": null, "salt": null, "building:part": null, "alt_name:fi": "Liikolanjoki", "int_name": null, "name:en": null, "tunnel": null, "name:old": null, "type": "multipolygon", "source:name": "https://www.karjalankartat.fi/?language=fi&E=4480842.99623935&N=6685329.512147153&scale=29999.999999999993&base=OpenLayers.Layer.WMS_2", "alt_name": null, "alt_name:ru": null }, "geometry": { "type": "Polygon", "coordinates": [ [ [ 29.6283937, 60.2626908 ], [ 29.6284479, 60.2627496 ], [ 29.6286636, 60.262925 ], [ 29.6286812, 60.2630646 ], [ 29.6286793, 60.2633981 ], [ 29.6288989, 60.2638415 ], [ 29.6289491, 60.2641405 ], [ 29.6291743, 60.2642289 ], [ 29.6294934, 60.2644198 ], [ 29.6294202, 60.2647948 ], [ 29.6296447, 60.265109 ], [ 29.629477, 60.2654856 ], [ 29.6301545, 60.2663526 ], [ 29.6305884, 60.2667412 ], [ 29.631247, 60.2673434 ], [ 29.63216, 60.2679625 ], [ 29.6323733, 60.2685495 ], [ 29.6323429, 60.2688625 ], [ 29.6329771, 60.269732 ], [ 29.632936, 60.2703318 ], [ 29.6326916, 60.270506 ], [ 29.6324926, 60.2709449 ], [ 29.6320957, 60.2710108 ], [ 29.6313951, 60.2709364 ], [ 29.6318693, 60.2711415 ], [ 29.6325458, 60.271264 ], [ 29.6330789, 60.271906 ], [ 29.634252, 60.272896 ], [ 29.6348522, 60.2733584 ], [ 29.6351988, 60.2737431 ], [ 29.6355693, 60.2740595 ], [ 29.6356705, 60.2742403 ], [ 29.6354254, 60.2744318 ], [ 29.6351667, 60.27486 ], [ 29.6348776, 60.2751472 ], [ 29.6345746, 60.275243 ], [ 29.6343304, 60.2752088 ], [ 29.6340256, 60.2751106 ], [ 29.6337992, 60.275029 ], [ 29.6335052, 60.2750243 ], [ 29.6332115, 60.2751602 ], [ 29.6330994, 60.275376 ], [ 29.632873, 60.2755495 ], [ 29.6334103, 60.2757326 ], [ 29.6336916, 60.2758285 ], [ 29.6340666, 60.2755076 ], [ 29.6342797, 60.2754295 ], [ 29.6348246, 60.2754374 ], [ 29.6353303, 60.2753056 ], [ 29.6355636, 60.2751681 ], [ 29.6358066, 60.2746934 ], [ 29.6359878, 60.2746155 ], [ 29.6362279, 60.2746922 ], [ 29.6365161, 60.2749984 ], [ 29.6366751, 60.2752095 ], [ 29.636531, 60.2753848 ], [ 29.637113, 60.2756209 ], [ 29.6373317, 60.2762531 ], [ 29.6377787, 60.2771236 ], [ 29.6381325, 60.2780323 ], [ 29.6382882, 60.2788398 ], [ 29.6380399, 60.2790692 ], [ 29.6379928, 60.279513 ], [ 29.6375273, 60.279742 ], [ 29.6370842, 60.2800755 ], [ 29.6367293, 60.2802211 ], [ 29.636509, 60.2807672 ], [ 29.6361174, 60.2811069 ], [ 29.6361051, 60.281295 ], [ 29.6364845, 60.2814163 ], [ 29.6365013, 60.2816505 ], [ 29.6360072, 60.2818592 ], [ 29.63553, 60.2821444 ], [ 29.6354565, 60.2824113 ], [ 29.6357502, 60.2825144 ], [ 29.6359328, 60.2827456 ], [ 29.63557, 60.2829659 ], [ 29.6355577, 60.2832025 ], [ 29.6351172, 60.2833784 ], [ 29.6351539, 60.2836514 ], [ 29.6358025, 60.2839244 ], [ 29.6363043, 60.2842641 ], [ 29.6366102, 60.2844522 ], [ 29.636084, 60.2845432 ], [ 29.6361329, 60.2847737 ], [ 29.6354843, 60.2847858 ], [ 29.634799, 60.2850831 ], [ 29.6355333, 60.2849314 ], [ 29.6362186, 60.284895 ], [ 29.6365479, 60.2849796 ], [ 29.6371085, 60.2848617 ], [ 29.6378502, 60.2848725 ], [ 29.6387497, 60.2850385 ], [ 29.6390983, 60.2852331 ], [ 29.6394582, 60.2855914 ], [ 29.6402023, 60.2856976 ], [ 29.6407239, 60.2859969 ], [ 29.6411397, 60.2866376 ], [ 29.6413835, 60.2872195 ], [ 29.641412, 60.2874455 ], [ 29.641321, 60.2877097 ], [ 29.6408101, 60.2880447 ], [ 29.6405929, 60.2883489 ], [ 29.6407109, 60.2886733 ], [ 29.64078, 60.2888423 ], [ 29.6414422, 60.2896112 ], [ 29.6423585, 60.2904656 ], [ 29.6437307, 60.2918487 ], [ 29.6446149, 60.2925752 ], [ 29.6453896, 60.2930769 ], [ 29.6455013, 60.2931492 ], [ 29.6465761, 60.2938007 ], [ 29.6487999, 60.2953313 ], [ 29.6498637, 60.2965801 ], [ 29.6510281, 60.296945 ], [ 29.6514778, 60.2972188 ], [ 29.6521596, 60.2972934 ], [ 29.652885, 60.2974843 ], [ 29.6536218, 60.297921 ], [ 29.6542185, 60.2979617 ], [ 29.6545404, 60.297866 ], [ 29.6547275, 60.2978808 ], [ 29.6552217, 60.2978846 ], [ 29.655807, 60.2980182 ], [ 29.6567055, 60.2983707 ], [ 29.6571595, 60.2981995 ], [ 29.6578265, 60.2981797 ], [ 29.6584618, 60.2983232 ], [ 29.6589231, 60.2985199 ], [ 29.6595132, 60.2987006 ], [ 29.6599209, 60.2988069 ], [ 29.660393, 60.298791 ], [ 29.6607041, 60.2987697 ], [ 29.6608624, 60.2987724 ], [ 29.6606827, 60.2986049 ], [ 29.6604826, 60.2982421 ], [ 29.6599089, 60.2981689 ], [ 29.6588704, 60.2977316 ], [ 29.6577483, 60.2976321 ], [ 29.6566302, 60.2975826 ], [ 29.6555098, 60.2972905 ], [ 29.6547127, 60.2973371 ], [ 29.6539634, 60.2972597 ], [ 29.6533066, 60.2969658 ], [ 29.6520807, 60.2966738 ], [ 29.6513688, 60.2961137 ], [ 29.6505757, 60.2960412 ], [ 29.6499338, 60.2954577 ], [ 29.6491796, 60.294782 ], [ 29.6469862, 60.2935238 ], [ 29.6455402, 60.2924382 ], [ 29.6452954, 60.2919028 ], [ 29.6444417, 60.2915168 ], [ 29.6436946, 60.2909875 ], [ 29.6426881, 60.2895059 ], [ 29.6422494, 60.2889636 ], [ 29.6422518, 60.2884982 ], [ 29.6423968, 60.2882487 ], [ 29.6428272, 60.2881373 ], [ 29.6432097, 60.2878037 ], [ 29.6432709, 60.2874018 ], [ 29.6426211, 60.2871173 ], [ 29.6426883, 60.2868351 ], [ 29.6425187, 60.2866927 ], [ 29.6425064, 60.2864154 ], [ 29.6432107, 60.2861136 ], [ 29.6431703, 60.2858861 ], [ 29.641622, 60.2851396 ], [ 29.6410015, 60.2843887 ], [ 29.6398857, 60.2842917 ], [ 29.6397554, 60.2841185 ], [ 29.639474, 60.2838577 ], [ 29.6390579, 60.2838213 ], [ 29.6382624, 60.2839244 ], [ 29.6376627, 60.283888 ], [ 29.63732, 60.2836575 ], [ 29.6372804, 60.2835468 ], [ 29.6372331, 60.2834355 ], [ 29.6374199, 60.2833726 ], [ 29.6377337, 60.2833619 ], [ 29.6380054, 60.2832571 ], [ 29.6382379, 60.2829659 ], [ 29.6380911, 60.2826565 ], [ 29.6377142, 60.2824824 ], [ 29.6377469, 60.2823568 ], [ 29.6379409, 60.2822839 ], [ 29.6381122, 60.2820352 ], [ 29.6385406, 60.2817622 ], [ 29.6385406, 60.2813314 ], [ 29.6380908, 60.2810351 ], [ 29.6389398, 60.2804102 ], [ 29.6392446, 60.2799526 ], [ 29.6396058, 60.2797191 ], [ 29.6395207, 60.2794045 ], [ 29.6396295, 60.2789971 ], [ 29.639889, 60.2790115 ], [ 29.6403885, 60.2791897 ], [ 29.6412697, 60.2794202 ], [ 29.6419428, 60.2795962 ], [ 29.6416491, 60.2793474 ], [ 29.6410983, 60.2791533 ], [ 29.6404375, 60.278856 ], [ 29.6399851, 60.2786424 ], [ 29.6403055, 60.278416 ], [ 29.6402464, 60.2780627 ], [ 29.6399171, 60.2768449 ], [ 29.6399171, 60.2764018 ], [ 29.6397927, 60.2761842 ], [ 29.6398457, 60.2759592 ], [ 29.6395622, 60.2758454 ], [ 29.6391311, 60.2757517 ], [ 29.6386988, 60.275644 ], [ 29.6383989, 60.2752597 ], [ 29.6381126, 60.2750937 ], [ 29.6380931, 60.2750017 ], [ 29.6379912, 60.2749631 ], [ 29.638001, 60.2748953 ], [ 29.6379536, 60.2748368 ], [ 29.6380914, 60.2747588 ], [ 29.6383426, 60.2747118 ], [ 29.6384525, 60.2746519 ], [ 29.6389259, 60.2745863 ], [ 29.6391663, 60.2745221 ], [ 29.6402881, 60.2742224 ], [ 29.6392481, 60.2744536 ], [ 29.6381135, 60.2746262 ], [ 29.6377605, 60.274608 ], [ 29.6374624, 60.2745178 ], [ 29.6366258, 60.273372 ], [ 29.6359981, 60.2722708 ], [ 29.6359529, 60.2716942 ], [ 29.6358658, 60.2715294 ], [ 29.6359098, 60.2714266 ], [ 29.6361811, 60.2713614 ], [ 29.636623, 60.2714015 ], [ 29.6367053, 60.2711769 ], [ 29.636973, 60.2710125 ], [ 29.6372241, 60.270981 ], [ 29.6375541, 60.2709707 ], [ 29.6378973, 60.2710409 ], [ 29.6382789, 60.2710457 ], [ 29.6388721, 60.2710512 ], [ 29.6397968, 60.2710708 ], [ 29.6387959, 60.270974 ], [ 29.6375756, 60.2708309 ], [ 29.63701, 60.2704056 ], [ 29.6363752, 60.2702487 ], [ 29.6363075, 60.2701293 ], [ 29.636381, 60.2699532 ], [ 29.6360214, 60.2696174 ], [ 29.6356232, 60.2693227 ], [ 29.6340958, 60.2679493 ], [ 29.633816, 60.2676491 ], [ 29.6339399, 60.2675057 ], [ 29.634164, 60.267468 ], [ 29.635004, 60.2675544 ], [ 29.6344412, 60.2673645 ], [ 29.6336877, 60.2673054 ], [ 29.6333053, 60.2672005 ], [ 29.6330548, 60.2668775 ], [ 29.6325932, 60.2661773 ], [ 29.6327131, 60.2659487 ], [ 29.632386, 60.2654393 ], [ 29.6324466, 60.26519 ], [ 29.632044, 60.2648341 ], [ 29.6315064, 60.264535 ], [ 29.6310427, 60.2640435 ], [ 29.6306754, 60.2637712 ], [ 29.6305726, 60.2636665 ], [ 29.6306929, 60.2635728 ], [ 29.6306929, 60.263513 ], [ 29.6306741, 60.2634478 ], [ 29.6302879, 60.263203 ], [ 29.6298907, 60.2629384 ], [ 29.6297817, 60.2628459 ], [ 29.6297134, 60.262718 ], [ 29.6296602, 60.2626602 ], [ 29.6297667, 60.2625254 ], [ 29.6290465, 60.2626806 ], [ 29.6283937, 60.2626908 ] ] ] } },
{ "type": "Feature", "properties": { "element_type": "relation", "osmid": 2316351, "intermittent": null, "waterway": null, "source": null, "natural": "water", "gvr:code": null, "image": null, "name": "Макаровское", "name:fi": "Valklampi", "name:ru": null, "wikidata": null, "wikipedia": null, "layer": null, "description": null, "landuse": null, "water": "lake", "boat": null, "old_name": null, "bridge": null, "highway": null, "fishing": null, "salt": null, "building:part": null, "alt_name:fi": null, "int_name": "Makarovskoye", "name:en": "Makarovskoye", "tunnel": null, "name:old": null, "type": "multipolygon", "source:name": null, "alt_name": "Белец", "alt_name:ru": "Белец" }, "geometry": { "type": "Polygon", "coordinates": [ [ [ 29.6499878, 60.2444839 ], [ 29.6498403, 60.2441423 ], [ 29.6498403, 60.2438202 ], [ 29.6499632, 60.2431613 ], [ 29.6506811, 60.2426708 ], [ 29.6506733, 60.242618 ], [ 29.6506392, 60.2426185 ], [ 29.6505679, 60.2425806 ], [ 29.6506309, 60.2425591 ], [ 29.6506381, 60.2425437 ], [ 29.6505173, 60.2425457 ], [ 29.650476, 60.2425898 ], [ 29.6504925, 60.242596 ], [ 29.6505256, 60.2425837 ], [ 29.6505504, 60.2425929 ], [ 29.6504801, 60.2426524 ], [ 29.6504202, 60.2426565 ], [ 29.6503459, 60.2427323 ], [ 29.6502963, 60.2427 ], [ 29.6503572, 60.2426462 ], [ 29.6504068, 60.2426344 ], [ 29.6504027, 60.2425837 ], [ 29.6504461, 60.2425509 ], [ 29.6504739, 60.2425401 ], [ 29.6504636, 60.2425258 ], [ 29.6504471, 60.2425155 ], [ 29.6504233, 60.2425314 ], [ 29.6502571, 60.2425047 ], [ 29.650127, 60.2424422 ], [ 29.6500505, 60.2424299 ], [ 29.6500443, 60.242393 ], [ 29.650096, 60.2423971 ], [ 29.6501053, 60.2424227 ], [ 29.6501259, 60.2424253 ], [ 29.650129, 60.2423966 ], [ 29.6503603, 60.2424381 ], [ 29.6504574, 60.2424437 ], [ 29.6504678, 60.2425001 ], [ 29.6505514, 60.2424914 ], [ 29.6505597, 60.2424555 ], [ 29.6506619, 60.2424053 ], [ 29.6506392, 60.2424002 ], [ 29.6505979, 60.2424156 ], [ 29.6505628, 60.2424145 ], [ 29.6505369, 60.2424396 ], [ 29.6505049, 60.2424402 ], [ 29.6504936, 60.242413 ], [ 29.6505184, 60.2423925 ], [ 29.6504956, 60.2423822 ], [ 29.6503738, 60.2424222 ], [ 29.6503159, 60.2423879 ], [ 29.6504998, 60.2423043 ], [ 29.6505359, 60.2423177 ], [ 29.6505524, 60.2423346 ], [ 29.6505721, 60.2423361 ], [ 29.6505762, 60.2423218 ], [ 29.6506061, 60.2423233 ], [ 29.6506154, 60.2423581 ], [ 29.6505968, 60.2423705 ], [ 29.6505958, 60.2423858 ], [ 29.6507104, 60.2423597 ], [ 29.6506877, 60.2423192 ], [ 29.650792, 60.2423233 ], [ 29.6508757, 60.2423622 ], [ 29.6508808, 60.2423812 ], [ 29.6508478, 60.2423894 ], [ 29.6508127, 60.2424176 ], [ 29.6508746, 60.2424243 ], [ 29.6508984, 60.2424566 ], [ 29.6508757, 60.2424776 ], [ 29.6507889, 60.2424545 ], [ 29.650761, 60.2424858 ], [ 29.6508433, 60.2425355 ], [ 29.6512858, 60.2421437 ], [ 29.651335, 60.2419924 ], [ 29.6508876, 60.2418143 ], [ 29.6501353, 60.2418558 ], [ 29.6487488, 60.2421071 ], [ 29.6481686, 60.2424244 ], [ 29.6471558, 60.2427855 ], [ 29.6466297, 60.2429734 ], [ 29.6462265, 60.243215 ], [ 29.6462118, 60.2434908 ], [ 29.6461921, 60.2437153 ], [ 29.6464527, 60.2437006 ], [ 29.6467836, 60.243852 ], [ 29.6470304, 60.2438836 ], [ 29.6473066, 60.2439005 ], [ 29.6474562, 60.2440065 ], [ 29.6474014, 60.2441366 ], [ 29.6473572, 60.2442545 ], [ 29.6474974, 60.2444406 ], [ 29.6475712, 60.24444 ], [ 29.6476509, 60.2444581 ], [ 29.6477534, 60.2444413 ], [ 29.6480244, 60.2443656 ], [ 29.6481806, 60.2442844 ], [ 29.6483344, 60.2442678 ], [ 29.6484121, 60.2443162 ], [ 29.648599, 60.2442875 ], [ 29.648773, 60.244329 ], [ 29.6486695, 60.2444144 ], [ 29.6486709, 60.2444784 ], [ 29.6490206, 60.2445939 ], [ 29.6493959, 60.244654 ], [ 29.6497897, 60.2446326 ], [ 29.6499878, 60.2444839 ] ], [ [ 29.647588, 60.2436933 ], [ 29.6476169, 60.2437158 ], [ 29.647619, 60.2437373 ], [ 29.6474001, 60.2437322 ], [ 29.6474187, 60.2436861 ], [ 29.647491, 60.2436779 ], [ 29.647588, 60.2436933 ] ], [ [ 29.6463787, 60.2433355 ], [ 29.6463663, 60.243294 ], [ 29.6463963, 60.2432709 ], [ 29.6463994, 60.2432576 ], [ 29.6464913, 60.2432294 ], [ 29.6464985, 60.2432561 ], [ 29.6464799, 60.243273 ], [ 29.6464841, 60.2432868 ], [ 29.6465099, 60.2432858 ], [ 29.6465316, 60.2433047 ], [ 29.6465233, 60.2433268 ], [ 29.6465925, 60.2433616 ], [ 29.6465987, 60.2433924 ], [ 29.646577, 60.2434313 ], [ 29.6465254, 60.2434349 ], [ 29.64645, 60.2434078 ], [ 29.6464489, 60.2433647 ], [ 29.6463787, 60.2433355 ] ], [ [ 29.6480525, 60.2430477 ], [ 29.648038, 60.2430764 ], [ 29.6481743, 60.2431308 ], [ 29.6482631, 60.2431318 ], [ 29.6482342, 60.2431994 ], [ 29.6481888, 60.2431994 ], [ 29.6481537, 60.2432302 ], [ 29.6481268, 60.2432199 ], [ 29.6480896, 60.2432333 ], [ 29.6481495, 60.2432743 ], [ 29.6480463, 60.2433317 ], [ 29.6479038, 60.2433655 ], [ 29.647881, 60.2433973 ], [ 29.6477179, 60.2434926 ], [ 29.6477158, 60.2435152 ], [ 29.6475919, 60.2436177 ], [ 29.6475093, 60.2436238 ], [ 29.6474328, 60.2435705 ], [ 29.6471891, 60.2436156 ], [ 29.6470569, 60.2435623 ], [ 29.6468979, 60.2434906 ], [ 29.6467905, 60.2434198 ], [ 29.6467905, 60.2433604 ], [ 29.6468339, 60.2433153 ], [ 29.6467037, 60.2432128 ], [ 29.646553, 60.2432117 ], [ 29.6465364, 60.2431882 ], [ 29.6465736, 60.2431748 ], [ 29.6465963, 60.2431605 ], [ 29.6465695, 60.2431297 ], [ 29.6465922, 60.2431154 ], [ 29.646681, 60.2431195 ], [ 29.6466934, 60.243139 ], [ 29.6467141, 60.2431359 ], [ 29.6467099, 60.2431144 ], [ 29.6467347, 60.2430969 ], [ 29.6468256, 60.2430939 ], [ 29.6468896, 60.2431154 ], [ 29.6468814, 60.2431246 ], [ 29.6468401, 60.2431308 ], [ 29.6468731, 60.2431492 ], [ 29.6469475, 60.2431492 ], [ 29.6470115, 60.2431297 ], [ 29.6470363, 60.2431062 ], [ 29.6470714, 60.2430836 ], [ 29.6471499, 60.2430785 ], [ 29.6471561, 60.243057 ], [ 29.6471148, 60.2430559 ], [ 29.6471168, 60.2430262 ], [ 29.6471375, 60.2430077 ], [ 29.6471891, 60.243017 ], [ 29.6471788, 60.2430365 ], [ 29.6473461, 60.2429913 ], [ 29.6473482, 60.242977 ], [ 29.6473771, 60.2429688 ], [ 29.6473833, 60.2429565 ], [ 29.6473667, 60.2429493 ], [ 29.6473729, 60.242937 ], [ 29.6473957, 60.2429339 ], [ 29.6474081, 60.2429063 ], [ 29.6474204, 60.242895 ], [ 29.6474494, 60.2429032 ], [ 29.6477571, 60.2428314 ], [ 29.6478211, 60.2428007 ], [ 29.6478799, 60.2428176 ], [ 29.6480034, 60.2428341 ], [ 29.6480915, 60.2428671 ], [ 29.648147, 60.2428686 ], [ 29.6481785, 60.2428899 ], [ 29.6481206, 60.2429145 ], [ 29.6481289, 60.2429637 ], [ 29.6482776, 60.2430293 ], [ 29.6482094, 60.2430652 ], [ 29.6481392, 60.2430539 ], [ 29.6481124, 60.2430693 ], [ 29.6480525, 60.2430477 ] ], [ [ 29.6501596, 60.2428298 ], [ 29.6501065, 60.2428542 ], [ 29.6500649, 60.2428593 ], [ 29.6500466, 60.2428368 ], [ 29.649994, 60.2428422 ], [ 29.6500006, 60.2428701 ], [ 29.6499122, 60.2429104 ], [ 29.6498706, 60.2429165 ], [ 29.6498538, 60.2428966 ], [ 29.6497742, 60.2429531 ], [ 29.6497362, 60.2429528 ], [ 29.6497266, 60.2429624 ], [ 29.6498032, 60.2429874 ], [ 29.6497487, 60.2430249 ], [ 29.6497056, 60.2430256 ], [ 29.649615, 60.2430843 ], [ 29.6495776, 60.2430842 ], [ 29.6495533, 60.2429987 ], [ 29.6494819, 60.242999 ], [ 29.649523, 60.2430307 ], [ 29.6494748, 60.2430586 ], [ 29.649466, 60.2430764 ], [ 29.6494783, 60.2430911 ], [ 29.6495033, 60.2431086 ], [ 29.6495296, 60.2431286 ], [ 29.6495756, 60.2431271 ], [ 29.6496223, 60.2431518 ], [ 29.6496413, 60.2431264 ], [ 29.6496895, 60.2431311 ], [ 29.6497039, 60.2431527 ], [ 29.6496817, 60.2433395 ], [ 29.6496397, 60.2433589 ], [ 29.6495509, 60.2433533 ], [ 29.6494755, 60.2433297 ], [ 29.6494765, 60.2433036 ], [ 29.6494381, 60.2433093 ], [ 29.64943, 60.2433323 ], [ 29.6495467, 60.2433743 ], [ 29.6496469, 60.2433764 ], [ 29.6496975, 60.2433999 ], [ 29.6496283, 60.2434784 ], [ 29.6496203, 60.2435642 ], [ 29.6495628, 60.2436204 ], [ 29.6495613, 60.2436457 ], [ 29.6494819, 60.2436978 ], [ 29.6492862, 60.2436253 ], [ 29.6489397, 60.2436483 ], [ 29.6486564, 60.2437135 ], [ 29.6479338, 60.2437065 ], [ 29.6478579, 60.2436253 ], [ 29.6482668, 60.243289 ], [ 29.648261, 60.2432455 ], [ 29.6484128, 60.2431846 ], [ 29.648518, 60.2429787 ], [ 29.6487166, 60.2428686 ], [ 29.6489036, 60.242857 ], [ 29.6489584, 60.2429047 ], [ 29.6490964, 60.242912 ], [ 29.649552, 60.2427178 ], [ 29.6497162, 60.2427513 ], [ 29.6497743, 60.2427435 ], [ 29.6497684, 60.2427049 ], [ 29.6498073, 60.2427014 ], [ 29.6498502, 60.2427157 ], [ 29.6498796, 60.242765 ], [ 29.6501596, 60.2428298 ] ], [ [ 29.6481484, 60.2427569 ], [ 29.6481556, 60.2427 ], [ 29.6481257, 60.2426728 ], [ 29.6483839, 60.2425847 ], [ 29.6484365, 60.2425949 ], [ 29.6484427, 60.2426149 ], [ 29.6483519, 60.24264 ], [ 29.6484355, 60.242722 ], [ 29.6482331, 60.2427666 ], [ 29.6482434, 60.2427297 ], [ 29.6482228, 60.2427236 ], [ 29.6482011, 60.2427574 ], [ 29.6481484, 60.2427569 ] ], [ [ 29.6480658, 60.2427159 ], [ 29.6479729, 60.2427646 ], [ 29.6479119, 60.2427307 ], [ 29.6480451, 60.2427025 ], [ 29.6480658, 60.2427159 ] ], [ [ 29.6487594, 60.2423566 ], [ 29.6487945, 60.2424334 ], [ 29.6486788, 60.2424724 ], [ 29.6486168, 60.2424621 ], [ 29.6487594, 60.2423566 ] ], [ [ 29.648654, 60.2425339 ], [ 29.6486065, 60.2425226 ], [ 29.6486106, 60.242498 ], [ 29.6486726, 60.2424909 ], [ 29.6486933, 60.2425175 ], [ 29.648654, 60.2425339 ] ], [ [ 29.6496475, 60.2422612 ], [ 29.6495752, 60.2421915 ], [ 29.6491084, 60.2422786 ], [ 29.6490981, 60.2423145 ], [ 29.6490279, 60.242332 ], [ 29.6489225, 60.2423115 ], [ 29.6488626, 60.2423525 ], [ 29.6488172, 60.2423299 ], [ 29.6488255, 60.2422909 ], [ 29.6492261, 60.2422141 ], [ 29.6492943, 60.2421556 ], [ 29.6495835, 60.2420818 ], [ 29.6497797, 60.242169 ], [ 29.6497074, 60.2422592 ], [ 29.6496475, 60.2422612 ] ], [ [ 29.6500463, 60.2419959 ], [ 29.6502508, 60.2420162 ], [ 29.6503151, 60.2420568 ], [ 29.6500989, 60.2421322 ], [ 29.6498915, 60.2421569 ], [ 29.6498682, 60.2421177 ], [ 29.6500463, 60.2419959 ] ], [ [ 29.6504874, 60.2421525 ], [ 29.6505926, 60.2421192 ], [ 29.6506977, 60.2421206 ], [ 29.6508262, 60.2422221 ], [ 29.6506101, 60.2422337 ], [ 29.6504874, 60.2421525 ] ], [ [ 29.6500061, 60.2423259 ], [ 29.6500526, 60.2423166 ], [ 29.6501755, 60.2423182 ], [ 29.6502912, 60.242351 ], [ 29.6502829, 60.2423812 ], [ 29.6501879, 60.2423822 ], [ 29.65016, 60.2423474 ], [ 29.650129, 60.2423469 ], [ 29.6500887, 60.2423807 ], [ 29.6500423, 60.2423817 ], [ 29.6500082, 60.2423602 ], [ 29.6498109, 60.2423648 ], [ 29.6497645, 60.2423366 ], [ 29.6497242, 60.2423371 ], [ 29.649688, 60.242313 ], [ 29.6497345, 60.2423033 ], [ 29.6497882, 60.2423161 ], [ 29.6498244, 60.2422972 ], [ 29.6498688, 60.2423023 ], [ 29.6498812, 60.2423376 ], [ 29.6499101, 60.2423382 ], [ 29.6499183, 60.2423289 ], [ 29.6500061, 60.2423259 ] ], [ [ 29.6499669, 60.2424191 ], [ 29.6499152, 60.2423986 ], [ 29.6499245, 60.2423828 ], [ 29.6499999, 60.2423889 ], [ 29.6500061, 60.2424125 ], [ 29.6499669, 60.2424191 ] ], [ [ 29.6478961, 60.2438771 ], [ 29.6480554, 60.2439214 ], [ 29.6482226, 60.2439523 ], [ 29.6484325, 60.2439195 ], [ 29.6485296, 60.2438636 ], [ 29.6487201, 60.2438423 ], [ 29.6488717, 60.2439195 ], [ 29.6489572, 60.2440025 ], [ 29.6489494, 60.244097 ], [ 29.6488328, 60.2441876 ], [ 29.6485102, 60.2441645 ], [ 29.6478067, 60.2440815 ], [ 29.6478106, 60.2438906 ], [ 29.6478961, 60.2438771 ] ] ] } },
{ "type": "Feature", "properties": { "element_type": "relation", "osmid": 2515471, "intermittent": null, "waterway": null, "source": null, "natural": "water", "gvr:code": null, "image": null, "name": null, "name:fi": null, "name:ru": null, "wikidata": null, "wikipedia": null, "layer": null, "description": null, "landuse": null, "water": "river", "boat": null, "old_name": null, "bridge": null, "highway": null, "fishing": null, "salt": null, "building:part": null, "alt_name:fi": null, "int_name": null, "name:en": null, "tunnel": null, "name:old": null, "type": "multipolygon", "source:name": null, "alt_name": null, "alt_name:ru": null }, "geometry": { "type": "Polygon", "coordinates": [ [ [ 29.5343418, 60.2556526 ], [ 29.5343701, 60.255734 ], [ 29.5343882, 60.2558356 ], [ 29.5344883, 60.255946 ], [ 29.5347287, 60.2560003 ], [ 29.5348468, 60.256002 ], [ 29.5350255, 60.2560522 ], [ 29.5352674, 60.256125 ], [ 29.5356448, 60.2563152 ], [ 29.535927, 60.256412 ], [ 29.535938, 60.2564769 ], [ 29.5358721, 60.2565738 ], [ 29.535671, 60.2566505 ], [ 29.5345848, 60.2567762 ], [ 29.5343749, 60.2568859 ], [ 29.5342196, 60.2570789 ], [ 29.5342603, 60.2572001 ], [ 29.5347285, 60.2574784 ], [ 29.5350587, 60.2577891 ], [ 29.5353445, 60.2580361 ], [ 29.5356536, 60.2582906 ], [ 29.535693, 60.258323 ], [ 29.5362274, 60.2586404 ], [ 29.5362174, 60.2587185 ], [ 29.5363636, 60.2587464 ], [ 29.5366251, 60.2588569 ], [ 29.5368488, 60.2591887 ], [ 29.5366976, 60.2594683 ], [ 29.5366782, 60.2596059 ], [ 29.5367317, 60.2598034 ], [ 29.537013, 60.2599695 ], [ 29.5377005, 60.2601755 ], [ 29.5386851, 60.2604343 ], [ 29.5391385, 60.2606119 ], [ 29.5399692, 60.2607654 ], [ 29.5401891, 60.260927 ], [ 29.5404904, 60.2609997 ], [ 29.5409302, 60.2611411 ], [ 29.5412979, 60.2613681 ], [ 29.5415003, 60.2616218 ], [ 29.5416306, 60.2617511 ], [ 29.5416543, 60.2619484 ], [ 29.541834, 60.2620854 ], [ 29.5418197, 60.2622623 ], [ 29.5416861, 60.2624903 ], [ 29.5416597, 60.2626322 ], [ 29.541703, 60.2628695 ], [ 29.5416194, 60.2630992 ], [ 29.5414075, 60.2631844 ], [ 29.5414475, 60.2632606 ], [ 29.5414692, 60.2636606 ], [ 29.5415042, 60.2640002 ], [ 29.5415921, 60.26421 ], [ 29.5415816, 60.2644548 ], [ 29.5413163, 60.264681 ], [ 29.5411817, 60.2648416 ], [ 29.5411124, 60.265021 ], [ 29.5411548, 60.2655334 ], [ 29.5413834, 60.2658358 ], [ 29.5414746, 60.2659914 ], [ 29.541429, 60.2660579 ], [ 29.5415458, 60.2661519 ], [ 29.5417772, 60.2663265 ], [ 29.5417964, 60.2663852 ], [ 29.5418402, 60.2664781 ], [ 29.5422229, 60.2667324 ], [ 29.5424489, 60.2669298 ], [ 29.5427899, 60.2671156 ], [ 29.5427272, 60.2671754 ], [ 29.5427594, 60.2673137 ], [ 29.5428613, 60.2674441 ], [ 29.542863, 60.2676738 ], [ 29.5426118, 60.2679522 ], [ 29.5424375, 60.2681252 ], [ 29.5424695, 60.2682456 ], [ 29.5424584, 60.2684438 ], [ 29.5426608, 60.2686471 ], [ 29.5430464, 60.2687384 ], [ 29.5433815, 60.2687702 ], [ 29.5436846, 60.268747 ], [ 29.543902, 60.2687969 ], [ 29.5440855, 60.2687766 ], [ 29.5442966, 60.2687859 ], [ 29.5446619, 60.2688987 ], [ 29.5452094, 60.2690941 ], [ 29.5455561, 60.2692827 ], [ 29.545763, 60.2693229 ], [ 29.5458469, 60.2694213 ], [ 29.546146, 60.2695239 ], [ 29.546269, 60.2695974 ], [ 29.5466297, 60.2695752 ], [ 29.5468198, 60.2695544 ], [ 29.5470127, 60.2695614 ], [ 29.5470938, 60.2696349 ], [ 29.5473111, 60.2697033 ], [ 29.5474148, 60.2697683 ], [ 29.5475747, 60.2697638 ], [ 29.5479493, 60.2697264 ], [ 29.5483966, 60.2697624 ], [ 29.5486594, 60.2697097 ], [ 29.5490704, 60.2695531 ], [ 29.5491179, 60.2695031 ], [ 29.5492773, 60.2694518 ], [ 29.5493081, 60.269316 ], [ 29.5493891, 60.2691843 ], [ 29.5492577, 60.2691302 ], [ 29.5492214, 60.2690317 ], [ 29.5492549, 60.2689 ], [ 29.5493891, 60.2687683 ], [ 29.5492854, 60.268785 ], [ 29.5491817, 60.2687336 ], [ 29.549296, 60.2686339 ], [ 29.5494504, 60.2685699 ], [ 29.5496016, 60.2686088 ], [ 29.5497582, 60.2685478 ], [ 29.549884, 60.268448 ], [ 29.5500154, 60.2681887 ], [ 29.5499223, 60.2681386 ], [ 29.5499794, 60.2680284 ], [ 29.5497953, 60.2677839 ], [ 29.5497128, 60.2676779 ], [ 29.5495943, 60.2676118 ], [ 29.5495562, 60.2675236 ], [ 29.5495904, 60.2674192 ], [ 29.5495653, 60.2672944 ], [ 29.5496939, 60.2672223 ], [ 29.5498924, 60.2672445 ], [ 29.5500042, 60.2672167 ], [ 29.5501887, 60.2672611 ], [ 29.5501915, 60.2672999 ], [ 29.550815, 60.267544 ], [ 29.5512036, 60.2676369 ], [ 29.5515028, 60.2678892 ], [ 29.5519585, 60.2681319 ], [ 29.5522716, 60.268197 ], [ 29.5524785, 60.2682178 ], [ 29.5528392, 60.2683773 ], [ 29.5531467, 60.2684161 ], [ 29.5535325, 60.2684411 ], [ 29.5545194, 60.2686962 ], [ 29.5546536, 60.2687295 ], [ 29.5552128, 60.2689402 ], [ 29.5555986, 60.2690609 ], [ 29.5559425, 60.2691898 ], [ 29.5564569, 60.2692564 ], [ 29.5569685, 60.2692924 ], [ 29.5572817, 60.2692758 ], [ 29.5576713, 60.2692646 ], [ 29.5579826, 60.2692196 ], [ 29.558234, 60.2691804 ], [ 29.5594123, 60.2686761 ], [ 29.5596842, 60.2683643 ], [ 29.5599787, 60.2681083 ], [ 29.5601493, 60.2680888 ], [ 29.5606033, 60.2682121 ], [ 29.5608518, 60.2682483 ], [ 29.5610634, 60.2683239 ], [ 29.5613258, 60.2684121 ], [ 29.5615276, 60.2685041 ], [ 29.5616897, 60.2688129 ], [ 29.5618463, 60.2690858 ], [ 29.5618064, 60.2691624 ], [ 29.5610642, 60.2697073 ], [ 29.5609657, 60.2701313 ], [ 29.5611142, 60.2703115 ], [ 29.5614648, 60.2703835 ], [ 29.5621433, 60.2704925 ], [ 29.5627495, 60.270532 ], [ 29.5634271, 60.2707136 ], [ 29.564368, 60.2709033 ], [ 29.5650569, 60.2710443 ], [ 29.5659314, 60.271166 ], [ 29.5664224, 60.2712248 ], [ 29.5668498, 60.2711723 ], [ 29.567269, 60.2712116 ], [ 29.5676793, 60.2713318 ], [ 29.5678782, 60.2714452 ], [ 29.5681631, 60.2714985 ], [ 29.5683903, 60.2714682 ], [ 29.5685448, 60.2713014 ], [ 29.5687416, 60.2711597 ], [ 29.569169, 60.2710852 ], [ 29.5693764, 60.2711429 ], [ 29.570176, 60.2711511 ], [ 29.5716002, 60.2709447 ], [ 29.5718522, 60.2708143 ], [ 29.5717207, 60.2706676 ], [ 29.5714687, 60.2706133 ], [ 29.5711581, 60.2706812 ], [ 29.5708428, 60.2707337 ], [ 29.5705571, 60.2706781 ], [ 29.5704196, 60.2705186 ], [ 29.5703709, 60.2704714 ], [ 29.5704006, 60.2704189 ], [ 29.5705847, 60.2703538 ], [ 29.5706312, 60.2702909 ], [ 29.5707582, 60.2702394 ], [ 29.5709507, 60.2702426 ], [ 29.5713718, 60.2703108 ], [ 29.5717908, 60.2702709 ], [ 29.5722352, 60.2703538 ], [ 29.572652, 60.2703402 ], [ 29.5728779, 60.2703146 ], [ 29.5729521, 60.270172 ], [ 29.572933, 60.2700185 ], [ 29.5727219, 60.2700033 ], [ 29.572432, 60.2697683 ], [ 29.5723706, 60.2695668 ], [ 29.5724277, 60.2695122 ], [ 29.5724024, 60.269466 ], [ 29.5723664, 60.2694419 ], [ 29.5725018, 60.2693275 ], [ 29.5726372, 60.269358 ], [ 29.5726859, 60.2693128 ], [ 29.5726076, 60.2692761 ], [ 29.5726415, 60.2692278 ], [ 29.5727938, 60.2691628 ], [ 29.5728806, 60.2691921 ], [ 29.5729271, 60.2691701 ], [ 29.5728742, 60.2691386 ], [ 29.5728806, 60.2690809 ], [ 29.572961, 60.269061 ], [ 29.5730414, 60.2690862 ], [ 29.5730943, 60.2690589 ], [ 29.5729991, 60.2690022 ], [ 29.5730583, 60.2689644 ], [ 29.573234, 60.2689413 ], [ 29.573279, 60.2689579 ], [ 29.5734895, 60.2688115 ], [ 29.5740943, 60.2684827 ], [ 29.5747071, 60.2681584 ], [ 29.5751947, 60.2680126 ], [ 29.575711, 60.2679748 ], [ 29.5759036, 60.268001 ], [ 29.5761046, 60.2680157 ], [ 29.5760707, 60.2679591 ], [ 29.5761448, 60.2679454 ], [ 29.5762633, 60.267978 ], [ 29.5766856, 60.2679061 ], [ 29.5769193, 60.2679307 ], [ 29.5770314, 60.2679265 ], [ 29.5770462, 60.2679045 ], [ 29.5774187, 60.2679076 ], [ 29.577497, 60.2679213 ], [ 29.5775245, 60.2679654 ], [ 29.5775689, 60.2679633 ], [ 29.5776133, 60.2679034 ], [ 29.5777424, 60.267916 ], [ 29.5777234, 60.2679507 ], [ 29.577863, 60.267979 ], [ 29.5778842, 60.2679454 ], [ 29.5779731, 60.2679654 ], [ 29.5779773, 60.2680042 ], [ 29.5780249, 60.2680173 ], [ 29.5780792, 60.2679863 ], [ 29.5782418, 60.2681249 ], [ 29.5784111, 60.2681763 ], [ 29.5783899, 60.2683295 ], [ 29.5785296, 60.2684659 ], [ 29.5785213, 60.2685455 ], [ 29.579047, 60.2684763 ], [ 29.5792025, 60.2683568 ], [ 29.5794332, 60.2682212 ], [ 29.5799671, 60.267784 ], [ 29.5804928, 60.2675897 ], [ 29.5807557, 60.2675676 ], [ 29.5815217, 60.2676033 ], [ 29.581818, 60.2675366 ], [ 29.5820804, 60.2677838 ], [ 29.5821798, 60.268035 ], [ 29.5828187, 60.2680743 ], [ 29.5829731, 60.2678853 ], [ 29.5828887, 60.2678373 ], [ 29.5829395, 60.2677985 ], [ 29.5829056, 60.2676894 ], [ 29.5830326, 60.2676768 ], [ 29.583441, 60.2677397 ], [ 29.5835955, 60.2677995 ], [ 29.5836822, 60.2677953 ], [ 29.5844164, 60.2678422 ], [ 29.5850005, 60.2677177 ], [ 29.5850598, 60.2676117 ], [ 29.5851719, 60.2675876 ], [ 29.5852544, 60.2676316 ], [ 29.5853412, 60.2676211 ], [ 29.5852925, 60.2675907 ], [ 29.5853814, 60.2675676 ], [ 29.5856163, 60.267619 ], [ 29.5862109, 60.2675424 ], [ 29.5863019, 60.2674879 ], [ 29.5863654, 60.2674763 ], [ 29.5864923, 60.2673913 ], [ 29.5865643, 60.2673682 ], [ 29.5864754, 60.2672528 ], [ 29.5866003, 60.2670849 ], [ 29.5868817, 60.2670041 ], [ 29.5872605, 60.2670597 ], [ 29.5882677, 60.267087 ], [ 29.5885576, 60.2669159 ], [ 29.588641, 60.2669108 ], [ 29.5890558, 60.2660739 ], [ 29.5895714, 60.265699 ], [ 29.5894226, 60.2655383 ], [ 29.5891508, 60.2655101 ], [ 29.5888395, 60.2655829 ], [ 29.5882889, 60.2656526 ], [ 29.5877442, 60.265663 ], [ 29.5871637, 60.2657372 ], [ 29.5870829, 60.2656393 ], [ 29.5874749, 60.2653914 ], [ 29.5886031, 60.2651569 ], [ 29.5888874, 60.2648585 ], [ 29.5887348, 60.264676 ], [ 29.5883877, 60.2645661 ], [ 29.5881722, 60.264339 ], [ 29.5881602, 60.2641921 ], [ 29.5883248, 60.2640095 ], [ 29.5883847, 60.2640051 ], [ 29.588654, 60.2640882 ], [ 29.5890729, 60.2639828 ], [ 29.5891956, 60.2639724 ], [ 29.5894321, 60.2638062 ], [ 29.5896086, 60.2636191 ], [ 29.5895607, 60.2634989 ], [ 29.589453, 60.2634796 ], [ 29.5893094, 60.2635345 ], [ 29.5894321, 60.2637364 ], [ 29.5893782, 60.2637691 ], [ 29.5892465, 60.2635998 ], [ 29.5893602, 60.263162 ], [ 29.589471, 60.2630863 ], [ 29.5895907, 60.2630952 ], [ 29.5897373, 60.2631323 ], [ 29.5897672, 60.2631753 ], [ 29.5898241, 60.2631753 ], [ 29.5899019, 60.2631382 ], [ 29.5901054, 60.2631827 ], [ 29.590249, 60.2631961 ], [ 29.5906611, 60.2630557 ], [ 29.5906153, 60.2628269 ], [ 29.5905573, 60.262821 ], [ 29.5904994, 60.2628701 ], [ 29.5904197, 60.2628066 ], [ 29.5905091, 60.2626832 ], [ 29.5905211, 60.262633 ], [ 29.5905742, 60.262597 ], [ 29.5906346, 60.2626042 ], [ 29.5906998, 60.2625503 ], [ 29.5907046, 60.262518 ], [ 29.5911019, 60.2624361 ], [ 29.5912007, 60.2623537 ], [ 29.5913234, 60.2623493 ], [ 29.5927688, 60.2624695 ], [ 29.5938672, 60.2624623 ], [ 29.5943702, 60.2624464 ], [ 29.5947293, 60.2623529 ], [ 29.5947113, 60.2622 ], [ 29.5943761, 60.2619996 ], [ 29.5943791, 60.2618616 ], [ 29.5944053, 60.2616532 ], [ 29.5944872, 60.2614806 ], [ 29.5945554, 60.2613284 ], [ 29.5947805, 60.2611422 ], [ 29.595149, 60.260994 ], [ 29.5954591, 60.2610028 ], [ 29.5957408, 60.261017 ], [ 29.5957836, 60.2609127 ], [ 29.5960973, 60.2608331 ], [ 29.5965465, 60.2609498 ], [ 29.5968602, 60.2610506 ], [ 29.5973843, 60.2611266 ], [ 29.5978941, 60.2611744 ], [ 29.598217, 60.2611411 ], [ 29.5984799, 60.2610844 ], [ 29.5988182, 60.2608502 ], [ 29.5993926, 60.2606896 ], [ 29.5997285, 60.2606063 ], [ 29.6000351, 60.2606027 ], [ 29.6010111, 60.2605507 ], [ 29.60142, 60.2604167 ], [ 29.6016196, 60.2602598 ], [ 29.6015048, 60.2600403 ], [ 29.6013186, 60.2599884 ], [ 29.6009812, 60.2600461 ], [ 29.6008416, 60.2600057 ], [ 29.6004867, 60.2600634 ], [ 29.6001086, 60.2599768 ], [ 29.5999283, 60.2600288 ], [ 29.5999632, 60.2601615 ], [ 29.6002133, 60.260277 ], [ 29.5998875, 60.2602395 ], [ 29.5996956, 60.2601356 ], [ 29.5996316, 60.2599538 ], [ 29.5998468, 60.2598124 ], [ 29.5999748, 60.2597546 ], [ 29.5998992, 60.2596709 ], [ 29.6005682, 60.2594632 ], [ 29.6010859, 60.2595353 ], [ 29.601563, 60.259417 ], [ 29.6012081, 60.2592438 ], [ 29.600923, 60.2593102 ], [ 29.6010278, 60.2591861 ], [ 29.6024646, 60.2589408 ], [ 29.602467, 60.2588425 ], [ 29.6027782, 60.258798 ], [ 29.6032241, 60.2585812 ], [ 29.6039241, 60.2584701 ], [ 29.6041965, 60.2584269 ], [ 29.6041523, 60.2583786 ], [ 29.6040611, 60.2583085 ], [ 29.6038248, 60.2583776 ], [ 29.6037201, 60.2584034 ], [ 29.6031815, 60.2584824 ], [ 29.602938, 60.2585451 ], [ 29.6029115, 60.2586267 ], [ 29.6025404, 60.2587218 ], [ 29.6025067, 60.2587701 ], [ 29.6022413, 60.2587936 ], [ 29.602229, 60.2587622 ], [ 29.6021499, 60.2587771 ], [ 29.6021605, 60.2588006 ], [ 29.601941, 60.2588352 ], [ 29.6002242, 60.2592276 ], [ 29.6000885, 60.2594092 ], [ 29.5998992, 60.2595051 ], [ 29.5994426, 60.2596908 ], [ 29.5994229, 60.2598006 ], [ 29.5994636, 60.2600647 ], [ 29.5993879, 60.2601613 ], [ 29.5995828, 60.2603071 ], [ 29.599961, 60.2603547 ], [ 29.6000935, 60.2603441 ], [ 29.6004642, 60.2603143 ], [ 29.6007463, 60.2601815 ], [ 29.6010459, 60.260131 ], [ 29.6012553, 60.2601368 ], [ 29.6014182, 60.2602003 ], [ 29.6014648, 60.2602479 ], [ 29.601299, 60.260372 ], [ 29.6007638, 60.260512 ], [ 29.5996934, 60.2605322 ], [ 29.5988208, 60.2607428 ], [ 29.5985997, 60.2608727 ], [ 29.5983205, 60.2610646 ], [ 29.5980878, 60.2610848 ], [ 29.5972035, 60.2609607 ], [ 29.5963018, 60.260802 ], [ 29.5962087, 60.2607125 ], [ 29.5959388, 60.2606914 ], [ 29.5958046, 60.2607493 ], [ 29.5955436, 60.2608011 ], [ 29.5952951, 60.2607962 ], [ 29.5949322, 60.2609269 ], [ 29.5943929, 60.2612585 ], [ 29.5940847, 60.2619033 ], [ 29.5940823, 60.2622041 ], [ 29.5940922, 60.2622657 ], [ 29.594045, 60.2622978 ], [ 29.5940649, 60.2623286 ], [ 29.5939903, 60.2623569 ], [ 29.5932521, 60.262352 ], [ 29.5930956, 60.2623853 ], [ 29.5926395, 60.2623517 ], [ 29.5925296, 60.262331 ], [ 29.5921018, 60.2623384 ], [ 29.5916592, 60.2622554 ], [ 29.5914624, 60.2621944 ], [ 29.591192, 60.2621871 ], [ 29.5909043, 60.2622725 ], [ 29.5908182, 60.2623762 ], [ 29.5906756, 60.2624286 ], [ 29.5902871, 60.2626923 ], [ 29.5902573, 60.2628303 ], [ 29.5902871, 60.2629696 ], [ 29.5901603, 60.2630079 ], [ 29.5900535, 60.262961 ], [ 29.5899889, 60.2629869 ], [ 29.5900112, 60.2630547 ], [ 29.5898546, 60.2630633 ], [ 29.5897801, 60.262998 ], [ 29.5893324, 60.2629554 ], [ 29.5891884, 60.2630493 ], [ 29.5889745, 60.2633268 ], [ 29.5889301, 60.2635614 ], [ 29.5889723, 60.2636995 ], [ 29.5889549, 60.2637414 ], [ 29.5888779, 60.2637833 ], [ 29.5888754, 60.2638708 ], [ 29.5887337, 60.26393 ], [ 29.5885871, 60.2639337 ], [ 29.5885473, 60.2638745 ], [ 29.5885722, 60.263819 ], [ 29.5884827, 60.2638018 ], [ 29.5883287, 60.2637593 ], [ 29.5880325, 60.2639633 ], [ 29.5879091, 60.2641266 ], [ 29.5879136, 60.2642604 ], [ 29.5880597, 60.2644059 ], [ 29.5881497, 60.2646228 ], [ 29.5883063, 60.2646721 ], [ 29.5883013, 60.2648102 ], [ 29.5884678, 60.2649186 ], [ 29.5884877, 60.2650431 ], [ 29.5883659, 60.2651196 ], [ 29.5880111, 60.2651368 ], [ 29.5873596, 60.2652753 ], [ 29.5871676, 60.2653936 ], [ 29.5869174, 60.2654687 ], [ 29.5868418, 60.2656822 ], [ 29.5870163, 60.2658062 ], [ 29.5880627, 60.2657618 ], [ 29.5887586, 60.2656681 ], [ 29.5890466, 60.2656851 ], [ 29.5892457, 60.2657433 ], [ 29.5891364, 60.2658382 ], [ 29.5889593, 60.2658899 ], [ 29.5884506, 60.266867 ], [ 29.5882438, 60.2669372 ], [ 29.5879888, 60.2669994 ], [ 29.587121, 60.2669372 ], [ 29.5869058, 60.2668882 ], [ 29.5863241, 60.2669372 ], [ 29.5863182, 60.2671046 ], [ 29.5862077, 60.2672921 ], [ 29.5859808, 60.2674306 ], [ 29.5851509, 60.2674371 ], [ 29.5845556, 60.2676037 ], [ 29.5840553, 60.2677134 ], [ 29.5826591, 60.2675201 ], [ 29.5826353, 60.2676014 ], [ 29.582739, 60.2677446 ], [ 29.5827242, 60.2679136 ], [ 29.5826131, 60.2679669 ], [ 29.5823983, 60.2679375 ], [ 29.5822501, 60.2678328 ], [ 29.5819243, 60.2674563 ], [ 29.5813095, 60.2674563 ], [ 29.5811762, 60.267504 ], [ 29.5804689, 60.267482 ], [ 29.5798875, 60.2677171 ], [ 29.5791432, 60.268235 ], [ 29.5787988, 60.2683819 ], [ 29.5785247, 60.2683232 ], [ 29.5786062, 60.268213 ], [ 29.578131, 60.2678306 ], [ 29.5772346, 60.2677573 ], [ 29.5765129, 60.2678072 ], [ 29.5750724, 60.2679394 ], [ 29.5741292, 60.2682375 ], [ 29.5721068, 60.269433 ], [ 29.5724529, 60.2699704 ], [ 29.5725587, 60.27009 ], [ 29.5725412, 60.2702351 ], [ 29.5723586, 60.2702743 ], [ 29.5720597, 60.2701772 ], [ 29.5715396, 60.2701725 ], [ 29.5711108, 60.2701098 ], [ 29.5705759, 60.270215 ], [ 29.5703124, 60.2703622 ], [ 29.5703245, 60.270546 ], [ 29.5702571, 60.2707309 ], [ 29.5704778, 60.2707979 ], [ 29.5710875, 60.270802 ], [ 29.5712613, 60.2708609 ], [ 29.5712282, 60.2709129 ], [ 29.5709192, 60.2709621 ], [ 29.5708943, 60.2709265 ], [ 29.5708309, 60.2709265 ], [ 29.570784, 60.2709867 ], [ 29.5704364, 60.2709867 ], [ 29.5701384, 60.271062 ], [ 29.5698846, 60.2710538 ], [ 29.5698102, 60.2709676 ], [ 29.5696364, 60.2709785 ], [ 29.5695315, 60.2710729 ], [ 29.5694626, 60.2710633 ], [ 29.569457, 60.2710155 ], [ 29.5691454, 60.2709969 ], [ 29.5685362, 60.2711392 ], [ 29.568358, 60.271285 ], [ 29.5683438, 60.2714002 ], [ 29.5682476, 60.2714142 ], [ 29.5681116, 60.2714128 ], [ 29.5678681, 60.2712555 ], [ 29.5677209, 60.2711109 ], [ 29.5673896, 60.2711263 ], [ 29.5668029, 60.271095 ], [ 29.5662648, 60.2711176 ], [ 29.5654259, 60.2709992 ], [ 29.5645261, 60.2707736 ], [ 29.5642585, 60.2707994 ], [ 29.5632663, 60.2705664 ], [ 29.5629669, 60.2704727 ], [ 29.5625745, 60.2704137 ], [ 29.5621705, 60.2704209 ], [ 29.5618494, 60.2703461 ], [ 29.5616557, 60.2702279 ], [ 29.5616051, 60.270343 ], [ 29.5611705, 60.2702217 ], [ 29.5612211, 60.2698179 ], [ 29.5616008, 60.2694601 ], [ 29.5621029, 60.2691595 ], [ 29.561992, 60.2689996 ], [ 29.5619032, 60.2686702 ], [ 29.5616332, 60.2683906 ], [ 29.5610674, 60.2681977 ], [ 29.5608336, 60.2680967 ], [ 29.5605154, 60.2680976 ], [ 29.5600084, 60.2679795 ], [ 29.5593893, 60.2685306 ], [ 29.5592977, 60.2686479 ], [ 29.5585825, 60.2689609 ], [ 29.5583041, 60.2691207 ], [ 29.5579768, 60.2691744 ], [ 29.5577491, 60.2691913 ], [ 29.5574718, 60.2691675 ], [ 29.5573588, 60.269103 ], [ 29.5571808, 60.2691132 ], [ 29.5571945, 60.2692015 ], [ 29.5570096, 60.2692083 ], [ 29.5569446, 60.2691115 ], [ 29.5566038, 60.2691753 ], [ 29.5564037, 60.2691319 ], [ 29.5559244, 60.2690555 ], [ 29.5556334, 60.2689264 ], [ 29.5553904, 60.2689095 ], [ 29.5551576, 60.2688025 ], [ 29.5547023, 60.2686361 ], [ 29.5543257, 60.2685326 ], [ 29.553665, 60.2683747 ], [ 29.5532029, 60.2683441 ], [ 29.5530317, 60.2682932 ], [ 29.5526312, 60.2681625 ], [ 29.5523984, 60.2681353 ], [ 29.5519499, 60.2680029 ], [ 29.5516487, 60.2676684 ], [ 29.5512687, 60.2675597 ], [ 29.5507689, 60.2673967 ], [ 29.5504436, 60.2671879 ], [ 29.550139, 60.2671353 ], [ 29.5500602, 60.2671523 ], [ 29.5499028, 60.2671692 ], [ 29.5497898, 60.2670928 ], [ 29.549581, 60.2670945 ], [ 29.5494235, 60.2673492 ], [ 29.5494851, 60.2676412 ], [ 29.5496015, 60.267738 ], [ 29.5498108, 60.267944 ], [ 29.5498204, 60.26813 ], [ 29.5496849, 60.2684566 ], [ 29.5495312, 60.2684855 ], [ 29.549271, 60.2685721 ], [ 29.5491169, 60.2686621 ], [ 29.5490827, 60.2687232 ], [ 29.5491135, 60.2688573 ], [ 29.5490861, 60.2689931 ], [ 29.549158, 60.2692139 ], [ 29.5491478, 60.2693989 ], [ 29.5489287, 60.2695262 ], [ 29.5488225, 60.2695127 ], [ 29.5487746, 60.2695958 ], [ 29.5484357, 60.2696434 ], [ 29.5483262, 60.2696196 ], [ 29.5482132, 60.269662 ], [ 29.5479941, 60.2696485 ], [ 29.5479154, 60.2695992 ], [ 29.5478469, 60.2695093 ], [ 29.5476791, 60.2694549 ], [ 29.5475237, 60.2695092 ], [ 29.5472237, 60.2695396 ], [ 29.5470448, 60.2694755 ], [ 29.5468786, 60.2695001 ], [ 29.5466552, 60.2695225 ], [ 29.5464485, 60.2694988 ], [ 29.5460758, 60.2693428 ], [ 29.5454948, 60.2690643 ], [ 29.5446092, 60.2686773 ], [ 29.5443192, 60.268673 ], [ 29.5440415, 60.2686547 ], [ 29.5438088, 60.2685923 ], [ 29.5437088, 60.2686307 ], [ 29.5436226, 60.268623 ], [ 29.543564, 60.2685863 ], [ 29.5434275, 60.2686009 ], [ 29.543264, 60.2685555 ], [ 29.5430968, 60.268541 ], [ 29.5428129, 60.2685497 ], [ 29.5426146, 60.2684551 ], [ 29.542626, 60.2681383 ], [ 29.5428103, 60.2679323 ], [ 29.542989, 60.2677146 ], [ 29.5429626, 60.2673082 ], [ 29.5430292, 60.2671224 ], [ 29.5425707, 60.2668436 ], [ 29.5424174, 60.2667111 ], [ 29.5422229, 60.2664424 ], [ 29.54194, 60.2662735 ], [ 29.5417575, 60.2660898 ], [ 29.5416194, 60.2660034 ], [ 29.5414666, 60.2658105 ], [ 29.5413619, 60.2656136 ], [ 29.5412869, 60.2653822 ], [ 29.5412198, 60.2650496 ], [ 29.5412412, 60.264987 ], [ 29.5414558, 60.2647569 ], [ 29.5417213, 60.2644434 ], [ 29.5417374, 60.2642114 ], [ 29.5416623, 60.2641103 ], [ 29.5416167, 60.2639507 ], [ 29.5416476, 60.2637445 ], [ 29.5416114, 60.2632575 ], [ 29.541838, 60.2630862 ], [ 29.5419037, 60.2628797 ], [ 29.5418099, 60.262607 ], [ 29.5419466, 60.261951 ], [ 29.5417374, 60.2616011 ], [ 29.5411581, 60.261053 ], [ 29.5391411, 60.2604702 ], [ 29.538736, 60.2602919 ], [ 29.5376176, 60.2599965 ], [ 29.5369255, 60.259757 ], [ 29.5368478, 60.2594949 ], [ 29.5369658, 60.2591702 ], [ 29.5369309, 60.2590159 ], [ 29.5359009, 60.2582668 ], [ 29.5353109, 60.2578922 ], [ 29.5351338, 60.2576733 ], [ 29.5348522, 60.2574418 ], [ 29.5344847, 60.257149 ], [ 29.5344123, 60.2570505 ], [ 29.5345196, 60.2569242 ], [ 29.53493, 60.2568163 ], [ 29.5357132, 60.2567285 ], [ 29.5360082, 60.2566221 ], [ 29.5361423, 60.2564571 ], [ 29.5355898, 60.2560924 ], [ 29.5351365, 60.2559687 ], [ 29.5349246, 60.2558769 ], [ 29.5347744, 60.2557837 ], [ 29.5347744, 60.2557398 ], [ 29.5350426, 60.2557278 ], [ 29.5354772, 60.255793 ], [ 29.5360914, 60.2558236 ], [ 29.53666, 60.2559141 ], [ 29.5368531, 60.2559966 ], [ 29.5368022, 60.2560725 ], [ 29.53655, 60.2561976 ], [ 29.5364615, 60.256304 ], [ 29.5365018, 60.2563945 ], [ 29.5366654, 60.2564903 ], [ 29.5369379, 60.256519 ], [ 29.5370045, 60.256421 ], [ 29.5367524, 60.2563395 ], [ 29.5367279, 60.2562587 ], [ 29.5370537, 60.2560365 ], [ 29.5370944, 60.2559112 ], [ 29.5369804, 60.2558183 ], [ 29.5354412, 60.2556203 ], [ 29.5347245, 60.255592 ], [ 29.5343418, 60.2556526 ] ] ] } },
{ "type": "Feature", "properties": { "element_type": "relation", "osmid": 19914922, "intermittent": null, "waterway": null, "source": null, "natural": "water", "gvr:code": null, "image": null, "name": null, "name:fi": null, "name:ru": null, "wikidata": null, "wikipedia": null, "layer": null, "description": null, "landuse": null, "water": "pond", "boat": null, "old_name": null, "bridge": null, "highway": null, "fishing": null, "salt": null, "building:part": null, "alt_name:fi": null, "int_name": null, "name:en": null, "tunnel": null, "name:old": null, "type": "multipolygon", "source:name": null, "alt_name": null, "alt_name:ru": null }, "geometry": { "type": "Polygon", "coordinates": [ [ [ 29.59593, 60.2373495 ], [ 29.5959803, 60.2374012 ], [ 29.5960663, 60.2374206 ], [ 29.5962118, 60.2373247 ], [ 29.5961809, 60.2373041 ], [ 29.5962386, 60.2372861 ], [ 29.5962775, 60.2373014 ], [ 29.5963392, 60.2372748 ], [ 29.596366, 60.2372389 ], [ 29.596256, 60.2371523 ], [ 29.59593, 60.2373495 ] ] ] } },
{ "type": "Feature", "properties": { "element_type": "relation", "osmid": 19979955, "intermittent": null, "waterway": null, "source": "Esri", "natural": "water", "gvr:code": null, "image": null, "name": null, "name:fi": null, "name:ru": null, "wikidata": null, "wikipedia": null, "layer": null, "description": null, "landuse": null, "water": "river", "boat": null, "old_name": null, "bridge": null, "highway": null, "fishing": null, "salt": null, "building:part": null, "alt_name:fi": null, "int_name": null, "name:en": null, "tunnel": null, "name:old": null, "type": "multipolygon", "source:name": null, "alt_name": null, "alt_name:ru": null }, "geometry": { "type": "Polygon", "coordinates": [ [ [ 29.6492819, 60.2579541 ], [ 29.649343, 60.2579544 ], [ 29.649412, 60.2578449 ], [ 29.6494053, 60.257823 ], [ 29.6494764, 60.2578197 ], [ 29.6498036, 60.257511 ], [ 29.6500906, 60.2570758 ], [ 29.6502381, 60.2564411 ], [ 29.6502623, 60.2563892 ], [ 29.6503749, 60.2562987 ], [ 29.6505101, 60.2562193 ], [ 29.6509543, 60.256002 ], [ 29.6514076, 60.2557691 ], [ 29.6517456, 60.255648 ], [ 29.6520379, 60.2552275 ], [ 29.6518797, 60.2550048 ], [ 29.6515739, 60.2550044 ], [ 29.651826, 60.2552967 ], [ 29.6509945, 60.2558582 ], [ 29.6501255, 60.2562149 ], [ 29.6498626, 60.2565848 ], [ 29.6498465, 60.257165 ], [ 29.6493101, 60.2578245 ], [ 29.6493611, 60.257829 ], [ 29.649341, 60.2578639 ], [ 29.6492846, 60.2578922 ], [ 29.6492819, 60.2579541 ] ] ] } },
{ "type": "Feature", "properties": { "element_type": "relation", "osmid": 19989670, "intermittent": null, "waterway": null, "source": null, "natural": "water", "gvr:code": null, "image": null, "name": "Малая Ладога", "name:fi": "Honkajärvi", "name:ru": "Малая Ладога", "wikidata": null, "wikipedia": null, "layer": null, "description": null, "landuse": null, "water": "lake", "boat": null, "old_name": null, "bridge": null, "highway": null, "fishing": null, "salt": null, "building:part": null, "alt_name:fi": null, "int_name": null, "name:en": null, "tunnel": null, "name:old": null, "type": "multipolygon", "source:name": null, "alt_name": null, "alt_name:ru": null }, "geometry": { "type": "Polygon", "coordinates": [ [ [ 29.65754, 60.2783791 ], [ 29.6575805, 60.278225 ], [ 29.6575077, 60.2780823 ], [ 29.6576582, 60.277987 ], [ 29.6580202, 60.2780017 ], [ 29.658397, 60.2780244 ], [ 29.6589037, 60.2779795 ], [ 29.6591309, 60.2780503 ], [ 29.65946, 60.2782225 ], [ 29.659937, 60.2783889 ], [ 29.6602503, 60.2783933 ], [ 29.6605895, 60.2783433 ], [ 29.6610316, 60.2782035 ], [ 29.661253, 60.2782095 ], [ 29.6615887, 60.2778748 ], [ 29.66165, 60.2773886 ], [ 29.6616124, 60.2772496 ], [ 29.6618927, 60.2770229 ], [ 29.662269, 60.276819 ], [ 29.6625171, 60.2767368 ], [ 29.6629925, 60.2767608 ], [ 29.6632892, 60.2767422 ], [ 29.6636404, 60.276806 ], [ 29.663873, 60.2768981 ], [ 29.664102, 60.2770848 ], [ 29.6642479, 60.27718 ], [ 29.6644234, 60.2774201 ], [ 29.6645729, 60.2777004 ], [ 29.6646759, 60.2774121 ], [ 29.6647365, 60.27723 ], [ 29.6646987, 60.2770575 ], [ 29.664558, 60.2769479 ], [ 29.6644113, 60.2768319 ], [ 29.6641458, 60.276671 ], [ 29.6639278, 60.2765743 ], [ 29.6636144, 60.2765484 ], [ 29.663463, 60.2764802 ], [ 29.6635238, 60.2764061 ], [ 29.6638626, 60.2761986 ], [ 29.6641065, 60.2761096 ], [ 29.6644363, 60.2756845 ], [ 29.6647105, 60.2755889 ], [ 29.6651893, 60.2753136 ], [ 29.6653858, 60.2750828 ], [ 29.6654241, 60.2749123 ], [ 29.6656801, 60.2747721 ], [ 29.6659176, 60.274681 ], [ 29.6660111, 60.2745562 ], [ 29.6658499, 60.2743943 ], [ 29.6658081, 60.2742716 ], [ 29.6658696, 60.2741697 ], [ 29.6661389, 60.2740868 ], [ 29.6665366, 60.2740233 ], [ 29.6668968, 60.2738599 ], [ 29.667244, 60.2737404 ], [ 29.6675092, 60.2737351 ], [ 29.6678592, 60.2737485 ], [ 29.6680279, 60.273613 ], [ 29.6680581, 60.2734687 ], [ 29.6681995, 60.2733173 ], [ 29.6682194, 60.2732407 ], [ 29.6678776, 60.2730016 ], [ 29.6677078, 60.2728679 ], [ 29.667521, 60.2728037 ], [ 29.6672271, 60.2727412 ], [ 29.6668587, 60.2727414 ], [ 29.6664645, 60.272784 ], [ 29.6661611, 60.272952 ], [ 29.665935, 60.2730339 ], [ 29.6655282, 60.2730918 ], [ 29.6652189, 60.2730908 ], [ 29.6649684, 60.2729874 ], [ 29.6648052, 60.2730293 ], [ 29.6644034, 60.2729541 ], [ 29.6640571, 60.2728382 ], [ 29.6636939, 60.2727024 ], [ 29.6635142, 60.2725262 ], [ 29.6634559, 60.2724486 ], [ 29.6633302, 60.272402 ], [ 29.6633286, 60.2721362 ], [ 29.663189, 60.2719502 ], [ 29.6629688, 60.271775 ], [ 29.6626265, 60.2717071 ], [ 29.6622172, 60.2716668 ], [ 29.661833, 60.2716642 ], [ 29.6614241, 60.2717527 ], [ 29.6611055, 60.2718805 ], [ 29.6604985, 60.2722462 ], [ 29.6605217, 60.27248 ], [ 29.6601148, 60.2726179 ], [ 29.6600377, 60.2728858 ], [ 29.6598124, 60.2730942 ], [ 29.6596274, 60.2732757 ], [ 29.6596963, 60.2734127 ], [ 29.6596152, 60.2735826 ], [ 29.6593283, 60.2737607 ], [ 29.6586215, 60.2741615 ], [ 29.6583075, 60.2743985 ], [ 29.6582012, 60.2745351 ], [ 29.6582437, 60.2746271 ], [ 29.6583769, 60.2747635 ], [ 29.6584679, 60.2749017 ], [ 29.6589501, 60.2752246 ], [ 29.6588695, 60.2752783 ], [ 29.6583825, 60.2750899 ], [ 29.658195, 60.275131 ], [ 29.6579837, 60.2751226 ], [ 29.6576642, 60.2751356 ], [ 29.6573871, 60.275174 ], [ 29.6571958, 60.2752637 ], [ 29.6570593, 60.2755403 ], [ 29.6570989, 60.275667 ], [ 29.6571931, 60.27579 ], [ 29.6572197, 60.2759436 ], [ 29.6571544, 60.2760583 ], [ 29.6567576, 60.2763355 ], [ 29.6566462, 60.2765452 ], [ 29.6566492, 60.2767522 ], [ 29.6568729, 60.2771392 ], [ 29.6569099, 60.2772779 ], [ 29.6569084, 60.2777206 ], [ 29.6572146, 60.2781482 ], [ 29.6573389, 60.2782234 ], [ 29.657464, 60.2782173 ], [ 29.65754, 60.2783791 ] ] ] } },
{ "type": "Feature", "properties": { "element_type": "relation", "osmid": 19989679, "intermittent": null, "waterway": null, "source": null, "natural": "water", "gvr:code": null, "image": null, "name": "озеро Балаково", "name:fi": "Keskijärvi", "name:ru": "озеро Балаково", "wikidata": null, "wikipedia": null, "layer": null, "description": null, "landuse": null, "water": "lake", "boat": null, "old_name": "Котлованное озеро", "bridge": null, "highway": null, "fishing": null, "salt": null, "building:part": null, "alt_name:fi": null, "int_name": null, "name:en": null, "tunnel": null, "name:old": null, "type": "multipolygon", "source:name": null, "alt_name": null, "alt_name:ru": null }, "geometry": { "type": "Polygon", "coordinates": [ [ [ 29.6581674, 60.2861104 ], [ 29.6584016, 60.2866939 ], [ 29.6582886, 60.2869638 ], [ 29.6584484, 60.2870673 ], [ 29.6585292, 60.287234 ], [ 29.6586028, 60.2875189 ], [ 29.6586918, 60.2876294 ], [ 29.65916, 60.2880196 ], [ 29.6598802, 60.2885646 ], [ 29.6597414, 60.2889518 ], [ 29.6592476, 60.2893271 ], [ 29.658861, 60.2899155 ], [ 29.6591173, 60.2902186 ], [ 29.6593206, 60.2903071 ], [ 29.659338, 60.2902793 ], [ 29.6592811, 60.2901889 ], [ 29.6592853, 60.2901385 ], [ 29.659353, 60.2901385 ], [ 29.6595393, 60.2902036 ], [ 29.6597383, 60.29034 ], [ 29.6598314, 60.2903526 ], [ 29.6598865, 60.2904134 ], [ 29.6600092, 60.2904722 ], [ 29.6602379, 60.2905582 ], [ 29.6604199, 60.2905876 ], [ 29.6605407, 60.2906338 ], [ 29.6604633, 60.2906494 ], [ 29.6602702, 60.2906225 ], [ 29.6602421, 60.290598 ], [ 29.6601447, 60.2905855 ], [ 29.660077, 60.2905918 ], [ 29.6599173, 60.2905551 ], [ 29.6595924, 60.2904247 ], [ 29.6593977, 60.2902951 ], [ 29.6594013, 60.2903384 ], [ 29.6594918, 60.2903775 ], [ 29.6595025, 60.29042 ], [ 29.6596071, 60.2904865 ], [ 29.6597734, 60.2905609 ], [ 29.6599156, 60.2906048 ], [ 29.6602911, 60.2906753 ], [ 29.6606237, 60.2906872 ], [ 29.6608517, 60.2906753 ], [ 29.661262, 60.2906965 ], [ 29.6616563, 60.2906553 ], [ 29.6618199, 60.2906527 ], [ 29.6619755, 60.2906699 ], [ 29.6625468, 60.2907311 ], [ 29.6627399, 60.2907138 ], [ 29.6630833, 60.2907244 ], [ 29.6632683, 60.2907125 ], [ 29.6638128, 60.2906208 ], [ 29.6639496, 60.2905636 ], [ 29.6640328, 60.2904812 ], [ 29.6643385, 60.290319 ], [ 29.664537, 60.2902725 ], [ 29.6646789, 60.2902767 ], [ 29.6648093, 60.2897398 ], [ 29.6650598, 60.2895136 ], [ 29.6653709, 60.2892159 ], [ 29.6654005, 60.2889997 ], [ 29.6652501, 60.2887938 ], [ 29.6660147, 60.2883544 ], [ 29.6658645, 60.2880354 ], [ 29.6648023, 60.2876419 ], [ 29.6642806, 60.2873256 ], [ 29.6638472, 60.2871413 ], [ 29.6633737, 60.2870796 ], [ 29.6631398, 60.286935 ], [ 29.6627734, 60.2868973 ], [ 29.6623016, 60.2866097 ], [ 29.6618836, 60.2864254 ], [ 29.6615861, 60.2863054 ], [ 29.6612331, 60.286284 ], [ 29.6609934, 60.2861019 ], [ 29.6604284, 60.2862228 ], [ 29.660333, 60.286167 ], [ 29.6603584, 60.2860893 ], [ 29.6601128, 60.2860033 ], [ 29.6599393, 60.2859802 ], [ 29.6597318, 60.2860935 ], [ 29.6595413, 60.2860431 ], [ 29.6594143, 60.285913 ], [ 29.6591084, 60.2859484 ], [ 29.658984, 60.2859103 ], [ 29.6589835, 60.2859486 ], [ 29.6591725, 60.2860244 ], [ 29.6592915, 60.2860306 ], [ 29.6593847, 60.2860956 ], [ 29.6592729, 60.2862236 ], [ 29.6588047, 60.2863705 ], [ 29.6585829, 60.2865487 ], [ 29.6584533, 60.2864712 ], [ 29.6582924, 60.2862257 ], [ 29.6582713, 60.2861313 ], [ 29.6581674, 60.2861104 ] ] ] } },
{ "type": "Feature", "properties": { "element_type": "relation", "osmid": 19989683, "intermittent": null, "waterway": null, "source": null, "natural": "water", "gvr:code": null, "image": null, "name": null, "name:fi": null, "name:ru": null, "wikidata": null, "wikipedia": null, "layer": null, "description": null, "landuse": null, "water": "river", "boat": null, "old_name": null, "bridge": null, "highway": null, "fishing": null, "salt": null, "building:part": null, "alt_name:fi": null, "int_name": null, "name:en": null, "tunnel": null, "name:old": null, "type": "multipolygon", "source:name": null, "alt_name": null, "alt_name:ru": null }, "geometry": { "type": "Polygon", "coordinates": [ [ [ 29.6469592, 60.2604069 ], [ 29.6472378, 60.2605409 ], [ 29.6473575, 60.2604037 ], [ 29.6474684, 60.2603769 ], [ 29.6477387, 60.2604251 ], [ 29.6479234, 60.2604263 ], [ 29.6480307, 60.260401 ], [ 29.6480551, 60.2603711 ], [ 29.6481909, 60.2603538 ], [ 29.6486487, 60.2601429 ], [ 29.6488289, 60.2598787 ], [ 29.6490482, 60.2595173 ], [ 29.6492665, 60.259052 ], [ 29.6492001, 60.2588536 ], [ 29.649291, 60.258647 ], [ 29.6493301, 60.2584099 ], [ 29.6493074, 60.2583173 ], [ 29.6493798, 60.2582295 ], [ 29.6494442, 60.2581776 ], [ 29.649345, 60.2580938 ], [ 29.649343, 60.2579544 ], [ 29.6492819, 60.2579541 ], [ 29.6492806, 60.257992 ], [ 29.6492565, 60.2580499 ], [ 29.6491609, 60.2581517 ], [ 29.649103, 60.2585226 ], [ 29.6490338, 60.2586433 ], [ 29.6488301, 60.2587103 ], [ 29.648779, 60.2587591 ], [ 29.6488054, 60.2588594 ], [ 29.6487093, 60.2590891 ], [ 29.6487877, 60.2592947 ], [ 29.6486308, 60.2595017 ], [ 29.6485077, 60.2595911 ], [ 29.6483902, 60.2598748 ], [ 29.6481866, 60.2600457 ], [ 29.6480341, 60.2601076 ], [ 29.6476915, 60.2602022 ], [ 29.647505, 60.2601815 ], [ 29.647336, 60.2602054 ], [ 29.6472663, 60.2601136 ], [ 29.6471903, 60.260117 ], [ 29.6472677, 60.2602301 ], [ 29.6469592, 60.2604069 ] ] ] } },
{ "type": "Feature", "properties": { "element_type": "relation", "osmid": 20003378, "intermittent": null, "waterway": null, "source": null, "natural": "water", "gvr:code": null, "image": null, "name": null, "name:fi": null, "name:ru": null, "wikidata": null, "wikipedia": null, "layer": null, "description": "пожарный водоём", "landuse": null, "water": "basin", "boat": null, "old_name": null, "bridge": null, "highway": null, "fishing": null, "salt": null, "building:part": null, "alt_name:fi": null, "int_name": null, "name:en": null, "tunnel": null, "name:old": null, "type": "multipolygon", "source:name": null, "alt_name": null, "alt_name:ru": null }, "geometry": { "type": "Polygon", "coordinates": [ [ [ 29.5836118, 60.2567616 ], [ 29.5837284, 60.2568305 ], [ 29.5837887, 60.2568312 ], [ 29.5838537, 60.256816 ], [ 29.583889, 60.2567938 ], [ 29.5838919, 60.256756 ], [ 29.5838702, 60.2566706 ], [ 29.5838498, 60.2566577 ], [ 29.583736, 60.2566504 ], [ 29.5836445, 60.2566673 ], [ 29.5835765, 60.2567015 ], [ 29.5835344, 60.2567016 ], [ 29.5835498, 60.2567138 ], [ 29.5835673, 60.2567286 ], [ 29.5836118, 60.2567616 ] ] ] } }
]
}
