"period";"value";"obs_status";"source";"ref_area";"freq";"unit_measure";"unit_mult"
"2019-01-01";13;"A";"Данные СберИндекса";"Орловская область";"Месяц";"% г/г";"0"
"2019-02-01";10;"A";"Данные СберИндекса";"Орловская область";"Месяц";"% г/г";"0"
"2019-03-01";10;"A";"Данные СберИндекса";"Орловская область";"Месяц";"% г/г";"0"
"2019-04-01";6;"A";"Данные СберИндекса";"Орловская область";"Месяц";"% г/г";"0"
"2019-05-01";17;"A";"Данные СберИндекса";"Орловская область";"Месяц";"% г/г";"0"
"2019-06-01";0;"A";"Данные СберИндекса";"Орловская область";"Месяц";"% г/г";"0"
"2019-07-01";10;"A";"Данные СберИндекса";"Орловская область";"Месяц";"% г/г";"0"
"2019-08-01";1;"A";"Данные СберИндекса";"Орловская область";"Месяц";"% г/г";"0"
"2019-09-01";19;"A";"Данные СберИндекса";"Орловская область";"Месяц";"% г/г";"0"
"2019-10-01";13;"A";"Данные СберИндекса";"Орловская область";"Месяц";"% г/г";"0"
"2019-11-01";8;"A";"Данные СберИндекса";"Орловская область";"Месяц";"% г/г";"0"
"2019-12-01";7;"A";"Данные СберИндекса";"Орловская область";"Месяц";"% г/г";"0"
"2020-01-01";11;"A";"Данные СберИндекса";"Орловская область";"Месяц";"% г/г";"0"
"2020-02-01";25;"A";"Данные СберИндекса";"Орловская область";"Месяц";"% г/г";"0"
"2020-03-01";21;"A";"Данные СберИндекса";"Орловская область";"Месяц";"% г/г";"0"
"2020-04-01";-36;"A";"Данные СберИндекса";"Орловская область";"Месяц";"% г/г";"0"
"2020-05-01";-43;"A";"Данные СберИндекса";"Орловская область";"Месяц";"% г/г";"0"
"2020-06-01";9;"A";"Данные СберИндекса";"Орловская область";"Месяц";"% г/г";"0"
"2020-07-01";4;"A";"Данные СберИндекса";"Орловская область";"Месяц";"% г/г";"0"
"2020-08-01";18;"A";"Данные СберИндекса";"Орловская область";"Месяц";"% г/г";"0"
"2020-09-01";4;"A";"Данные СберИндекса";"Орловская область";"Месяц";"% г/г";"0"
"2020-10-01";-4;"A";"Данные СберИндекса";"Орловская область";"Месяц";"% г/г";"0"
"2020-11-01";-20;"A";"Данные СберИндекса";"Орловская область";"Месяц";"% г/г";"0"
"2020-12-01";-9;"A";"Данные СберИндекса";"Орловская область";"Месяц";"% г/г";"0"
"2021-01-01";-8;"A";"Данные СберИндекса";"Орловская область";"Месяц";"% г/г";"0"
"2021-02-01";-20;"A";"Данные СберИндекса";"Орловская область";"Месяц";"% г/г";"0"
"2021-03-01";0;"A";"Данные СберИндекса";"Орловская область";"Месяц";"% г/г";"0"
"2021-04-01";85;"A";"Данные СберИндекса";"Орловская область";"Месяц";"% г/г";"0"
"2021-05-01";121;"A";"Данные СберИндекса";"Орловская область";"Месяц";"% г/г";"0"
"2021-06-01";24;"A";"Данные СберИндекса";"Орловская область";"Месяц";"% г/г";"0"
"2021-07-01";10;"A";"Данные СберИндекса";"Орловская область";"Месяц";"% г/г";"0"
"2021-08-01";4;"A";"Данные СберИндекса";"Орловская область";"Месяц";"% г/г";"0"
"2021-09-01";-2;"A";"Данные СберИндекса";"Орловская область";"Месяц";"% г/г";"0"
"2021-10-01";13;"A";"Данные СберИндекса";"Орловская область";"Месяц";"% г/г";"0"
"2021-11-01";60;"A";"Данные СберИндекса";"Орловская область";"Месяц";"% г/г";"0"
"2021-12-01";43;"A";"Данные СберИндекса";"Орловская область";"Месяц";"% г/г";"0"
"2022-01-01";48;"A";"Данные СберИндекса";"Орловская область";"Месяц";"% г/г";"0"
"2022-02-01";24;"A";"Данные СберИндекса";"Орловская область";"Месяц";"% г/г";"0"
"2022-03-01";9;"A";"Данные СберИндекса";"Орловская область";"Месяц";"% г/г";"0"
"2022-04-01";25;"A";"Данные СберИндекса";"Орловская область";"Месяц";"% г/г";"0"
"2019-01-01";9;"A";"Данные СберИндекса";"Удмуртская Республика";"Месяц";"% г/г";"0"
"2019-02-01";11;"A";"Данные СберИндекса";"Удмуртская Республика";"Месяц";"% г/г";"0"
"2019-03-01";13;"A";"Данные СберИндекса";"Удмуртская Республика";"Месяц";"% г/г";"0"
"2019-04-01";15;"A";"Данные СберИндекса";"Удмуртская Республика";"Месяц";"% г/г";"0"
"2019-05-01";21;"A";"Данные СберИндекса";"Удмуртская Республика";"Месяц";"% г/г";"0"
"2019-06-01";9;"A";"Данные СберИндекса";"Удмуртская Республика";"Месяц";"% г/г";"0"
"2019-07-01";17;"A";"Данные СберИндекса";"Удмуртская Республика";"Месяц";"% г/г";"0"
"2019-08-01";5;"A";"Данные СберИндекса";"Удмуртская Республика";"Месяц";"% г/г";"0"
"2019-09-01";24;"A";"Данные СберИндекса";"Удмуртская Республика";"Месяц";"% г/г";"0"
"2019-10-01";20;"A";"Данные СберИндекса";"Удмуртская Республика";"Месяц";"% г/г";"0"
"2019-11-01";21;"A";"Данные СберИндекса";"Удмуртская Республика";"Месяц";"% г/г";"0"
"2019-12-01";11;"A";"Данные СберИндекса";"Удмуртская Республика";"Месяц";"% г/г";"0"
"2020-01-01";11;"A";"Данные СберИндекса";"Удмуртская Республика";"Месяц";"% г/г";"0"
"2020-02-01";17;"A";"Данные СберИндекса";"Удмуртская Республика";"Месяц";"% г/г";"0"
"2020-03-01";6;"A";"Данные СберИндекса";"Удмуртская Республика";"Месяц";"% г/г";"0"
"2020-04-01";-54;"A";"Данные СберИндекса";"Удмуртская Республика";"Месяц";"% г/г";"0"
"2020-05-01";-52;"A";"Данные СберИндекса";"Удмуртская Республика";"Месяц";"% г/г";"0"
"2020-06-01";-19;"A";"Данные СберИндекса";"Удмуртская Республика";"Месяц";"% г/г";"0"
"2020-07-01";-8;"A";"Данные СберИндекса";"Удмуртская Республика";"Месяц";"% г/г";"0"
"2020-08-01";17;"A";"Данные СберИндекса";"Удмуртская Республика";"Месяц";"% г/г";"0"
"2020-09-01";-1;"A";"Данные СберИндекса";"Удмуртская Республика";"Месяц";"% г/г";"0"
"2020-10-01";-26;"A";"Данные СберИндекса";"Удмуртская Республика";"Месяц";"% г/г";"0"
"2020-11-01";-35;"A";"Данные СберИндекса";"Удмуртская Республика";"Месяц";"% г/г";"0"
"2020-12-01";-23;"A";"Данные СберИндекса";"Удмуртская Республика";"Месяц";"% г/г";"0"
"2021-01-01";-6;"A";"Данные СберИндекса";"Удмуртская Республика";"Месяц";"% г/г";"0"
"2021-02-01";-12;"A";"Данные СберИндекса";"Удмуртская Республика";"Месяц";"% г/г";"0"
"2021-03-01";14;"A";"Данные СберИндекса";"Удмуртская Республика";"Месяц";"% г/г";"0"
"2021-04-01";158;"A";"Данные СберИндекса";"Удмуртская Республика";"Месяц";"% г/г";"0"
"2021-05-01";164;"A";"Данные СберИндекса";"Удмуртская Республика";"Месяц";"% г/г";"0"
"2021-06-01";65;"A";"Данные СберИндекса";"Удмуртская Республика";"Месяц";"% г/г";"0"
"2021-07-01";22;"A";"Данные СберИндекса";"Удмуртская Республика";"Месяц";"% г/г";"0"
"2021-08-01";3;"A";"Данные СберИндекса";"Удмуртская Республика";"Месяц";"% г/г";"0"
"2021-09-01";-5;"A";"Данные СберИндекса";"Удмуртская Республика";"Месяц";"% г/г";"0"
"2021-10-01";32;"A";"Данные СберИндекса";"Удмуртская Республика";"Месяц";"% г/г";"0"
"2021-11-01";54;"A";"Данные СберИндекса";"Удмуртская Республика";"Месяц";"% г/г";"0"
"2021-12-01";46;"A";"Данные СберИндекса";"Удмуртская Республика";"Месяц";"% г/г";"0"
"2022-01-01";42;"A";"Данные СберИндекса";"Удмуртская Республика";"Месяц";"% г/г";"0"
"2022-02-01";7;"A";"Данные СберИндекса";"Удмуртская Республика";"Месяц";"% г/г";"0"
"2022-03-01";-3;"A";"Данные СберИндекса";"Удмуртская Республика";"Месяц";"% г/г";"0"
"2022-04-01";7;"A";"Данные СберИндекса";"Удмуртская Республика";"Месяц";"% г/г";"0"
"2019-01-01";8;"A";"Данные СберИндекса";"Тульская область";"Месяц";"% г/г";"0"
"2019-02-01";8;"A";"Данные СберИндекса";"Тульская область";"Месяц";"% г/г";"0"
"2019-03-01";11;"A";"Данные СберИндекса";"Тульская область";"Месяц";"% г/г";"0"
"2019-04-01";17;"A";"Данные СберИндекса";"Тульская область";"Месяц";"% г/г";"0"
"2019-05-01";27;"A";"Данные СберИндекса";"Тульская область";"Месяц";"% г/г";"0"
"2019-06-01";16;"A";"Данные СберИндекса";"Тульская область";"Месяц";"% г/г";"0"
"2019-07-01";24;"A";"Данные СберИндекса";"Тульская область";"Месяц";"% г/г";"0"
"2019-08-01";15;"A";"Данные СберИндекса";"Тульская область";"Месяц";"% г/г";"0"
"2019-09-01";20;"A";"Данные СберИндекса";"Тульская область";"Месяц";"% г/г";"0"
"2019-10-01";13;"A";"Данные СберИндекса";"Тульская область";"Месяц";"% г/г";"0"
"2019-11-01";19;"A";"Данные СберИндекса";"Тульская область";"Месяц";"% г/г";"0"
"2019-12-01";14;"A";"Данные СберИндекса";"Тульская область";"Месяц";"% г/г";"0"
"2020-01-01";16;"A";"Данные СберИндекса";"Тульская область";"Месяц";"% г/г";"0"
"2020-02-01";18;"A";"Данные СберИндекса";"Тульская область";"Месяц";"% г/г";"0"
"2020-03-01";19;"A";"Данные СберИндекса";"Тульская область";"Месяц";"% г/г";"0"
"2020-04-01";-17;"A";"Данные СберИндекса";"Тульская область";"Месяц";"% г/г";"0"
"2020-05-01";-28;"A";"Данные СберИндекса";"Тульская область";"Месяц";"% г/г";"0"
"2020-06-01";20;"A";"Данные СберИндекса";"Тульская область";"Месяц";"% г/г";"0"
"2020-07-01";22;"A";"Данные СберИндекса";"Тульская область";"Месяц";"% г/г";"0"
"2020-08-01";40;"A";"Данные СберИндекса";"Тульская область";"Месяц";"% г/г";"0"
"2020-09-01";21;"A";"Данные СберИндекса";"Тульская область";"Месяц";"% г/г";"0"
"2020-10-01";32;"A";"Данные СберИндекса";"Тульская область";"Месяц";"% г/г";"0"
"2020-11-01";8;"A";"Данные СберИндекса";"Тульская область";"Месяц";"% г/г";"0"
"2020-12-01";10;"A";"Данные СберИндекса";"Тульская область";"Месяц";"% г/г";"0"
"2021-01-01";5;"A";"Данные СберИндекса";"Тульская область";"Месяц";"% г/г";"0"
"2021-02-01";-9;"A";"Данные СберИндекса";"Тульская область";"Месяц";"% г/г";"0"
"2021-03-01";12;"A";"Данные СберИндекса";"Тульская область";"Месяц";"% г/г";"0"
"2021-04-01";68;"A";"Данные СберИндекса";"Тульская область";"Месяц";"% г/г";"0"
"2021-05-01";112;"A";"Данные СберИндекса";"Тульская область";"Месяц";"% г/г";"0"
"2021-06-01";35;"A";"Данные СберИндекса";"Тульская область";"Месяц";"% г/г";"0"
"2021-07-01";14;"A";"Данные СберИндекса";"Тульская область";"Месяц";"% г/г";"0"
"2021-08-01";-1;"A";"Данные СберИндекса";"Тульская область";"Месяц";"% г/г";"0"
"2021-09-01";-13;"A";"Данные СберИндекса";"Тульская область";"Месяц";"% г/г";"0"
"2021-10-01";-8;"A";"Данные СберИндекса";"Тульская область";"Месяц";"% г/г";"0"
"2021-11-01";23;"A";"Данные СберИндекса";"Тульская область";"Месяц";"% г/г";"0"
"2021-12-01";16;"A";"Данные СберИндекса";"Тульская область";"Месяц";"% г/г";"0"
"2022-01-01";34;"A";"Данные СберИндекса";"Тульская область";"Месяц";"% г/г";"0"
"2022-02-01";28;"A";"Данные СберИндекса";"Тульская область";"Месяц";"% г/г";"0"
"2022-03-01";9;"A";"Данные СберИндекса";"Тульская область";"Месяц";"% г/г";"0"
"2022-04-01";21;"A";"Данные СберИндекса";"Тульская область";"Месяц";"% г/г";"0"
"2019-01-01";14;"A";"Данные СберИндекса";"Республика Северная Осетия — Алания";"Месяц";"% г/г";"0"
"2019-02-01";42;"A";"Данные СберИндекса";"Республика Северная Осетия — Алания";"Месяц";"% г/г";"0"
"2019-03-01";47;"A";"Данные СберИндекса";"Республика Северная Осетия — Алания";"Месяц";"% г/г";"0"
"2019-04-01";51;"A";"Данные СберИндекса";"Республика Северная Осетия — Алания";"Месяц";"% г/г";"0"
"2019-05-01";61;"A";"Данные СберИндекса";"Республика Северная Осетия — Алания";"Месяц";"% г/г";"0"
"2019-06-01";46;"A";"Данные СберИндекса";"Республика Северная Осетия — Алания";"Месяц";"% г/г";"0"
"2019-07-01";26;"A";"Данные СберИндекса";"Республика Северная Осетия — Алания";"Месяц";"% г/г";"0"
"2019-08-01";20;"A";"Данные СберИндекса";"Республика Северная Осетия — Алания";"Месяц";"% г/г";"0"
"2019-09-01";37;"A";"Данные СберИндекса";"Республика Северная Осетия — Алания";"Месяц";"% г/г";"0"
"2019-10-01";45;"A";"Данные СберИндекса";"Республика Северная Осетия — Алания";"Месяц";"% г/г";"0"
"2019-11-01";55;"A";"Данные СберИндекса";"Республика Северная Осетия — Алания";"Месяц";"% г/г";"0"
"2019-12-01";67;"A";"Данные СберИндекса";"Республика Северная Осетия — Алания";"Месяц";"% г/г";"0"
"2020-01-01";52;"A";"Данные СберИндекса";"Республика Северная Осетия — Алания";"Месяц";"% г/г";"0"
"2020-02-01";27;"A";"Данные СберИндекса";"Республика Северная Осетия — Алания";"Месяц";"% г/г";"0"
"2020-03-01";13;"A";"Данные СберИндекса";"Республика Северная Осетия — Алания";"Месяц";"% г/г";"0"
"2020-04-01";-62;"A";"Данные СберИндекса";"Республика Северная Осетия — Алания";"Месяц";"% г/г";"0"
"2020-05-01";-63;"A";"Данные СберИндекса";"Республика Северная Осетия — Алания";"Месяц";"% г/г";"0"
"2020-06-01";-31;"A";"Данные СберИндекса";"Республика Северная Осетия — Алания";"Месяц";"% г/г";"0"
"2020-07-01";-23;"A";"Данные СберИндекса";"Республика Северная Осетия — Алания";"Месяц";"% г/г";"0"
"2020-08-01";-15;"A";"Данные СберИндекса";"Республика Северная Осетия — Алания";"Месяц";"% г/г";"0"
"2020-09-01";5;"A";"Данные СберИндекса";"Республика Северная Осетия — Алания";"Месяц";"% г/г";"0"
"2020-10-01";-10;"A";"Данные СберИндекса";"Республика Северная Осетия — Алания";"Месяц";"% г/г";"0"
"2020-11-01";-22;"A";"Данные СберИндекса";"Республика Северная Осетия — Алания";"Месяц";"% г/г";"0"
"2020-12-01";-14;"A";"Данные СберИндекса";"Республика Северная Осетия — Алания";"Месяц";"% г/г";"0"
"2021-01-01";-7;"A";"Данные СберИндекса";"Республика Северная Осетия — Алания";"Месяц";"% г/г";"0"
"2021-02-01";-8;"A";"Данные СберИндекса";"Республика Северная Осетия — Алания";"Месяц";"% г/г";"0"
"2021-03-01";63;"A";"Данные СберИндекса";"Республика Северная Осетия — Алания";"Месяц";"% г/г";"0"
"2021-04-01";276;"A";"Данные СберИндекса";"Республика Северная Осетия — Алания";"Месяц";"% г/г";"0"
"2021-05-01";295;"A";"Данные СберИндекса";"Республика Северная Осетия — Алания";"Месяц";"% г/г";"0"
"2021-06-01";122;"A";"Данные СберИндекса";"Республика Северная Осетия — Алания";"Месяц";"% г/г";"0"
"2021-07-01";66;"A";"Данные СберИндекса";"Республика Северная Осетия — Алания";"Месяц";"% г/г";"0"
"2021-08-01";60;"A";"Данные СберИндекса";"Республика Северная Осетия — Алания";"Месяц";"% г/г";"0"
"2021-09-01";15;"A";"Данные СберИндекса";"Республика Северная Осетия — Алания";"Месяц";"% г/г";"0"
"2021-10-01";46;"A";"Данные СберИндекса";"Республика Северная Осетия — Алания";"Месяц";"% г/г";"0"
"2021-11-01";96;"A";"Данные СберИндекса";"Республика Северная Осетия — Алания";"Месяц";"% г/г";"0"
"2021-12-01";104;"A";"Данные СберИндекса";"Республика Северная Осетия — Алания";"Месяц";"% г/г";"0"
"2022-01-01";64;"A";"Данные СберИндекса";"Республика Северная Осетия — Алания";"Месяц";"% г/г";"0"
"2022-02-01";32;"A";"Данные СберИндекса";"Республика Северная Осетия — Алания";"Месяц";"% г/г";"0"
"2022-03-01";-22;"A";"Данные СберИндекса";"Республика Северная Осетия — Алания";"Месяц";"% г/г";"0"
"2022-04-01";22;"A";"Данные СберИндекса";"Республика Северная Осетия — Алания";"Месяц";"% г/г";"0"
"2019-01-01";15;"A";"Данные СберИндекса";"Республика Мордовия";"Месяц";"% г/г";"0"
"2019-02-01";15;"A";"Данные СберИндекса";"Республика Мордовия";"Месяц";"% г/г";"0"
"2019-03-01";27;"A";"Данные СберИндекса";"Республика Мордовия";"Месяц";"% г/г";"0"
"2019-04-01";9;"A";"Данные СберИндекса";"Республика Мордовия";"Месяц";"% г/г";"0"
"2019-05-01";29;"A";"Данные СберИндекса";"Республика Мордовия";"Месяц";"% г/г";"0"
"2019-06-01";-15;"A";"Данные СберИндекса";"Республика Мордовия";"Месяц";"% г/г";"0"
"2019-07-01";20;"A";"Данные СберИндекса";"Республика Мордовия";"Месяц";"% г/г";"0"
"2019-08-01";30;"A";"Данные СберИндекса";"Республика Мордовия";"Месяц";"% г/г";"0"
"2019-09-01";37;"A";"Данные СберИндекса";"Республика Мордовия";"Месяц";"% г/г";"0"
"2019-10-01";22;"A";"Данные СберИндекса";"Республика Мордовия";"Месяц";"% г/г";"0"
"2019-11-01";33;"A";"Данные СберИндекса";"Республика Мордовия";"Месяц";"% г/г";"0"
"2019-12-01";25;"A";"Данные СберИндекса";"Республика Мордовия";"Месяц";"% г/г";"0"
"2020-01-01";26;"A";"Данные СберИндекса";"Республика Мордовия";"Месяц";"% г/г";"0"
"2020-02-01";40;"A";"Данные СберИндекса";"Республика Мордовия";"Месяц";"% г/г";"0"
"2020-03-01";22;"A";"Данные СберИндекса";"Республика Мордовия";"Месяц";"% г/г";"0"
"2020-04-01";-16;"A";"Данные СберИндекса";"Республика Мордовия";"Месяц";"% г/г";"0"
"2020-05-01";-36;"A";"Данные СберИндекса";"Республика Мордовия";"Месяц";"% г/г";"0"
"2020-06-01";0;"A";"Данные СберИндекса";"Республика Мордовия";"Месяц";"% г/г";"0"
"2020-07-01";10;"A";"Данные СберИндекса";"Республика Мордовия";"Месяц";"% г/г";"0"
"2020-08-01";20;"A";"Данные СберИндекса";"Республика Мордовия";"Месяц";"% г/г";"0"
"2020-09-01";14;"A";"Данные СберИндекса";"Республика Мордовия";"Месяц";"% г/г";"0"
"2020-10-01";11;"A";"Данные СберИндекса";"Республика Мордовия";"Месяц";"% г/г";"0"
"2020-11-01";-8;"A";"Данные СберИндекса";"Республика Мордовия";"Месяц";"% г/г";"0"
"2020-12-01";-5;"A";"Данные СберИндекса";"Республика Мордовия";"Месяц";"% г/г";"0"
"2021-01-01";-3;"A";"Данные СберИндекса";"Республика Мордовия";"Месяц";"% г/г";"0"
"2021-02-01";-13;"A";"Данные СберИндекса";"Республика Мордовия";"Месяц";"% г/г";"0"
"2021-03-01";11;"A";"Данные СберИндекса";"Республика Мордовия";"Месяц";"% г/г";"0"
"2021-04-01";78;"A";"Данные СберИндекса";"Республика Мордовия";"Месяц";"% г/г";"0"
"2021-05-01";138;"A";"Данные СберИндекса";"Республика Мордовия";"Месяц";"% г/г";"0"
"2021-06-01";44;"A";"Данные СберИндекса";"Республика Мордовия";"Месяц";"% г/г";"0"
"2021-07-01";19;"A";"Данные СберИндекса";"Республика Мордовия";"Месяц";"% г/г";"0"
"2021-08-01";4;"A";"Данные СберИндекса";"Республика Мордовия";"Месяц";"% г/г";"0"
"2021-09-01";-15;"A";"Данные СберИндекса";"Республика Мордовия";"Месяц";"% г/г";"0"
"2021-10-01";7;"A";"Данные СберИндекса";"Республика Мордовия";"Месяц";"% г/г";"0"
"2021-11-01";50;"A";"Данные СберИндекса";"Республика Мордовия";"Месяц";"% г/г";"0"
"2021-12-01";43;"A";"Данные СберИндекса";"Республика Мордовия";"Месяц";"% г/г";"0"
"2022-01-01";56;"A";"Данные СберИндекса";"Республика Мордовия";"Месяц";"% г/г";"0"
"2022-02-01";33;"A";"Данные СберИндекса";"Республика Мордовия";"Месяц";"% г/г";"0"
"2022-03-01";13;"A";"Данные СберИндекса";"Республика Мордовия";"Месяц";"% г/г";"0"
"2022-04-01";32;"A";"Данные СберИндекса";"Республика Мордовия";"Месяц";"% г/г";"0"
"2019-01-01";1;"A";"Данные СберИндекса";"Архангельская область";"Месяц";"% г/г";"0"
"2019-02-01";11;"A";"Данные СберИндекса";"Архангельская область";"Месяц";"% г/г";"0"
"2019-03-01";13;"A";"Данные СберИндекса";"Архангельская область";"Месяц";"% г/г";"0"
"2019-04-01";25;"A";"Данные СберИндекса";"Архангельская область";"Месяц";"% г/г";"0"
"2019-05-01";15;"A";"Данные СберИндекса";"Архангельская область";"Месяц";"% г/г";"0"
"2019-06-01";7;"A";"Данные СберИндекса";"Архангельская область";"Месяц";"% г/г";"0"
"2019-07-01";7;"A";"Данные СберИндекса";"Архангельская область";"Месяц";"% г/г";"0"
"2019-08-01";0;"A";"Данные СберИндекса";"Архангельская область";"Месяц";"% г/г";"0"
"2019-09-01";20;"A";"Данные СберИндекса";"Архангельская область";"Месяц";"% г/г";"0"
"2019-10-01";15;"A";"Данные СберИндекса";"Архангельская область";"Месяц";"% г/г";"0"
"2019-11-01";12;"A";"Данные СберИндекса";"Архангельская область";"Месяц";"% г/г";"0"
"2019-12-01";17;"A";"Данные СберИндекса";"Архангельская область";"Месяц";"% г/г";"0"
"2020-01-01";8;"A";"Данные СберИндекса";"Архангельская область";"Месяц";"% г/г";"0"
"2020-02-01";13;"A";"Данные СберИндекса";"Архангельская область";"Месяц";"% г/г";"0"
"2020-03-01";14;"A";"Данные СберИндекса";"Архангельская область";"Месяц";"% г/г";"0"
"2020-04-01";-50;"A";"Данные СберИндекса";"Архангельская область";"Месяц";"% г/г";"0"
"2020-05-01";-48;"A";"Данные СберИндекса";"Архангельская область";"Месяц";"% г/г";"0"
"2020-06-01";-21;"A";"Данные СберИндекса";"Архангельская область";"Месяц";"% г/г";"0"
"2020-07-01";-18;"A";"Данные СберИндекса";"Архангельская область";"Месяц";"% г/г";"0"
"2020-08-01";4;"A";"Данные СберИндекса";"Архангельская область";"Месяц";"% г/г";"0"
"2020-09-01";-1;"A";"Данные СберИндекса";"Архангельская область";"Месяц";"% г/г";"0"
"2020-10-01";-22;"A";"Данные СберИндекса";"Архангельская область";"Месяц";"% г/г";"0"
"2020-11-01";-32;"A";"Данные СберИндекса";"Архангельская область";"Месяц";"% г/г";"0"
"2020-12-01";-31;"A";"Данные СберИндекса";"Архангельская область";"Месяц";"% г/г";"0"
"2021-01-01";-6;"A";"Данные СберИндекса";"Архангельская область";"Месяц";"% г/г";"0"
"2021-02-01";-7;"A";"Данные СберИндекса";"Архангельская область";"Месяц";"% г/г";"0"
"2021-03-01";9;"A";"Данные СберИндекса";"Архангельская область";"Месяц";"% г/г";"0"
"2021-04-01";132;"A";"Данные СберИндекса";"Архангельская область";"Месяц";"% г/г";"0"
"2021-05-01";145;"A";"Данные СберИндекса";"Архангельская область";"Месяц";"% г/г";"0"
"2021-06-01";61;"A";"Данные СберИндекса";"Архангельская область";"Месяц";"% г/г";"0"
"2021-07-01";37;"A";"Данные СберИндекса";"Архангельская область";"Месяц";"% г/г";"0"
"2021-08-01";16;"A";"Данные СберИндекса";"Архангельская область";"Месяц";"% г/г";"0"
"2021-09-01";18;"A";"Данные СберИндекса";"Архангельская область";"Месяц";"% г/г";"0"
"2021-10-01";47;"A";"Данные СберИндекса";"Архангельская область";"Месяц";"% г/г";"0"
"2021-11-01";94;"A";"Данные СберИндекса";"Архангельская область";"Месяц";"% г/г";"0"
"2021-12-01";86;"A";"Данные СберИндекса";"Архангельская область";"Месяц";"% г/г";"0"
"2022-01-01";56;"A";"Данные СберИндекса";"Архангельская область";"Месяц";"% г/г";"0"
"2022-02-01";24;"A";"Данные СберИндекса";"Архангельская область";"Месяц";"% г/г";"0"
"2022-03-01";11;"A";"Данные СберИндекса";"Архангельская область";"Месяц";"% г/г";"0"
"2022-04-01";23;"A";"Данные СберИндекса";"Архангельская область";"Месяц";"% г/г";"0"
"2019-01-01";42;"A";"Данные СберИндекса";"Амурская область";"Месяц";"% г/г";"0"
"2019-02-01";35;"A";"Данные СберИндекса";"Амурская область";"Месяц";"% г/г";"0"
"2019-03-01";27;"A";"Данные СберИндекса";"Амурская область";"Месяц";"% г/г";"0"
"2019-04-01";22;"A";"Данные СберИндекса";"Амурская область";"Месяц";"% г/г";"0"
"2019-05-01";17;"A";"Данные СберИндекса";"Амурская область";"Месяц";"% г/г";"0"
"2019-06-01";29;"A";"Данные СберИндекса";"Амурская область";"Месяц";"% г/г";"0"
"2019-07-01";15;"A";"Данные СберИндекса";"Амурская область";"Месяц";"% г/г";"0"
"2019-08-01";10;"A";"Данные СберИндекса";"Амурская область";"Месяц";"% г/г";"0"
"2019-09-01";18;"A";"Данные СберИндекса";"Амурская область";"Месяц";"% г/г";"0"
"2019-10-01";26;"A";"Данные СберИндекса";"Амурская область";"Месяц";"% г/г";"0"
"2019-11-01";0;"A";"Данные СберИндекса";"Амурская область";"Месяц";"% г/г";"0"
"2019-12-01";-16;"A";"Данные СберИндекса";"Амурская область";"Месяц";"% г/г";"0"
"2020-01-01";-13;"A";"Данные СберИндекса";"Амурская область";"Месяц";"% г/г";"0"
"2020-02-01";-14;"A";"Данные СберИндекса";"Амурская область";"Месяц";"% г/г";"0"
"2020-03-01";0;"A";"Данные СберИндекса";"Амурская область";"Месяц";"% г/г";"0"
"2020-04-01";-42;"A";"Данные СберИндекса";"Амурская область";"Месяц";"% г/г";"0"
"2020-05-01";-43;"A";"Данные СберИндекса";"Амурская область";"Месяц";"% г/г";"0"
"2020-06-01";-30;"A";"Данные СберИндекса";"Амурская область";"Месяц";"% г/г";"0"
"2020-07-01";-12;"A";"Данные СберИндекса";"Амурская область";"Месяц";"% г/г";"0"
"2020-08-01";6;"A";"Данные СберИндекса";"Амурская область";"Месяц";"% г/г";"0"
"2020-09-01";16;"A";"Данные СберИндекса";"Амурская область";"Месяц";"% г/г";"0"
"2020-10-01";-5;"A";"Данные СберИндекса";"Амурская область";"Месяц";"% г/г";"0"
"2020-11-01";-7;"A";"Данные СберИндекса";"Амурская область";"Месяц";"% г/г";"0"
"2020-12-01";-1;"A";"Данные СберИндекса";"Амурская область";"Месяц";"% г/г";"0"
"2021-01-01";-5;"A";"Данные СберИндекса";"Амурская область";"Месяц";"% г/г";"0"
"2021-02-01";16;"A";"Данные СберИндекса";"Амурская область";"Месяц";"% г/г";"0"
"2021-03-01";43;"A";"Данные СберИндекса";"Амурская область";"Месяц";"% г/г";"0"
"2021-04-01";161;"A";"Данные СберИндекса";"Амурская область";"Месяц";"% г/г";"0"
"2021-05-01";172;"A";"Данные СберИндекса";"Амурская область";"Месяц";"% г/г";"0"
"2021-06-01";104;"A";"Данные СберИндекса";"Амурская область";"Месяц";"% г/г";"0"
"2021-07-01";60;"A";"Данные СберИндекса";"Амурская область";"Месяц";"% г/г";"0"
"2021-08-01";42;"A";"Данные СберИндекса";"Амурская область";"Месяц";"% г/г";"0"
"2021-09-01";36;"A";"Данные СберИндекса";"Амурская область";"Месяц";"% г/г";"0"
"2021-10-01";57;"A";"Данные СберИндекса";"Амурская область";"Месяц";"% г/г";"0"
"2021-11-01";73;"A";"Данные СберИндекса";"Амурская область";"Месяц";"% г/г";"0"
"2021-12-01";69;"A";"Данные СберИндекса";"Амурская область";"Месяц";"% г/г";"0"
"2022-01-01";61;"A";"Данные СберИндекса";"Амурская область";"Месяц";"% г/г";"0"
"2022-02-01";42;"A";"Данные СберИндекса";"Амурская область";"Месяц";"% г/г";"0"
"2022-03-01";10;"A";"Данные СберИндекса";"Амурская область";"Месяц";"% г/г";"0"
"2022-04-01";12;"A";"Данные СберИндекса";"Амурская область";"Месяц";"% г/г";"0"
"2019-01-01";24;"A";"Данные СберИндекса";"Ярославская область";"Месяц";"% г/г";"0"
"2019-02-01";36;"A";"Данные СберИндекса";"Ярославская область";"Месяц";"% г/г";"0"
"2019-03-01";28;"A";"Данные СберИндекса";"Ярославская область";"Месяц";"% г/г";"0"
"2019-04-01";26;"A";"Данные СберИндекса";"Ярославская область";"Месяц";"% г/г";"0"
"2019-05-01";42;"A";"Данные СберИндекса";"Ярославская область";"Месяц";"% г/г";"0"
"2019-06-01";11;"A";"Данные СберИндекса";"Ярославская область";"Месяц";"% г/г";"0"
"2019-07-01";16;"A";"Данные СберИндекса";"Ярославская область";"Месяц";"% г/г";"0"
"2019-08-01";3;"A";"Данные СберИндекса";"Ярославская область";"Месяц";"% г/г";"0"
"2019-09-01";19;"A";"Данные СберИндекса";"Ярославская область";"Месяц";"% г/г";"0"
"2019-10-01";9;"A";"Данные СберИндекса";"Ярославская область";"Месяц";"% г/г";"0"
"2019-11-01";7;"A";"Данные СберИндекса";"Ярославская область";"Месяц";"% г/г";"0"
"2019-12-01";2;"A";"Данные СберИндекса";"Ярославская область";"Месяц";"% г/г";"0"
"2020-01-01";5;"A";"Данные СберИндекса";"Ярославская область";"Месяц";"% г/г";"0"
"2020-02-01";9;"A";"Данные СберИндекса";"Ярославская область";"Месяц";"% г/г";"0"
"2020-03-01";0;"A";"Данные СберИндекса";"Ярославская область";"Месяц";"% г/г";"0"
"2020-04-01";-52;"A";"Данные СберИндекса";"Ярославская область";"Месяц";"% г/г";"0"
"2020-05-01";-55;"A";"Данные СберИндекса";"Ярославская область";"Месяц";"% г/г";"0"
"2020-06-01";1;"A";"Данные СберИндекса";"Ярославская область";"Месяц";"% г/г";"0"
"2020-07-01";16;"A";"Данные СберИндекса";"Ярославская область";"Месяц";"% г/г";"0"
"2020-08-01";52;"A";"Данные СберИндекса";"Ярославская область";"Месяц";"% г/г";"0"
"2020-09-01";26;"A";"Данные СберИндекса";"Ярославская область";"Месяц";"% г/г";"0"
"2020-10-01";26;"A";"Данные СберИндекса";"Ярославская область";"Месяц";"% г/г";"0"
"2020-11-01";0;"A";"Данные СберИндекса";"Ярославская область";"Месяц";"% г/г";"0"
"2020-12-01";7;"A";"Данные СберИндекса";"Ярославская область";"Месяц";"% г/г";"0"
"2021-01-01";18;"A";"Данные СберИндекса";"Ярославская область";"Месяц";"% г/г";"0"
"2021-02-01";-2;"A";"Данные СберИндекса";"Ярославская область";"Месяц";"% г/г";"0"
"2021-03-01";28;"A";"Данные СберИндекса";"Ярославская область";"Месяц";"% г/г";"0"
"2021-04-01";183;"A";"Данные СберИндекса";"Ярославская область";"Месяц";"% г/г";"0"
"2021-05-01";231;"A";"Данные СберИндекса";"Ярославская область";"Месяц";"% г/г";"0"
"2021-06-01";74;"A";"Данные СберИндекса";"Ярославская область";"Месяц";"% г/г";"0"
"2021-07-01";30;"A";"Данные СберИндекса";"Ярославская область";"Месяц";"% г/г";"0"
"2021-08-01";4;"A";"Данные СберИндекса";"Ярославская область";"Месяц";"% г/г";"0"
"2021-09-01";-1;"A";"Данные СберИндекса";"Ярославская область";"Месяц";"% г/г";"0"
"2021-10-01";19;"A";"Данные СберИндекса";"Ярославская область";"Месяц";"% г/г";"0"
"2021-11-01";68;"A";"Данные СберИндекса";"Ярославская область";"Месяц";"% г/г";"0"
"2021-12-01";37;"A";"Данные СберИндекса";"Ярославская область";"Месяц";"% г/г";"0"
"2022-01-01";48;"A";"Данные СберИндекса";"Ярославская область";"Месяц";"% г/г";"0"
"2022-02-01";24;"A";"Данные СберИндекса";"Ярославская область";"Месяц";"% г/г";"0"
"2022-03-01";13;"A";"Данные СберИндекса";"Ярославская область";"Месяц";"% г/г";"0"
"2022-04-01";33;"A";"Данные СберИндекса";"Ярославская область";"Месяц";"% г/г";"0"
"2019-01-01";-8;"A";"Данные СберИндекса";"Магаданская область";"Месяц";"% г/г";"0"
"2019-02-01";0;"A";"Данные СберИндекса";"Магаданская область";"Месяц";"% г/г";"0"
"2019-03-01";0;"A";"Данные СберИндекса";"Магаданская область";"Месяц";"% г/г";"0"
"2019-04-01";-5;"A";"Данные СберИндекса";"Магаданская область";"Месяц";"% г/г";"0"
"2019-05-01";-5;"A";"Данные СберИндекса";"Магаданская область";"Месяц";"% г/г";"0"
"2019-06-01";-5;"A";"Данные СберИндекса";"Магаданская область";"Месяц";"% г/г";"0"
"2019-07-01";-5;"A";"Данные СберИндекса";"Магаданская область";"Месяц";"% г/г";"0"
"2019-08-01";-6;"A";"Данные СберИндекса";"Магаданская область";"Месяц";"% г/г";"0"
"2019-09-01";2;"A";"Данные СберИндекса";"Магаданская область";"Месяц";"% г/г";"0"
"2019-10-01";16;"A";"Данные СберИндекса";"Магаданская область";"Месяц";"% г/г";"0"
"2019-11-01";13;"A";"Данные СберИндекса";"Магаданская область";"Месяц";"% г/г";"0"
"2019-12-01";10;"A";"Данные СберИндекса";"Магаданская область";"Месяц";"% г/г";"0"
"2020-01-01";12;"A";"Данные СберИндекса";"Магаданская область";"Месяц";"% г/г";"0"
"2020-02-01";6;"A";"Данные СберИндекса";"Магаданская область";"Месяц";"% г/г";"0"
"2020-03-01";12;"A";"Данные СберИндекса";"Магаданская область";"Месяц";"% г/г";"0"
"2020-04-01";-11;"A";"Данные СберИндекса";"Магаданская область";"Месяц";"% г/г";"0"
"2020-05-01";-5;"A";"Данные СберИндекса";"Магаданская область";"Месяц";"% г/г";"0"
"2020-06-01";-2;"A";"Данные СберИндекса";"Магаданская область";"Месяц";"% г/г";"0"
"2020-07-01";4;"A";"Данные СберИндекса";"Магаданская область";"Месяц";"% г/г";"0"
"2020-08-01";14;"A";"Данные СберИндекса";"Магаданская область";"Месяц";"% г/г";"0"
"2020-09-01";6;"A";"Данные СберИндекса";"Магаданская область";"Месяц";"% г/г";"0"
"2020-10-01";-66;"A";"Данные СберИндекса";"Магаданская область";"Месяц";"% г/г";"0"
"2020-11-01";-66;"A";"Данные СберИндекса";"Магаданская область";"Месяц";"% г/г";"0"
"2020-12-01";-67;"A";"Данные СберИндекса";"Магаданская область";"Месяц";"% г/г";"0"
"2021-01-01";-34;"A";"Данные СберИндекса";"Магаданская область";"Месяц";"% г/г";"0"
"2021-02-01";-28;"A";"Данные СберИндекса";"Магаданская область";"Месяц";"% г/г";"0"
"2021-03-01";-35;"A";"Данные СберИндекса";"Магаданская область";"Месяц";"% г/г";"0"
"2021-04-01";-20;"A";"Данные СберИндекса";"Магаданская область";"Месяц";"% г/г";"0"
"2021-05-01";-26;"A";"Данные СберИндекса";"Магаданская область";"Месяц";"% г/г";"0"
"2021-06-01";-17;"A";"Данные СберИндекса";"Магаданская область";"Месяц";"% г/г";"0"
"2021-07-01";-20;"A";"Данные СберИндекса";"Магаданская область";"Месяц";"% г/г";"0"
"2021-08-01";-23;"A";"Данные СберИндекса";"Магаданская область";"Месяц";"% г/г";"0"
"2021-09-01";-23;"A";"Данные СберИндекса";"Магаданская область";"Месяц";"% г/г";"0"
"2021-10-01";94;"A";"Данные СберИндекса";"Магаданская область";"Месяц";"% г/г";"0"
"2021-11-01";94;"A";"Данные СберИндекса";"Магаданская область";"Месяц";"% г/г";"0"
"2021-12-01";77;"A";"Данные СберИндекса";"Магаданская область";"Месяц";"% г/г";"0"
"2022-01-01";-9;"A";"Данные СберИндекса";"Магаданская область";"Месяц";"% г/г";"0"
"2022-02-01";-32;"A";"Данные СберИндекса";"Магаданская область";"Месяц";"% г/г";"0"
"2022-03-01";-19;"A";"Данные СберИндекса";"Магаданская область";"Месяц";"% г/г";"0"
"2022-04-01";-11;"A";"Данные СберИндекса";"Магаданская область";"Месяц";"% г/г";"0"
"2019-01-01";16;"A";"Данные СберИндекса";"Курганская область";"Месяц";"% г/г";"0"
"2019-02-01";24;"A";"Данные СберИндекса";"Курганская область";"Месяц";"% г/г";"0"
"2019-03-01";31;"A";"Данные СберИндекса";"Курганская область";"Месяц";"% г/г";"0"
"2019-04-01";31;"A";"Данные СберИндекса";"Курганская область";"Месяц";"% г/г";"0"
"2019-05-01";34;"A";"Данные СберИндекса";"Курганская область";"Месяц";"% г/г";"0"
"2019-06-01";23;"A";"Данные СберИндекса";"Курганская область";"Месяц";"% г/г";"0"
"2019-07-01";28;"A";"Данные СберИндекса";"Курганская область";"Месяц";"% г/г";"0"
"2019-08-01";26;"A";"Данные СберИндекса";"Курганская область";"Месяц";"% г/г";"0"
"2019-09-01";31;"A";"Данные СберИндекса";"Курганская область";"Месяц";"% г/г";"0"
"2019-10-01";31;"A";"Данные СберИндекса";"Курганская область";"Месяц";"% г/г";"0"
"2019-11-01";27;"A";"Данные СберИндекса";"Курганская область";"Месяц";"% г/г";"0"
"2019-12-01";31;"A";"Данные СберИндекса";"Курганская область";"Месяц";"% г/г";"0"
"2020-01-01";17;"A";"Данные СберИндекса";"Курганская область";"Месяц";"% г/г";"0"
"2020-02-01";18;"A";"Данные СберИндекса";"Курганская область";"Месяц";"% г/г";"0"
"2020-03-01";4;"A";"Данные СберИндекса";"Курганская область";"Месяц";"% г/г";"0"
"2020-04-01";-32;"A";"Данные СберИндекса";"Курганская область";"Месяц";"% г/г";"0"
"2020-05-01";-39;"A";"Данные СберИндекса";"Курганская область";"Месяц";"% г/г";"0"
"2020-06-01";-21;"A";"Данные СберИндекса";"Курганская область";"Месяц";"% г/г";"0"
"2020-07-01";-22;"A";"Данные СберИндекса";"Курганская область";"Месяц";"% г/г";"0"
"2020-08-01";-10;"A";"Данные СберИндекса";"Курганская область";"Месяц";"% г/г";"0"
"2020-09-01";-8;"A";"Данные СберИндекса";"Курганская область";"Месяц";"% г/г";"0"
"2020-10-01";-38;"A";"Данные СберИндекса";"Курганская область";"Месяц";"% г/г";"0"
"2020-11-01";-41;"A";"Данные СберИндекса";"Курганская область";"Месяц";"% г/г";"0"
"2020-12-01";-42;"A";"Данные СберИндекса";"Курганская область";"Месяц";"% г/г";"0"
"2021-01-01";-21;"A";"Данные СберИндекса";"Курганская область";"Месяц";"% г/г";"0"
"2021-02-01";-21;"A";"Данные СберИндекса";"Курганская область";"Месяц";"% г/г";"0"
"2021-03-01";1;"A";"Данные СберИндекса";"Курганская область";"Месяц";"% г/г";"0"
"2021-04-01";67;"A";"Данные СберИндекса";"Курганская область";"Месяц";"% г/г";"0"
"2021-05-01";83;"A";"Данные СберИндекса";"Курганская область";"Месяц";"% г/г";"0"
"2021-06-01";45;"A";"Данные СберИндекса";"Курганская область";"Месяц";"% г/г";"0"
"2021-07-01";26;"A";"Данные СберИндекса";"Курганская область";"Месяц";"% г/г";"0"
"2021-08-01";19;"A";"Данные СберИндекса";"Курганская область";"Месяц";"% г/г";"0"
"2021-09-01";11;"A";"Данные СберИндекса";"Курганская область";"Месяц";"% г/г";"0"
"2021-10-01";60;"A";"Данные СберИндекса";"Курганская область";"Месяц";"% г/г";"0"
"2021-11-01";75;"A";"Данные СберИндекса";"Курганская область";"Месяц";"% г/г";"0"
"2021-12-01";81;"A";"Данные СберИндекса";"Курганская область";"Месяц";"% г/г";"0"
"2022-01-01";43;"A";"Данные СберИндекса";"Курганская область";"Месяц";"% г/г";"0"
"2022-02-01";24;"A";"Данные СберИндекса";"Курганская область";"Месяц";"% г/г";"0"
"2022-03-01";8;"A";"Данные СберИндекса";"Курганская область";"Месяц";"% г/г";"0"
"2022-04-01";13;"A";"Данные СберИндекса";"Курганская область";"Месяц";"% г/г";"0"
"2019-01-01";11;"A";"Данные СберИндекса";"Челябинская область";"Месяц";"% г/г";"0"
"2019-02-01";11;"A";"Данные СберИндекса";"Челябинская область";"Месяц";"% г/г";"0"
"2019-03-01";10;"A";"Данные СберИндекса";"Челябинская область";"Месяц";"% г/г";"0"
"2019-04-01";10;"A";"Данные СберИндекса";"Челябинская область";"Месяц";"% г/г";"0"
"2019-05-01";15;"A";"Данные СберИндекса";"Челябинская область";"Месяц";"% г/г";"0"
"2019-06-01";4;"A";"Данные СберИндекса";"Челябинская область";"Месяц";"% г/г";"0"
"2019-07-01";9;"A";"Данные СберИндекса";"Челябинская область";"Месяц";"% г/г";"0"
"2019-08-01";7;"A";"Данные СберИндекса";"Челябинская область";"Месяц";"% г/г";"0"
"2019-09-01";16;"A";"Данные СберИндекса";"Челябинская область";"Месяц";"% г/г";"0"
"2019-10-01";14;"A";"Данные СберИндекса";"Челябинская область";"Месяц";"% г/г";"0"
"2019-11-01";6;"A";"Данные СберИндекса";"Челябинская область";"Месяц";"% г/г";"0"
"2019-12-01";4;"A";"Данные СберИндекса";"Челябинская область";"Месяц";"% г/г";"0"
"2020-01-01";11;"A";"Данные СберИндекса";"Челябинская область";"Месяц";"% г/г";"0"
"2020-02-01";16;"A";"Данные СберИндекса";"Челябинская область";"Месяц";"% г/г";"0"
"2020-03-01";5;"A";"Данные СберИндекса";"Челябинская область";"Месяц";"% г/г";"0"
"2020-04-01";-47;"A";"Данные СберИндекса";"Челябинская область";"Месяц";"% г/г";"0"
"2020-05-01";-32;"A";"Данные СберИндекса";"Челябинская область";"Месяц";"% г/г";"0"
"2020-06-01";-1;"A";"Данные СберИндекса";"Челябинская область";"Месяц";"% г/г";"0"
"2020-07-01";-1;"A";"Данные СберИндекса";"Челябинская область";"Месяц";"% г/г";"0"
"2020-08-01";5;"A";"Данные СберИндекса";"Челябинская область";"Месяц";"% г/г";"0"
"2020-09-01";0;"A";"Данные СберИндекса";"Челябинская область";"Месяц";"% г/г";"0"
"2020-10-01";-26;"A";"Данные СберИндекса";"Челябинская область";"Месяц";"% г/г";"0"
"2020-11-01";-30;"A";"Данные СберИндекса";"Челябинская область";"Месяц";"% г/г";"0"
"2020-12-01";-22;"A";"Данные СберИндекса";"Челябинская область";"Месяц";"% г/г";"0"
"2021-01-01";-8;"A";"Данные СберИндекса";"Челябинская область";"Месяц";"% г/г";"0"
"2021-02-01";-10;"A";"Данные СберИндекса";"Челябинская область";"Месяц";"% г/г";"0"
"2021-03-01";13;"A";"Данные СберИндекса";"Челябинская область";"Месяц";"% г/г";"0"
"2021-04-01";119;"A";"Данные СберИндекса";"Челябинская область";"Месяц";"% г/г";"0"
"2021-05-01";93;"A";"Данные СберИндекса";"Челябинская область";"Месяц";"% г/г";"0"
"2021-06-01";43;"A";"Данные СберИндекса";"Челябинская область";"Месяц";"% г/г";"0"
"2021-07-01";22;"A";"Данные СберИндекса";"Челябинская область";"Месяц";"% г/г";"0"
"2021-08-01";24;"A";"Данные СберИндекса";"Челябинская область";"Месяц";"% г/г";"0"
"2021-09-01";10;"A";"Данные СберИндекса";"Челябинская область";"Месяц";"% г/г";"0"
"2021-10-01";54;"A";"Данные СберИндекса";"Челябинская область";"Месяц";"% г/г";"0"
"2021-11-01";76;"A";"Данные СберИндекса";"Челябинская область";"Месяц";"% г/г";"0"
"2021-12-01";58;"A";"Данные СберИндекса";"Челябинская область";"Месяц";"% г/г";"0"
"2022-01-01";39;"A";"Данные СберИндекса";"Челябинская область";"Месяц";"% г/г";"0"
"2022-02-01";22;"A";"Данные СберИндекса";"Челябинская область";"Месяц";"% г/г";"0"
"2022-03-01";4;"A";"Данные СберИндекса";"Челябинская область";"Месяц";"% г/г";"0"
"2022-04-01";13;"A";"Данные СберИндекса";"Челябинская область";"Месяц";"% г/г";"0"
"2019-01-01";39;"A";"Данные СберИндекса";"Республика Адыгея";"Месяц";"% г/г";"0"
"2019-02-01";35;"A";"Данные СберИндекса";"Республика Адыгея";"Месяц";"% г/г";"0"
"2019-03-01";35;"A";"Данные СберИндекса";"Республика Адыгея";"Месяц";"% г/г";"0"
"2019-04-01";33;"A";"Данные СберИндекса";"Республика Адыгея";"Месяц";"% г/г";"0"
"2019-05-01";37;"A";"Данные СберИндекса";"Республика Адыгея";"Месяц";"% г/г";"0"
"2019-06-01";32;"A";"Данные СберИндекса";"Республика Адыгея";"Месяц";"% г/г";"0"
"2019-07-01";34;"A";"Данные СберИндекса";"Республика Адыгея";"Месяц";"% г/г";"0"
"2019-08-01";29;"A";"Данные СберИндекса";"Республика Адыгея";"Месяц";"% г/г";"0"
"2019-09-01";40;"A";"Данные СберИндекса";"Республика Адыгея";"Месяц";"% г/г";"0"
"2019-10-01";41;"A";"Данные СберИндекса";"Республика Адыгея";"Месяц";"% г/г";"0"
"2019-11-01";37;"A";"Данные СберИндекса";"Республика Адыгея";"Месяц";"% г/г";"0"
"2019-12-01";32;"A";"Данные СберИндекса";"Республика Адыгея";"Месяц";"% г/г";"0"
"2020-01-01";25;"A";"Данные СберИндекса";"Республика Адыгея";"Месяц";"% г/г";"0"
"2020-02-01";31;"A";"Данные СберИндекса";"Республика Адыгея";"Месяц";"% г/г";"0"
"2020-03-01";30;"A";"Данные СберИндекса";"Республика Адыгея";"Месяц";"% г/г";"0"
"2020-04-01";-42;"A";"Данные СберИндекса";"Республика Адыгея";"Месяц";"% г/г";"0"
"2020-05-01";-36;"A";"Данные СберИндекса";"Республика Адыгея";"Месяц";"% г/г";"0"
"2020-06-01";-7;"A";"Данные СберИндекса";"Республика Адыгея";"Месяц";"% г/г";"0"
"2020-07-01";21;"A";"Данные СберИндекса";"Республика Адыгея";"Месяц";"% г/г";"0"
"2020-08-01";35;"A";"Данные СберИндекса";"Республика Адыгея";"Месяц";"% г/г";"0"
"2020-09-01";27;"A";"Данные СберИндекса";"Республика Адыгея";"Месяц";"% г/г";"0"
"2020-10-01";-11;"A";"Данные СберИндекса";"Республика Адыгея";"Месяц";"% г/г";"0"
"2020-11-01";-21;"A";"Данные СберИндекса";"Республика Адыгея";"Месяц";"% г/г";"0"
"2020-12-01";-29;"A";"Данные СберИндекса";"Республика Адыгея";"Месяц";"% г/г";"0"
"2021-01-01";-17;"A";"Данные СберИндекса";"Республика Адыгея";"Месяц";"% г/г";"0"
"2021-02-01";-24;"A";"Данные СберИндекса";"Республика Адыгея";"Месяц";"% г/г";"0"
"2021-03-01";-4;"A";"Данные СберИндекса";"Республика Адыгея";"Месяц";"% г/г";"0"
"2021-04-01";114;"A";"Данные СберИндекса";"Республика Адыгея";"Месяц";"% г/г";"0"
"2021-05-01";88;"A";"Данные СберИндекса";"Республика Адыгея";"Месяц";"% г/г";"0"
"2021-06-01";37;"A";"Данные СберИндекса";"Республика Адыгея";"Месяц";"% г/г";"0"
"2021-07-01";-13;"A";"Данные СберИндекса";"Республика Адыгея";"Месяц";"% г/г";"0"
"2021-08-01";-21;"A";"Данные СберИндекса";"Республика Адыгея";"Месяц";"% г/г";"0"
"2021-09-01";-23;"A";"Данные СберИндекса";"Республика Адыгея";"Месяц";"% г/г";"0"
"2021-10-01";16;"A";"Данные СберИндекса";"Республика Адыгея";"Месяц";"% г/г";"0"
"2021-11-01";51;"A";"Данные СберИндекса";"Республика Адыгея";"Месяц";"% г/г";"0"
"2021-12-01";58;"A";"Данные СберИндекса";"Республика Адыгея";"Месяц";"% г/г";"0"
"2022-01-01";40;"A";"Данные СберИндекса";"Республика Адыгея";"Месяц";"% г/г";"0"
"2022-02-01";23;"A";"Данные СберИндекса";"Республика Адыгея";"Месяц";"% г/г";"0"
"2022-03-01";-18;"A";"Данные СберИндекса";"Республика Адыгея";"Месяц";"% г/г";"0"
"2022-04-01";-13;"A";"Данные СберИндекса";"Республика Адыгея";"Месяц";"% г/г";"0"
"2019-01-01";5;"A";"Данные СберИндекса";"Еврейская автономная область";"Месяц";"% г/г";"0"
"2019-02-01";18;"A";"Данные СберИндекса";"Еврейская автономная область";"Месяц";"% г/г";"0"
"2019-03-01";16;"A";"Данные СберИндекса";"Еврейская автономная область";"Месяц";"% г/г";"0"
"2019-04-01";15;"A";"Данные СберИндекса";"Еврейская автономная область";"Месяц";"% г/г";"0"
"2019-05-01";21;"A";"Данные СберИндекса";"Еврейская автономная область";"Месяц";"% г/г";"0"
"2019-06-01";4;"A";"Данные СберИндекса";"Еврейская автономная область";"Месяц";"% г/г";"0"
"2019-07-01";22;"A";"Данные СберИндекса";"Еврейская автономная область";"Месяц";"% г/г";"0"
"2019-08-01";8;"A";"Данные СберИндекса";"Еврейская автономная область";"Месяц";"% г/г";"0"
"2019-09-01";-12;"A";"Данные СберИндекса";"Еврейская автономная область";"Месяц";"% г/г";"0"
"2019-10-01";12;"A";"Данные СберИндекса";"Еврейская автономная область";"Месяц";"% г/г";"0"
"2019-11-01";6;"A";"Данные СберИндекса";"Еврейская автономная область";"Месяц";"% г/г";"0"
"2019-12-01";7;"A";"Данные СберИндекса";"Еврейская автономная область";"Месяц";"% г/г";"0"
"2020-01-01";10;"A";"Данные СберИндекса";"Еврейская автономная область";"Месяц";"% г/г";"0"
"2020-02-01";11;"A";"Данные СберИндекса";"Еврейская автономная область";"Месяц";"% г/г";"0"
"2020-03-01";14;"A";"Данные СберИндекса";"Еврейская автономная область";"Месяц";"% г/г";"0"
"2020-04-01";-24;"A";"Данные СберИндекса";"Еврейская автономная область";"Месяц";"% г/г";"0"
"2020-05-01";-9;"A";"Данные СберИндекса";"Еврейская автономная область";"Месяц";"% г/г";"0"
"2020-06-01";11;"A";"Данные СберИндекса";"Еврейская автономная область";"Месяц";"% г/г";"0"
"2020-07-01";2;"A";"Данные СберИндекса";"Еврейская автономная область";"Месяц";"% г/г";"0"
"2020-08-01";16;"A";"Данные СберИндекса";"Еврейская автономная область";"Месяц";"% г/г";"0"
"2020-09-01";11;"A";"Данные СберИндекса";"Еврейская автономная область";"Месяц";"% г/г";"0"
"2020-10-01";-13;"A";"Данные СберИндекса";"Еврейская автономная область";"Месяц";"% г/г";"0"
"2020-11-01";-22;"A";"Данные СберИндекса";"Еврейская автономная область";"Месяц";"% г/г";"0"
"2020-12-01";-15;"A";"Данные СберИндекса";"Еврейская автономная область";"Месяц";"% г/г";"0"
"2021-01-01";-3;"A";"Данные СберИндекса";"Еврейская автономная область";"Месяц";"% г/г";"0"
"2021-02-01";-4;"A";"Данные СберИндекса";"Еврейская автономная область";"Месяц";"% г/г";"0"
"2021-03-01";12;"A";"Данные СберИндекса";"Еврейская автономная область";"Месяц";"% г/г";"0"
"2021-04-01";81;"A";"Данные СберИндекса";"Еврейская автономная область";"Месяц";"% г/г";"0"
"2021-05-01";56;"A";"Данные СберИндекса";"Еврейская автономная область";"Месяц";"% г/г";"0"
"2021-06-01";27;"A";"Данные СберИндекса";"Еврейская автономная область";"Месяц";"% г/г";"0"
"2021-07-01";29;"A";"Данные СберИндекса";"Еврейская автономная область";"Месяц";"% г/г";"0"
"2021-08-01";34;"A";"Данные СберИндекса";"Еврейская автономная область";"Месяц";"% г/г";"0"
"2021-09-01";28;"A";"Данные СберИндекса";"Еврейская автономная область";"Месяц";"% г/г";"0"
"2021-10-01";70;"A";"Данные СберИндекса";"Еврейская автономная область";"Месяц";"% г/г";"0"
"2021-11-01";113;"A";"Данные СберИндекса";"Еврейская автономная область";"Месяц";"% г/г";"0"
"2021-12-01";94;"A";"Данные СберИндекса";"Еврейская автономная область";"Месяц";"% г/г";"0"
"2022-01-01";85;"A";"Данные СберИндекса";"Еврейская автономная область";"Месяц";"% г/г";"0"
"2022-02-01";52;"A";"Данные СберИндекса";"Еврейская автономная область";"Месяц";"% г/г";"0"
"2022-03-01";26;"A";"Данные СберИндекса";"Еврейская автономная область";"Месяц";"% г/г";"0"
"2022-04-01";35;"A";"Данные СберИндекса";"Еврейская автономная область";"Месяц";"% г/г";"0"
"2019-01-01";12;"A";"Данные СберИндекса";"Вологодская область";"Месяц";"% г/г";"0"
"2019-02-01";20;"A";"Данные СберИндекса";"Вологодская область";"Месяц";"% г/г";"0"
"2019-03-01";20;"A";"Данные СберИндекса";"Вологодская область";"Месяц";"% г/г";"0"
"2019-04-01";10;"A";"Данные СберИндекса";"Вологодская область";"Месяц";"% г/г";"0"
"2019-05-01";14;"A";"Данные СберИндекса";"Вологодская область";"Месяц";"% г/г";"0"
"2019-06-01";-6;"A";"Данные СберИндекса";"Вологодская область";"Месяц";"% г/г";"0"
"2019-07-01";4;"A";"Данные СберИндекса";"Вологодская область";"Месяц";"% г/г";"0"
"2019-08-01";0;"A";"Данные СберИндекса";"Вологодская область";"Месяц";"% г/г";"0"
"2019-09-01";16;"A";"Данные СберИндекса";"Вологодская область";"Месяц";"% г/г";"0"
"2019-10-01";15;"A";"Данные СберИндекса";"Вологодская область";"Месяц";"% г/г";"0"
"2019-11-01";13;"A";"Данные СберИндекса";"Вологодская область";"Месяц";"% г/г";"0"
"2019-12-01";14;"A";"Данные СберИндекса";"Вологодская область";"Месяц";"% г/г";"0"
"2020-01-01";10;"A";"Данные СберИндекса";"Вологодская область";"Месяц";"% г/г";"0"
"2020-02-01";12;"A";"Данные СберИндекса";"Вологодская область";"Месяц";"% г/г";"0"
"2020-03-01";-1;"A";"Данные СберИндекса";"Вологодская область";"Месяц";"% г/г";"0"
"2020-04-01";-55;"A";"Данные СберИндекса";"Вологодская область";"Месяц";"% г/г";"0"
"2020-05-01";-59;"A";"Данные СберИндекса";"Вологодская область";"Месяц";"% г/г";"0"
"2020-06-01";-27;"A";"Данные СберИндекса";"Вологодская область";"Месяц";"% г/г";"0"
"2020-07-01";-17;"A";"Данные СберИндекса";"Вологодская область";"Месяц";"% г/г";"0"
"2020-08-01";3;"A";"Данные СберИндекса";"Вологодская область";"Месяц";"% г/г";"0"
"2020-09-01";-6;"A";"Данные СберИндекса";"Вологодская область";"Месяц";"% г/г";"0"
"2020-10-01";-22;"A";"Данные СберИндекса";"Вологодская область";"Месяц";"% г/г";"0"
"2020-11-01";-34;"A";"Данные СберИндекса";"Вологодская область";"Месяц";"% г/г";"0"
"2020-12-01";-31;"A";"Данные СберИндекса";"Вологодская область";"Месяц";"% г/г";"0"
"2021-01-01";-9;"A";"Данные СберИндекса";"Вологодская область";"Месяц";"% г/г";"0"
"2021-02-01";-13;"A";"Данные СберИндекса";"Вологодская область";"Месяц";"% г/г";"0"
"2021-03-01";13;"A";"Данные СберИндекса";"Вологодская область";"Месяц";"% г/г";"0"
"2021-04-01";152;"A";"Данные СберИндекса";"Вологодская область";"Месяц";"% г/г";"0"
"2021-05-01";178;"A";"Данные СберИндекса";"Вологодская область";"Месяц";"% г/г";"0"
"2021-06-01";82;"A";"Данные СберИндекса";"Вологодская область";"Месяц";"% г/г";"0"
"2021-07-01";28;"A";"Данные СберИндекса";"Вологодская область";"Месяц";"% г/г";"0"
"2021-08-01";7;"A";"Данные СберИндекса";"Вологодская область";"Месяц";"% г/г";"0"
"2021-09-01";2;"A";"Данные СберИндекса";"Вологодская область";"Месяц";"% г/г";"0"
"2021-10-01";39;"A";"Данные СберИндекса";"Вологодская область";"Месяц";"% г/г";"0"
"2021-11-01";80;"A";"Данные СберИндекса";"Вологодская область";"Месяц";"% г/г";"0"
"2021-12-01";77;"A";"Данные СберИндекса";"Вологодская область";"Месяц";"% г/г";"0"
"2022-01-01";57;"A";"Данные СберИндекса";"Вологодская область";"Месяц";"% г/г";"0"
"2022-02-01";19;"A";"Данные СберИндекса";"Вологодская область";"Месяц";"% г/г";"0"
"2022-03-01";5;"A";"Данные СберИндекса";"Вологодская область";"Месяц";"% г/г";"0"
"2022-04-01";14;"A";"Данные СберИндекса";"Вологодская область";"Месяц";"% г/г";"0"
"2019-01-01";16;"A";"Данные СберИндекса";"Россия";"Месяц";"% г/г";"0"
"2019-02-01";21;"A";"Данные СберИндекса";"Россия";"Месяц";"% г/г";"0"
"2019-03-01";22;"A";"Данные СберИндекса";"Россия";"Месяц";"% г/г";"0"
"2019-04-01";20;"A";"Данные СберИндекса";"Россия";"Месяц";"% г/г";"0"
"2019-05-01";24;"A";"Данные СберИндекса";"Россия";"Месяц";"% г/г";"0"
"2019-06-01";10;"A";"Данные СберИндекса";"Россия";"Месяц";"% г/г";"0"
"2019-07-01";17;"A";"Данные СберИндекса";"Россия";"Месяц";"% г/г";"0"
"2019-08-01";11;"A";"Данные СберИндекса";"Россия";"Месяц";"% г/г";"0"
"2019-09-01";22;"A";"Данные СберИндекса";"Россия";"Месяц";"% г/г";"0"
"2019-10-01";20;"A";"Данные СберИндекса";"Россия";"Месяц";"% г/г";"0"
"2019-11-01";20;"A";"Данные СберИндекса";"Россия";"Месяц";"% г/г";"0"
"2019-12-01";19;"A";"Данные СберИндекса";"Россия";"Месяц";"% г/г";"0"
"2020-01-01";16;"A";"Данные СберИндекса";"Россия";"Месяц";"% г/г";"0"
"2020-02-01";18;"A";"Данные СберИндекса";"Россия";"Месяц";"% г/г";"0"
"2020-03-01";8;"A";"Данные СберИндекса";"Россия";"Месяц";"% г/г";"0"
"2020-04-01";-50;"A";"Данные СберИндекса";"Россия";"Месяц";"% г/г";"0"
"2020-05-01";-48;"A";"Данные СберИндекса";"Россия";"Месяц";"% г/г";"0"
"2020-06-01";-17;"A";"Данные СберИндекса";"Россия";"Месяц";"% г/г";"0"
"2020-07-01";-3;"A";"Данные СберИндекса";"Россия";"Месяц";"% г/г";"0"
"2020-08-01";18;"A";"Данные СберИндекса";"Россия";"Месяц";"% г/г";"0"
"2020-09-01";12;"A";"Данные СберИндекса";"Россия";"Месяц";"% г/г";"0"
"2020-10-01";-10;"A";"Данные СберИндекса";"Россия";"Месяц";"% г/г";"0"
"2020-11-01";-24;"A";"Данные СберИндекса";"Россия";"Месяц";"% г/г";"0"
"2020-12-01";-21;"A";"Данные СберИндекса";"Россия";"Месяц";"% г/г";"0"
"2021-01-01";-5;"A";"Данные СберИндекса";"Россия";"Месяц";"% г/г";"0"
"2021-02-01";-7;"A";"Данные СберИндекса";"Россия";"Месяц";"% г/г";"0"
"2021-03-01";21;"A";"Данные СберИндекса";"Россия";"Месяц";"% г/г";"0"
"2021-04-01";166;"A";"Данные СберИндекса";"Россия";"Месяц";"% г/г";"0"
"2021-05-01";179;"A";"Данные СберИндекса";"Россия";"Месяц";"% г/г";"0"
"2021-06-01";81;"A";"Данные СберИндекса";"Россия";"Месяц";"% г/г";"0"
"2021-07-01";31;"A";"Данные СберИндекса";"Россия";"Месяц";"% г/г";"0"
"2021-08-01";12;"A";"Данные СберИндекса";"Россия";"Месяц";"% г/г";"0"
"2021-09-01";6;"A";"Данные СберИндекса";"Россия";"Месяц";"% г/г";"0"
"2021-10-01";43;"A";"Данные СберИндекса";"Россия";"Месяц";"% г/г";"0"
"2021-11-01";78;"A";"Данные СберИндекса";"Россия";"Месяц";"% г/г";"0"
"2021-12-01";69;"A";"Данные СберИндекса";"Россия";"Месяц";"% г/г";"0"
"2022-01-01";54;"A";"Данные СберИндекса";"Россия";"Месяц";"% г/г";"0"
"2022-02-01";28;"A";"Данные СберИндекса";"Россия";"Месяц";"% г/г";"0"
"2022-03-01";4;"A";"Данные СберИндекса";"Россия";"Месяц";"% г/г";"0"
"2022-04-01";14;"A";"Данные СберИндекса";"Россия";"Месяц";"% г/г";"0"
"2019-01-01";1;"A";"Данные СберИндекса";"Республика Тыва";"Месяц";"% г/г";"0"
"2019-02-01";2;"A";"Данные СберИндекса";"Республика Тыва";"Месяц";"% г/г";"0"
"2019-03-01";27;"A";"Данные СберИндекса";"Республика Тыва";"Месяц";"% г/г";"0"
"2019-04-01";9;"A";"Данные СберИндекса";"Республика Тыва";"Месяц";"% г/г";"0"
"2019-05-01";27;"A";"Данные СберИндекса";"Республика Тыва";"Месяц";"% г/г";"0"
"2019-06-01";1;"A";"Данные СберИндекса";"Республика Тыва";"Месяц";"% г/г";"0"
"2019-07-01";-8;"A";"Данные СберИндекса";"Республика Тыва";"Месяц";"% г/г";"0"
"2019-08-01";-2;"A";"Данные СберИндекса";"Республика Тыва";"Месяц";"% г/г";"0"
"2019-09-01";20;"A";"Данные СберИндекса";"Республика Тыва";"Месяц";"% г/г";"0"
"2019-10-01";6;"A";"Данные СберИндекса";"Республика Тыва";"Месяц";"% г/г";"0"
"2019-11-01";13;"A";"Данные СберИндекса";"Республика Тыва";"Месяц";"% г/г";"0"
"2019-12-01";8;"A";"Данные СберИндекса";"Республика Тыва";"Месяц";"% г/г";"0"
"2020-01-01";7;"A";"Данные СберИндекса";"Республика Тыва";"Месяц";"% г/г";"0"
"2020-02-01";15;"A";"Данные СберИндекса";"Республика Тыва";"Месяц";"% г/г";"0"
"2020-03-01";5;"A";"Данные СберИндекса";"Республика Тыва";"Месяц";"% г/г";"0"
"2020-04-01";-34;"A";"Данные СберИндекса";"Республика Тыва";"Месяц";"% г/г";"0"
"2020-05-01";-52;"A";"Данные СберИндекса";"Республика Тыва";"Месяц";"% г/г";"0"
"2020-06-01";-44;"A";"Данные СберИндекса";"Республика Тыва";"Месяц";"% г/г";"0"
"2020-07-01";-32;"A";"Данные СберИндекса";"Республика Тыва";"Месяц";"% г/г";"0"
"2020-08-01";-10;"A";"Данные СберИндекса";"Республика Тыва";"Месяц";"% г/г";"0"
"2020-09-01";9;"A";"Данные СберИндекса";"Республика Тыва";"Месяц";"% г/г";"0"
"2020-10-01";-16;"A";"Данные СберИндекса";"Республика Тыва";"Месяц";"% г/г";"0"
"2020-11-01";-27;"A";"Данные СберИндекса";"Республика Тыва";"Месяц";"% г/г";"0"
"2020-12-01";-21;"A";"Данные СберИндекса";"Республика Тыва";"Месяц";"% г/г";"0"
"2021-01-01";-1;"A";"Данные СберИндекса";"Республика Тыва";"Месяц";"% г/г";"0"
"2021-02-01";0;"A";"Данные СберИндекса";"Республика Тыва";"Месяц";"% г/г";"0"
"2021-03-01";19;"A";"Данные СберИндекса";"Республика Тыва";"Месяц";"% г/г";"0"
"2021-04-01";81;"A";"Данные СберИндекса";"Республика Тыва";"Месяц";"% г/г";"0"
"2021-05-01";106;"A";"Данные СберИндекса";"Республика Тыва";"Месяц";"% г/г";"0"
"2021-06-01";109;"A";"Данные СберИндекса";"Республика Тыва";"Месяц";"% г/г";"0"
"2021-07-01";32;"A";"Данные СберИндекса";"Республика Тыва";"Месяц";"% г/г";"0"
"2021-08-01";4;"A";"Данные СберИндекса";"Республика Тыва";"Месяц";"% г/г";"0"
"2021-09-01";-2;"A";"Данные СберИндекса";"Республика Тыва";"Месяц";"% г/г";"0"
"2021-10-01";35;"A";"Данные СберИндекса";"Республика Тыва";"Месяц";"% г/г";"0"
"2021-11-01";57;"A";"Данные СберИндекса";"Республика Тыва";"Месяц";"% г/г";"0"
"2021-12-01";56;"A";"Данные СберИндекса";"Республика Тыва";"Месяц";"% г/г";"0"
"2022-01-01";24;"A";"Данные СберИндекса";"Республика Тыва";"Месяц";"% г/г";"0"
"2022-02-01";12;"A";"Данные СберИндекса";"Республика Тыва";"Месяц";"% г/г";"0"
"2022-03-01";-7;"A";"Данные СберИндекса";"Республика Тыва";"Месяц";"% г/г";"0"
"2022-04-01";6;"A";"Данные СберИндекса";"Республика Тыва";"Месяц";"% г/г";"0"
"2019-01-01";29;"A";"Данные СберИндекса";"Московская область";"Месяц";"% г/г";"0"
"2019-02-01";37;"A";"Данные СберИндекса";"Московская область";"Месяц";"% г/г";"0"
"2019-03-01";30;"A";"Данные СберИндекса";"Московская область";"Месяц";"% г/г";"0"
"2019-04-01";23;"A";"Данные СберИндекса";"Московская область";"Месяц";"% г/г";"0"
"2019-05-01";16;"A";"Данные СберИндекса";"Московская область";"Месяц";"% г/г";"0"
"2019-06-01";10;"A";"Данные СберИндекса";"Московская область";"Месяц";"% г/г";"0"
"2019-07-01";17;"A";"Данные СберИндекса";"Московская область";"Месяц";"% г/г";"0"
"2019-08-01";11;"A";"Данные СберИндекса";"Московская область";"Месяц";"% г/г";"0"
"2019-09-01";22;"A";"Данные СберИндекса";"Московская область";"Месяц";"% г/г";"0"
"2019-10-01";21;"A";"Данные СберИндекса";"Московская область";"Месяц";"% г/г";"0"
"2019-11-01";15;"A";"Данные СберИндекса";"Московская область";"Месяц";"% г/г";"0"
"2019-12-01";16;"A";"Данные СберИндекса";"Московская область";"Месяц";"% г/г";"0"
"2020-01-01";1;"A";"Данные СберИндекса";"Московская область";"Месяц";"% г/г";"0"
"2020-02-01";0;"A";"Данные СберИндекса";"Московская область";"Месяц";"% г/г";"0"
"2020-03-01";-9;"A";"Данные СберИндекса";"Московская область";"Месяц";"% г/г";"0"
"2020-04-01";-64;"A";"Данные СберИндекса";"Московская область";"Месяц";"% г/г";"0"
"2020-05-01";-64;"A";"Данные СберИндекса";"Московская область";"Месяц";"% г/г";"0"
"2020-06-01";-44;"A";"Данные СберИндекса";"Московская область";"Месяц";"% г/г";"0"
"2020-07-01";-28;"A";"Данные СберИндекса";"Московская область";"Месяц";"% г/г";"0"
"2020-08-01";-8;"A";"Данные СберИндекса";"Московская область";"Месяц";"% г/г";"0"
"2020-09-01";-4;"A";"Данные СберИндекса";"Московская область";"Месяц";"% г/г";"0"
"2020-10-01";-44;"A";"Данные СберИндекса";"Московская область";"Месяц";"% г/г";"0"
"2020-11-01";-50;"A";"Данные СберИндекса";"Московская область";"Месяц";"% г/г";"0"
"2020-12-01";-55;"A";"Данные СберИндекса";"Московская область";"Месяц";"% г/г";"0"
"2021-01-01";-14;"A";"Данные СберИндекса";"Московская область";"Месяц";"% г/г";"0"
"2021-02-01";-45;"A";"Данные СберИндекса";"Московская область";"Месяц";"% г/г";"0"
"2021-03-01";3;"A";"Данные СберИндекса";"Московская область";"Месяц";"% г/г";"0"
"2021-04-01";177;"A";"Данные СберИндекса";"Московская область";"Месяц";"% г/г";"0"
"2021-05-01";198;"A";"Данные СберИндекса";"Московская область";"Месяц";"% г/г";"0"
"2021-06-01";88;"A";"Данные СберИндекса";"Московская область";"Месяц";"% г/г";"0"
"2021-07-01";24;"A";"Данные СберИндекса";"Московская область";"Месяц";"% г/г";"0"
"2021-08-01";9;"A";"Данные СберИндекса";"Московская область";"Месяц";"% г/г";"0"
"2021-09-01";-11;"A";"Данные СберИндекса";"Московская область";"Месяц";"% г/г";"0"
"2021-10-01";70;"A";"Данные СберИндекса";"Московская область";"Месяц";"% г/г";"0"
"2021-11-01";91;"A";"Данные СберИндекса";"Московская область";"Месяц";"% г/г";"0"
"2021-12-01";119;"A";"Данные СберИндекса";"Московская область";"Месяц";"% г/г";"0"
"2022-01-01";47;"A";"Данные СберИндекса";"Московская область";"Месяц";"% г/г";"0"
"2022-02-01";87;"A";"Данные СберИндекса";"Московская область";"Месяц";"% г/г";"0"
"2022-03-01";-2;"A";"Данные СберИндекса";"Московская область";"Месяц";"% г/г";"0"
"2022-04-01";-3;"A";"Данные СберИндекса";"Московская область";"Месяц";"% г/г";"0"
"2019-01-01";13;"A";"Данные СберИндекса";"Тверская область";"Месяц";"% г/г";"0"
"2019-02-01";12;"A";"Данные СберИндекса";"Тверская область";"Месяц";"% г/г";"0"
"2019-03-01";20;"A";"Данные СберИндекса";"Тверская область";"Месяц";"% г/г";"0"
"2019-04-01";20;"A";"Данные СберИндекса";"Тверская область";"Месяц";"% г/г";"0"
"2019-05-01";34;"A";"Данные СберИндекса";"Тверская область";"Месяц";"% г/г";"0"
"2019-06-01";27;"A";"Данные СберИндекса";"Тверская область";"Месяц";"% г/г";"0"
"2019-07-01";30;"A";"Данные СберИндекса";"Тверская область";"Месяц";"% г/г";"0"
"2019-08-01";16;"A";"Данные СберИндекса";"Тверская область";"Месяц";"% г/г";"0"
"2019-09-01";33;"A";"Данные СберИндекса";"Тверская область";"Месяц";"% г/г";"0"
"2019-10-01";22;"A";"Данные СберИндекса";"Тверская область";"Месяц";"% г/г";"0"
"2019-11-01";27;"A";"Данные СберИндекса";"Тверская область";"Месяц";"% г/г";"0"
"2019-12-01";24;"A";"Данные СберИндекса";"Тверская область";"Месяц";"% г/г";"0"
"2020-01-01";32;"A";"Данные СберИндекса";"Тверская область";"Месяц";"% г/г";"0"
"2020-02-01";31;"A";"Данные СберИндекса";"Тверская область";"Месяц";"% г/г";"0"
"2020-03-01";33;"A";"Данные СберИндекса";"Тверская область";"Месяц";"% г/г";"0"
"2020-04-01";-5;"A";"Данные СберИндекса";"Тверская область";"Месяц";"% г/г";"0"
"2020-05-01";-8;"A";"Данные СберИндекса";"Тверская область";"Месяц";"% г/г";"0"
"2020-06-01";33;"A";"Данные СберИндекса";"Тверская область";"Месяц";"% г/г";"0"
"2020-07-01";29;"A";"Данные СберИндекса";"Тверская область";"Месяц";"% г/г";"0"
"2020-08-01";53;"A";"Данные СберИндекса";"Тверская область";"Месяц";"% г/г";"0"
"2020-09-01";27;"A";"Данные СберИндекса";"Тверская область";"Месяц";"% г/г";"0"
"2020-10-01";34;"A";"Данные СберИндекса";"Тверская область";"Месяц";"% г/г";"0"
"2020-11-01";9;"A";"Данные СберИндекса";"Тверская область";"Месяц";"% г/г";"0"
"2020-12-01";7;"A";"Данные СберИндекса";"Тверская область";"Месяц";"% г/г";"0"
"2021-01-01";6;"A";"Данные СберИндекса";"Тверская область";"Месяц";"% г/г";"0"
"2021-02-01";0;"A";"Данные СберИндекса";"Тверская область";"Месяц";"% г/г";"0"
"2021-03-01";13;"A";"Данные СберИндекса";"Тверская область";"Месяц";"% г/г";"0"
"2021-04-01";63;"A";"Данные СберИндекса";"Тверская область";"Месяц";"% г/г";"0"
"2021-05-01";77;"A";"Данные СберИндекса";"Тверская область";"Месяц";"% г/г";"0"
"2021-06-01";32;"A";"Данные СберИндекса";"Тверская область";"Месяц";"% г/г";"0"
"2021-07-01";16;"A";"Данные СберИндекса";"Тверская область";"Месяц";"% г/г";"0"
"2021-08-01";-2;"A";"Данные СберИндекса";"Тверская область";"Месяц";"% г/г";"0"
"2021-09-01";-5;"A";"Данные СберИндекса";"Тверская область";"Месяц";"% г/г";"0"
"2021-10-01";11;"A";"Данные СберИндекса";"Тверская область";"Месяц";"% г/г";"0"
"2021-11-01";54;"A";"Данные СберИндекса";"Тверская область";"Месяц";"% г/г";"0"
"2021-12-01";42;"A";"Данные СберИндекса";"Тверская область";"Месяц";"% г/г";"0"
"2022-01-01";55;"A";"Данные СберИндекса";"Тверская область";"Месяц";"% г/г";"0"
"2022-02-01";27;"A";"Данные СберИндекса";"Тверская область";"Месяц";"% г/г";"0"
"2022-03-01";17;"A";"Данные СберИндекса";"Тверская область";"Месяц";"% г/г";"0"
"2022-04-01";35;"A";"Данные СберИндекса";"Тверская область";"Месяц";"% г/г";"0"
"2019-01-01";13;"A";"Данные СберИндекса";"Псковская область";"Месяц";"% г/г";"0"
"2019-02-01";22;"A";"Данные СберИндекса";"Псковская область";"Месяц";"% г/г";"0"
"2019-03-01";27;"A";"Данные СберИндекса";"Псковская область";"Месяц";"% г/г";"0"
"2019-04-01";17;"A";"Данные СберИндекса";"Псковская область";"Месяц";"% г/г";"0"
"2019-05-01";21;"A";"Данные СберИндекса";"Псковская область";"Месяц";"% г/г";"0"
"2019-06-01";-1;"A";"Данные СберИндекса";"Псковская область";"Месяц";"% г/г";"0"
"2019-07-01";10;"A";"Данные СберИндекса";"Псковская область";"Месяц";"% г/г";"0"
"2019-08-01";4;"A";"Данные СберИндекса";"Псковская область";"Месяц";"% г/г";"0"
"2019-09-01";12;"A";"Данные СберИндекса";"Псковская область";"Месяц";"% г/г";"0"
"2019-10-01";8;"A";"Данные СберИндекса";"Псковская область";"Месяц";"% г/г";"0"
"2019-11-01";10;"A";"Данные СберИндекса";"Псковская область";"Месяц";"% г/г";"0"
"2019-12-01";6;"A";"Данные СберИндекса";"Псковская область";"Месяц";"% г/г";"0"
"2020-01-01";15;"A";"Данные СберИндекса";"Псковская область";"Месяц";"% г/г";"0"
"2020-02-01";23;"A";"Данные СберИндекса";"Псковская область";"Месяц";"% г/г";"0"
"2020-03-01";6;"A";"Данные СберИндекса";"Псковская область";"Месяц";"% г/г";"0"
"2020-04-01";-44;"A";"Данные СберИндекса";"Псковская область";"Месяц";"% г/г";"0"
"2020-05-01";-49;"A";"Данные СберИндекса";"Псковская область";"Месяц";"% г/г";"0"
"2020-06-01";-9;"A";"Данные СберИндекса";"Псковская область";"Месяц";"% г/г";"0"
"2020-07-01";-6;"A";"Данные СберИндекса";"Псковская область";"Месяц";"% г/г";"0"
"2020-08-01";13;"A";"Данные СберИндекса";"Псковская область";"Месяц";"% г/г";"0"
"2020-09-01";9;"A";"Данные СберИндекса";"Псковская область";"Месяц";"% г/г";"0"
"2020-10-01";-7;"A";"Данные СберИндекса";"Псковская область";"Месяц";"% г/г";"0"
"2020-11-01";-29;"A";"Данные СберИндекса";"Псковская область";"Месяц";"% г/г";"0"
"2020-12-01";-39;"A";"Данные СберИндекса";"Псковская область";"Месяц";"% г/г";"0"
"2021-01-01";-19;"A";"Данные СберИндекса";"Псковская область";"Месяц";"% г/г";"0"
"2021-02-01";-27;"A";"Данные СберИндекса";"Псковская область";"Месяц";"% г/г";"0"
"2021-03-01";-5;"A";"Данные СберИндекса";"Псковская область";"Месяц";"% г/г";"0"
"2021-04-01";79;"A";"Данные СберИндекса";"Псковская область";"Месяц";"% г/г";"0"
"2021-05-01";127;"A";"Данные СберИндекса";"Псковская область";"Месяц";"% г/г";"0"
"2021-06-01";53;"A";"Данные СберИндекса";"Псковская область";"Месяц";"% г/г";"0"
"2021-07-01";22;"A";"Данные СберИндекса";"Псковская область";"Месяц";"% г/г";"0"
"2021-08-01";4;"A";"Данные СберИндекса";"Псковская область";"Месяц";"% г/г";"0"
"2021-09-01";1;"A";"Данные СберИндекса";"Псковская область";"Месяц";"% г/г";"0"
"2021-10-01";29;"A";"Данные СберИндекса";"Псковская область";"Месяц";"% г/г";"0"
"2021-11-01";76;"A";"Данные СберИндекса";"Псковская область";"Месяц";"% г/г";"0"
"2021-12-01";71;"A";"Данные СберИндекса";"Псковская область";"Месяц";"% г/г";"0"
"2022-01-01";53;"A";"Данные СберИндекса";"Псковская область";"Месяц";"% г/г";"0"
"2022-02-01";16;"A";"Данные СберИндекса";"Псковская область";"Месяц";"% г/г";"0"
"2022-03-01";20;"A";"Данные СберИндекса";"Псковская область";"Месяц";"% г/г";"0"
"2022-04-01";43;"A";"Данные СберИндекса";"Псковская область";"Месяц";"% г/г";"0"
"2019-01-01";-5;"A";"Данные СберИндекса";"Саратовская область";"Месяц";"% г/г";"0"
"2019-02-01";-10;"A";"Данные СберИндекса";"Саратовская область";"Месяц";"% г/г";"0"
"2019-03-01";6;"A";"Данные СберИндекса";"Саратовская область";"Месяц";"% г/г";"0"
"2019-04-01";18;"A";"Данные СберИндекса";"Саратовская область";"Месяц";"% г/г";"0"
"2019-05-01";22;"A";"Данные СберИндекса";"Саратовская область";"Месяц";"% г/г";"0"
"2019-06-01";-5;"A";"Данные СберИндекса";"Саратовская область";"Месяц";"% г/г";"0"
"2019-07-01";8;"A";"Данные СберИндекса";"Саратовская область";"Месяц";"% г/г";"0"
"2019-08-01";0;"A";"Данные СберИндекса";"Саратовская область";"Месяц";"% г/г";"0"
"2019-09-01";13;"A";"Данные СберИндекса";"Саратовская область";"Месяц";"% г/г";"0"
"2019-10-01";15;"A";"Данные СберИндекса";"Саратовская область";"Месяц";"% г/г";"0"
"2019-11-01";0;"A";"Данные СберИндекса";"Саратовская область";"Месяц";"% г/г";"0"
"2019-12-01";15;"A";"Данные СберИндекса";"Саратовская область";"Месяц";"% г/г";"0"
"2020-01-01";7;"A";"Данные СберИндекса";"Саратовская область";"Месяц";"% г/г";"0"
"2020-02-01";8;"A";"Данные СберИндекса";"Саратовская область";"Месяц";"% г/г";"0"
"2020-03-01";4;"A";"Данные СберИндекса";"Саратовская область";"Месяц";"% г/г";"0"
"2020-04-01";-52;"A";"Данные СберИндекса";"Саратовская область";"Месяц";"% г/г";"0"
"2020-05-01";-52;"A";"Данные СберИндекса";"Саратовская область";"Месяц";"% г/г";"0"
"2020-06-01";-12;"A";"Данные СберИндекса";"Саратовская область";"Месяц";"% г/г";"0"
"2020-07-01";-6;"A";"Данные СберИндекса";"Саратовская область";"Месяц";"% г/г";"0"
"2020-08-01";11;"A";"Данные СберИндекса";"Саратовская область";"Месяц";"% г/г";"0"
"2020-09-01";7;"A";"Данные СберИндекса";"Саратовская область";"Месяц";"% г/г";"0"
"2020-10-01";-15;"A";"Данные СберИндекса";"Саратовская область";"Месяц";"% г/г";"0"
"2020-11-01";-29;"A";"Данные СберИндекса";"Саратовская область";"Месяц";"% г/г";"0"
"2020-12-01";-19;"A";"Данные СберИндекса";"Саратовская область";"Месяц";"% г/г";"0"
"2021-01-01";-2;"A";"Данные СберИндекса";"Саратовская область";"Месяц";"% г/г";"0"
"2021-02-01";-14;"A";"Данные СберИндекса";"Саратовская область";"Месяц";"% г/г";"0"
"2021-03-01";15;"A";"Данные СберИндекса";"Саратовская область";"Месяц";"% г/г";"0"
"2021-04-01";144;"A";"Данные СберИндекса";"Саратовская область";"Месяц";"% г/г";"0"
"2021-05-01";172;"A";"Данные СберИндекса";"Саратовская область";"Месяц";"% г/г";"0"
"2021-06-01";66;"A";"Данные СберИндекса";"Саратовская область";"Месяц";"% г/г";"0"
"2021-07-01";30;"A";"Данные СберИндекса";"Саратовская область";"Месяц";"% г/г";"0"
"2021-08-01";3;"A";"Данные СберИндекса";"Саратовская область";"Месяц";"% г/г";"0"
"2021-09-01";-8;"A";"Данные СберИндекса";"Саратовская область";"Месяц";"% г/г";"0"
"2021-10-01";27;"A";"Данные СберИндекса";"Саратовская область";"Месяц";"% г/г";"0"
"2021-11-01";59;"A";"Данные СберИндекса";"Саратовская область";"Месяц";"% г/г";"0"
"2021-12-01";49;"A";"Данные СберИндекса";"Саратовская область";"Месяц";"% г/г";"0"
"2022-01-01";43;"A";"Данные СберИндекса";"Саратовская область";"Месяц";"% г/г";"0"
"2022-02-01";22;"A";"Данные СберИндекса";"Саратовская область";"Месяц";"% г/г";"0"
"2022-03-01";3;"A";"Данные СберИндекса";"Саратовская область";"Месяц";"% г/г";"0"
"2022-04-01";24;"A";"Данные СберИндекса";"Саратовская область";"Месяц";"% г/г";"0"
"2019-01-01";11;"A";"Данные СберИндекса";"Астраханская область";"Месяц";"% г/г";"0"
"2019-02-01";14;"A";"Данные СберИндекса";"Астраханская область";"Месяц";"% г/г";"0"
"2019-03-01";14;"A";"Данные СберИндекса";"Астраханская область";"Месяц";"% г/г";"0"
"2019-04-01";7;"A";"Данные СберИндекса";"Астраханская область";"Месяц";"% г/г";"0"
"2019-05-01";13;"A";"Данные СберИндекса";"Астраханская область";"Месяц";"% г/г";"0"
"2019-06-01";9;"A";"Данные СберИндекса";"Астраханская область";"Месяц";"% г/г";"0"
"2019-07-01";18;"A";"Данные СберИндекса";"Астраханская область";"Месяц";"% г/г";"0"
"2019-08-01";16;"A";"Данные СберИндекса";"Астраханская область";"Месяц";"% г/г";"0"
"2019-09-01";15;"A";"Данные СберИндекса";"Астраханская область";"Месяц";"% г/г";"0"
"2019-10-01";14;"A";"Данные СберИндекса";"Астраханская область";"Месяц";"% г/г";"0"
"2019-11-01";17;"A";"Данные СберИндекса";"Астраханская область";"Месяц";"% г/г";"0"
"2019-12-01";24;"A";"Данные СберИндекса";"Астраханская область";"Месяц";"% г/г";"0"
"2020-01-01";16;"A";"Данные СберИндекса";"Астраханская область";"Месяц";"% г/г";"0"
"2020-02-01";41;"A";"Данные СберИндекса";"Астраханская область";"Месяц";"% г/г";"0"
"2020-03-01";21;"A";"Данные СберИндекса";"Астраханская область";"Месяц";"% г/г";"0"
"2020-04-01";-67;"A";"Данные СберИндекса";"Астраханская область";"Месяц";"% г/г";"0"
"2020-05-01";-60;"A";"Данные СберИндекса";"Астраханская область";"Месяц";"% г/г";"0"
"2020-06-01";8;"A";"Данные СберИндекса";"Астраханская область";"Месяц";"% г/г";"0"
"2020-07-01";26;"A";"Данные СберИндекса";"Астраханская область";"Месяц";"% г/г";"0"
"2020-08-01";35;"A";"Данные СберИндекса";"Астраханская область";"Месяц";"% г/г";"0"
"2020-09-01";37;"A";"Данные СберИндекса";"Астраханская область";"Месяц";"% г/г";"0"
"2020-10-01";5;"A";"Данные СберИндекса";"Астраханская область";"Месяц";"% г/г";"0"
"2020-11-01";-8;"A";"Данные СберИндекса";"Астраханская область";"Месяц";"% г/г";"0"
"2020-12-01";-14;"A";"Данные СберИндекса";"Астраханская область";"Месяц";"% г/г";"0"
"2021-01-01";26;"A";"Данные СберИндекса";"Астраханская область";"Месяц";"% г/г";"0"
"2021-02-01";-14;"A";"Данные СберИндекса";"Астраханская область";"Месяц";"% г/г";"0"
"2021-03-01";7;"A";"Данные СберИндекса";"Астраханская область";"Месяц";"% г/г";"0"
"2021-04-01";408;"A";"Данные СберИндекса";"Астраханская область";"Месяц";"% г/г";"0"
"2021-05-01";300;"A";"Данные СберИндекса";"Астраханская область";"Месяц";"% г/г";"0"
"2021-06-01";65;"A";"Данные СберИндекса";"Астраханская область";"Месяц";"% г/г";"0"
"2021-07-01";7;"A";"Данные СберИндекса";"Астраханская область";"Месяц";"% г/г";"0"
"2021-08-01";-2;"A";"Данные СберИндекса";"Астраханская область";"Месяц";"% г/г";"0"
"2021-09-01";2;"A";"Данные СберИндекса";"Астраханская область";"Месяц";"% г/г";"0"
"2021-10-01";32;"A";"Данные СберИндекса";"Астраханская область";"Месяц";"% г/г";"0"
"2021-11-01";43;"A";"Данные СберИндекса";"Астраханская область";"Месяц";"% г/г";"0"
"2021-12-01";46;"A";"Данные СберИндекса";"Астраханская область";"Месяц";"% г/г";"0"
"2022-01-01";3;"A";"Данные СберИндекса";"Астраханская область";"Месяц";"% г/г";"0"
"2022-02-01";16;"A";"Данные СберИндекса";"Астраханская область";"Месяц";"% г/г";"0"
"2022-03-01";-1;"A";"Данные СберИндекса";"Астраханская область";"Месяц";"% г/г";"0"
"2022-04-01";21;"A";"Данные СберИндекса";"Астраханская область";"Месяц";"% г/г";"0"
"2019-01-01";6;"A";"Данные СберИндекса";"Воронежская область";"Месяц";"% г/г";"0"
"2019-02-01";23;"A";"Данные СберИндекса";"Воронежская область";"Месяц";"% г/г";"0"
"2019-03-01";30;"A";"Данные СберИндекса";"Воронежская область";"Месяц";"% г/г";"0"
"2019-04-01";26;"A";"Данные СберИндекса";"Воронежская область";"Месяц";"% г/г";"0"
"2019-05-01";32;"A";"Данные СберИндекса";"Воронежская область";"Месяц";"% г/г";"0"
"2019-06-01";16;"A";"Данные СберИндекса";"Воронежская область";"Месяц";"% г/г";"0"
"2019-07-01";26;"A";"Данные СберИндекса";"Воронежская область";"Месяц";"% г/г";"0"
"2019-08-01";22;"A";"Данные СберИндекса";"Воронежская область";"Месяц";"% г/г";"0"
"2019-09-01";31;"A";"Данные СберИндекса";"Воронежская область";"Месяц";"% г/г";"0"
"2019-10-01";27;"A";"Данные СберИндекса";"Воронежская область";"Месяц";"% г/г";"0"
"2019-11-01";34;"A";"Данные СберИндекса";"Воронежская область";"Месяц";"% г/г";"0"
"2019-12-01";34;"A";"Данные СберИндекса";"Воронежская область";"Месяц";"% г/г";"0"
"2020-01-01";33;"A";"Данные СберИндекса";"Воронежская область";"Месяц";"% г/г";"0"
"2020-02-01";27;"A";"Данные СберИндекса";"Воронежская область";"Месяц";"% г/г";"0"
"2020-03-01";20;"A";"Данные СберИндекса";"Воронежская область";"Месяц";"% г/г";"0"
"2020-04-01";-49;"A";"Данные СберИндекса";"Воронежская область";"Месяц";"% г/г";"0"
"2020-05-01";-49;"A";"Данные СберИндекса";"Воронежская область";"Месяц";"% г/г";"0"
"2020-06-01";-20;"A";"Данные СберИндекса";"Воронежская область";"Месяц";"% г/г";"0"
"2020-07-01";-6;"A";"Данные СберИндекса";"Воронежская область";"Месяц";"% г/г";"0"
"2020-08-01";18;"A";"Данные СберИндекса";"Воронежская область";"Месяц";"% г/г";"0"
"2020-09-01";14;"A";"Данные СберИндекса";"Воронежская область";"Месяц";"% г/г";"0"
"2020-10-01";-12;"A";"Данные СберИндекса";"Воронежская область";"Месяц";"% г/г";"0"
"2020-11-01";-30;"A";"Данные СберИндекса";"Воронежская область";"Месяц";"% г/г";"0"
"2020-12-01";-24;"A";"Данные СберИндекса";"Воронежская область";"Месяц";"% г/г";"0"
"2021-01-01";-4;"A";"Данные СберИндекса";"Воронежская область";"Месяц";"% г/г";"0"
"2021-02-01";-9;"A";"Данные СберИндекса";"Воронежская область";"Месяц";"% г/г";"0"
"2021-03-01";13;"A";"Данные СберИндекса";"Воронежская область";"Месяц";"% г/г";"0"
"2021-04-01";170;"A";"Данные СберИндекса";"Воронежская область";"Месяц";"% г/г";"0"
"2021-05-01";190;"A";"Данные СберИндекса";"Воронежская область";"Месяц";"% г/г";"0"
"2021-06-01";81;"A";"Данные СберИндекса";"Воронежская область";"Месяц";"% г/г";"0"
"2021-07-01";26;"A";"Данные СберИндекса";"Воронежская область";"Месяц";"% г/г";"0"
"2021-08-01";-3;"A";"Данные СберИндекса";"Воронежская область";"Месяц";"% г/г";"0"
"2021-09-01";-8;"A";"Данные СберИндекса";"Воронежская область";"Месяц";"% г/г";"0"
"2021-10-01";32;"A";"Данные СберИндекса";"Воронежская область";"Месяц";"% г/г";"0"
"2021-11-01";70;"A";"Данные СберИндекса";"Воронежская область";"Месяц";"% г/г";"0"
"2021-12-01";72;"A";"Данные СберИндекса";"Воронежская область";"Месяц";"% г/г";"0"
"2022-01-01";44;"A";"Данные СберИндекса";"Воронежская область";"Месяц";"% г/г";"0"
"2022-02-01";26;"A";"Данные СберИндекса";"Воронежская область";"Месяц";"% г/г";"0"
"2022-03-01";-2;"A";"Данные СберИндекса";"Воронежская область";"Месяц";"% г/г";"0"
"2022-04-01";20;"A";"Данные СберИндекса";"Воронежская область";"Месяц";"% г/г";"0"
"2019-01-01";18;"A";"Данные СберИндекса";"Владимирская область";"Месяц";"% г/г";"0"
"2019-02-01";13;"A";"Данные СберИндекса";"Владимирская область";"Месяц";"% г/г";"0"
"2019-03-01";19;"A";"Данные СберИндекса";"Владимирская область";"Месяц";"% г/г";"0"
"2019-04-01";25;"A";"Данные СберИндекса";"Владимирская область";"Месяц";"% г/г";"0"
"2019-05-01";41;"A";"Данные СберИндекса";"Владимирская область";"Месяц";"% г/г";"0"
"2019-06-01";21;"A";"Данные СберИндекса";"Владимирская область";"Месяц";"% г/г";"0"
"2019-07-01";26;"A";"Данные СберИндекса";"Владимирская область";"Месяц";"% г/г";"0"
"2019-08-01";19;"A";"Данные СберИндекса";"Владимирская область";"Месяц";"% г/г";"0"
"2019-09-01";34;"A";"Данные СберИндекса";"Владимирская область";"Месяц";"% г/г";"0"
"2019-10-01";26;"A";"Данные СберИндекса";"Владимирская область";"Месяц";"% г/г";"0"
"2019-11-01";33;"A";"Данные СберИндекса";"Владимирская область";"Месяц";"% г/г";"0"
"2019-12-01";36;"A";"Данные СберИндекса";"Владимирская область";"Месяц";"% г/г";"0"
"2020-01-01";42;"A";"Данные СберИндекса";"Владимирская область";"Месяц";"% г/г";"0"
"2020-02-01";74;"A";"Данные СберИндекса";"Владимирская область";"Месяц";"% г/г";"0"
"2020-03-01";84;"A";"Данные СберИндекса";"Владимирская область";"Месяц";"% г/г";"0"
"2020-04-01";17;"A";"Данные СберИндекса";"Владимирская область";"Месяц";"% г/г";"0"
"2020-05-01";-5;"A";"Данные СберИндекса";"Владимирская область";"Месяц";"% г/г";"0"
"2020-06-01";56;"A";"Данные СберИндекса";"Владимирская область";"Месяц";"% г/г";"0"
"2020-07-01";50;"A";"Данные СберИндекса";"Владимирская область";"Месяц";"% г/г";"0"
"2020-08-01";72;"A";"Данные СберИндекса";"Владимирская область";"Месяц";"% г/г";"0"
"2020-09-01";69;"A";"Данные СберИндекса";"Владимирская область";"Месяц";"% г/г";"0"
"2020-10-01";86;"A";"Данные СберИндекса";"Владимирская область";"Месяц";"% г/г";"0"
"2020-11-01";60;"A";"Данные СберИндекса";"Владимирская область";"Месяц";"% г/г";"0"
"2020-12-01";65;"A";"Данные СберИндекса";"Владимирская область";"Месяц";"% г/г";"0"
"2021-01-01";35;"A";"Данные СберИндекса";"Владимирская область";"Месяц";"% г/г";"0"
"2021-02-01";22;"A";"Данные СберИндекса";"Владимирская область";"Месяц";"% г/г";"0"
"2021-03-01";36;"A";"Данные СберИндекса";"Владимирская область";"Месяц";"% г/г";"0"
"2021-04-01";101;"A";"Данные СберИндекса";"Владимирская область";"Месяц";"% г/г";"0"
"2021-05-01";117;"A";"Данные СберИндекса";"Владимирская область";"Месяц";"% г/г";"0"
"2021-06-01";41;"A";"Данные СберИндекса";"Владимирская область";"Месяц";"% г/г";"0"
"2021-07-01";22;"A";"Данные СберИндекса";"Владимирская область";"Месяц";"% г/г";"0"
"2021-08-01";12;"A";"Данные СберИндекса";"Владимирская область";"Месяц";"% г/г";"0"
"2021-09-01";8;"A";"Данные СберИндекса";"Владимирская область";"Месяц";"% г/г";"0"
"2021-10-01";21;"A";"Данные СберИндекса";"Владимирская область";"Месяц";"% г/г";"0"
"2021-11-01";66;"A";"Данные СберИндекса";"Владимирская область";"Месяц";"% г/г";"0"
"2021-12-01";38;"A";"Данные СберИндекса";"Владимирская область";"Месяц";"% г/г";"0"
"2022-01-01";61;"A";"Данные СберИндекса";"Владимирская область";"Месяц";"% г/г";"0"
"2022-02-01";37;"A";"Данные СберИндекса";"Владимирская область";"Месяц";"% г/г";"0"
"2022-03-01";14;"A";"Данные СберИндекса";"Владимирская область";"Месяц";"% г/г";"0"
"2022-04-01";26;"A";"Данные СберИндекса";"Владимирская область";"Месяц";"% г/г";"0"
"2019-01-01";15;"A";"Данные СберИндекса";"Республика Саха (Якутия)";"Месяц";"% г/г";"0"
"2019-02-01";17;"A";"Данные СберИндекса";"Республика Саха (Якутия)";"Месяц";"% г/г";"0"
"2019-03-01";30;"A";"Данные СберИндекса";"Республика Саха (Якутия)";"Месяц";"% г/г";"0"
"2019-04-01";26;"A";"Данные СберИндекса";"Республика Саха (Якутия)";"Месяц";"% г/г";"0"
"2019-05-01";22;"A";"Данные СберИндекса";"Республика Саха (Якутия)";"Месяц";"% г/г";"0"
"2019-06-01";24;"A";"Данные СберИндекса";"Республика Саха (Якутия)";"Месяц";"% г/г";"0"
"2019-07-01";12;"A";"Данные СберИндекса";"Республика Саха (Якутия)";"Месяц";"% г/г";"0"
"2019-08-01";3;"A";"Данные СберИндекса";"Республика Саха (Якутия)";"Месяц";"% г/г";"0"
"2019-09-01";16;"A";"Данные СберИндекса";"Республика Саха (Якутия)";"Месяц";"% г/г";"0"
"2019-10-01";23;"A";"Данные СберИндекса";"Республика Саха (Якутия)";"Месяц";"% г/г";"0"
"2019-11-01";28;"A";"Данные СберИндекса";"Республика Саха (Якутия)";"Месяц";"% г/г";"0"
"2019-12-01";13;"A";"Данные СберИндекса";"Республика Саха (Якутия)";"Месяц";"% г/г";"0"
"2020-01-01";4;"A";"Данные СберИндекса";"Республика Саха (Якутия)";"Месяц";"% г/г";"0"
"2020-02-01";6;"A";"Данные СберИндекса";"Республика Саха (Якутия)";"Месяц";"% г/г";"0"
"2020-03-01";-7;"A";"Данные СберИндекса";"Республика Саха (Якутия)";"Месяц";"% г/г";"0"
"2020-04-01";-44;"A";"Данные СберИндекса";"Республика Саха (Якутия)";"Месяц";"% г/г";"0"
"2020-05-01";-43;"A";"Данные СберИндекса";"Республика Саха (Якутия)";"Месяц";"% г/г";"0"
"2020-06-01";-36;"A";"Данные СберИндекса";"Республика Саха (Якутия)";"Месяц";"% г/г";"0"
"2020-07-01";-21;"A";"Данные СберИндекса";"Республика Саха (Якутия)";"Месяц";"% г/г";"0"
"2020-08-01";-1;"A";"Данные СберИндекса";"Республика Саха (Якутия)";"Месяц";"% г/г";"0"
"2020-09-01";-3;"A";"Данные СберИндекса";"Республика Саха (Якутия)";"Месяц";"% г/г";"0"
"2020-10-01";-28;"A";"Данные СберИндекса";"Республика Саха (Якутия)";"Месяц";"% г/г";"0"
"2020-11-01";-29;"A";"Данные СберИндекса";"Республика Саха (Якутия)";"Месяц";"% г/г";"0"
"2020-12-01";-22;"A";"Данные СберИндекса";"Республика Саха (Якутия)";"Месяц";"% г/г";"0"
"2021-01-01";-14;"A";"Данные СберИндекса";"Республика Саха (Якутия)";"Месяц";"% г/г";"0"
"2021-02-01";-3;"A";"Данные СберИндекса";"Республика Саха (Якутия)";"Месяц";"% г/г";"0"
"2021-03-01";32;"A";"Данные СберИндекса";"Республика Саха (Якутия)";"Месяц";"% г/г";"0"
"2021-04-01";144;"A";"Данные СберИндекса";"Республика Саха (Якутия)";"Месяц";"% г/г";"0"
"2021-05-01";121;"A";"Данные СберИндекса";"Республика Саха (Якутия)";"Месяц";"% г/г";"0"
"2021-06-01";88;"A";"Данные СберИндекса";"Республика Саха (Якутия)";"Месяц";"% г/г";"0"
"2021-07-01";36;"A";"Данные СберИндекса";"Республика Саха (Якутия)";"Месяц";"% г/г";"0"
"2021-08-01";17;"A";"Данные СберИндекса";"Республика Саха (Якутия)";"Месяц";"% г/г";"0"
"2021-09-01";27;"A";"Данные СберИндекса";"Республика Саха (Якутия)";"Месяц";"% г/г";"0"
"2021-10-01";83;"A";"Данные СберИндекса";"Республика Саха (Якутия)";"Месяц";"% г/г";"0"
"2021-11-01";116;"A";"Данные СберИндекса";"Республика Саха (Якутия)";"Месяц";"% г/г";"0"
"2021-12-01";89;"A";"Данные СберИндекса";"Республика Саха (Якутия)";"Месяц";"% г/г";"0"
"2022-01-01";84;"A";"Данные СберИндекса";"Республика Саха (Якутия)";"Месяц";"% г/г";"0"
"2022-02-01";63;"A";"Данные СберИндекса";"Республика Саха (Якутия)";"Месяц";"% г/г";"0"
"2022-03-01";33;"A";"Данные СберИндекса";"Республика Саха (Якутия)";"Месяц";"% г/г";"0"
"2022-04-01";31;"A";"Данные СберИндекса";"Республика Саха (Якутия)";"Месяц";"% г/г";"0"
"2019-01-01";35;"A";"Данные СберИндекса";"Калининградская область";"Месяц";"% г/г";"0"
"2019-02-01";30;"A";"Данные СберИндекса";"Калининградская область";"Месяц";"% г/г";"0"
"2019-03-01";38;"A";"Данные СберИндекса";"Калининградская область";"Месяц";"% г/г";"0"
"2019-04-01";41;"A";"Данные СберИндекса";"Калининградская область";"Месяц";"% г/г";"0"
"2019-05-01";30;"A";"Данные СберИндекса";"Калининградская область";"Месяц";"% г/г";"0"
"2019-06-01";-10;"A";"Данные СберИндекса";"Калининградская область";"Месяц";"% г/г";"0"
"2019-07-01";16;"A";"Данные СберИндекса";"Калининградская область";"Месяц";"% г/г";"0"
"2019-08-01";21;"A";"Данные СберИндекса";"Калининградская область";"Месяц";"% г/г";"0"
"2019-09-01";41;"A";"Данные СберИндекса";"Калининградская область";"Месяц";"% г/г";"0"
"2019-10-01";31;"A";"Данные СберИндекса";"Калининградская область";"Месяц";"% г/г";"0"
"2019-11-01";29;"A";"Данные СберИндекса";"Калининградская область";"Месяц";"% г/г";"0"
"2019-12-01";26;"A";"Данные СберИндекса";"Калининградская область";"Месяц";"% г/г";"0"
"2020-01-01";21;"A";"Данные СберИндекса";"Калининградская область";"Месяц";"% г/г";"0"
"2020-02-01";31;"A";"Данные СберИндекса";"Калининградская область";"Месяц";"% г/г";"0"
"2020-03-01";-6;"A";"Данные СберИндекса";"Калининградская область";"Месяц";"% г/г";"0"
"2020-04-01";-81;"A";"Данные СберИндекса";"Калининградская область";"Месяц";"% г/г";"0"
"2020-05-01";-85;"A";"Данные СберИндекса";"Калининградская область";"Месяц";"% г/г";"0"
"2020-06-01";-57;"A";"Данные СберИндекса";"Калининградская область";"Месяц";"% г/г";"0"
"2020-07-01";23;"A";"Данные СберИндекса";"Калининградская область";"Месяц";"% г/г";"0"
"2020-08-01";67;"A";"Данные СберИндекса";"Калининградская область";"Месяц";"% г/г";"0"
"2020-09-01";66;"A";"Данные СберИндекса";"Калининградская область";"Месяц";"% г/г";"0"
"2020-10-01";20;"A";"Данные СберИндекса";"Калининградская область";"Месяц";"% г/г";"0"
"2020-11-01";7;"A";"Данные СберИндекса";"Калининградская область";"Месяц";"% г/г";"0"
"2020-12-01";3;"A";"Данные СберИндекса";"Калининградская область";"Месяц";"% г/г";"0"
"2021-01-01";28;"A";"Данные СберИндекса";"Калининградская область";"Месяц";"% г/г";"0"
"2021-02-01";27;"A";"Данные СберИндекса";"Калининградская область";"Месяц";"% г/г";"0"
"2021-03-01";126;"A";"Данные СберИндекса";"Калининградская область";"Месяц";"% г/г";"0"
"2021-04-01";1135;"A";"Данные СберИндекса";"Калининградская область";"Месяц";"% г/г";"0"
"2021-05-01";1701;"A";"Данные СберИндекса";"Калининградская область";"Месяц";"% г/г";"0"
"2021-06-01";681;"A";"Данные СберИндекса";"Калининградская область";"Месяц";"% г/г";"0"
"2021-07-01";100;"A";"Данные СберИндекса";"Калининградская область";"Месяц";"% г/г";"0"
"2021-08-01";43;"A";"Данные СберИндекса";"Калининградская область";"Месяц";"% г/г";"0"
"2021-09-01";47;"A";"Данные СберИндекса";"Калининградская область";"Месяц";"% г/г";"0"
"2021-10-01";107;"A";"Данные СберИндекса";"Калининградская область";"Месяц";"% г/г";"0"
"2021-11-01";126;"A";"Данные СберИндекса";"Калининградская область";"Месяц";"% г/г";"0"
"2021-12-01";115;"A";"Данные СберИндекса";"Калининградская область";"Месяц";"% г/г";"0"
"2022-01-01";93;"A";"Данные СберИндекса";"Калининградская область";"Месяц";"% г/г";"0"
"2022-02-01";70;"A";"Данные СберИндекса";"Калининградская область";"Месяц";"% г/г";"0"
"2022-03-01";2;"A";"Данные СберИндекса";"Калининградская область";"Месяц";"% г/г";"0"
"2022-04-01";-2;"A";"Данные СберИндекса";"Калининградская область";"Месяц";"% г/г";"0"
"2019-01-01";12;"A";"Данные СберИндекса";"Свердловская область";"Месяц";"% г/г";"0"
"2019-02-01";18;"A";"Данные СберИндекса";"Свердловская область";"Месяц";"% г/г";"0"
"2019-03-01";26;"A";"Данные СберИндекса";"Свердловская область";"Месяц";"% г/г";"0"
"2019-04-01";18;"A";"Данные СберИндекса";"Свердловская область";"Месяц";"% г/г";"0"
"2019-05-01";19;"A";"Данные СберИндекса";"Свердловская область";"Месяц";"% г/г";"0"
"2019-06-01";3;"A";"Данные СберИндекса";"Свердловская область";"Месяц";"% г/г";"0"
"2019-07-01";14;"A";"Данные СберИндекса";"Свердловская область";"Месяц";"% г/г";"0"
"2019-08-01";9;"A";"Данные СберИндекса";"Свердловская область";"Месяц";"% г/г";"0"
"2019-09-01";23;"A";"Данные СберИндекса";"Свердловская область";"Месяц";"% г/г";"0"
"2019-10-01";22;"A";"Данные СберИндекса";"Свердловская область";"Месяц";"% г/г";"0"
"2019-11-01";20;"A";"Данные СберИндекса";"Свердловская область";"Месяц";"% г/г";"0"
"2019-12-01";24;"A";"Данные СберИндекса";"Свердловская область";"Месяц";"% г/г";"0"
"2020-01-01";16;"A";"Данные СберИндекса";"Свердловская область";"Месяц";"% г/г";"0"
"2020-02-01";19;"A";"Данные СберИндекса";"Свердловская область";"Месяц";"% г/г";"0"
"2020-03-01";-5;"A";"Данные СберИндекса";"Свердловская область";"Месяц";"% г/г";"0"
"2020-04-01";-61;"A";"Данные СберИндекса";"Свердловская область";"Месяц";"% г/г";"0"
"2020-05-01";-53;"A";"Данные СберИндекса";"Свердловская область";"Месяц";"% г/г";"0"
"2020-06-01";-29;"A";"Данные СберИндекса";"Свердловская область";"Месяц";"% г/г";"0"
"2020-07-01";-27;"A";"Данные СберИндекса";"Свердловская область";"Месяц";"% г/г";"0"
"2020-08-01";-5;"A";"Данные СберИндекса";"Свердловская область";"Месяц";"% г/г";"0"
"2020-09-01";-9;"A";"Данные СберИндекса";"Свердловская область";"Месяц";"% г/г";"0"
"2020-10-01";-36;"A";"Данные СберИндекса";"Свердловская область";"Месяц";"% г/г";"0"
"2020-11-01";-42;"A";"Данные СберИндекса";"Свердловская область";"Месяц";"% г/г";"0"
"2020-12-01";-35;"A";"Данные СберИндекса";"Свердловская область";"Месяц";"% г/г";"0"
"2021-01-01";-16;"A";"Данные СберИндекса";"Свердловская область";"Месяц";"% г/г";"0"
"2021-02-01";-16;"A";"Данные СберИндекса";"Свердловская область";"Месяц";"% г/г";"0"
"2021-03-01";15;"A";"Данные СберИндекса";"Свердловская область";"Месяц";"% г/г";"0"
"2021-04-01";200;"A";"Данные СберИндекса";"Свердловская область";"Месяц";"% г/г";"0"
"2021-05-01";169;"A";"Данные СберИндекса";"Свердловская область";"Месяц";"% г/г";"0"
"2021-06-01";86;"A";"Данные СберИндекса";"Свердловская область";"Месяц";"% г/г";"0"
"2021-07-01";56;"A";"Данные СберИндекса";"Свердловская область";"Месяц";"% г/г";"0"
"2021-08-01";32;"A";"Данные СберИндекса";"Свердловская область";"Месяц";"% г/г";"0"
"2021-09-01";22;"A";"Данные СберИндекса";"Свердловская область";"Месяц";"% г/г";"0"
"2021-10-01";75;"A";"Данные СберИндекса";"Свердловская область";"Месяц";"% г/г";"0"
"2021-11-01";89;"A";"Данные СберИндекса";"Свердловская область";"Месяц";"% г/г";"0"
"2021-12-01";74;"A";"Данные СберИндекса";"Свердловская область";"Месяц";"% г/г";"0"
"2022-01-01";57;"A";"Данные СберИндекса";"Свердловская область";"Месяц";"% г/г";"0"
"2022-02-01";22;"A";"Данные СберИндекса";"Свердловская область";"Месяц";"% г/г";"0"
"2022-03-01";1;"A";"Данные СберИндекса";"Свердловская область";"Месяц";"% г/г";"0"
"2022-04-01";5;"A";"Данные СберИндекса";"Свердловская область";"Месяц";"% г/г";"0"
"2019-01-01";13;"A";"Данные СберИндекса";"Республика Башкортостан";"Месяц";"% г/г";"0"
"2019-02-01";11;"A";"Данные СберИндекса";"Республика Башкортостан";"Месяц";"% г/г";"0"
"2019-03-01";6;"A";"Данные СберИндекса";"Республика Башкортостан";"Месяц";"% г/г";"0"
"2019-04-01";8;"A";"Данные СберИндекса";"Республика Башкортостан";"Месяц";"% г/г";"0"
"2019-05-01";11;"A";"Данные СберИндекса";"Республика Башкортостан";"Месяц";"% г/г";"0"
"2019-06-01";-4;"A";"Данные СберИндекса";"Республика Башкортостан";"Месяц";"% г/г";"0"
"2019-07-01";-3;"A";"Данные СберИндекса";"Республика Башкортостан";"Месяц";"% г/г";"0"
"2019-08-01";-8;"A";"Данные СберИндекса";"Республика Башкортостан";"Месяц";"% г/г";"0"
"2019-09-01";5;"A";"Данные СберИндекса";"Республика Башкортостан";"Месяц";"% г/г";"0"
"2019-10-01";7;"A";"Данные СберИндекса";"Республика Башкортостан";"Месяц";"% г/г";"0"
"2019-11-01";-2;"A";"Данные СберИндекса";"Республика Башкортостан";"Месяц";"% г/г";"0"
"2019-12-01";0;"A";"Данные СберИндекса";"Республика Башкортостан";"Месяц";"% г/г";"0"
"2020-01-01";-2;"A";"Данные СберИндекса";"Республика Башкортостан";"Месяц";"% г/г";"0"
"2020-02-01";9;"A";"Данные СберИндекса";"Республика Башкортостан";"Месяц";"% г/г";"0"
"2020-03-01";6;"A";"Данные СберИндекса";"Республика Башкортостан";"Месяц";"% г/г";"0"
"2020-04-01";-52;"A";"Данные СберИндекса";"Республика Башкортостан";"Месяц";"% г/г";"0"
"2020-05-01";-42;"A";"Данные СберИндекса";"Республика Башкортостан";"Месяц";"% г/г";"0"
"2020-06-01";-6;"A";"Данные СберИндекса";"Республика Башкортостан";"Месяц";"% г/г";"0"
"2020-07-01";-6;"A";"Данные СберИндекса";"Республика Башкортостан";"Месяц";"% г/г";"0"
"2020-08-01";5;"A";"Данные СберИндекса";"Республика Башкортостан";"Месяц";"% г/г";"0"
"2020-09-01";2;"A";"Данные СберИндекса";"Республика Башкортостан";"Месяц";"% г/г";"0"
"2020-10-01";-24;"A";"Данные СберИндекса";"Республика Башкортостан";"Месяц";"% г/г";"0"
"2020-11-01";-34;"A";"Данные СберИндекса";"Республика Башкортостан";"Месяц";"% г/г";"0"
"2020-12-01";-25;"A";"Данные СберИндекса";"Республика Башкортостан";"Месяц";"% г/г";"0"
"2021-01-01";-6;"A";"Данные СберИндекса";"Республика Башкортостан";"Месяц";"% г/г";"0"
"2021-02-01";-9;"A";"Данные СберИндекса";"Республика Башкортостан";"Месяц";"% г/г";"0"
"2021-03-01";12;"A";"Данные СберИндекса";"Республика Башкортостан";"Месяц";"% г/г";"0"
"2021-04-01";153;"A";"Данные СберИндекса";"Республика Башкортостан";"Месяц";"% г/г";"0"
"2021-05-01";121;"A";"Данные СберИндекса";"Республика Башкортостан";"Месяц";"% г/г";"0"
"2021-06-01";45;"A";"Данные СберИндекса";"Республика Башкортостан";"Месяц";"% г/г";"0"
"2021-07-01";28;"A";"Данные СберИндекса";"Республика Башкортостан";"Месяц";"% г/г";"0"
"2021-08-01";23;"A";"Данные СберИндекса";"Республика Башкортостан";"Месяц";"% г/г";"0"
"2021-09-01";11;"A";"Данные СберИндекса";"Республика Башкортостан";"Месяц";"% г/г";"0"
"2021-10-01";50;"A";"Данные СберИндекса";"Республика Башкортостан";"Месяц";"% г/г";"0"
"2021-11-01";88;"A";"Данные СберИндекса";"Республика Башкортостан";"Месяц";"% г/г";"0"
"2021-12-01";67;"A";"Данные СберИндекса";"Республика Башкортостан";"Месяц";"% г/г";"0"
"2022-01-01";44;"A";"Данные СберИндекса";"Республика Башкортостан";"Месяц";"% г/г";"0"
"2022-02-01";20;"A";"Данные СберИндекса";"Республика Башкортостан";"Месяц";"% г/г";"0"
"2022-03-01";7;"A";"Данные СберИндекса";"Республика Башкортостан";"Месяц";"% г/г";"0"
"2022-04-01";10;"A";"Данные СберИндекса";"Республика Башкортостан";"Месяц";"% г/г";"0"
"2019-01-01";12;"A";"Данные СберИндекса";"Кабардино-Балкарская Республика";"Месяц";"% г/г";"0"
"2019-02-01";12;"A";"Данные СберИндекса";"Кабардино-Балкарская Республика";"Месяц";"% г/г";"0"
"2019-03-01";10;"A";"Данные СберИндекса";"Кабардино-Балкарская Республика";"Месяц";"% г/г";"0"
"2019-04-01";36;"A";"Данные СберИндекса";"Кабардино-Балкарская Республика";"Месяц";"% г/г";"0"
"2019-05-01";30;"A";"Данные СберИндекса";"Кабардино-Балкарская Республика";"Месяц";"% г/г";"0"
"2019-06-01";11;"A";"Данные СберИндекса";"Кабардино-Балкарская Республика";"Месяц";"% г/г";"0"
"2019-07-01";23;"A";"Данные СберИндекса";"Кабардино-Балкарская Республика";"Месяц";"% г/г";"0"
"2019-08-01";14;"A";"Данные СберИндекса";"Кабардино-Балкарская Республика";"Месяц";"% г/г";"0"
"2019-09-01";26;"A";"Данные СберИндекса";"Кабардино-Балкарская Республика";"Месяц";"% г/г";"0"
"2019-10-01";29;"A";"Данные СберИндекса";"Кабардино-Балкарская Республика";"Месяц";"% г/г";"0"
"2019-11-01";25;"A";"Данные СберИндекса";"Кабардино-Балкарская Республика";"Месяц";"% г/г";"0"
"2019-12-01";17;"A";"Данные СберИндекса";"Кабардино-Балкарская Республика";"Месяц";"% г/г";"0"
"2020-01-01";24;"A";"Данные СберИндекса";"Кабардино-Балкарская Республика";"Месяц";"% г/г";"0"
"2020-02-01";34;"A";"Данные СберИндекса";"Кабардино-Балкарская Республика";"Месяц";"% г/г";"0"
"2020-03-01";11;"A";"Данные СберИндекса";"Кабардино-Балкарская Республика";"Месяц";"% г/г";"0"
"2020-04-01";-50;"A";"Данные СберИндекса";"Кабардино-Балкарская Республика";"Месяц";"% г/г";"0"
"2020-05-01";-58;"A";"Данные СберИндекса";"Кабардино-Балкарская Республика";"Месяц";"% г/г";"0"
"2020-06-01";-19;"A";"Данные СберИндекса";"Кабардино-Балкарская Республика";"Месяц";"% г/г";"0"
"2020-07-01";-8;"A";"Данные СберИндекса";"Кабардино-Балкарская Республика";"Месяц";"% г/г";"0"
"2020-08-01";28;"A";"Данные СберИндекса";"Кабардино-Балкарская Республика";"Месяц";"% г/г";"0"
"2020-09-01";40;"A";"Данные СберИндекса";"Кабардино-Балкарская Республика";"Месяц";"% г/г";"0"
"2020-10-01";7;"A";"Данные СберИндекса";"Кабардино-Балкарская Республика";"Месяц";"% г/г";"0"
"2020-11-01";6;"A";"Данные СберИндекса";"Кабардино-Балкарская Республика";"Месяц";"% г/г";"0"
"2020-12-01";8;"A";"Данные СберИндекса";"Кабардино-Балкарская Республика";"Месяц";"% г/г";"0"
"2021-01-01";23;"A";"Данные СберИндекса";"Кабардино-Балкарская Республика";"Месяц";"% г/г";"0"
"2021-02-01";17;"A";"Данные СберИндекса";"Кабардино-Балкарская Республика";"Месяц";"% г/г";"0"
"2021-03-01";59;"A";"Данные СберИндекса";"Кабардино-Балкарская Республика";"Месяц";"% г/г";"0"
"2021-04-01";175;"A";"Данные СберИндекса";"Кабардино-Балкарская Республика";"Месяц";"% г/г";"0"
"2021-05-01";362;"A";"Данные СберИндекса";"Кабардино-Балкарская Республика";"Месяц";"% г/г";"0"
"2021-06-01";126;"A";"Данные СберИндекса";"Кабардино-Балкарская Республика";"Месяц";"% г/г";"0"
"2021-07-01";55;"A";"Данные СберИндекса";"Кабардино-Балкарская Республика";"Месяц";"% г/г";"0"
"2021-08-01";12;"A";"Данные СберИндекса";"Кабардино-Балкарская Республика";"Месяц";"% г/г";"0"
"2021-09-01";1;"A";"Данные СберИндекса";"Кабардино-Балкарская Республика";"Месяц";"% г/г";"0"
"2021-10-01";24;"A";"Данные СберИндекса";"Кабардино-Балкарская Республика";"Месяц";"% г/г";"0"
"2021-11-01";93;"A";"Данные СберИндекса";"Кабардино-Балкарская Республика";"Месяц";"% г/г";"0"
"2021-12-01";34;"A";"Данные СберИндекса";"Кабардино-Балкарская Республика";"Месяц";"% г/г";"0"
"2022-01-01";24;"A";"Данные СберИндекса";"Кабардино-Балкарская Республика";"Месяц";"% г/г";"0"
"2022-02-01";16;"A";"Данные СберИндекса";"Кабардино-Балкарская Республика";"Месяц";"% г/г";"0"
"2022-03-01";-23;"A";"Данные СберИндекса";"Кабардино-Балкарская Республика";"Месяц";"% г/г";"0"
"2022-04-01";16;"A";"Данные СберИндекса";"Кабардино-Балкарская Республика";"Месяц";"% г/г";"0"
"2019-01-01";-18;"A";"Данные СберИндекса";"Республика Бурятия";"Месяц";"% г/г";"0"
"2019-02-01";-6;"A";"Данные СберИндекса";"Республика Бурятия";"Месяц";"% г/г";"0"
"2019-03-01";22;"A";"Данные СберИндекса";"Республика Бурятия";"Месяц";"% г/г";"0"
"2019-04-01";17;"A";"Данные СберИндекса";"Республика Бурятия";"Месяц";"% г/г";"0"
"2019-05-01";19;"A";"Данные СберИндекса";"Республика Бурятия";"Месяц";"% г/г";"0"
"2019-06-01";-1;"A";"Данные СберИндекса";"Республика Бурятия";"Месяц";"% г/г";"0"
"2019-07-01";10;"A";"Данные СберИндекса";"Республика Бурятия";"Месяц";"% г/г";"0"
"2019-08-01";1;"A";"Данные СберИндекса";"Республика Бурятия";"Месяц";"% г/г";"0"
"2019-09-01";20;"A";"Данные СберИндекса";"Республика Бурятия";"Месяц";"% г/г";"0"
"2019-10-01";30;"A";"Данные СберИндекса";"Республика Бурятия";"Месяц";"% г/г";"0"
"2019-11-01";32;"A";"Данные СберИндекса";"Республика Бурятия";"Месяц";"% г/г";"0"
"2019-12-01";42;"A";"Данные СберИндекса";"Республика Бурятия";"Месяц";"% г/г";"0"
"2020-01-01";48;"A";"Данные СберИндекса";"Республика Бурятия";"Месяц";"% г/г";"0"
"2020-02-01";68;"A";"Данные СберИндекса";"Республика Бурятия";"Месяц";"% г/г";"0"
"2020-03-01";54;"A";"Данные СберИндекса";"Республика Бурятия";"Месяц";"% г/г";"0"
"2020-04-01";-42;"A";"Данные СберИндекса";"Республика Бурятия";"Месяц";"% г/г";"0"
"2020-05-01";-43;"A";"Данные СберИндекса";"Республика Бурятия";"Месяц";"% г/г";"0"
"2020-06-01";-16;"A";"Данные СберИндекса";"Республика Бурятия";"Месяц";"% г/г";"0"
"2020-07-01";-1;"A";"Данные СберИндекса";"Республика Бурятия";"Месяц";"% г/г";"0"
"2020-08-01";11;"A";"Данные СберИндекса";"Республика Бурятия";"Месяц";"% г/г";"0"
"2020-09-01";0;"A";"Данные СберИндекса";"Республика Бурятия";"Месяц";"% г/г";"0"
"2020-10-01";-29;"A";"Данные СберИндекса";"Республика Бурятия";"Месяц";"% г/г";"0"
"2020-11-01";-48;"A";"Данные СберИндекса";"Республика Бурятия";"Месяц";"% г/г";"0"
"2020-12-01";-40;"A";"Данные СберИндекса";"Республика Бурятия";"Месяц";"% г/г";"0"
"2021-01-01";-28;"A";"Данные СберИндекса";"Республика Бурятия";"Месяц";"% г/г";"0"
"2021-02-01";-24;"A";"Данные СберИндекса";"Республика Бурятия";"Месяц";"% г/г";"0"
"2021-03-01";-8;"A";"Данные СберИндекса";"Республика Бурятия";"Месяц";"% г/г";"0"
"2021-04-01";124;"A";"Данные СберИндекса";"Республика Бурятия";"Месяц";"% г/г";"0"
"2021-05-01";120;"A";"Данные СберИндекса";"Республика Бурятия";"Месяц";"% г/г";"0"
"2021-06-01";57;"A";"Данные СберИндекса";"Республика Бурятия";"Месяц";"% г/г";"0"
"2021-07-01";-3;"A";"Данные СберИндекса";"Республика Бурятия";"Месяц";"% г/г";"0"
"2021-08-01";9;"A";"Данные СберИндекса";"Республика Бурятия";"Месяц";"% г/г";"0"
"2021-09-01";15;"A";"Данные СберИндекса";"Республика Бурятия";"Месяц";"% г/г";"0"
"2021-10-01";55;"A";"Данные СберИндекса";"Республика Бурятия";"Месяц";"% г/г";"0"
"2021-11-01";123;"A";"Данные СберИндекса";"Республика Бурятия";"Месяц";"% г/г";"0"
"2021-12-01";89;"A";"Данные СберИндекса";"Республика Бурятия";"Месяц";"% г/г";"0"
"2022-01-01";47;"A";"Данные СберИндекса";"Республика Бурятия";"Месяц";"% г/г";"0"
"2022-02-01";12;"A";"Данные СберИндекса";"Республика Бурятия";"Месяц";"% г/г";"0"
"2022-03-01";7;"A";"Данные СберИндекса";"Республика Бурятия";"Месяц";"% г/г";"0"
"2022-04-01";14;"A";"Данные СберИндекса";"Республика Бурятия";"Месяц";"% г/г";"0"
"2019-01-01";14;"A";"Данные СберИндекса";"Томская область";"Месяц";"% г/г";"0"
"2019-02-01";6;"A";"Данные СберИндекса";"Томская область";"Месяц";"% г/г";"0"
"2019-03-01";20;"A";"Данные СберИндекса";"Томская область";"Месяц";"% г/г";"0"
"2019-04-01";21;"A";"Данные СберИндекса";"Томская область";"Месяц";"% г/г";"0"
"2019-05-01";27;"A";"Данные СберИндекса";"Томская область";"Месяц";"% г/г";"0"
"2019-06-01";16;"A";"Данные СберИндекса";"Томская область";"Месяц";"% г/г";"0"
"2019-07-01";21;"A";"Данные СберИндекса";"Томская область";"Месяц";"% г/г";"0"
"2019-08-01";14;"A";"Данные СберИндекса";"Томская область";"Месяц";"% г/г";"0"
"2019-09-01";17;"A";"Данные СберИндекса";"Томская область";"Месяц";"% г/г";"0"
"2019-10-01";15;"A";"Данные СберИндекса";"Томская область";"Месяц";"% г/г";"0"
"2019-11-01";17;"A";"Данные СберИндекса";"Томская область";"Месяц";"% г/г";"0"
"2019-12-01";15;"A";"Данные СберИндекса";"Томская область";"Месяц";"% г/г";"0"
"2020-01-01";9;"A";"Данные СберИндекса";"Томская область";"Месяц";"% г/г";"0"
"2020-02-01";18;"A";"Данные СберИндекса";"Томская область";"Месяц";"% г/г";"0"
"2020-03-01";-6;"A";"Данные СберИндекса";"Томская область";"Месяц";"% г/г";"0"
"2020-04-01";-58;"A";"Данные СберИндекса";"Томская область";"Месяц";"% г/г";"0"
"2020-05-01";-58;"A";"Данные СберИндекса";"Томская область";"Месяц";"% г/г";"0"
"2020-06-01";-27;"A";"Данные СберИндекса";"Томская область";"Месяц";"% г/г";"0"
"2020-07-01";-14;"A";"Данные СберИндекса";"Томская область";"Месяц";"% г/г";"0"
"2020-08-01";-2;"A";"Данные СберИндекса";"Томская область";"Месяц";"% г/г";"0"
"2020-09-01";-9;"A";"Данные СберИндекса";"Томская область";"Месяц";"% г/г";"0"
"2020-10-01";-37;"A";"Данные СберИндекса";"Томская область";"Месяц";"% г/г";"0"
"2020-11-01";-45;"A";"Данные СберИндекса";"Томская область";"Месяц";"% г/г";"0"
"2020-12-01";-37;"A";"Данные СберИндекса";"Томская область";"Месяц";"% г/г";"0"
"2021-01-01";-17;"A";"Данные СберИндекса";"Томская область";"Месяц";"% г/г";"0"
"2021-02-01";-18;"A";"Данные СберИндекса";"Томская область";"Месяц";"% г/г";"0"
"2021-03-01";8;"A";"Данные СберИндекса";"Томская область";"Месяц";"% г/г";"0"
"2021-04-01";155;"A";"Данные СберИндекса";"Томская область";"Месяц";"% г/г";"0"
"2021-05-01";163;"A";"Данные СберИндекса";"Томская область";"Месяц";"% г/г";"0"
"2021-06-01";57;"A";"Данные СберИндекса";"Томская область";"Месяц";"% г/г";"0"
"2021-07-01";38;"A";"Данные СберИндекса";"Томская область";"Месяц";"% г/г";"0"
"2021-08-01";29;"A";"Данные СберИндекса";"Томская область";"Месяц";"% г/г";"0"
"2021-09-01";16;"A";"Данные СберИндекса";"Томская область";"Месяц";"% г/г";"0"
"2021-10-01";78;"A";"Данные СберИндекса";"Томская область";"Месяц";"% г/г";"0"
"2021-11-01";112;"A";"Данные СберИндекса";"Томская область";"Месяц";"% г/г";"0"
"2021-12-01";102;"A";"Данные СберИндекса";"Томская область";"Месяц";"% г/г";"0"
"2022-01-01";83;"A";"Данные СберИндекса";"Томская область";"Месяц";"% г/г";"0"
"2022-02-01";35;"A";"Данные СберИндекса";"Томская область";"Месяц";"% г/г";"0"
"2022-03-01";15;"A";"Данные СберИндекса";"Томская область";"Месяц";"% г/г";"0"
"2022-04-01";18;"A";"Данные СберИндекса";"Томская область";"Месяц";"% г/г";"0"
"2019-01-01";27;"A";"Данные СберИндекса";"Краснодарский край";"Месяц";"% г/г";"0"
"2019-02-01";28;"A";"Данные СберИндекса";"Краснодарский край";"Месяц";"% г/г";"0"
"2019-03-01";34;"A";"Данные СберИндекса";"Краснодарский край";"Месяц";"% г/г";"0"
"2019-04-01";35;"A";"Данные СберИндекса";"Краснодарский край";"Месяц";"% г/г";"0"
"2019-05-01";31;"A";"Данные СберИндекса";"Краснодарский край";"Месяц";"% г/г";"0"
"2019-06-01";15;"A";"Данные СберИндекса";"Краснодарский край";"Месяц";"% г/г";"0"
"2019-07-01";24;"A";"Данные СберИндекса";"Краснодарский край";"Месяц";"% г/г";"0"
"2019-08-01";17;"A";"Данные СберИндекса";"Краснодарский край";"Месяц";"% г/г";"0"
"2019-09-01";20;"A";"Данные СберИндекса";"Краснодарский край";"Месяц";"% г/г";"0"
"2019-10-01";27;"A";"Данные СберИндекса";"Краснодарский край";"Месяц";"% г/г";"0"
"2019-11-01";31;"A";"Данные СберИндекса";"Краснодарский край";"Месяц";"% г/г";"0"
"2019-12-01";29;"A";"Данные СберИндекса";"Краснодарский край";"Месяц";"% г/г";"0"
"2020-01-01";16;"A";"Данные СберИндекса";"Краснодарский край";"Месяц";"% г/г";"0"
"2020-02-01";15;"A";"Данные СберИндекса";"Краснодарский край";"Месяц";"% г/г";"0"
"2020-03-01";10;"A";"Данные СберИндекса";"Краснодарский край";"Месяц";"% г/г";"0"
"2020-04-01";-67;"A";"Данные СберИндекса";"Краснодарский край";"Месяц";"% г/г";"0"
"2020-05-01";-72;"A";"Данные СберИндекса";"Краснодарский край";"Месяц";"% г/г";"0"
"2020-06-01";-53;"A";"Данные СберИндекса";"Краснодарский край";"Месяц";"% г/г";"0"
"2020-07-01";-5;"A";"Данные СберИндекса";"Краснодарский край";"Месяц";"% г/г";"0"
"2020-08-01";23;"A";"Данные СберИндекса";"Краснодарский край";"Месяц";"% г/г";"0"
"2020-09-01";33;"A";"Данные СберИндекса";"Краснодарский край";"Месяц";"% г/г";"0"
"2020-10-01";26;"A";"Данные СберИндекса";"Краснодарский край";"Месяц";"% г/г";"0"
"2020-11-01";3;"A";"Данные СберИндекса";"Краснодарский край";"Месяц";"% г/г";"0"
"2020-12-01";11;"A";"Данные СберИндекса";"Краснодарский край";"Месяц";"% г/г";"0"
"2021-01-01";31;"A";"Данные СберИндекса";"Краснодарский край";"Месяц";"% г/г";"0"
"2021-02-01";32;"A";"Данные СберИндекса";"Краснодарский край";"Месяц";"% г/г";"0"
"2021-03-01";72;"A";"Данные СберИндекса";"Краснодарский край";"Месяц";"% г/г";"0"
"2021-04-01";501;"A";"Данные СберИндекса";"Краснодарский край";"Месяц";"% г/г";"0"
"2021-05-01";636;"A";"Данные СберИндекса";"Краснодарский край";"Месяц";"% г/г";"0"
"2021-06-01";297;"A";"Данные СберИндекса";"Краснодарский край";"Месяц";"% г/г";"0"
"2021-07-01";49;"A";"Данные СберИндекса";"Краснодарский край";"Месяц";"% г/г";"0"
"2021-08-01";11;"A";"Данные СберИндекса";"Краснодарский край";"Месяц";"% г/г";"0"
"2021-09-01";3;"A";"Данные СберИндекса";"Краснодарский край";"Месяц";"% г/г";"0"
"2021-10-01";35;"A";"Данные СберИндекса";"Краснодарский край";"Месяц";"% г/г";"0"
"2021-11-01";83;"A";"Данные СберИндекса";"Краснодарский край";"Месяц";"% г/г";"0"
"2021-12-01";63;"A";"Данные СберИндекса";"Краснодарский край";"Месяц";"% г/г";"0"
"2022-01-01";52;"A";"Данные СберИндекса";"Краснодарский край";"Месяц";"% г/г";"0"
"2022-02-01";32;"A";"Данные СберИндекса";"Краснодарский край";"Месяц";"% г/г";"0"
"2022-03-01";-14;"A";"Данные СберИндекса";"Краснодарский край";"Месяц";"% г/г";"0"
"2022-04-01";-5;"A";"Данные СберИндекса";"Краснодарский край";"Месяц";"% г/г";"0"
"2019-01-01";-10;"A";"Данные СберИндекса";"Сахалинская область";"Месяц";"% г/г";"0"
"2019-02-01";-12;"A";"Данные СберИндекса";"Сахалинская область";"Месяц";"% г/г";"0"
"2019-03-01";-16;"A";"Данные СберИндекса";"Сахалинская область";"Месяц";"% г/г";"0"
"2019-04-01";13;"A";"Данные СберИндекса";"Сахалинская область";"Месяц";"% г/г";"0"
"2019-05-01";8;"A";"Данные СберИндекса";"Сахалинская область";"Месяц";"% г/г";"0"
"2019-06-01";5;"A";"Данные СберИндекса";"Сахалинская область";"Месяц";"% г/г";"0"
"2019-07-01";-5;"A";"Данные СберИндекса";"Сахалинская область";"Месяц";"% г/г";"0"
"2019-08-01";-17;"A";"Данные СберИндекса";"Сахалинская область";"Месяц";"% г/г";"0"
"2019-09-01";7;"A";"Данные СберИндекса";"Сахалинская область";"Месяц";"% г/г";"0"
"2019-10-01";19;"A";"Данные СберИндекса";"Сахалинская область";"Месяц";"% г/г";"0"
"2019-11-01";26;"A";"Данные СберИндекса";"Сахалинская область";"Месяц";"% г/г";"0"
"2019-12-01";2;"A";"Данные СберИндекса";"Сахалинская область";"Месяц";"% г/г";"0"
"2020-01-01";4;"A";"Данные СберИндекса";"Сахалинская область";"Месяц";"% г/г";"0"
"2020-02-01";8;"A";"Данные СберИндекса";"Сахалинская область";"Месяц";"% г/г";"0"
"2020-03-01";24;"A";"Данные СберИндекса";"Сахалинская область";"Месяц";"% г/г";"0"
"2020-04-01";-60;"A";"Данные СберИндекса";"Сахалинская область";"Месяц";"% г/г";"0"
"2020-05-01";-53;"A";"Данные СберИндекса";"Сахалинская область";"Месяц";"% г/г";"0"
"2020-06-01";-54;"A";"Данные СберИндекса";"Сахалинская область";"Месяц";"% г/г";"0"
"2020-07-01";-33;"A";"Данные СберИндекса";"Сахалинская область";"Месяц";"% г/г";"0"
"2020-08-01";-9;"A";"Данные СберИндекса";"Сахалинская область";"Месяц";"% г/г";"0"
"2020-09-01";-4;"A";"Данные СберИндекса";"Сахалинская область";"Месяц";"% г/г";"0"
"2020-10-01";-17;"A";"Данные СберИндекса";"Сахалинская область";"Месяц";"% г/г";"0"
"2020-11-01";-24;"A";"Данные СберИндекса";"Сахалинская область";"Месяц";"% г/г";"0"
"2020-12-01";-18;"A";"Данные СберИндекса";"Сахалинская область";"Месяц";"% г/г";"0"
"2021-01-01";8;"A";"Данные СберИндекса";"Сахалинская область";"Месяц";"% г/г";"0"
"2021-02-01";12;"A";"Данные СберИндекса";"Сахалинская область";"Месяц";"% г/г";"0"
"2021-03-01";39;"A";"Данные СберИндекса";"Сахалинская область";"Месяц";"% г/г";"0"
"2021-04-01";251;"A";"Данные СберИндекса";"Сахалинская область";"Месяц";"% г/г";"0"
"2021-05-01";234;"A";"Данные СберИндекса";"Сахалинская область";"Месяц";"% г/г";"0"
"2021-06-01";216;"A";"Данные СберИндекса";"Сахалинская область";"Месяц";"% г/г";"0"
"2021-07-01";104;"A";"Данные СберИндекса";"Сахалинская область";"Месяц";"% г/г";"0"
"2021-08-01";66;"A";"Данные СберИндекса";"Сахалинская область";"Месяц";"% г/г";"0"
"2021-09-01";48;"A";"Данные СберИндекса";"Сахалинская область";"Месяц";"% г/г";"0"
"2021-10-01";71;"A";"Данные СберИндекса";"Сахалинская область";"Месяц";"% г/г";"0"
"2021-11-01";126;"A";"Данные СберИндекса";"Сахалинская область";"Месяц";"% г/г";"0"
"2021-12-01";99;"A";"Данные СберИндекса";"Сахалинская область";"Месяц";"% г/г";"0"
"2022-01-01";99;"A";"Данные СберИндекса";"Сахалинская область";"Месяц";"% г/г";"0"
"2022-02-01";94;"A";"Данные СберИндекса";"Сахалинская область";"Месяц";"% г/г";"0"
"2022-03-01";41;"A";"Данные СберИндекса";"Сахалинская область";"Месяц";"% г/г";"0"
"2022-04-01";26;"A";"Данные СберИндекса";"Сахалинская область";"Месяц";"% г/г";"0"
"2019-01-01";13;"A";"Данные СберИндекса";"Красноярский край";"Месяц";"% г/г";"0"
"2019-02-01";20;"A";"Данные СберИндекса";"Красноярский край";"Месяц";"% г/г";"0"
"2019-03-01";30;"A";"Данные СберИндекса";"Красноярский край";"Месяц";"% г/г";"0"
"2019-04-01";14;"A";"Данные СберИндекса";"Красноярский край";"Месяц";"% г/г";"0"
"2019-05-01";23;"A";"Данные СберИндекса";"Красноярский край";"Месяц";"% г/г";"0"
"2019-06-01";12;"A";"Данные СберИндекса";"Красноярский край";"Месяц";"% г/г";"0"
"2019-07-01";15;"A";"Данные СберИндекса";"Красноярский край";"Месяц";"% г/г";"0"
"2019-08-01";11;"A";"Данные СберИндекса";"Красноярский край";"Месяц";"% г/г";"0"
"2019-09-01";24;"A";"Данные СберИндекса";"Красноярский край";"Месяц";"% г/г";"0"
"2019-10-01";18;"A";"Данные СберИндекса";"Красноярский край";"Месяц";"% г/г";"0"
"2019-11-01";21;"A";"Данные СберИндекса";"Красноярский край";"Месяц";"% г/г";"0"
"2019-12-01";21;"A";"Данные СберИндекса";"Красноярский край";"Месяц";"% г/г";"0"
"2020-01-01";15;"A";"Данные СберИндекса";"Красноярский край";"Месяц";"% г/г";"0"
"2020-02-01";11;"A";"Данные СберИндекса";"Красноярский край";"Месяц";"% г/г";"0"
"2020-03-01";-5;"A";"Данные СберИндекса";"Красноярский край";"Месяц";"% г/г";"0"
"2020-04-01";-44;"A";"Данные СберИндекса";"Красноярский край";"Месяц";"% г/г";"0"
"2020-05-01";-36;"A";"Данные СберИндекса";"Красноярский край";"Месяц";"% г/г";"0"
"2020-06-01";-19;"A";"Данные СберИндекса";"Красноярский край";"Месяц";"% г/г";"0"
"2020-07-01";-13;"A";"Данные СберИндекса";"Красноярский край";"Месяц";"% г/г";"0"
"2020-08-01";4;"A";"Данные СберИндекса";"Красноярский край";"Месяц";"% г/г";"0"
"2020-09-01";-3;"A";"Данные СберИндекса";"Красноярский край";"Месяц";"% г/г";"0"
"2020-10-01";-23;"A";"Данные СберИндекса";"Красноярский край";"Месяц";"% г/г";"0"
"2020-11-01";-34;"A";"Данные СберИндекса";"Красноярский край";"Месяц";"% г/г";"0"
"2020-12-01";-29;"A";"Данные СберИндекса";"Красноярский край";"Месяц";"% г/г";"0"
"2021-01-01";-10;"A";"Данные СберИндекса";"Красноярский край";"Месяц";"% г/г";"0"
"2021-02-01";-8;"A";"Данные СберИндекса";"Красноярский край";"Месяц";"% г/г";"0"
"2021-03-01";12;"A";"Данные СберИндекса";"Красноярский край";"Месяц";"% г/г";"0"
"2021-04-01";119;"A";"Данные СберИндекса";"Красноярский край";"Месяц";"% г/г";"0"
"2021-05-01";100;"A";"Данные СберИндекса";"Красноярский край";"Месяц";"% г/г";"0"
"2021-06-01";63;"A";"Данные СберИндекса";"Красноярский край";"Месяц";"% г/г";"0"
"2021-07-01";42;"A";"Данные СберИндекса";"Красноярский край";"Месяц";"% г/г";"0"
"2021-08-01";29;"A";"Данные СберИндекса";"Красноярский край";"Месяц";"% г/г";"0"
"2021-09-01";24;"A";"Данные СберИндекса";"Красноярский край";"Месяц";"% г/г";"0"
"2021-10-01";59;"A";"Данные СберИндекса";"Красноярский край";"Месяц";"% г/г";"0"
"2021-11-01";99;"A";"Данные СберИндекса";"Красноярский край";"Месяц";"% г/г";"0"
"2021-12-01";91;"A";"Данные СберИндекса";"Красноярский край";"Месяц";"% г/г";"0"
"2022-01-01";62;"A";"Данные СберИндекса";"Красноярский край";"Месяц";"% г/г";"0"
"2022-02-01";31;"A";"Данные СберИндекса";"Красноярский край";"Месяц";"% г/г";"0"
"2022-03-01";15;"A";"Данные СберИндекса";"Красноярский край";"Месяц";"% г/г";"0"
"2022-04-01";20;"A";"Данные СберИндекса";"Красноярский край";"Месяц";"% г/г";"0"
"2019-01-01";3;"A";"Данные СберИндекса";"Волгоградская область";"Месяц";"% г/г";"0"
"2019-02-01";10;"A";"Данные СберИндекса";"Волгоградская область";"Месяц";"% г/г";"0"
"2019-03-01";12;"A";"Данные СберИндекса";"Волгоградская область";"Месяц";"% г/г";"0"
"2019-04-01";9;"A";"Данные СберИндекса";"Волгоградская область";"Месяц";"% г/г";"0"
"2019-05-01";14;"A";"Данные СберИндекса";"Волгоградская область";"Месяц";"% г/г";"0"
"2019-06-01";-13;"A";"Данные СберИндекса";"Волгоградская область";"Месяц";"% г/г";"0"
"2019-07-01";7;"A";"Данные СберИндекса";"Волгоградская область";"Месяц";"% г/г";"0"
"2019-08-01";-1;"A";"Данные СберИндекса";"Волгоградская область";"Месяц";"% г/г";"0"
"2019-09-01";10;"A";"Данные СберИндекса";"Волгоградская область";"Месяц";"% г/г";"0"
"2019-10-01";12;"A";"Данные СберИндекса";"Волгоградская область";"Месяц";"% г/г";"0"
"2019-11-01";14;"A";"Данные СберИндекса";"Волгоградская область";"Месяц";"% г/г";"0"
"2019-12-01";12;"A";"Данные СберИндекса";"Волгоградская область";"Месяц";"% г/г";"0"
"2020-01-01";11;"A";"Данные СберИндекса";"Волгоградская область";"Месяц";"% г/г";"0"
"2020-02-01";11;"A";"Данные СберИндекса";"Волгоградская область";"Месяц";"% г/г";"0"
"2020-03-01";9;"A";"Данные СберИндекса";"Волгоградская область";"Месяц";"% г/г";"0"
"2020-04-01";-50;"A";"Данные СберИндекса";"Волгоградская область";"Месяц";"% г/г";"0"
"2020-05-01";-54;"A";"Данные СберИндекса";"Волгоградская область";"Месяц";"% г/г";"0"
"2020-06-01";-15;"A";"Данные СберИндекса";"Волгоградская область";"Месяц";"% г/г";"0"
"2020-07-01";-8;"A";"Данные СберИндекса";"Волгоградская область";"Месяц";"% г/г";"0"
"2020-08-01";17;"A";"Данные СберИндекса";"Волгоградская область";"Месяц";"% г/г";"0"
"2020-09-01";10;"A";"Данные СберИндекса";"Волгоградская область";"Месяц";"% г/г";"0"
"2020-10-01";-11;"A";"Данные СберИндекса";"Волгоградская область";"Месяц";"% г/г";"0"
"2020-11-01";-19;"A";"Данные СберИндекса";"Волгоградская область";"Месяц";"% г/г";"0"
"2020-12-01";-16;"A";"Данные СберИндекса";"Волгоградская область";"Месяц";"% г/г";"0"
"2021-01-01";-2;"A";"Данные СберИндекса";"Волгоградская область";"Месяц";"% г/г";"0"
"2021-02-01";-6;"A";"Данные СберИндекса";"Волгоградская область";"Месяц";"% г/г";"0"
"2021-03-01";13;"A";"Данные СберИндекса";"Волгоградская область";"Месяц";"% г/г";"0"
"2021-04-01";172;"A";"Данные СберИндекса";"Волгоградская область";"Месяц";"% г/г";"0"
"2021-05-01";218;"A";"Данные СберИндекса";"Волгоградская область";"Месяц";"% г/г";"0"
"2021-06-01";77;"A";"Данные СберИндекса";"Волгоградская область";"Месяц";"% г/г";"0"
"2021-07-01";35;"A";"Данные СберИндекса";"Волгоградская область";"Месяц";"% г/г";"0"
"2021-08-01";10;"A";"Данные СберИндекса";"Волгоградская область";"Месяц";"% г/г";"0"
"2021-09-01";-2;"A";"Данные СберИндекса";"Волгоградская область";"Месяц";"% г/г";"0"
"2021-10-01";41;"A";"Данные СберИндекса";"Волгоградская область";"Месяц";"% г/г";"0"
"2021-11-01";71;"A";"Данные СберИндекса";"Волгоградская область";"Месяц";"% г/г";"0"
"2021-12-01";54;"A";"Данные СберИндекса";"Волгоградская область";"Месяц";"% г/г";"0"
"2022-01-01";35;"A";"Данные СберИндекса";"Волгоградская область";"Месяц";"% г/г";"0"
"2022-02-01";21;"A";"Данные СберИндекса";"Волгоградская область";"Месяц";"% г/г";"0"
"2022-03-01";0;"A";"Данные СберИндекса";"Волгоградская область";"Месяц";"% г/г";"0"
"2022-04-01";27;"A";"Данные СберИндекса";"Волгоградская область";"Месяц";"% г/г";"0"
"2019-01-01";-6;"A";"Данные СберИндекса";"Оренбургская область";"Месяц";"% г/г";"0"
"2019-02-01";-2;"A";"Данные СберИндекса";"Оренбургская область";"Месяц";"% г/г";"0"
"2019-03-01";12;"A";"Данные СберИндекса";"Оренбургская область";"Месяц";"% г/г";"0"
"2019-04-01";9;"A";"Данные СберИндекса";"Оренбургская область";"Месяц";"% г/г";"0"
"2019-05-01";16;"A";"Данные СберИндекса";"Оренбургская область";"Месяц";"% г/г";"0"
"2019-06-01";4;"A";"Данные СберИндекса";"Оренбургская область";"Месяц";"% г/г";"0"
"2019-07-01";9;"A";"Данные СберИндекса";"Оренбургская область";"Месяц";"% г/г";"0"
"2019-08-01";1;"A";"Данные СберИндекса";"Оренбургская область";"Месяц";"% г/г";"0"
"2019-09-01";24;"A";"Данные СберИндекса";"Оренбургская область";"Месяц";"% г/г";"0"
"2019-10-01";19;"A";"Данные СберИндекса";"Оренбургская область";"Месяц";"% г/г";"0"
"2019-11-01";23;"A";"Данные СберИндекса";"Оренбургская область";"Месяц";"% г/г";"0"
"2019-12-01";13;"A";"Данные СберИндекса";"Оренбургская область";"Месяц";"% г/г";"0"
"2020-01-01";8;"A";"Данные СберИндекса";"Оренбургская область";"Месяц";"% г/г";"0"
"2020-02-01";17;"A";"Данные СберИндекса";"Оренбургская область";"Месяц";"% г/г";"0"
"2020-03-01";8;"A";"Данные СберИндекса";"Оренбургская область";"Месяц";"% г/г";"0"
"2020-04-01";-46;"A";"Данные СберИндекса";"Оренбургская область";"Месяц";"% г/г";"0"
"2020-05-01";-44;"A";"Данные СберИндекса";"Оренбургская область";"Месяц";"% г/г";"0"
"2020-06-01";-23;"A";"Данные СберИндекса";"Оренбургская область";"Месяц";"% г/г";"0"
"2020-07-01";-39;"A";"Данные СберИндекса";"Оренбургская область";"Месяц";"% г/г";"0"
"2020-08-01";-18;"A";"Данные СберИндекса";"Оренбургская область";"Месяц";"% г/г";"0"
"2020-09-01";-15;"A";"Данные СберИндекса";"Оренбургская область";"Месяц";"% г/г";"0"
"2020-10-01";-29;"A";"Данные СберИндекса";"Оренбургская область";"Месяц";"% г/г";"0"
"2020-11-01";-34;"A";"Данные СберИндекса";"Оренбургская область";"Месяц";"% г/г";"0"
"2020-12-01";-22;"A";"Данные СберИндекса";"Оренбургская область";"Месяц";"% г/г";"0"
"2021-01-01";0;"A";"Данные СберИндекса";"Оренбургская область";"Месяц";"% г/г";"0"
"2021-02-01";-10;"A";"Данные СберИндекса";"Оренбургская область";"Месяц";"% г/г";"0"
"2021-03-01";3;"A";"Данные СберИндекса";"Оренбургская область";"Месяц";"% г/г";"0"
"2021-04-01";115;"A";"Данные СберИндекса";"Оренбургская область";"Месяц";"% г/г";"0"
"2021-05-01";111;"A";"Данные СберИндекса";"Оренбургская область";"Месяц";"% г/г";"0"
"2021-06-01";72;"A";"Данные СберИндекса";"Оренбургская область";"Месяц";"% г/г";"0"
"2021-07-01";61;"A";"Данные СберИндекса";"Оренбургская область";"Месяц";"% г/г";"0"
"2021-08-01";32;"A";"Данные СберИндекса";"Оренбургская область";"Месяц";"% г/г";"0"
"2021-09-01";11;"A";"Данные СберИндекса";"Оренбургская область";"Месяц";"% г/г";"0"
"2021-10-01";50;"A";"Данные СберИндекса";"Оренбургская область";"Месяц";"% г/г";"0"
"2021-11-01";77;"A";"Данные СберИндекса";"Оренбургская область";"Месяц";"% г/г";"0"
"2021-12-01";52;"A";"Данные СберИндекса";"Оренбургская область";"Месяц";"% г/г";"0"
"2022-01-01";35;"A";"Данные СберИндекса";"Оренбургская область";"Месяц";"% г/г";"0"
"2022-02-01";16;"A";"Данные СберИндекса";"Оренбургская область";"Месяц";"% г/г";"0"
"2022-03-01";10;"A";"Данные СберИндекса";"Оренбургская область";"Месяц";"% г/г";"0"
"2022-04-01";20;"A";"Данные СберИндекса";"Оренбургская область";"Месяц";"% г/г";"0"
"2019-01-01";18;"A";"Данные СберИндекса";"Кировская область";"Месяц";"% г/г";"0"
"2019-02-01";22;"A";"Данные СберИндекса";"Кировская область";"Месяц";"% г/г";"0"
"2019-03-01";27;"A";"Данные СберИндекса";"Кировская область";"Месяц";"% г/г";"0"
"2019-04-01";34;"A";"Данные СберИндекса";"Кировская область";"Месяц";"% г/г";"0"
"2019-05-01";37;"A";"Данные СберИндекса";"Кировская область";"Месяц";"% г/г";"0"
"2019-06-01";21;"A";"Данные СберИндекса";"Кировская область";"Месяц";"% г/г";"0"
"2019-07-01";17;"A";"Данные СберИндекса";"Кировская область";"Месяц";"% г/г";"0"
"2019-08-01";9;"A";"Данные СберИндекса";"Кировская область";"Месяц";"% г/г";"0"
"2019-09-01";25;"A";"Данные СберИндекса";"Кировская область";"Месяц";"% г/г";"0"
"2019-10-01";22;"A";"Данные СберИндекса";"Кировская область";"Месяц";"% г/г";"0"
"2019-11-01";25;"A";"Данные СберИндекса";"Кировская область";"Месяц";"% г/г";"0"
"2019-12-01";28;"A";"Данные СберИндекса";"Кировская область";"Месяц";"% г/г";"0"
"2020-01-01";9;"A";"Данные СберИндекса";"Кировская область";"Месяц";"% г/г";"0"
"2020-02-01";16;"A";"Данные СберИндекса";"Кировская область";"Месяц";"% г/г";"0"
"2020-03-01";8;"A";"Данные СберИндекса";"Кировская область";"Месяц";"% г/г";"0"
"2020-04-01";-46;"A";"Данные СберИндекса";"Кировская область";"Месяц";"% г/г";"0"
"2020-05-01";-45;"A";"Данные СберИндекса";"Кировская область";"Месяц";"% г/г";"0"
"2020-06-01";-13;"A";"Данные СберИндекса";"Кировская область";"Месяц";"% г/г";"0"
"2020-07-01";-6;"A";"Данные СберИндекса";"Кировская область";"Месяц";"% г/г";"0"
"2020-08-01";11;"A";"Данные СберИндекса";"Кировская область";"Месяц";"% г/г";"0"
"2020-09-01";11;"A";"Данные СберИндекса";"Кировская область";"Месяц";"% г/г";"0"
"2020-10-01";-14;"A";"Данные СберИндекса";"Кировская область";"Месяц";"% г/г";"0"
"2020-11-01";-22;"A";"Данные СберИндекса";"Кировская область";"Месяц";"% г/г";"0"
"2020-12-01";-16;"A";"Данные СберИндекса";"Кировская область";"Месяц";"% г/г";"0"
"2021-01-01";-2;"A";"Данные СберИндекса";"Кировская область";"Месяц";"% г/г";"0"
"2021-02-01";-5;"A";"Данные СберИндекса";"Кировская область";"Месяц";"% г/г";"0"
"2021-03-01";17;"A";"Данные СберИндекса";"Кировская область";"Месяц";"% г/г";"0"
"2021-04-01";128;"A";"Данные СберИндекса";"Кировская область";"Месяц";"% г/г";"0"
"2021-05-01";133;"A";"Данные СберИндекса";"Кировская область";"Месяц";"% г/г";"0"
"2021-06-01";64;"A";"Данные СберИндекса";"Кировская область";"Месяц";"% г/г";"0"
"2021-07-01";28;"A";"Данные СберИндекса";"Кировская область";"Месяц";"% г/г";"0"
"2021-08-01";16;"A";"Данные СберИндекса";"Кировская область";"Месяц";"% г/г";"0"
"2021-09-01";5;"A";"Данные СберИндекса";"Кировская область";"Месяц";"% г/г";"0"
"2021-10-01";42;"A";"Данные СберИндекса";"Кировская область";"Месяц";"% г/г";"0"
"2021-11-01";62;"A";"Данные СберИндекса";"Кировская область";"Месяц";"% г/г";"0"
"2021-12-01";52;"A";"Данные СберИндекса";"Кировская область";"Месяц";"% г/г";"0"
"2022-01-01";50;"A";"Данные СберИндекса";"Кировская область";"Месяц";"% г/г";"0"
"2022-02-01";16;"A";"Данные СберИндекса";"Кировская область";"Месяц";"% г/г";"0"
"2022-03-01";8;"A";"Данные СберИндекса";"Кировская область";"Месяц";"% г/г";"0"
"2022-04-01";19;"A";"Данные СберИндекса";"Кировская область";"Месяц";"% г/г";"0"
"2019-01-01";17;"A";"Данные СберИндекса";"Республика Карелия";"Месяц";"% г/г";"0"
"2019-02-01";17;"A";"Данные СберИндекса";"Республика Карелия";"Месяц";"% г/г";"0"
"2019-03-01";15;"A";"Данные СберИндекса";"Республика Карелия";"Месяц";"% г/г";"0"
"2019-04-01";12;"A";"Данные СберИндекса";"Республика Карелия";"Месяц";"% г/г";"0"
"2019-05-01";18;"A";"Данные СберИндекса";"Республика Карелия";"Месяц";"% г/г";"0"
"2019-06-01";2;"A";"Данные СберИндекса";"Республика Карелия";"Месяц";"% г/г";"0"
"2019-07-01";19;"A";"Данные СберИндекса";"Республика Карелия";"Месяц";"% г/г";"0"
"2019-08-01";9;"A";"Данные СберИндекса";"Республика Карелия";"Месяц";"% г/г";"0"
"2019-09-01";19;"A";"Данные СберИндекса";"Республика Карелия";"Месяц";"% г/г";"0"
"2019-10-01";6;"A";"Данные СберИндекса";"Республика Карелия";"Месяц";"% г/г";"0"
"2019-11-01";10;"A";"Данные СберИндекса";"Республика Карелия";"Месяц";"% г/г";"0"
"2019-12-01";9;"A";"Данные СберИндекса";"Республика Карелия";"Месяц";"% г/г";"0"
"2020-01-01";19;"A";"Данные СберИндекса";"Республика Карелия";"Месяц";"% г/г";"0"
"2020-02-01";29;"A";"Данные СберИндекса";"Республика Карелия";"Месяц";"% г/г";"0"
"2020-03-01";13;"A";"Данные СберИндекса";"Республика Карелия";"Месяц";"% г/г";"0"
"2020-04-01";-55;"A";"Данные СберИндекса";"Республика Карелия";"Месяц";"% г/г";"0"
"2020-05-01";-61;"A";"Данные СберИндекса";"Республика Карелия";"Месяц";"% г/г";"0"
"2020-06-01";-4;"A";"Данные СберИндекса";"Республика Карелия";"Месяц";"% г/г";"0"
"2020-07-01";23;"A";"Данные СберИндекса";"Республика Карелия";"Месяц";"% г/г";"0"
"2020-08-01";64;"A";"Данные СберИндекса";"Республика Карелия";"Месяц";"% г/г";"0"
"2020-09-01";37;"A";"Данные СберИндекса";"Республика Карелия";"Месяц";"% г/г";"0"
"2020-10-01";25;"A";"Данные СберИндекса";"Республика Карелия";"Месяц";"% г/г";"0"
"2020-11-01";-4;"A";"Данные СберИндекса";"Республика Карелия";"Месяц";"% г/г";"0"
"2020-12-01";-10;"A";"Данные СберИндекса";"Республика Карелия";"Месяц";"% г/г";"0"
"2021-01-01";19;"A";"Данные СберИндекса";"Республика Карелия";"Месяц";"% г/г";"0"
"2021-02-01";12;"A";"Данные СберИндекса";"Республика Карелия";"Месяц";"% г/г";"0"
"2021-03-01";36;"A";"Данные СберИндекса";"Республика Карелия";"Месяц";"% г/г";"0"
"2021-04-01";257;"A";"Данные СберИндекса";"Республика Карелия";"Месяц";"% г/г";"0"
"2021-05-01";371;"A";"Данные СберИндекса";"Республика Карелия";"Месяц";"% г/г";"0"
"2021-06-01";125;"A";"Данные СберИндекса";"Республика Карелия";"Месяц";"% г/г";"0"
"2021-07-01";42;"A";"Данные СберИндекса";"Республика Карелия";"Месяц";"% г/г";"0"
"2021-08-01";11;"A";"Данные СберИндекса";"Республика Карелия";"Месяц";"% г/г";"0"
"2021-09-01";13;"A";"Данные СберИндекса";"Республика Карелия";"Месяц";"% г/г";"0"
"2021-10-01";47;"A";"Данные СберИндекса";"Республика Карелия";"Месяц";"% г/г";"0"
"2021-11-01";104;"A";"Данные СберИндекса";"Республика Карелия";"Месяц";"% г/г";"0"
"2021-12-01";83;"A";"Данные СберИндекса";"Республика Карелия";"Месяц";"% г/г";"0"
"2022-01-01";62;"A";"Данные СберИндекса";"Республика Карелия";"Месяц";"% г/г";"0"
"2022-02-01";32;"A";"Данные СберИндекса";"Республика Карелия";"Месяц";"% г/г";"0"
"2022-03-01";15;"A";"Данные СберИндекса";"Республика Карелия";"Месяц";"% г/г";"0"
"2022-04-01";48;"A";"Данные СберИндекса";"Республика Карелия";"Месяц";"% г/г";"0"
"2019-01-01";23;"A";"Данные СберИндекса";"Калужская область";"Месяц";"% г/г";"0"
"2019-02-01";20;"A";"Данные СберИндекса";"Калужская область";"Месяц";"% г/г";"0"
"2019-03-01";23;"A";"Данные СберИндекса";"Калужская область";"Месяц";"% г/г";"0"
"2019-04-01";27;"A";"Данные СберИндекса";"Калужская область";"Месяц";"% г/г";"0"
"2019-05-01";30;"A";"Данные СберИндекса";"Калужская область";"Месяц";"% г/г";"0"
"2019-06-01";26;"A";"Данные СберИндекса";"Калужская область";"Месяц";"% г/г";"0"
"2019-07-01";33;"A";"Данные СберИндекса";"Калужская область";"Месяц";"% г/г";"0"
"2019-08-01";24;"A";"Данные СберИндекса";"Калужская область";"Месяц";"% г/г";"0"
"2019-09-01";37;"A";"Данные СберИндекса";"Калужская область";"Месяц";"% г/г";"0"
"2019-10-01";24;"A";"Данные СберИндекса";"Калужская область";"Месяц";"% г/г";"0"
"2019-11-01";31;"A";"Данные СберИндекса";"Калужская область";"Месяц";"% г/г";"0"
"2019-12-01";31;"A";"Данные СберИндекса";"Калужская область";"Месяц";"% г/г";"0"
"2020-01-01";20;"A";"Данные СберИндекса";"Калужская область";"Месяц";"% г/г";"0"
"2020-02-01";23;"A";"Данные СберИндекса";"Калужская область";"Месяц";"% г/г";"0"
"2020-03-01";28;"A";"Данные СберИндекса";"Калужская область";"Месяц";"% г/г";"0"
"2020-04-01";-9;"A";"Данные СберИндекса";"Калужская область";"Месяц";"% г/г";"0"
"2020-05-01";-2;"A";"Данные СберИндекса";"Калужская область";"Месяц";"% г/г";"0"
"2020-06-01";26;"A";"Данные СберИндекса";"Калужская область";"Месяц";"% г/г";"0"
"2020-07-01";22;"A";"Данные СберИндекса";"Калужская область";"Месяц";"% г/г";"0"
"2020-08-01";34;"A";"Данные СберИндекса";"Калужская область";"Месяц";"% г/г";"0"
"2020-09-01";14;"A";"Данные СберИндекса";"Калужская область";"Месяц";"% г/г";"0"
"2020-10-01";27;"A";"Данные СберИндекса";"Калужская область";"Месяц";"% г/г";"0"
"2020-11-01";10;"A";"Данные СберИндекса";"Калужская область";"Месяц";"% г/г";"0"
"2020-12-01";-4;"A";"Данные СберИндекса";"Калужская область";"Месяц";"% г/г";"0"
"2021-01-01";2;"A";"Данные СберИндекса";"Калужская область";"Месяц";"% г/г";"0"
"2021-02-01";-14;"A";"Данные СберИндекса";"Калужская область";"Месяц";"% г/г";"0"
"2021-03-01";4;"A";"Данные СберИндекса";"Калужская область";"Месяц";"% г/г";"0"
"2021-04-01";43;"A";"Данные СберИндекса";"Калужская область";"Месяц";"% г/г";"0"
"2021-05-01";44;"A";"Данные СберИндекса";"Калужская область";"Месяц";"% г/г";"0"
"2021-06-01";11;"A";"Данные СберИндекса";"Калужская область";"Месяц";"% г/г";"0"
"2021-07-01";4;"A";"Данные СберИндекса";"Калужская область";"Месяц";"% г/г";"0"
"2021-08-01";-2;"A";"Данные СберИндекса";"Калужская область";"Месяц";"% г/г";"0"
"2021-09-01";-6;"A";"Данные СберИндекса";"Калужская область";"Месяц";"% г/г";"0"
"2021-10-01";0;"A";"Данные СберИндекса";"Калужская область";"Месяц";"% г/г";"0"
"2021-11-01";33;"A";"Данные СберИндекса";"Калужская область";"Месяц";"% г/г";"0"
"2021-12-01";30;"A";"Данные СберИндекса";"Калужская область";"Месяц";"% г/г";"0"
"2022-01-01";42;"A";"Данные СберИндекса";"Калужская область";"Месяц";"% г/г";"0"
"2022-02-01";36;"A";"Данные СберИндекса";"Калужская область";"Месяц";"% г/г";"0"
"2022-03-01";9;"A";"Данные СберИндекса";"Калужская область";"Месяц";"% г/г";"0"
"2022-04-01";9;"A";"Данные СберИндекса";"Калужская область";"Месяц";"% г/г";"0"
"2019-01-01";10;"A";"Данные СберИндекса";"Пензенская область";"Месяц";"% г/г";"0"
"2019-02-01";24;"A";"Данные СберИндекса";"Пензенская область";"Месяц";"% г/г";"0"
"2019-03-01";26;"A";"Данные СберИндекса";"Пензенская область";"Месяц";"% г/г";"0"
"2019-04-01";28;"A";"Данные СберИндекса";"Пензенская область";"Месяц";"% г/г";"0"
"2019-05-01";28;"A";"Данные СберИндекса";"Пензенская область";"Месяц";"% г/г";"0"
"2019-06-01";17;"A";"Данные СберИндекса";"Пензенская область";"Месяц";"% г/г";"0"
"2019-07-01";27;"A";"Данные СберИндекса";"Пензенская область";"Месяц";"% г/г";"0"
"2019-08-01";17;"A";"Данные СберИндекса";"Пензенская область";"Месяц";"% г/г";"0"
"2019-09-01";25;"A";"Данные СберИндекса";"Пензенская область";"Месяц";"% г/г";"0"
"2019-10-01";31;"A";"Данные СберИндекса";"Пензенская область";"Месяц";"% г/г";"0"
"2019-11-01";28;"A";"Данные СберИндекса";"Пензенская область";"Месяц";"% г/г";"0"
"2019-12-01";38;"A";"Данные СберИндекса";"Пензенская область";"Месяц";"% г/г";"0"
"2020-01-01";30;"A";"Данные СберИндекса";"Пензенская область";"Месяц";"% г/г";"0"
"2020-02-01";54;"A";"Данные СберИндекса";"Пензенская область";"Месяц";"% г/г";"0"
"2020-03-01";24;"A";"Данные СберИндекса";"Пензенская область";"Месяц";"% г/г";"0"
"2020-04-01";-47;"A";"Данные СберИндекса";"Пензенская область";"Месяц";"% г/г";"0"
"2020-05-01";-38;"A";"Данные СберИндекса";"Пензенская область";"Месяц";"% г/г";"0"
"2020-06-01";4;"A";"Данные СберИндекса";"Пензенская область";"Месяц";"% г/г";"0"
"2020-07-01";9;"A";"Данные СберИндекса";"Пензенская область";"Месяц";"% г/г";"0"
"2020-08-01";27;"A";"Данные СберИндекса";"Пензенская область";"Месяц";"% г/г";"0"
"2020-09-01";27;"A";"Данные СберИндекса";"Пензенская область";"Месяц";"% г/г";"0"
"2020-10-01";5;"A";"Данные СберИндекса";"Пензенская область";"Месяц";"% г/г";"0"
"2020-11-01";-9;"A";"Данные СберИндекса";"Пензенская область";"Месяц";"% г/г";"0"
"2020-12-01";-2;"A";"Данные СберИндекса";"Пензенская область";"Месяц";"% г/г";"0"
"2021-01-01";2;"A";"Данные СберИндекса";"Пензенская область";"Месяц";"% г/г";"0"
"2021-02-01";-14;"A";"Данные СберИндекса";"Пензенская область";"Месяц";"% г/г";"0"
"2021-03-01";8;"A";"Данные СберИндекса";"Пензенская область";"Месяц";"% г/г";"0"
"2021-04-01";163;"A";"Данные СберИндекса";"Пензенская область";"Месяц";"% г/г";"0"
"2021-05-01";134;"A";"Данные СберИндекса";"Пензенская область";"Месяц";"% г/г";"0"
"2021-06-01";28;"A";"Данные СберИндекса";"Пензенская область";"Месяц";"% г/г";"0"
"2021-07-01";3;"A";"Данные СберИндекса";"Пензенская область";"Месяц";"% г/г";"0"
"2021-08-01";-8;"A";"Данные СберИндекса";"Пензенская область";"Месяц";"% г/г";"0"
"2021-09-01";-18;"A";"Данные СберИндекса";"Пензенская область";"Месяц";"% г/г";"0"
"2021-10-01";3;"A";"Данные СберИндекса";"Пензенская область";"Месяц";"% г/г";"0"
"2021-11-01";28;"A";"Данные СберИндекса";"Пензенская область";"Месяц";"% г/г";"0"
"2021-12-01";12;"A";"Данные СберИндекса";"Пензенская область";"Месяц";"% г/г";"0"
"2022-01-01";33;"A";"Данные СберИндекса";"Пензенская область";"Месяц";"% г/г";"0"
"2022-02-01";4;"A";"Данные СберИндекса";"Пензенская область";"Месяц";"% г/г";"0"
"2022-03-01";-16;"A";"Данные СберИндекса";"Пензенская область";"Месяц";"% г/г";"0"
"2022-04-01";0;"A";"Данные СберИндекса";"Пензенская область";"Месяц";"% г/г";"0"
"2019-01-01";6;"A";"Данные СберИндекса";"Смоленская область";"Месяц";"% г/г";"0"
"2019-02-01";8;"A";"Данные СберИндекса";"Смоленская область";"Месяц";"% г/г";"0"
"2019-03-01";12;"A";"Данные СберИндекса";"Смоленская область";"Месяц";"% г/г";"0"
"2019-04-01";9;"A";"Данные СберИндекса";"Смоленская область";"Месяц";"% г/г";"0"
"2019-05-01";27;"A";"Данные СберИндекса";"Смоленская область";"Месяц";"% г/г";"0"
"2019-06-01";8;"A";"Данные СберИндекса";"Смоленская область";"Месяц";"% г/г";"0"
"2019-07-01";13;"A";"Данные СберИндекса";"Смоленская область";"Месяц";"% г/г";"0"
"2019-08-01";7;"A";"Данные СберИндекса";"Смоленская область";"Месяц";"% г/г";"0"
"2019-09-01";20;"A";"Данные СберИндекса";"Смоленская область";"Месяц";"% г/г";"0"
"2019-10-01";10;"A";"Данные СберИндекса";"Смоленская область";"Месяц";"% г/г";"0"
"2019-11-01";20;"A";"Данные СберИндекса";"Смоленская область";"Месяц";"% г/г";"0"
"2019-12-01";13;"A";"Данные СберИндекса";"Смоленская область";"Месяц";"% г/г";"0"
"2020-01-01";15;"A";"Данные СберИндекса";"Смоленская область";"Месяц";"% г/г";"0"
"2020-02-01";17;"A";"Данные СберИндекса";"Смоленская область";"Месяц";"% г/г";"0"
"2020-03-01";10;"A";"Данные СберИндекса";"Смоленская область";"Месяц";"% г/г";"0"
"2020-04-01";-33;"A";"Данные СберИндекса";"Смоленская область";"Месяц";"% г/г";"0"
"2020-05-01";-39;"A";"Данные СберИндекса";"Смоленская область";"Месяц";"% г/г";"0"
"2020-06-01";10;"A";"Данные СберИндекса";"Смоленская область";"Месяц";"% г/г";"0"
"2020-07-01";-2;"A";"Данные СберИндекса";"Смоленская область";"Месяц";"% г/г";"0"
"2020-08-01";10;"A";"Данные СберИндекса";"Смоленская область";"Месяц";"% г/г";"0"
"2020-09-01";3;"A";"Данные СберИндекса";"Смоленская область";"Месяц";"% г/г";"0"
"2020-10-01";1;"A";"Данные СберИндекса";"Смоленская область";"Месяц";"% г/г";"0"
"2020-11-01";-19;"A";"Данные СберИндекса";"Смоленская область";"Месяц";"% г/г";"0"
"2020-12-01";-11;"A";"Данные СберИндекса";"Смоленская область";"Месяц";"% г/г";"0"
"2021-01-01";-13;"A";"Данные СберИндекса";"Смоленская область";"Месяц";"% г/г";"0"
"2021-02-01";-12;"A";"Данные СберИндекса";"Смоленская область";"Месяц";"% г/г";"0"
"2021-03-01";-3;"A";"Данные СберИндекса";"Смоленская область";"Месяц";"% г/г";"0"
"2021-04-01";61;"A";"Данные СберИндекса";"Смоленская область";"Месяц";"% г/г";"0"
"2021-05-01";84;"A";"Данные СберИндекса";"Смоленская область";"Месяц";"% г/г";"0"
"2021-06-01";13;"A";"Данные СберИндекса";"Смоленская область";"Месяц";"% г/г";"0"
"2021-07-01";14;"A";"Данные СберИндекса";"Смоленская область";"Месяц";"% г/г";"0"
"2021-08-01";6;"A";"Данные СберИндекса";"Смоленская область";"Месяц";"% г/г";"0"
"2021-09-01";-1;"A";"Данные СберИндекса";"Смоленская область";"Месяц";"% г/г";"0"
"2021-10-01";16;"A";"Данные СберИндекса";"Смоленская область";"Месяц";"% г/г";"0"
"2021-11-01";58;"A";"Данные СберИндекса";"Смоленская область";"Месяц";"% г/г";"0"
"2021-12-01";42;"A";"Данные СберИндекса";"Смоленская область";"Месяц";"% г/г";"0"
"2022-01-01";50;"A";"Данные СберИндекса";"Смоленская область";"Месяц";"% г/г";"0"
"2022-02-01";23;"A";"Данные СберИндекса";"Смоленская область";"Месяц";"% г/г";"0"
"2022-03-01";9;"A";"Данные СберИндекса";"Смоленская область";"Месяц";"% г/г";"0"
"2022-04-01";34;"A";"Данные СберИндекса";"Смоленская область";"Месяц";"% г/г";"0"
"2019-01-01";61;"A";"Данные СберИндекса";"Республика Ингушетия";"Месяц";"% г/г";"0"
"2019-02-01";97;"A";"Данные СберИндекса";"Республика Ингушетия";"Месяц";"% г/г";"0"
"2019-03-01";108;"A";"Данные СберИндекса";"Республика Ингушетия";"Месяц";"% г/г";"0"
"2019-04-01";68;"A";"Данные СберИндекса";"Республика Ингушетия";"Месяц";"% г/г";"0"
"2019-05-01";27;"A";"Данные СберИндекса";"Республика Ингушетия";"Месяц";"% г/г";"0"
"2019-06-01";3;"A";"Данные СберИндекса";"Республика Ингушетия";"Месяц";"% г/г";"0"
"2019-07-01";10;"A";"Данные СберИндекса";"Республика Ингушетия";"Месяц";"% г/г";"0"
"2019-08-01";13;"A";"Данные СберИндекса";"Республика Ингушетия";"Месяц";"% г/г";"0"
"2019-09-01";21;"A";"Данные СберИндекса";"Республика Ингушетия";"Месяц";"% г/г";"0"
"2019-10-01";29;"A";"Данные СберИндекса";"Республика Ингушетия";"Месяц";"% г/г";"0"
"2019-11-01";-20;"A";"Данные СберИндекса";"Республика Ингушетия";"Месяц";"% г/г";"0"
"2019-12-01";-18;"A";"Данные СберИндекса";"Республика Ингушетия";"Месяц";"% г/г";"0"
"2020-01-01";-28;"A";"Данные СберИндекса";"Республика Ингушетия";"Месяц";"% г/г";"0"
"2020-02-01";-30;"A";"Данные СберИндекса";"Республика Ингушетия";"Месяц";"% г/г";"0"
"2020-03-01";-30;"A";"Данные СберИндекса";"Республика Ингушетия";"Месяц";"% г/г";"0"
"2020-04-01";-58;"A";"Данные СберИндекса";"Республика Ингушетия";"Месяц";"% г/г";"0"
"2020-05-01";-49;"A";"Данные СберИндекса";"Республика Ингушетия";"Месяц";"% г/г";"0"
"2020-06-01";-25;"A";"Данные СберИндекса";"Республика Ингушетия";"Месяц";"% г/г";"0"
"2020-07-01";-10;"A";"Данные СберИндекса";"Республика Ингушетия";"Месяц";"% г/г";"0"
"2020-08-01";-16;"A";"Данные СберИндекса";"Республика Ингушетия";"Месяц";"% г/г";"0"
"2020-09-01";-9;"A";"Данные СберИндекса";"Республика Ингушетия";"Месяц";"% г/г";"0"
"2020-10-01";-24;"A";"Данные СберИндекса";"Республика Ингушетия";"Месяц";"% г/г";"0"
"2020-11-01";-20;"A";"Данные СберИндекса";"Республика Ингушетия";"Месяц";"% г/г";"0"
"2020-12-01";-26;"A";"Данные СберИндекса";"Республика Ингушетия";"Месяц";"% г/г";"0"
"2021-01-01";2;"A";"Данные СберИндекса";"Республика Ингушетия";"Месяц";"% г/г";"0"
"2021-02-01";0;"A";"Данные СберИндекса";"Республика Ингушетия";"Месяц";"% г/г";"0"
"2021-03-01";9;"A";"Данные СберИндекса";"Республика Ингушетия";"Месяц";"% г/г";"0"
"2021-04-01";101;"A";"Данные СберИндекса";"Республика Ингушетия";"Месяц";"% г/г";"0"
"2021-05-01";270;"A";"Данные СберИндекса";"Республика Ингушетия";"Месяц";"% г/г";"0"
"2021-06-01";47;"A";"Данные СберИндекса";"Республика Ингушетия";"Месяц";"% г/г";"0"
"2021-07-01";3;"A";"Данные СберИндекса";"Республика Ингушетия";"Месяц";"% г/г";"0"
"2021-08-01";-1;"A";"Данные СберИндекса";"Республика Ингушетия";"Месяц";"% г/г";"0"
"2021-09-01";3;"A";"Данные СберИндекса";"Республика Ингушетия";"Месяц";"% г/г";"0"
"2021-10-01";5;"A";"Данные СберИндекса";"Республика Ингушетия";"Месяц";"% г/г";"0"
"2021-11-01";50;"A";"Данные СберИндекса";"Республика Ингушетия";"Месяц";"% г/г";"0"
"2021-12-01";103;"A";"Данные СберИндекса";"Республика Ингушетия";"Месяц";"% г/г";"0"
"2022-01-01";41;"A";"Данные СберИндекса";"Республика Ингушетия";"Месяц";"% г/г";"0"
"2022-02-01";30;"A";"Данные СберИндекса";"Республика Ингушетия";"Месяц";"% г/г";"0"
"2022-03-01";-29;"A";"Данные СберИндекса";"Республика Ингушетия";"Месяц";"% г/г";"0"
"2022-04-01";-24;"A";"Данные СберИндекса";"Республика Ингушетия";"Месяц";"% г/г";"0"
"2019-01-01";15;"A";"Данные СберИндекса";"Приморский край";"Месяц";"% г/г";"0"
"2019-02-01";19;"A";"Данные СберИндекса";"Приморский край";"Месяц";"% г/г";"0"
"2019-03-01";26;"A";"Данные СберИндекса";"Приморский край";"Месяц";"% г/г";"0"
"2019-04-01";12;"A";"Данные СберИндекса";"Приморский край";"Месяц";"% г/г";"0"
"2019-05-01";24;"A";"Данные СберИндекса";"Приморский край";"Месяц";"% г/г";"0"
"2019-06-01";11;"A";"Данные СберИндекса";"Приморский край";"Месяц";"% г/г";"0"
"2019-07-01";5;"A";"Данные СберИндекса";"Приморский край";"Месяц";"% г/г";"0"
"2019-08-01";-8;"A";"Данные СберИндекса";"Приморский край";"Месяц";"% г/г";"0"
"2019-09-01";3;"A";"Данные СберИндекса";"Приморский край";"Месяц";"% г/г";"0"
"2019-10-01";12;"A";"Данные СберИндекса";"Приморский край";"Месяц";"% г/г";"0"
"2019-11-01";4;"A";"Данные СберИндекса";"Приморский край";"Месяц";"% г/г";"0"
"2019-12-01";2;"A";"Данные СберИндекса";"Приморский край";"Месяц";"% г/г";"0"
"2020-01-01";3;"A";"Данные СберИндекса";"Приморский край";"Месяц";"% г/г";"0"
"2020-02-01";2;"A";"Данные СберИндекса";"Приморский край";"Месяц";"% г/г";"0"
"2020-03-01";-11;"A";"Данные СберИндекса";"Приморский край";"Месяц";"% г/г";"0"
"2020-04-01";-59;"A";"Данные СберИндекса";"Приморский край";"Месяц";"% г/г";"0"
"2020-05-01";-58;"A";"Данные СберИндекса";"Приморский край";"Месяц";"% г/г";"0"
"2020-06-01";-35;"A";"Данные СберИндекса";"Приморский край";"Месяц";"% г/г";"0"
"2020-07-01";-20;"A";"Данные СберИндекса";"Приморский край";"Месяц";"% г/г";"0"
"2020-08-01";2;"A";"Данные СберИндекса";"Приморский край";"Месяц";"% г/г";"0"
"2020-09-01";-13;"A";"Данные СберИндекса";"Приморский край";"Месяц";"% г/г";"0"
"2020-10-01";-40;"A";"Данные СберИндекса";"Приморский край";"Месяц";"% г/г";"0"
"2020-11-01";-46;"A";"Данные СберИндекса";"Приморский край";"Месяц";"% г/г";"0"
"2020-12-01";-37;"A";"Данные СберИндекса";"Приморский край";"Месяц";"% г/г";"0"
"2021-01-01";-11;"A";"Данные СберИндекса";"Приморский край";"Месяц";"% г/г";"0"
"2021-02-01";-10;"A";"Данные СберИндекса";"Приморский край";"Месяц";"% г/г";"0"
"2021-03-01";13;"A";"Данные СберИндекса";"Приморский край";"Месяц";"% г/г";"0"
"2021-04-01";171;"A";"Данные СберИндекса";"Приморский край";"Месяц";"% г/г";"0"
"2021-05-01";178;"A";"Данные СберИндекса";"Приморский край";"Месяц";"% г/г";"0"
"2021-06-01";95;"A";"Данные СберИндекса";"Приморский край";"Месяц";"% г/г";"0"
"2021-07-01";62;"A";"Данные СберИндекса";"Приморский край";"Месяц";"% г/г";"0"
"2021-08-01";41;"A";"Данные СберИндекса";"Приморский край";"Месяц";"% г/г";"0"
"2021-09-01";51;"A";"Данные СберИндекса";"Приморский край";"Месяц";"% г/г";"0"
"2021-10-01";105;"A";"Данные СберИндекса";"Приморский край";"Месяц";"% г/г";"0"
"2021-11-01";159;"A";"Данные СберИндекса";"Приморский край";"Месяц";"% г/г";"0"
"2021-12-01";99;"A";"Данные СберИндекса";"Приморский край";"Месяц";"% г/г";"0"
"2022-01-01";60;"A";"Данные СберИндекса";"Приморский край";"Месяц";"% г/г";"0"
"2022-02-01";43;"A";"Данные СберИндекса";"Приморский край";"Месяц";"% г/г";"0"
"2022-03-01";22;"A";"Данные СберИндекса";"Приморский край";"Месяц";"% г/г";"0"
"2022-04-01";19;"A";"Данные СберИндекса";"Приморский край";"Месяц";"% г/г";"0"
"2019-01-01";-12;"A";"Данные СберИндекса";"Чукотский автономный округ";"Месяц";"% г/г";"0"
"2019-02-01";-16;"A";"Данные СберИндекса";"Чукотский автономный округ";"Месяц";"% г/г";"0"
"2019-03-01";-16;"A";"Данные СберИндекса";"Чукотский автономный округ";"Месяц";"% г/г";"0"
"2019-04-01";10;"A";"Данные СберИндекса";"Чукотский автономный округ";"Месяц";"% г/г";"0"
"2019-05-01";-12;"A";"Данные СберИндекса";"Чукотский автономный округ";"Месяц";"% г/г";"0"
"2019-06-01";-11;"A";"Данные СберИндекса";"Чукотский автономный округ";"Месяц";"% г/г";"0"
"2019-07-01";-15;"A";"Данные СберИндекса";"Чукотский автономный округ";"Месяц";"% г/г";"0"
"2019-08-01";-28;"A";"Данные СберИндекса";"Чукотский автономный округ";"Месяц";"% г/г";"0"
"2019-09-01";16;"A";"Данные СберИндекса";"Чукотский автономный округ";"Месяц";"% г/г";"0"
"2019-10-01";37;"A";"Данные СберИндекса";"Чукотский автономный округ";"Месяц";"% г/г";"0"
"2019-11-01";-6;"A";"Данные СберИндекса";"Чукотский автономный округ";"Месяц";"% г/г";"0"
"2019-12-01";-31;"A";"Данные СберИндекса";"Чукотский автономный округ";"Месяц";"% г/г";"0"
"2020-01-01";-25;"A";"Данные СберИндекса";"Чукотский автономный округ";"Месяц";"% г/г";"0"
"2020-02-01";-15;"A";"Данные СберИндекса";"Чукотский автономный округ";"Месяц";"% г/г";"0"
"2020-03-01";-15;"A";"Данные СберИндекса";"Чукотский автономный округ";"Месяц";"% г/г";"0"
"2020-04-01";-51;"A";"Данные СберИндекса";"Чукотский автономный округ";"Месяц";"% г/г";"0"
"2020-05-01";-43;"A";"Данные СберИндекса";"Чукотский автономный округ";"Месяц";"% г/г";"0"
"2020-06-01";3;"A";"Данные СберИндекса";"Чукотский автономный округ";"Месяц";"% г/г";"0"
"2020-07-01";2;"A";"Данные СберИндекса";"Чукотский автономный округ";"Месяц";"% г/г";"0"
"2020-08-01";8;"A";"Данные СберИндекса";"Чукотский автономный округ";"Месяц";"% г/г";"0"
"2020-09-01";-28;"A";"Данные СберИндекса";"Чукотский автономный округ";"Месяц";"% г/г";"0"
"2020-10-01";-54;"A";"Данные СберИндекса";"Чукотский автономный округ";"Месяц";"% г/г";"0"
"2020-11-01";-27;"A";"Данные СберИндекса";"Чукотский автономный округ";"Месяц";"% г/г";"0"
"2020-12-01";-1;"A";"Данные СберИндекса";"Чукотский автономный округ";"Месяц";"% г/г";"0"
"2021-01-01";86;"A";"Данные СберИндекса";"Чукотский автономный округ";"Месяц";"% г/г";"0"
"2021-02-01";52;"A";"Данные СберИндекса";"Чукотский автономный округ";"Месяц";"% г/г";"0"
"2021-03-01";96;"A";"Данные СберИндекса";"Чукотский автономный округ";"Месяц";"% г/г";"0"
"2021-04-01";205;"A";"Данные СберИндекса";"Чукотский автономный округ";"Месяц";"% г/г";"0"
"2021-05-01";145;"A";"Данные СберИндекса";"Чукотский автономный округ";"Месяц";"% г/г";"0"
"2021-06-01";103;"A";"Данные СберИндекса";"Чукотский автономный округ";"Месяц";"% г/г";"0"
"2021-07-01";57;"A";"Данные СберИндекса";"Чукотский автономный округ";"Месяц";"% г/г";"0"
"2021-08-01";90;"A";"Данные СберИндекса";"Чукотский автономный округ";"Месяц";"% г/г";"0"
"2021-09-01";23;"A";"Данные СберИндекса";"Чукотский автономный округ";"Месяц";"% г/г";"0"
"2021-10-01";82;"A";"Данные СберИндекса";"Чукотский автономный округ";"Месяц";"% г/г";"0"
"2021-11-01";166;"A";"Данные СберИндекса";"Чукотский автономный округ";"Месяц";"% г/г";"0"
"2021-12-01";192;"A";"Данные СберИндекса";"Чукотский автономный округ";"Месяц";"% г/г";"0"
"2022-01-01";49;"A";"Данные СберИндекса";"Чукотский автономный округ";"Месяц";"% г/г";"0"
"2022-02-01";118;"A";"Данные СберИндекса";"Чукотский автономный округ";"Месяц";"% г/г";"0"
"2022-03-01";70;"A";"Данные СберИндекса";"Чукотский автономный округ";"Месяц";"% г/г";"0"
"2022-04-01";47;"A";"Данные СберИндекса";"Чукотский автономный округ";"Месяц";"% г/г";"0"
"2019-01-01";29;"A";"Данные СберИндекса";"Москва";"Месяц";"% г/г";"0"
"2019-02-01";37;"A";"Данные СберИндекса";"Москва";"Месяц";"% г/г";"0"
"2019-03-01";30;"A";"Данные СберИндекса";"Москва";"Месяц";"% г/г";"0"
"2019-04-01";23;"A";"Данные СберИндекса";"Москва";"Месяц";"% г/г";"0"
"2019-05-01";16;"A";"Данные СберИндекса";"Москва";"Месяц";"% г/г";"0"
"2019-06-01";10;"A";"Данные СберИндекса";"Москва";"Месяц";"% г/г";"0"
"2019-07-01";17;"A";"Данные СберИндекса";"Москва";"Месяц";"% г/г";"0"
"2019-08-01";11;"A";"Данные СберИндекса";"Москва";"Месяц";"% г/г";"0"
"2019-09-01";22;"A";"Данные СберИндекса";"Москва";"Месяц";"% г/г";"0"
"2019-10-01";21;"A";"Данные СберИндекса";"Москва";"Месяц";"% г/г";"0"
"2019-11-01";15;"A";"Данные СберИндекса";"Москва";"Месяц";"% г/г";"0"
"2019-12-01";16;"A";"Данные СберИндекса";"Москва";"Месяц";"% г/г";"0"
"2020-01-01";22;"A";"Данные СберИндекса";"Москва";"Месяц";"% г/г";"0"
"2020-02-01";11;"A";"Данные СберИндекса";"Москва";"Месяц";"% г/г";"0"
"2020-03-01";-7;"A";"Данные СберИндекса";"Москва";"Месяц";"% г/г";"0"
"2020-04-01";-77;"A";"Данные СберИндекса";"Москва";"Месяц";"% г/г";"0"
"2020-05-01";-72;"A";"Данные СберИндекса";"Москва";"Месяц";"% г/г";"0"
"2020-06-01";-49;"A";"Данные СберИндекса";"Москва";"Месяц";"% г/г";"0"
"2020-07-01";-32;"A";"Данные СберИндекса";"Москва";"Месяц";"% г/г";"0"
"2020-08-01";-11;"A";"Данные СберИндекса";"Москва";"Месяц";"% г/г";"0"
"2020-09-01";-15;"A";"Данные СберИндекса";"Москва";"Месяц";"% г/г";"0"
"2020-10-01";-53;"A";"Данные СберИндекса";"Москва";"Месяц";"% г/г";"0"
"2020-11-01";-58;"A";"Данные СберИндекса";"Москва";"Месяц";"% г/г";"0"
"2020-12-01";-50;"A";"Данные СберИндекса";"Москва";"Месяц";"% г/г";"0"
"2021-01-01";-35;"A";"Данные СберИндекса";"Москва";"Месяц";"% г/г";"0"
"2021-02-01";-2;"A";"Данные СберИндекса";"Москва";"Месяц";"% г/г";"0"
"2021-03-01";30;"A";"Данные СберИндекса";"Москва";"Месяц";"% г/г";"0"
"2021-04-01";436;"A";"Данные СберИндекса";"Москва";"Месяц";"% г/г";"0"
"2021-05-01";374;"A";"Данные СберИндекса";"Москва";"Месяц";"% г/г";"0"
"2021-06-01";136;"A";"Данные СберИндекса";"Москва";"Месяц";"% г/г";"0"
"2021-07-01";44;"A";"Данные СберИндекса";"Москва";"Месяц";"% г/г";"0"
"2021-08-01";33;"A";"Данные СберИндекса";"Москва";"Месяц";"% г/г";"0"
"2021-09-01";42;"A";"Данные СберИндекса";"Москва";"Месяц";"% г/г";"0"
"2021-10-01";146;"A";"Данные СберИндекса";"Москва";"Месяц";"% г/г";"0"
"2021-11-01";172;"A";"Данные СберИндекса";"Москва";"Месяц";"% г/г";"0"
"2021-12-01";149;"A";"Данные СберИндекса";"Москва";"Месяц";"% г/г";"0"
"2022-01-01";74;"A";"Данные СберИндекса";"Москва";"Месяц";"% г/г";"0"
"2022-02-01";2;"A";"Данные СберИндекса";"Москва";"Месяц";"% г/г";"0"
"2022-03-01";-6;"A";"Данные СберИндекса";"Москва";"Месяц";"% г/г";"0"
"2022-04-01";-14;"A";"Данные СберИндекса";"Москва";"Месяц";"% г/г";"0"
"2019-01-01";11;"A";"Данные СберИндекса";"Ставропольский край";"Месяц";"% г/г";"0"
"2019-02-01";20;"A";"Данные СберИндекса";"Ставропольский край";"Месяц";"% г/г";"0"
"2019-03-01";22;"A";"Данные СберИндекса";"Ставропольский край";"Месяц";"% г/г";"0"
"2019-04-01";19;"A";"Данные СберИндекса";"Ставропольский край";"Месяц";"% г/г";"0"
"2019-05-01";28;"A";"Данные СберИндекса";"Ставропольский край";"Месяц";"% г/г";"0"
"2019-06-01";16;"A";"Данные СберИндекса";"Ставропольский край";"Месяц";"% г/г";"0"
"2019-07-01";18;"A";"Данные СберИндекса";"Ставропольский край";"Месяц";"% г/г";"0"
"2019-08-01";17;"A";"Данные СберИндекса";"Ставропольский край";"Месяц";"% г/г";"0"
"2019-09-01";25;"A";"Данные СберИндекса";"Ставропольский край";"Месяц";"% г/г";"0"
"2019-10-01";20;"A";"Данные СберИндекса";"Ставропольский край";"Месяц";"% г/г";"0"
"2019-11-01";29;"A";"Данные СберИндекса";"Ставропольский край";"Месяц";"% г/г";"0"
"2019-12-01";34;"A";"Данные СберИндекса";"Ставропольский край";"Месяц";"% г/г";"0"
"2020-01-01";27;"A";"Данные СберИндекса";"Ставропольский край";"Месяц";"% г/г";"0"
"2020-02-01";29;"A";"Данные СберИндекса";"Ставропольский край";"Месяц";"% г/г";"0"
"2020-03-01";16;"A";"Данные СберИндекса";"Ставропольский край";"Месяц";"% г/г";"0"
"2020-04-01";-57;"A";"Данные СберИндекса";"Ставропольский край";"Месяц";"% г/г";"0"
"2020-05-01";-64;"A";"Данные СберИндекса";"Ставропольский край";"Месяц";"% г/г";"0"
"2020-06-01";-22;"A";"Данные СберИндекса";"Ставропольский край";"Месяц";"% г/г";"0"
"2020-07-01";12;"A";"Данные СберИндекса";"Ставропольский край";"Месяц";"% г/г";"0"
"2020-08-01";19;"A";"Данные СберИндекса";"Ставропольский край";"Месяц";"% г/г";"0"
"2020-09-01";23;"A";"Данные СберИндекса";"Ставропольский край";"Месяц";"% г/г";"0"
"2020-10-01";-8;"A";"Данные СберИндекса";"Ставропольский край";"Месяц";"% г/г";"0"
"2020-11-01";-20;"A";"Данные СберИндекса";"Ставропольский край";"Месяц";"% г/г";"0"
"2020-12-01";-13;"A";"Данные СберИндекса";"Ставропольский край";"Месяц";"% г/г";"0"
"2021-01-01";10;"A";"Данные СберИндекса";"Ставропольский край";"Месяц";"% г/г";"0"
"2021-02-01";9;"A";"Данные СберИндекса";"Ставропольский край";"Месяц";"% г/г";"0"
"2021-03-01";47;"A";"Данные СберИндекса";"Ставропольский край";"Месяц";"% г/г";"0"
"2021-04-01";282;"A";"Данные СберИндекса";"Ставропольский край";"Месяц";"% г/г";"0"
"2021-05-01";384;"A";"Данные СберИндекса";"Ставропольский край";"Месяц";"% г/г";"0"
"2021-06-01";129;"A";"Данные СберИндекса";"Ставропольский край";"Месяц";"% г/г";"0"
"2021-07-01";34;"A";"Данные СберИндекса";"Ставропольский край";"Месяц";"% г/г";"0"
"2021-08-01";22;"A";"Данные СберИндекса";"Ставропольский край";"Месяц";"% г/г";"0"
"2021-09-01";13;"A";"Данные СберИндекса";"Ставропольский край";"Месяц";"% г/г";"0"
"2021-10-01";96;"A";"Данные СберИндекса";"Ставропольский край";"Месяц";"% г/г";"0"
"2021-11-01";210;"A";"Данные СберИндекса";"Ставропольский край";"Месяц";"% г/г";"0"
"2021-12-01";88;"A";"Данные СберИндекса";"Ставропольский край";"Месяц";"% г/г";"0"
"2022-01-01";53;"A";"Данные СберИндекса";"Ставропольский край";"Месяц";"% г/г";"0"
"2022-02-01";36;"A";"Данные СберИндекса";"Ставропольский край";"Месяц";"% г/г";"0"
"2022-03-01";7;"A";"Данные СберИндекса";"Ставропольский край";"Месяц";"% г/г";"0"
"2022-04-01";45;"A";"Данные СберИндекса";"Ставропольский край";"Месяц";"% г/г";"0"
"2019-01-01";9;"A";"Данные СберИндекса";"Ростовская область";"Месяц";"% г/г";"0"
"2019-02-01";18;"A";"Данные СберИндекса";"Ростовская область";"Месяц";"% г/г";"0"
"2019-03-01";17;"A";"Данные СберИндекса";"Ростовская область";"Месяц";"% г/г";"0"
"2019-04-01";21;"A";"Данные СберИндекса";"Ростовская область";"Месяц";"% г/г";"0"
"2019-05-01";21;"A";"Данные СберИндекса";"Ростовская область";"Месяц";"% г/г";"0"
"2019-06-01";9;"A";"Данные СберИндекса";"Ростовская область";"Месяц";"% г/г";"0"
"2019-07-01";22;"A";"Данные СберИндекса";"Ростовская область";"Месяц";"% г/г";"0"
"2019-08-01";20;"A";"Данные СберИндекса";"Ростовская область";"Месяц";"% г/г";"0"
"2019-09-01";23;"A";"Данные СберИндекса";"Ростовская область";"Месяц";"% г/г";"0"
"2019-10-01";23;"A";"Данные СберИндекса";"Ростовская область";"Месяц";"% г/г";"0"
"2019-11-01";29;"A";"Данные СберИндекса";"Ростовская область";"Месяц";"% г/г";"0"
"2019-12-01";31;"A";"Данные СберИндекса";"Ростовская область";"Месяц";"% г/г";"0"
"2020-01-01";24;"A";"Данные СберИндекса";"Ростовская область";"Месяц";"% г/г";"0"
"2020-02-01";17;"A";"Данные СберИндекса";"Ростовская область";"Месяц";"% г/г";"0"
"2020-03-01";23;"A";"Данные СберИндекса";"Ростовская область";"Месяц";"% г/г";"0"
"2020-04-01";-47;"A";"Данные СберИндекса";"Ростовская область";"Месяц";"% г/г";"0"
"2020-05-01";-47;"A";"Данные СберИндекса";"Ростовская область";"Месяц";"% г/г";"0"
"2020-06-01";-23;"A";"Данные СберИндекса";"Ростовская область";"Месяц";"% г/г";"0"
"2020-07-01";10;"A";"Данные СберИндекса";"Ростовская область";"Месяц";"% г/г";"0"
"2020-08-01";40;"A";"Данные СберИндекса";"Ростовская область";"Месяц";"% г/г";"0"
"2020-09-01";38;"A";"Данные СберИндекса";"Ростовская область";"Месяц";"% г/г";"0"
"2020-10-01";7;"A";"Данные СберИндекса";"Ростовская область";"Месяц";"% г/г";"0"
"2020-11-01";-14;"A";"Данные СберИндекса";"Ростовская область";"Месяц";"% г/г";"0"
"2020-12-01";-15;"A";"Данные СберИндекса";"Ростовская область";"Месяц";"% г/г";"0"
"2021-01-01";3;"A";"Данные СберИндекса";"Ростовская область";"Месяц";"% г/г";"0"
"2021-02-01";3;"A";"Данные СберИндекса";"Ростовская область";"Месяц";"% г/г";"0"
"2021-03-01";17;"A";"Данные СберИндекса";"Ростовская область";"Месяц";"% г/г";"0"
"2021-04-01";167;"A";"Данные СберИндекса";"Ростовская область";"Месяц";"% г/г";"0"
"2021-05-01";209;"A";"Данные СберИндекса";"Ростовская область";"Месяц";"% г/г";"0"
"2021-06-01";120;"A";"Данные СберИндекса";"Ростовская область";"Месяц";"% г/г";"0"
"2021-07-01";31;"A";"Данные СберИндекса";"Ростовская область";"Месяц";"% г/г";"0"
"2021-08-01";-8;"A";"Данные СберИндекса";"Ростовская область";"Месяц";"% г/г";"0"
"2021-09-01";-18;"A";"Данные СберИндекса";"Ростовская область";"Месяц";"% г/г";"0"
"2021-10-01";16;"A";"Данные СберИндекса";"Ростовская область";"Месяц";"% г/г";"0"
"2021-11-01";60;"A";"Данные СберИндекса";"Ростовская область";"Месяц";"% г/г";"0"
"2021-12-01";60;"A";"Данные СберИндекса";"Ростовская область";"Месяц";"% г/г";"0"
"2022-01-01";46;"A";"Данные СберИндекса";"Ростовская область";"Месяц";"% г/г";"0"
"2022-02-01";33;"A";"Данные СберИндекса";"Ростовская область";"Месяц";"% г/г";"0"
"2022-03-01";-5;"A";"Данные СберИндекса";"Ростовская область";"Месяц";"% г/г";"0"
"2022-04-01";9;"A";"Данные СберИндекса";"Ростовская область";"Месяц";"% г/г";"0"
"2019-01-01";-3;"A";"Данные СберИндекса";"Забайкальский край";"Месяц";"% г/г";"0"
"2019-02-01";6;"A";"Данные СберИндекса";"Забайкальский край";"Месяц";"% г/г";"0"
"2019-03-01";5;"A";"Данные СберИндекса";"Забайкальский край";"Месяц";"% г/г";"0"
"2019-04-01";11;"A";"Данные СберИндекса";"Забайкальский край";"Месяц";"% г/г";"0"
"2019-05-01";6;"A";"Данные СберИндекса";"Забайкальский край";"Месяц";"% г/г";"0"
"2019-06-01";1;"A";"Данные СберИндекса";"Забайкальский край";"Месяц";"% г/г";"0"
"2019-07-01";-1;"A";"Данные СберИндекса";"Забайкальский край";"Месяц";"% г/г";"0"
"2019-08-01";-10;"A";"Данные СберИндекса";"Забайкальский край";"Месяц";"% г/г";"0"
"2019-09-01";-12;"A";"Данные СберИндекса";"Забайкальский край";"Месяц";"% г/г";"0"
"2019-10-01";6;"A";"Данные СберИндекса";"Забайкальский край";"Месяц";"% г/г";"0"
"2019-11-01";8;"A";"Данные СберИндекса";"Забайкальский край";"Месяц";"% г/г";"0"
"2019-12-01";11;"A";"Данные СберИндекса";"Забайкальский край";"Месяц";"% г/г";"0"
"2020-01-01";3;"A";"Данные СберИндекса";"Забайкальский край";"Месяц";"% г/г";"0"
"2020-02-01";1;"A";"Данные СберИндекса";"Забайкальский край";"Месяц";"% г/г";"0"
"2020-03-01";6;"A";"Данные СберИндекса";"Забайкальский край";"Месяц";"% г/г";"0"
"2020-04-01";-44;"A";"Данные СберИндекса";"Забайкальский край";"Месяц";"% г/г";"0"
"2020-05-01";-39;"A";"Данные СберИндекса";"Забайкальский край";"Месяц";"% г/г";"0"
"2020-06-01";-25;"A";"Данные СберИндекса";"Забайкальский край";"Месяц";"% г/г";"0"
"2020-07-01";-11;"A";"Данные СберИндекса";"Забайкальский край";"Месяц";"% г/г";"0"
"2020-08-01";2;"A";"Данные СберИндекса";"Забайкальский край";"Месяц";"% г/г";"0"
"2020-09-01";1;"A";"Данные СберИндекса";"Забайкальский край";"Месяц";"% г/г";"0"
"2020-10-01";-19;"A";"Данные СберИндекса";"Забайкальский край";"Месяц";"% г/г";"0"
"2020-11-01";-35;"A";"Данные СберИндекса";"Забайкальский край";"Месяц";"% г/г";"0"
"2020-12-01";-22;"A";"Данные СберИндекса";"Забайкальский край";"Месяц";"% г/г";"0"
"2021-01-01";2;"A";"Данные СберИндекса";"Забайкальский край";"Месяц";"% г/г";"0"
"2021-02-01";17;"A";"Данные СберИндекса";"Забайкальский край";"Месяц";"% г/г";"0"
"2021-03-01";22;"A";"Данные СберИндекса";"Забайкальский край";"Месяц";"% г/г";"0"
"2021-04-01";134;"A";"Данные СберИндекса";"Забайкальский край";"Месяц";"% г/г";"0"
"2021-05-01";117;"A";"Данные СберИндекса";"Забайкальский край";"Месяц";"% г/г";"0"
"2021-06-01";78;"A";"Данные СберИндекса";"Забайкальский край";"Месяц";"% г/г";"0"
"2021-07-01";28;"A";"Данные СберИндекса";"Забайкальский край";"Месяц";"% г/г";"0"
"2021-08-01";23;"A";"Данные СберИндекса";"Забайкальский край";"Месяц";"% г/г";"0"
"2021-09-01";26;"A";"Данные СберИндекса";"Забайкальский край";"Месяц";"% г/г";"0"
"2021-10-01";68;"A";"Данные СберИндекса";"Забайкальский край";"Месяц";"% г/г";"0"
"2021-11-01";113;"A";"Данные СберИндекса";"Забайкальский край";"Месяц";"% г/г";"0"
"2021-12-01";73;"A";"Данные СберИндекса";"Забайкальский край";"Месяц";"% г/г";"0"
"2022-01-01";46;"A";"Данные СберИндекса";"Забайкальский край";"Месяц";"% г/г";"0"
"2022-02-01";21;"A";"Данные СберИндекса";"Забайкальский край";"Месяц";"% г/г";"0"
"2022-03-01";10;"A";"Данные СберИндекса";"Забайкальский край";"Месяц";"% г/г";"0"
"2022-04-01";11;"A";"Данные СберИндекса";"Забайкальский край";"Месяц";"% г/г";"0"
"2019-01-01";3;"A";"Данные СберИндекса";"Республика Дагестан";"Месяц";"% г/г";"0"
"2019-02-01";25;"A";"Данные СберИндекса";"Республика Дагестан";"Месяц";"% г/г";"0"
"2019-03-01";18;"A";"Данные СберИндекса";"Республика Дагестан";"Месяц";"% г/г";"0"
"2019-04-01";12;"A";"Данные СберИндекса";"Республика Дагестан";"Месяц";"% г/г";"0"
"2019-05-01";18;"A";"Данные СберИндекса";"Республика Дагестан";"Месяц";"% г/г";"0"
"2019-06-01";8;"A";"Данные СберИндекса";"Республика Дагестан";"Месяц";"% г/г";"0"
"2019-07-01";1;"A";"Данные СберИндекса";"Республика Дагестан";"Месяц";"% г/г";"0"
"2019-08-01";-6;"A";"Данные СберИндекса";"Республика Дагестан";"Месяц";"% г/г";"0"
"2019-09-01";4;"A";"Данные СберИндекса";"Республика Дагестан";"Месяц";"% г/г";"0"
"2019-10-01";5;"A";"Данные СберИндекса";"Республика Дагестан";"Месяц";"% г/г";"0"
"2019-11-01";17;"A";"Данные СберИндекса";"Республика Дагестан";"Месяц";"% г/г";"0"
"2019-12-01";16;"A";"Данные СберИндекса";"Республика Дагестан";"Месяц";"% г/г";"0"
"2020-01-01";8;"A";"Данные СберИндекса";"Республика Дагестан";"Месяц";"% г/г";"0"
"2020-02-01";2;"A";"Данные СберИндекса";"Республика Дагестан";"Месяц";"% г/г";"0"
"2020-03-01";17;"A";"Данные СберИндекса";"Республика Дагестан";"Месяц";"% г/г";"0"
"2020-04-01";-50;"A";"Данные СберИндекса";"Республика Дагестан";"Месяц";"% г/г";"0"
"2020-05-01";-59;"A";"Данные СберИндекса";"Республика Дагестан";"Месяц";"% г/г";"0"
"2020-06-01";-45;"A";"Данные СберИндекса";"Республика Дагестан";"Месяц";"% г/г";"0"
"2020-07-01";-8;"A";"Данные СберИндекса";"Республика Дагестан";"Месяц";"% г/г";"0"
"2020-08-01";10;"A";"Данные СберИндекса";"Республика Дагестан";"Месяц";"% г/г";"0"
"2020-09-01";35;"A";"Данные СберИндекса";"Республика Дагестан";"Месяц";"% г/г";"0"
"2020-10-01";4;"A";"Данные СберИндекса";"Республика Дагестан";"Месяц";"% г/г";"0"
"2020-11-01";-15;"A";"Данные СберИндекса";"Республика Дагестан";"Месяц";"% г/г";"0"
"2020-12-01";-3;"A";"Данные СберИндекса";"Республика Дагестан";"Месяц";"% г/г";"0"
"2021-01-01";28;"A";"Данные СберИндекса";"Республика Дагестан";"Месяц";"% г/г";"0"
"2021-02-01";12;"A";"Данные СберИндекса";"Республика Дагестан";"Месяц";"% г/г";"0"
"2021-03-01";37;"A";"Данные СберИндекса";"Республика Дагестан";"Месяц";"% г/г";"0"
"2021-04-01";222;"A";"Данные СберИндекса";"Республика Дагестан";"Месяц";"% г/г";"0"
"2021-05-01";416;"A";"Данные СберИндекса";"Республика Дагестан";"Месяц";"% г/г";"0"
"2021-06-01";224;"A";"Данные СберИндекса";"Республика Дагестан";"Месяц";"% г/г";"0"
"2021-07-01";66;"A";"Данные СберИндекса";"Республика Дагестан";"Месяц";"% г/г";"0"
"2021-08-01";42;"A";"Данные СберИндекса";"Республика Дагестан";"Месяц";"% г/г";"0"
"2021-09-01";22;"A";"Данные СберИндекса";"Республика Дагестан";"Месяц";"% г/г";"0"
"2021-10-01";58;"A";"Данные СберИндекса";"Республика Дагестан";"Месяц";"% г/г";"0"
"2021-11-01";77;"A";"Данные СберИндекса";"Республика Дагестан";"Месяц";"% г/г";"0"
"2021-12-01";59;"A";"Данные СберИндекса";"Республика Дагестан";"Месяц";"% г/г";"0"
"2022-01-01";57;"A";"Данные СберИндекса";"Республика Дагестан";"Месяц";"% г/г";"0"
"2022-02-01";18;"A";"Данные СберИндекса";"Республика Дагестан";"Месяц";"% г/г";"0"
"2022-03-01";9;"A";"Данные СберИндекса";"Республика Дагестан";"Месяц";"% г/г";"0"
"2022-04-01";10;"A";"Данные СберИндекса";"Республика Дагестан";"Месяц";"% г/г";"0"
"2019-01-01";13;"A";"Данные СберИндекса";"Ульяновская область";"Месяц";"% г/г";"0"
"2019-02-01";17;"A";"Данные СберИндекса";"Ульяновская область";"Месяц";"% г/г";"0"
"2019-03-01";22;"A";"Данные СберИндекса";"Ульяновская область";"Месяц";"% г/г";"0"
"2019-04-01";23;"A";"Данные СберИндекса";"Ульяновская область";"Месяц";"% г/г";"0"
"2019-05-01";27;"A";"Данные СберИндекса";"Ульяновская область";"Месяц";"% г/г";"0"
"2019-06-01";6;"A";"Данные СберИндекса";"Ульяновская область";"Месяц";"% г/г";"0"
"2019-07-01";16;"A";"Данные СберИндекса";"Ульяновская область";"Месяц";"% г/г";"0"
"2019-08-01";9;"A";"Данные СберИндекса";"Ульяновская область";"Месяц";"% г/г";"0"
"2019-09-01";23;"A";"Данные СберИндекса";"Ульяновская область";"Месяц";"% г/г";"0"
"2019-10-01";21;"A";"Данные СберИндекса";"Ульяновская область";"Месяц";"% г/г";"0"
"2019-11-01";26;"A";"Данные СберИндекса";"Ульяновская область";"Месяц";"% г/г";"0"
"2019-12-01";25;"A";"Данные СберИндекса";"Ульяновская область";"Месяц";"% г/г";"0"
"2020-01-01";15;"A";"Данные СберИндекса";"Ульяновская область";"Месяц";"% г/г";"0"
"2020-02-01";21;"A";"Данные СберИндекса";"Ульяновская область";"Месяц";"% г/г";"0"
"2020-03-01";12;"A";"Данные СберИндекса";"Ульяновская область";"Месяц";"% г/г";"0"
"2020-04-01";-48;"A";"Данные СберИндекса";"Ульяновская область";"Месяц";"% г/г";"0"
"2020-05-01";-41;"A";"Данные СберИндекса";"Ульяновская область";"Месяц";"% г/г";"0"
"2020-06-01";1;"A";"Данные СберИндекса";"Ульяновская область";"Месяц";"% г/г";"0"
"2020-07-01";-2;"A";"Данные СберИндекса";"Ульяновская область";"Месяц";"% г/г";"0"
"2020-08-01";15;"A";"Данные СберИндекса";"Ульяновская область";"Месяц";"% г/г";"0"
"2020-09-01";9;"A";"Данные СберИндекса";"Ульяновская область";"Месяц";"% г/г";"0"
"2020-10-01";-22;"A";"Данные СберИндекса";"Ульяновская область";"Месяц";"% г/г";"0"
"2020-11-01";-28;"A";"Данные СберИндекса";"Ульяновская область";"Месяц";"% г/г";"0"
"2020-12-01";-23;"A";"Данные СберИндекса";"Ульяновская область";"Месяц";"% г/г";"0"
"2021-01-01";-2;"A";"Данные СберИндекса";"Ульяновская область";"Месяц";"% г/г";"0"
"2021-02-01";4;"A";"Данные СберИндекса";"Ульяновская область";"Месяц";"% г/г";"0"
"2021-03-01";12;"A";"Данные СберИндекса";"Ульяновская область";"Месяц";"% г/г";"0"
"2021-04-01";126;"A";"Данные СберИндекса";"Ульяновская область";"Месяц";"% г/г";"0"
"2021-05-01";132;"A";"Данные СберИндекса";"Ульяновская область";"Месяц";"% г/г";"0"
"2021-06-01";46;"A";"Данные СберИндекса";"Ульяновская область";"Месяц";"% г/г";"0"
"2021-07-01";26;"A";"Данные СберИндекса";"Ульяновская область";"Месяц";"% г/г";"0"
"2021-08-01";14;"A";"Данные СберИндекса";"Ульяновская область";"Месяц";"% г/г";"0"
"2021-09-01";-3;"A";"Данные СберИндекса";"Ульяновская область";"Месяц";"% г/г";"0"
"2021-10-01";49;"A";"Данные СберИндекса";"Ульяновская область";"Месяц";"% г/г";"0"
"2021-11-01";70;"A";"Данные СберИндекса";"Ульяновская область";"Месяц";"% г/г";"0"
"2021-12-01";65;"A";"Данные СберИндекса";"Ульяновская область";"Месяц";"% г/г";"0"
"2022-01-01";40;"A";"Данные СберИндекса";"Ульяновская область";"Месяц";"% г/г";"0"
"2022-02-01";5;"A";"Данные СберИндекса";"Ульяновская область";"Месяц";"% г/г";"0"
"2022-03-01";8;"A";"Данные СберИндекса";"Ульяновская область";"Месяц";"% г/г";"0"
"2022-04-01";17;"A";"Данные СберИндекса";"Ульяновская область";"Месяц";"% г/г";"0"
"2019-01-01";11;"A";"Данные СберИндекса";"Белгородская область";"Месяц";"% г/г";"0"
"2019-02-01";14;"A";"Данные СберИндекса";"Белгородская область";"Месяц";"% г/г";"0"
"2019-03-01";20;"A";"Данные СберИндекса";"Белгородская область";"Месяц";"% г/г";"0"
"2019-04-01";18;"A";"Данные СберИндекса";"Белгородская область";"Месяц";"% г/г";"0"
"2019-05-01";18;"A";"Данные СберИндекса";"Белгородская область";"Месяц";"% г/г";"0"
"2019-06-01";-8;"A";"Данные СберИндекса";"Белгородская область";"Месяц";"% г/г";"0"
"2019-07-01";0;"A";"Данные СберИндекса";"Белгородская область";"Месяц";"% г/г";"0"
"2019-08-01";-3;"A";"Данные СберИндекса";"Белгородская область";"Месяц";"% г/г";"0"
"2019-09-01";12;"A";"Данные СберИндекса";"Белгородская область";"Месяц";"% г/г";"0"
"2019-10-01";18;"A";"Данные СберИндекса";"Белгородская область";"Месяц";"% г/г";"0"
"2019-11-01";21;"A";"Данные СберИндекса";"Белгородская область";"Месяц";"% г/г";"0"
"2019-12-01";20;"A";"Данные СберИндекса";"Белгородская область";"Месяц";"% г/г";"0"
"2020-01-01";16;"A";"Данные СберИндекса";"Белгородская область";"Месяц";"% г/г";"0"
"2020-02-01";27;"A";"Данные СберИндекса";"Белгородская область";"Месяц";"% г/г";"0"
"2020-03-01";16;"A";"Данные СберИндекса";"Белгородская область";"Месяц";"% г/г";"0"
"2020-04-01";-43;"A";"Данные СберИндекса";"Белгородская область";"Месяц";"% г/г";"0"
"2020-05-01";-46;"A";"Данные СберИндекса";"Белгородская область";"Месяц";"% г/г";"0"
"2020-06-01";-2;"A";"Данные СберИндекса";"Белгородская область";"Месяц";"% г/г";"0"
"2020-07-01";5;"A";"Данные СберИндекса";"Белгородская область";"Месяц";"% г/г";"0"
"2020-08-01";11;"A";"Данные СберИндекса";"Белгородская область";"Месяц";"% г/г";"0"
"2020-09-01";7;"A";"Данные СберИндекса";"Белгородская область";"Месяц";"% г/г";"0"
"2020-10-01";-18;"A";"Данные СберИндекса";"Белгородская область";"Месяц";"% г/г";"0"
"2020-11-01";-27;"A";"Данные СберИндекса";"Белгородская область";"Месяц";"% г/г";"0"
"2020-12-01";-22;"A";"Данные СберИндекса";"Белгородская область";"Месяц";"% г/г";"0"
"2021-01-01";-5;"A";"Данные СберИндекса";"Белгородская область";"Месяц";"% г/г";"0"
"2021-02-01";-10;"A";"Данные СберИндекса";"Белгородская область";"Месяц";"% г/г";"0"
"2021-03-01";16;"A";"Данные СберИндекса";"Белгородская область";"Месяц";"% г/г";"0"
"2021-04-01";125;"A";"Данные СберИндекса";"Белгородская область";"Месяц";"% г/г";"0"
"2021-05-01";150;"A";"Данные СберИндекса";"Белгородская область";"Месяц";"% г/г";"0"
"2021-06-01";54;"A";"Данные СберИндекса";"Белгородская область";"Месяц";"% г/г";"0"
"2021-07-01";23;"A";"Данные СберИндекса";"Белгородская область";"Месяц";"% г/г";"0"
"2021-08-01";18;"A";"Данные СберИндекса";"Белгородская область";"Месяц";"% г/г";"0"
"2021-09-01";13;"A";"Данные СберИндекса";"Белгородская область";"Месяц";"% г/г";"0"
"2021-10-01";50;"A";"Данные СберИндекса";"Белгородская область";"Месяц";"% г/г";"0"
"2021-11-01";69;"A";"Данные СберИндекса";"Белгородская область";"Месяц";"% г/г";"0"
"2021-12-01";66;"A";"Данные СберИндекса";"Белгородская область";"Месяц";"% г/г";"0"
"2022-01-01";47;"A";"Данные СберИндекса";"Белгородская область";"Месяц";"% г/г";"0"
"2022-02-01";45;"A";"Данные СберИндекса";"Белгородская область";"Месяц";"% г/г";"0"
"2022-03-01";11;"A";"Данные СберИндекса";"Белгородская область";"Месяц";"% г/г";"0"
"2022-04-01";57;"A";"Данные СберИндекса";"Белгородская область";"Месяц";"% г/г";"0"
"2019-01-01";51;"A";"Данные СберИндекса";"Карачаево-Черкесская Республика";"Месяц";"% г/г";"0"
"2019-02-01";56;"A";"Данные СберИндекса";"Карачаево-Черкесская Республика";"Месяц";"% г/г";"0"
"2019-03-01";62;"A";"Данные СберИндекса";"Карачаево-Черкесская Республика";"Месяц";"% г/г";"0"
"2019-04-01";36;"A";"Данные СберИндекса";"Карачаево-Черкесская Республика";"Месяц";"% г/г";"0"
"2019-05-01";58;"A";"Данные СберИндекса";"Карачаево-Черкесская Республика";"Месяц";"% г/г";"0"
"2019-06-01";34;"A";"Данные СберИндекса";"Карачаево-Черкесская Республика";"Месяц";"% г/г";"0"
"2019-07-01";60;"A";"Данные СберИндекса";"Карачаево-Черкесская Республика";"Месяц";"% г/г";"0"
"2019-08-01";66;"A";"Данные СберИндекса";"Карачаево-Черкесская Республика";"Месяц";"% г/г";"0"
"2019-09-01";76;"A";"Данные СберИндекса";"Карачаево-Черкесская Республика";"Месяц";"% г/г";"0"
"2019-10-01";75;"A";"Данные СберИндекса";"Карачаево-Черкесская Республика";"Месяц";"% г/г";"0"
"2019-11-01";81;"A";"Данные СберИндекса";"Карачаево-Черкесская Республика";"Месяц";"% г/г";"0"
"2019-12-01";76;"A";"Данные СберИндекса";"Карачаево-Черкесская Республика";"Месяц";"% г/г";"0"
"2020-01-01";38;"A";"Данные СберИндекса";"Карачаево-Черкесская Республика";"Месяц";"% г/г";"0"
"2020-02-01";40;"A";"Данные СберИндекса";"Карачаево-Черкесская Республика";"Месяц";"% г/г";"0"
"2020-03-01";28;"A";"Данные СберИндекса";"Карачаево-Черкесская Республика";"Месяц";"% г/г";"0"
"2020-04-01";-44;"A";"Данные СберИндекса";"Карачаево-Черкесская Республика";"Месяц";"% г/г";"0"
"2020-05-01";-42;"A";"Данные СберИндекса";"Карачаево-Черкесская Республика";"Месяц";"% г/г";"0"
"2020-06-01";-17;"A";"Данные СберИндекса";"Карачаево-Черкесская Республика";"Месяц";"% г/г";"0"
"2020-07-01";0;"A";"Данные СберИндекса";"Карачаево-Черкесская Республика";"Месяц";"% г/г";"0"
"2020-08-01";43;"A";"Данные СберИндекса";"Карачаево-Черкесская Республика";"Месяц";"% г/г";"0"
"2020-09-01";48;"A";"Данные СберИндекса";"Карачаево-Черкесская Республика";"Месяц";"% г/г";"0"
"2020-10-01";4;"A";"Данные СберИндекса";"Карачаево-Черкесская Республика";"Месяц";"% г/г";"0"
"2020-11-01";-16;"A";"Данные СберИндекса";"Карачаево-Черкесская Республика";"Месяц";"% г/г";"0"
"2020-12-01";7;"A";"Данные СберИндекса";"Карачаево-Черкесская Республика";"Месяц";"% г/г";"0"
"2021-01-01";18;"A";"Данные СберИндекса";"Карачаево-Черкесская Республика";"Месяц";"% г/г";"0"
"2021-02-01";14;"A";"Данные СберИндекса";"Карачаево-Черкесская Республика";"Месяц";"% г/г";"0"
"2021-03-01";48;"A";"Данные СберИндекса";"Карачаево-Черкесская Республика";"Месяц";"% г/г";"0"
"2021-04-01";153;"A";"Данные СберИндекса";"Карачаево-Черкесская Республика";"Месяц";"% г/г";"0"
"2021-05-01";168;"A";"Данные СберИндекса";"Карачаево-Черкесская Республика";"Месяц";"% г/г";"0"
"2021-06-01";114;"A";"Данные СберИндекса";"Карачаево-Черкесская Республика";"Месяц";"% г/г";"0"
"2021-07-01";52;"A";"Данные СберИндекса";"Карачаево-Черкесская Республика";"Месяц";"% г/г";"0"
"2021-08-01";5;"A";"Данные СберИндекса";"Карачаево-Черкесская Республика";"Месяц";"% г/г";"0"
"2021-09-01";-18;"A";"Данные СберИндекса";"Карачаево-Черкесская Республика";"Месяц";"% г/г";"0"
"2021-10-01";17;"A";"Данные СберИндекса";"Карачаево-Черкесская Республика";"Месяц";"% г/г";"0"
"2021-11-01";57;"A";"Данные СберИндекса";"Карачаево-Черкесская Республика";"Месяц";"% г/г";"0"
"2021-12-01";33;"A";"Данные СберИндекса";"Карачаево-Черкесская Республика";"Месяц";"% г/г";"0"
"2022-01-01";31;"A";"Данные СберИндекса";"Карачаево-Черкесская Республика";"Месяц";"% г/г";"0"
"2022-02-01";38;"A";"Данные СберИндекса";"Карачаево-Черкесская Республика";"Месяц";"% г/г";"0"
"2022-03-01";-26;"A";"Данные СберИндекса";"Карачаево-Черкесская Республика";"Месяц";"% г/г";"0"
"2022-04-01";-9;"A";"Данные СберИндекса";"Карачаево-Черкесская Республика";"Месяц";"% г/г";"0"
"2019-01-01";21;"A";"Данные СберИндекса";"Рязанская область";"Месяц";"% г/г";"0"
"2019-02-01";34;"A";"Данные СберИндекса";"Рязанская область";"Месяц";"% г/г";"0"
"2019-03-01";34;"A";"Данные СберИндекса";"Рязанская область";"Месяц";"% г/г";"0"
"2019-04-01";29;"A";"Данные СберИндекса";"Рязанская область";"Месяц";"% г/г";"0"
"2019-05-01";39;"A";"Данные СберИндекса";"Рязанская область";"Месяц";"% г/г";"0"
"2019-06-01";18;"A";"Данные СберИндекса";"Рязанская область";"Месяц";"% г/г";"0"
"2019-07-01";27;"A";"Данные СберИндекса";"Рязанская область";"Месяц";"% г/г";"0"
"2019-08-01";20;"A";"Данные СберИндекса";"Рязанская область";"Месяц";"% г/г";"0"
"2019-09-01";40;"A";"Данные СберИндекса";"Рязанская область";"Месяц";"% г/г";"0"
"2019-10-01";24;"A";"Данные СберИндекса";"Рязанская область";"Месяц";"% г/г";"0"
"2019-11-01";25;"A";"Данные СберИндекса";"Рязанская область";"Месяц";"% г/г";"0"
"2019-12-01";25;"A";"Данные СберИндекса";"Рязанская область";"Месяц";"% г/г";"0"
"2020-01-01";26;"A";"Данные СберИндекса";"Рязанская область";"Месяц";"% г/г";"0"
"2020-02-01";21;"A";"Данные СберИндекса";"Рязанская область";"Месяц";"% г/г";"0"
"2020-03-01";21;"A";"Данные СберИндекса";"Рязанская область";"Месяц";"% г/г";"0"
"2020-04-01";-24;"A";"Данные СберИндекса";"Рязанская область";"Месяц";"% г/г";"0"
"2020-05-01";-23;"A";"Данные СберИндекса";"Рязанская область";"Месяц";"% г/г";"0"
"2020-06-01";38;"A";"Данные СберИндекса";"Рязанская область";"Месяц";"% г/г";"0"
"2020-07-01";25;"A";"Данные СберИндекса";"Рязанская область";"Месяц";"% г/г";"0"
"2020-08-01";35;"A";"Данные СберИндекса";"Рязанская область";"Месяц";"% г/г";"0"
"2020-09-01";22;"A";"Данные СберИндекса";"Рязанская область";"Месяц";"% г/г";"0"
"2020-10-01";31;"A";"Данные СберИндекса";"Рязанская область";"Месяц";"% г/г";"0"
"2020-11-01";9;"A";"Данные СберИндекса";"Рязанская область";"Месяц";"% г/г";"0"
"2020-12-01";7;"A";"Данные СберИндекса";"Рязанская область";"Месяц";"% г/г";"0"
"2021-01-01";2;"A";"Данные СберИндекса";"Рязанская область";"Месяц";"% г/г";"0"
"2021-02-01";-1;"A";"Данные СберИндекса";"Рязанская область";"Месяц";"% г/г";"0"
"2021-03-01";17;"A";"Данные СберИндекса";"Рязанская область";"Месяц";"% г/г";"0"
"2021-04-01";73;"A";"Данные СберИндекса";"Рязанская область";"Месяц";"% г/г";"0"
"2021-05-01";81;"A";"Данные СберИндекса";"Рязанская область";"Месяц";"% г/г";"0"
"2021-06-01";9;"A";"Данные СберИндекса";"Рязанская область";"Месяц";"% г/г";"0"
"2021-07-01";4;"A";"Данные СберИндекса";"Рязанская область";"Месяц";"% г/г";"0"
"2021-08-01";-1;"A";"Данные СберИндекса";"Рязанская область";"Месяц";"% г/г";"0"
"2021-09-01";-8;"A";"Данные СберИндекса";"Рязанская область";"Месяц";"% г/г";"0"
"2021-10-01";0;"A";"Данные СберИндекса";"Рязанская область";"Месяц";"% г/г";"0"
"2021-11-01";35;"A";"Данные СберИндекса";"Рязанская область";"Месяц";"% г/г";"0"
"2021-12-01";33;"A";"Данные СберИндекса";"Рязанская область";"Месяц";"% г/г";"0"
"2022-01-01";52;"A";"Данные СберИндекса";"Рязанская область";"Месяц";"% г/г";"0"
"2022-02-01";30;"A";"Данные СберИндекса";"Рязанская область";"Месяц";"% г/г";"0"
"2022-03-01";10;"A";"Данные СберИндекса";"Рязанская область";"Месяц";"% г/г";"0"
"2022-04-01";33;"A";"Данные СберИндекса";"Рязанская область";"Месяц";"% г/г";"0"
"2019-01-01";-4;"A";"Данные СберИндекса";"Мурманская область";"Месяц";"% г/г";"0"
"2019-02-01";4;"A";"Данные СберИндекса";"Мурманская область";"Месяц";"% г/г";"0"
"2019-03-01";-2;"A";"Данные СберИндекса";"Мурманская область";"Месяц";"% г/г";"0"
"2019-04-01";1;"A";"Данные СберИндекса";"Мурманская область";"Месяц";"% г/г";"0"
"2019-05-01";6;"A";"Данные СберИндекса";"Мурманская область";"Месяц";"% г/г";"0"
"2019-06-01";2;"A";"Данные СберИндекса";"Мурманская область";"Месяц";"% г/г";"0"
"2019-07-01";12;"A";"Данные СберИндекса";"Мурманская область";"Месяц";"% г/г";"0"
"2019-08-01";2;"A";"Данные СберИндекса";"Мурманская область";"Месяц";"% г/г";"0"
"2019-09-01";9;"A";"Данные СберИндекса";"Мурманская область";"Месяц";"% г/г";"0"
"2019-10-01";4;"A";"Данные СберИндекса";"Мурманская область";"Месяц";"% г/г";"0"
"2019-11-01";14;"A";"Данные СберИндекса";"Мурманская область";"Месяц";"% г/г";"0"
"2019-12-01";8;"A";"Данные СберИндекса";"Мурманская область";"Месяц";"% г/г";"0"
"2020-01-01";8;"A";"Данные СберИндекса";"Мурманская область";"Месяц";"% г/г";"0"
"2020-02-01";8;"A";"Данные СберИндекса";"Мурманская область";"Месяц";"% г/г";"0"
"2020-03-01";6;"A";"Данные СберИндекса";"Мурманская область";"Месяц";"% г/г";"0"
"2020-04-01";-67;"A";"Данные СберИндекса";"Мурманская область";"Месяц";"% г/г";"0"
"2020-05-01";-60;"A";"Данные СберИндекса";"Мурманская область";"Месяц";"% г/г";"0"
"2020-06-01";-25;"A";"Данные СберИндекса";"Мурманская область";"Месяц";"% г/г";"0"
"2020-07-01";-11;"A";"Данные СберИндекса";"Мурманская область";"Месяц";"% г/г";"0"
"2020-08-01";14;"A";"Данные СберИндекса";"Мурманская область";"Месяц";"% г/г";"0"
"2020-09-01";22;"A";"Данные СберИндекса";"Мурманская область";"Месяц";"% г/г";"0"
"2020-10-01";-2;"A";"Данные СберИндекса";"Мурманская область";"Месяц";"% г/г";"0"
"2020-11-01";-19;"A";"Данные СберИндекса";"Мурманская область";"Месяц";"% г/г";"0"
"2020-12-01";-17;"A";"Данные СберИндекса";"Мурманская область";"Месяц";"% г/г";"0"
"2021-01-01";15;"A";"Данные СберИндекса";"Мурманская область";"Месяц";"% г/г";"0"
"2021-02-01";34;"A";"Данные СберИндекса";"Мурманская область";"Месяц";"% г/г";"0"
"2021-03-01";66;"A";"Данные СберИндекса";"Мурманская область";"Месяц";"% г/г";"0"
"2021-04-01";416;"A";"Данные СберИндекса";"Мурманская область";"Месяц";"% г/г";"0"
"2021-05-01";296;"A";"Данные СберИндекса";"Мурманская область";"Месяц";"% г/г";"0"
"2021-06-01";127;"A";"Данные СберИндекса";"Мурманская область";"Месяц";"% г/г";"0"
"2021-07-01";67;"A";"Данные СберИндекса";"Мурманская область";"Месяц";"% г/г";"0"
"2021-08-01";39;"A";"Данные СберИндекса";"Мурманская область";"Месяц";"% г/г";"0"
"2021-09-01";24;"A";"Данные СберИндекса";"Мурманская область";"Месяц";"% г/г";"0"
"2021-10-01";59;"A";"Данные СберИндекса";"Мурманская область";"Месяц";"% г/г";"0"
"2021-11-01";101;"A";"Данные СберИндекса";"Мурманская область";"Месяц";"% г/г";"0"
"2021-12-01";87;"A";"Данные СберИндекса";"Мурманская область";"Месяц";"% г/г";"0"
"2022-01-01";59;"A";"Данные СберИндекса";"Мурманская область";"Месяц";"% г/г";"0"
"2022-02-01";46;"A";"Данные СберИндекса";"Мурманская область";"Месяц";"% г/г";"0"
"2022-03-01";16;"A";"Данные СберИндекса";"Мурманская область";"Месяц";"% г/г";"0"
"2022-04-01";16;"A";"Данные СберИндекса";"Мурманская область";"Месяц";"% г/г";"0"
"2019-01-01";18;"A";"Данные СберИндекса";"Новосибирская область";"Месяц";"% г/г";"0"
"2019-02-01";15;"A";"Данные СберИндекса";"Новосибирская область";"Месяц";"% г/г";"0"
"2019-03-01";25;"A";"Данные СберИндекса";"Новосибирская область";"Месяц";"% г/г";"0"
"2019-04-01";27;"A";"Данные СберИндекса";"Новосибирская область";"Месяц";"% г/г";"0"
"2019-05-01";24;"A";"Данные СберИндекса";"Новосибирская область";"Месяц";"% г/г";"0"
"2019-06-01";16;"A";"Данные СберИндекса";"Новосибирская область";"Месяц";"% г/г";"0"
"2019-07-01";26;"A";"Данные СберИндекса";"Новосибирская область";"Месяц";"% г/г";"0"
"2019-08-01";18;"A";"Данные СберИндекса";"Новосибирская область";"Месяц";"% г/г";"0"
"2019-09-01";28;"A";"Данные СберИндекса";"Новосибирская область";"Месяц";"% г/г";"0"
"2019-10-01";23;"A";"Данные СберИндекса";"Новосибирская область";"Месяц";"% г/г";"0"
"2019-11-01";29;"A";"Данные СберИндекса";"Новосибирская область";"Месяц";"% г/г";"0"
"2019-12-01";30;"A";"Данные СберИндекса";"Новосибирская область";"Месяц";"% г/г";"0"
"2020-01-01";22;"A";"Данные СберИндекса";"Новосибирская область";"Месяц";"% г/г";"0"
"2020-02-01";28;"A";"Данные СберИндекса";"Новосибирская область";"Месяц";"% г/г";"0"
"2020-03-01";8;"A";"Данные СберИндекса";"Новосибирская область";"Месяц";"% г/г";"0"
"2020-04-01";-57;"A";"Данные СберИндекса";"Новосибирская область";"Месяц";"% г/г";"0"
"2020-05-01";-55;"A";"Данные СберИндекса";"Новосибирская область";"Месяц";"% г/г";"0"
"2020-06-01";-35;"A";"Данные СберИндекса";"Новосибирская область";"Месяц";"% г/г";"0"
"2020-07-01";-25;"A";"Данные СберИндекса";"Новосибирская область";"Месяц";"% г/г";"0"
"2020-08-01";-3;"A";"Данные СберИндекса";"Новосибирская область";"Месяц";"% г/г";"0"
"2020-09-01";-2;"A";"Данные СберИндекса";"Новосибирская область";"Месяц";"% г/г";"0"
"2020-10-01";-32;"A";"Данные СберИндекса";"Новосибирская область";"Месяц";"% г/г";"0"
"2020-11-01";-41;"A";"Данные СберИндекса";"Новосибирская область";"Месяц";"% г/г";"0"
"2020-12-01";-32;"A";"Данные СберИндекса";"Новосибирская область";"Месяц";"% г/г";"0"
"2021-01-01";-11;"A";"Данные СберИндекса";"Новосибирская область";"Месяц";"% г/г";"0"
"2021-02-01";-9;"A";"Данные СберИндекса";"Новосибирская область";"Месяц";"% г/г";"0"
"2021-03-01";13;"A";"Данные СберИндекса";"Новосибирская область";"Месяц";"% г/г";"0"
"2021-04-01";182;"A";"Данные СберИндекса";"Новосибирская область";"Месяц";"% г/г";"0"
"2021-05-01";206;"A";"Данные СберИндекса";"Новосибирская область";"Месяц";"% г/г";"0"
"2021-06-01";112;"A";"Данные СберИндекса";"Новосибирская область";"Месяц";"% г/г";"0"
"2021-07-01";59;"A";"Данные СберИндекса";"Новосибирская область";"Месяц";"% г/г";"0"
"2021-08-01";40;"A";"Данные СберИндекса";"Новосибирская область";"Месяц";"% г/г";"0"
"2021-09-01";21;"A";"Данные СберИндекса";"Новосибирская область";"Месяц";"% г/г";"0"
"2021-10-01";76;"A";"Данные СберИндекса";"Новосибирская область";"Месяц";"% г/г";"0"
"2021-11-01";102;"A";"Данные СберИндекса";"Новосибирская область";"Месяц";"% г/г";"0"
"2021-12-01";77;"A";"Данные СберИндекса";"Новосибирская область";"Месяц";"% г/г";"0"
"2022-01-01";58;"A";"Данные СберИндекса";"Новосибирская область";"Месяц";"% г/г";"0"
"2022-02-01";14;"A";"Данные СберИндекса";"Новосибирская область";"Месяц";"% г/г";"0"
"2022-03-01";-6;"A";"Данные СберИндекса";"Новосибирская область";"Месяц";"% г/г";"0"
"2022-04-01";4;"A";"Данные СберИндекса";"Новосибирская область";"Месяц";"% г/г";"0"
"2019-01-01";13;"A";"Данные СберИндекса";"Алтайский край";"Месяц";"% г/г";"0"
"2019-02-01";12;"A";"Данные СберИндекса";"Алтайский край";"Месяц";"% г/г";"0"
"2019-03-01";18;"A";"Данные СберИндекса";"Алтайский край";"Месяц";"% г/г";"0"
"2019-04-01";13;"A";"Данные СберИндекса";"Алтайский край";"Месяц";"% г/г";"0"
"2019-05-01";28;"A";"Данные СберИндекса";"Алтайский край";"Месяц";"% г/г";"0"
"2019-06-01";-3;"A";"Данные СберИндекса";"Алтайский край";"Месяц";"% г/г";"0"
"2019-07-01";1;"A";"Данные СберИндекса";"Алтайский край";"Месяц";"% г/г";"0"
"2019-08-01";2;"A";"Данные СберИндекса";"Алтайский край";"Месяц";"% г/г";"0"
"2019-09-01";20;"A";"Данные СберИндекса";"Алтайский край";"Месяц";"% г/г";"0"
"2019-10-01";21;"A";"Данные СберИндекса";"Алтайский край";"Месяц";"% г/г";"0"
"2019-11-01";30;"A";"Данные СберИндекса";"Алтайский край";"Месяц";"% г/г";"0"
"2019-12-01";24;"A";"Данные СберИндекса";"Алтайский край";"Месяц";"% г/г";"0"
"2020-01-01";16;"A";"Данные СберИндекса";"Алтайский край";"Месяц";"% г/г";"0"
"2020-02-01";20;"A";"Данные СберИндекса";"Алтайский край";"Месяц";"% г/г";"0"
"2020-03-01";14;"A";"Данные СберИндекса";"Алтайский край";"Месяц";"% г/г";"0"
"2020-04-01";-3;"A";"Данные СберИндекса";"Алтайский край";"Месяц";"% г/г";"0"
"2020-05-01";-29;"A";"Данные СберИндекса";"Алтайский край";"Месяц";"% г/г";"0"
"2020-06-01";-3;"A";"Данные СберИндекса";"Алтайский край";"Месяц";"% г/г";"0"
"2020-07-01";4;"A";"Данные СберИндекса";"Алтайский край";"Месяц";"% г/г";"0"
"2020-08-01";21;"A";"Данные СберИндекса";"Алтайский край";"Месяц";"% г/г";"0"
"2020-09-01";17;"A";"Данные СберИндекса";"Алтайский край";"Месяц";"% г/г";"0"
"2020-10-01";-3;"A";"Данные СберИндекса";"Алтайский край";"Месяц";"% г/г";"0"
"2020-11-01";-7;"A";"Данные СберИндекса";"Алтайский край";"Месяц";"% г/г";"0"
"2020-12-01";4;"A";"Данные СберИндекса";"Алтайский край";"Месяц";"% г/г";"0"
"2021-01-01";15;"A";"Данные СберИндекса";"Алтайский край";"Месяц";"% г/г";"0"
"2021-02-01";16;"A";"Данные СберИндекса";"Алтайский край";"Месяц";"% г/г";"0"
"2021-03-01";43;"A";"Данные СберИндекса";"Алтайский край";"Месяц";"% г/г";"0"
"2021-04-01";78;"A";"Данные СберИндекса";"Алтайский край";"Месяц";"% г/г";"0"
"2021-05-01";145;"A";"Данные СберИндекса";"Алтайский край";"Месяц";"% г/г";"0"
"2021-06-01";92;"A";"Данные СберИндекса";"Алтайский край";"Месяц";"% г/г";"0"
"2021-07-01";62;"A";"Данные СберИндекса";"Алтайский край";"Месяц";"% г/г";"0"
"2021-08-01";49;"A";"Данные СберИндекса";"Алтайский край";"Месяц";"% г/г";"0"
"2021-09-01";52;"A";"Данные СберИндекса";"Алтайский край";"Месяц";"% г/г";"0"
"2021-10-01";91;"A";"Данные СберИндекса";"Алтайский край";"Месяц";"% г/г";"0"
"2021-11-01";108;"A";"Данные СберИндекса";"Алтайский край";"Месяц";"% г/г";"0"
"2021-12-01";90;"A";"Данные СберИндекса";"Алтайский край";"Месяц";"% г/г";"0"
"2022-01-01";83;"A";"Данные СберИндекса";"Алтайский край";"Месяц";"% г/г";"0"
"2022-02-01";58;"A";"Данные СберИндекса";"Алтайский край";"Месяц";"% г/г";"0"
"2022-03-01";31;"A";"Данные СберИндекса";"Алтайский край";"Месяц";"% г/г";"0"
"2022-04-01";45;"A";"Данные СберИндекса";"Алтайский край";"Месяц";"% г/г";"0"
"2019-01-01";-1;"A";"Данные СберИндекса";"Камчатский край";"Месяц";"% г/г";"0"
"2019-02-01";11;"A";"Данные СберИндекса";"Камчатский край";"Месяц";"% г/г";"0"
"2019-03-01";4;"A";"Данные СберИндекса";"Камчатский край";"Месяц";"% г/г";"0"
"2019-04-01";7;"A";"Данные СберИндекса";"Камчатский край";"Месяц";"% г/г";"0"
"2019-05-01";14;"A";"Данные СберИндекса";"Камчатский край";"Месяц";"% г/г";"0"
"2019-06-01";16;"A";"Данные СберИндекса";"Камчатский край";"Месяц";"% г/г";"0"
"2019-07-01";9;"A";"Данные СберИндекса";"Камчатский край";"Месяц";"% г/г";"0"
"2019-08-01";15;"A";"Данные СберИндекса";"Камчатский край";"Месяц";"% г/г";"0"
"2019-09-01";21;"A";"Данные СберИндекса";"Камчатский край";"Месяц";"% г/г";"0"
"2019-10-01";24;"A";"Данные СберИндекса";"Камчатский край";"Месяц";"% г/г";"0"
"2019-11-01";11;"A";"Данные СберИндекса";"Камчатский край";"Месяц";"% г/г";"0"
"2019-12-01";16;"A";"Данные СберИндекса";"Камчатский край";"Месяц";"% г/г";"0"
"2020-01-01";-5;"A";"Данные СберИндекса";"Камчатский край";"Месяц";"% г/г";"0"
"2020-02-01";3;"A";"Данные СберИндекса";"Камчатский край";"Месяц";"% г/г";"0"
"2020-03-01";7;"A";"Данные СберИндекса";"Камчатский край";"Месяц";"% г/г";"0"
"2020-04-01";-32;"A";"Данные СберИндекса";"Камчатский край";"Месяц";"% г/г";"0"
"2020-05-01";-26;"A";"Данные СберИндекса";"Камчатский край";"Месяц";"% г/г";"0"
"2020-06-01";-18;"A";"Данные СберИндекса";"Камчатский край";"Месяц";"% г/г";"0"
"2020-07-01";-12;"A";"Данные СберИндекса";"Камчатский край";"Месяц";"% г/г";"0"
"2020-08-01";33;"A";"Данные СберИндекса";"Камчатский край";"Месяц";"% г/г";"0"
"2020-09-01";29;"A";"Данные СберИндекса";"Камчатский край";"Месяц";"% г/г";"0"
"2020-10-01";-5;"A";"Данные СберИндекса";"Камчатский край";"Месяц";"% г/г";"0"
"2020-11-01";-5;"A";"Данные СберИндекса";"Камчатский край";"Месяц";"% г/г";"0"
"2020-12-01";9;"A";"Данные СберИндекса";"Камчатский край";"Месяц";"% г/г";"0"
"2021-01-01";37;"A";"Данные СберИндекса";"Камчатский край";"Месяц";"% г/г";"0"
"2021-02-01";39;"A";"Данные СберИндекса";"Камчатский край";"Месяц";"% г/г";"0"
"2021-03-01";79;"A";"Данные СберИндекса";"Камчатский край";"Месяц";"% г/г";"0"
"2021-04-01";176;"A";"Данные СберИндекса";"Камчатский край";"Месяц";"% г/г";"0"
"2021-05-01";154;"A";"Данные СберИндекса";"Камчатский край";"Месяц";"% г/г";"0"
"2021-06-01";125;"A";"Данные СберИндекса";"Камчатский край";"Месяц";"% г/г";"0"
"2021-07-01";83;"A";"Данные СберИндекса";"Камчатский край";"Месяц";"% г/г";"0"
"2021-08-01";26;"A";"Данные СберИндекса";"Камчатский край";"Месяц";"% г/г";"0"
"2021-09-01";19;"A";"Данные СберИндекса";"Камчатский край";"Месяц";"% г/г";"0"
"2021-10-01";45;"A";"Данные СберИндекса";"Камчатский край";"Месяц";"% г/г";"0"
"2021-11-01";93;"A";"Данные СберИндекса";"Камчатский край";"Месяц";"% г/г";"0"
"2021-12-01";69;"A";"Данные СберИндекса";"Камчатский край";"Месяц";"% г/г";"0"
"2022-01-01";65;"A";"Данные СберИндекса";"Камчатский край";"Месяц";"% г/г";"0"
"2022-02-01";62;"A";"Данные СберИндекса";"Камчатский край";"Месяц";"% г/г";"0"
"2022-03-01";28;"A";"Данные СберИндекса";"Камчатский край";"Месяц";"% г/г";"0"
"2022-04-01";26;"A";"Данные СберИндекса";"Камчатский край";"Месяц";"% г/г";"0"
"2019-01-01";9;"A";"Данные СберИндекса";"Кемеровская область";"Месяц";"% г/г";"0"
"2019-02-01";-4;"A";"Данные СберИндекса";"Кемеровская область";"Месяц";"% г/г";"0"
"2019-03-01";13;"A";"Данные СберИндекса";"Кемеровская область";"Месяц";"% г/г";"0"
"2019-04-01";11;"A";"Данные СберИндекса";"Кемеровская область";"Месяц";"% г/г";"0"
"2019-05-01";24;"A";"Данные СберИндекса";"Кемеровская область";"Месяц";"% г/г";"0"
"2019-06-01";11;"A";"Данные СберИндекса";"Кемеровская область";"Месяц";"% г/г";"0"
"2019-07-01";13;"A";"Данные СберИндекса";"Кемеровская область";"Месяц";"% г/г";"0"
"2019-08-01";12;"A";"Данные СберИндекса";"Кемеровская область";"Месяц";"% г/г";"0"
"2019-09-01";26;"A";"Данные СберИндекса";"Кемеровская область";"Месяц";"% г/г";"0"
"2019-10-01";23;"A";"Данные СберИндекса";"Кемеровская область";"Месяц";"% г/г";"0"
"2019-11-01";23;"A";"Данные СберИндекса";"Кемеровская область";"Месяц";"% г/г";"0"
"2019-12-01";13;"A";"Данные СберИндекса";"Кемеровская область";"Месяц";"% г/г";"0"
"2020-01-01";10;"A";"Данные СберИндекса";"Кемеровская область";"Месяц";"% г/г";"0"
"2020-02-01";26;"A";"Данные СберИндекса";"Кемеровская область";"Месяц";"% г/г";"0"
"2020-03-01";1;"A";"Данные СберИндекса";"Кемеровская область";"Месяц";"% г/г";"0"
"2020-04-01";-51;"A";"Данные СберИндекса";"Кемеровская область";"Месяц";"% г/г";"0"
"2020-05-01";-51;"A";"Данные СберИндекса";"Кемеровская область";"Месяц";"% г/г";"0"
"2020-06-01";-20;"A";"Данные СберИндекса";"Кемеровская область";"Месяц";"% г/г";"0"
"2020-07-01";-7;"A";"Данные СберИндекса";"Кемеровская область";"Месяц";"% г/г";"0"
"2020-08-01";1;"A";"Данные СберИндекса";"Кемеровская область";"Месяц";"% г/г";"0"
"2020-09-01";-4;"A";"Данные СберИндекса";"Кемеровская область";"Месяц";"% г/г";"0"
"2020-10-01";-29;"A";"Данные СберИндекса";"Кемеровская область";"Месяц";"% г/г";"0"
"2020-11-01";-24;"A";"Данные СберИндекса";"Кемеровская область";"Месяц";"% г/г";"0"
"2020-12-01";-13;"A";"Данные СберИндекса";"Кемеровская область";"Месяц";"% г/г";"0"
"2021-01-01";0;"A";"Данные СберИндекса";"Кемеровская область";"Месяц";"% г/г";"0"
"2021-02-01";10;"A";"Данные СберИндекса";"Кемеровская область";"Месяц";"% г/г";"0"
"2021-03-01";33;"A";"Данные СберИндекса";"Кемеровская область";"Месяц";"% г/г";"0"
"2021-04-01";175;"A";"Данные СберИндекса";"Кемеровская область";"Месяц";"% г/г";"0"
"2021-05-01";164;"A";"Данные СберИндекса";"Кемеровская область";"Месяц";"% г/г";"0"
"2021-06-01";73;"A";"Данные СберИндекса";"Кемеровская область";"Месяц";"% г/г";"0"
"2021-07-01";31;"A";"Данные СберИндекса";"Кемеровская область";"Месяц";"% г/г";"0"
"2021-08-01";26;"A";"Данные СберИндекса";"Кемеровская область";"Месяц";"% г/г";"0"
"2021-09-01";17;"A";"Данные СберИндекса";"Кемеровская область";"Месяц";"% г/г";"0"
"2021-10-01";66;"A";"Данные СберИндекса";"Кемеровская область";"Месяц";"% г/г";"0"
"2021-11-01";70;"A";"Данные СберИндекса";"Кемеровская область";"Месяц";"% г/г";"0"
"2021-12-01";62;"A";"Данные СберИндекса";"Кемеровская область";"Месяц";"% г/г";"0"
"2022-01-01";47;"A";"Данные СберИндекса";"Кемеровская область";"Месяц";"% г/г";"0"
"2022-02-01";12;"A";"Данные СберИндекса";"Кемеровская область";"Месяц";"% г/г";"0"
"2022-03-01";-1;"A";"Данные СберИндекса";"Кемеровская область";"Месяц";"% г/г";"0"
"2022-04-01";6;"A";"Данные СберИндекса";"Кемеровская область";"Месяц";"% г/г";"0"
"2019-01-01";20;"A";"Данные СберИндекса";"Ивановская область";"Месяц";"% г/г";"0"
"2019-02-01";29;"A";"Данные СберИндекса";"Ивановская область";"Месяц";"% г/г";"0"
"2019-03-01";28;"A";"Данные СберИндекса";"Ивановская область";"Месяц";"% г/г";"0"
"2019-04-01";24;"A";"Данные СберИндекса";"Ивановская область";"Месяц";"% г/г";"0"
"2019-05-01";32;"A";"Данные СберИндекса";"Ивановская область";"Месяц";"% г/г";"0"
"2019-06-01";10;"A";"Данные СберИндекса";"Ивановская область";"Месяц";"% г/г";"0"
"2019-07-01";14;"A";"Данные СберИндекса";"Ивановская область";"Месяц";"% г/г";"0"
"2019-08-01";11;"A";"Данные СберИндекса";"Ивановская область";"Месяц";"% г/г";"0"
"2019-09-01";22;"A";"Данные СберИндекса";"Ивановская область";"Месяц";"% г/г";"0"
"2019-10-01";21;"A";"Данные СберИндекса";"Ивановская область";"Месяц";"% г/г";"0"
"2019-11-01";23;"A";"Данные СберИндекса";"Ивановская область";"Месяц";"% г/г";"0"
"2019-12-01";30;"A";"Данные СберИндекса";"Ивановская область";"Месяц";"% г/г";"0"
"2020-01-01";17;"A";"Данные СберИндекса";"Ивановская область";"Месяц";"% г/г";"0"
"2020-02-01";30;"A";"Данные СберИндекса";"Ивановская область";"Месяц";"% г/г";"0"
"2020-03-01";9;"A";"Данные СберИндекса";"Ивановская область";"Месяц";"% г/г";"0"
"2020-04-01";-52;"A";"Данные СберИндекса";"Ивановская область";"Месяц";"% г/г";"0"
"2020-05-01";-59;"A";"Данные СберИндекса";"Ивановская область";"Месяц";"% г/г";"0"
"2020-06-01";-22;"A";"Данные СберИндекса";"Ивановская область";"Месяц";"% г/г";"0"
"2020-07-01";-1;"A";"Данные СберИндекса";"Ивановская область";"Месяц";"% г/г";"0"
"2020-08-01";17;"A";"Данные СберИндекса";"Ивановская область";"Месяц";"% г/г";"0"
"2020-09-01";17;"A";"Данные СберИндекса";"Ивановская область";"Месяц";"% г/г";"0"
"2020-10-01";-9;"A";"Данные СберИндекса";"Ивановская область";"Месяц";"% г/г";"0"
"2020-11-01";-24;"A";"Данные СберИндекса";"Ивановская область";"Месяц";"% г/г";"0"
"2020-12-01";-27;"A";"Данные СберИндекса";"Ивановская область";"Месяц";"% г/г";"0"
"2021-01-01";-5;"A";"Данные СберИндекса";"Ивановская область";"Месяц";"% г/г";"0"
"2021-02-01";-20;"A";"Данные СберИндекса";"Ивановская область";"Месяц";"% г/г";"0"
"2021-03-01";12;"A";"Данные СберИндекса";"Ивановская область";"Месяц";"% г/г";"0"
"2021-04-01";148;"A";"Данные СберИндекса";"Ивановская область";"Месяц";"% г/г";"0"
"2021-05-01";202;"A";"Данные СберИндекса";"Ивановская область";"Месяц";"% г/г";"0"
"2021-06-01";76;"A";"Данные СберИндекса";"Ивановская область";"Месяц";"% г/г";"0"
"2021-07-01";11;"A";"Данные СберИндекса";"Ивановская область";"Месяц";"% г/г";"0"
"2021-08-01";-1;"A";"Данные СберИндекса";"Ивановская область";"Месяц";"% г/г";"0"
"2021-09-01";4;"A";"Данные СберИндекса";"Ивановская область";"Месяц";"% г/г";"0"
"2021-10-01";43;"A";"Данные СберИндекса";"Ивановская область";"Месяц";"% г/г";"0"
"2021-11-01";69;"A";"Данные СберИндекса";"Ивановская область";"Месяц";"% г/г";"0"
"2021-12-01";51;"A";"Данные СберИндекса";"Ивановская область";"Месяц";"% г/г";"0"
"2022-01-01";43;"A";"Данные СберИндекса";"Ивановская область";"Месяц";"% г/г";"0"
"2022-02-01";17;"A";"Данные СберИндекса";"Ивановская область";"Месяц";"% г/г";"0"
"2022-03-01";11;"A";"Данные СберИндекса";"Ивановская область";"Месяц";"% г/г";"0"
"2022-04-01";23;"A";"Данные СберИндекса";"Ивановская область";"Месяц";"% г/г";"0"
"2019-01-01";8;"A";"Данные СберИндекса";"Курская область";"Месяц";"% г/г";"0"
"2019-02-01";15;"A";"Данные СберИндекса";"Курская область";"Месяц";"% г/г";"0"
"2019-03-01";26;"A";"Данные СберИндекса";"Курская область";"Месяц";"% г/г";"0"
"2019-04-01";11;"A";"Данные СберИндекса";"Курская область";"Месяц";"% г/г";"0"
"2019-05-01";26;"A";"Данные СберИндекса";"Курская область";"Месяц";"% г/г";"0"
"2019-06-01";7;"A";"Данные СберИндекса";"Курская область";"Месяц";"% г/г";"0"
"2019-07-01";13;"A";"Данные СберИндекса";"Курская область";"Месяц";"% г/г";"0"
"2019-08-01";6;"A";"Данные СберИндекса";"Курская область";"Месяц";"% г/г";"0"
"2019-09-01";24;"A";"Данные СберИндекса";"Курская область";"Месяц";"% г/г";"0"
"2019-10-01";23;"A";"Данные СберИндекса";"Курская область";"Месяц";"% г/г";"0"
"2019-11-01";30;"A";"Данные СберИндекса";"Курская область";"Месяц";"% г/г";"0"
"2019-12-01";34;"A";"Данные СберИндекса";"Курская область";"Месяц";"% г/г";"0"
"2020-01-01";30;"A";"Данные СберИндекса";"Курская область";"Месяц";"% г/г";"0"
"2020-02-01";23;"A";"Данные СберИндекса";"Курская область";"Месяц";"% г/г";"0"
"2020-03-01";16;"A";"Данные СберИндекса";"Курская область";"Месяц";"% г/г";"0"
"2020-04-01";-35;"A";"Данные СберИндекса";"Курская область";"Месяц";"% г/г";"0"
"2020-05-01";-38;"A";"Данные СберИндекса";"Курская область";"Месяц";"% г/г";"0"
"2020-06-01";9;"A";"Данные СберИндекса";"Курская область";"Месяц";"% г/г";"0"
"2020-07-01";4;"A";"Данные СберИндекса";"Курская область";"Месяц";"% г/г";"0"
"2020-08-01";11;"A";"Данные СберИндекса";"Курская область";"Месяц";"% г/г";"0"
"2020-09-01";6;"A";"Данные СберИндекса";"Курская область";"Месяц";"% г/г";"0"
"2020-10-01";-13;"A";"Данные СберИндекса";"Курская область";"Месяц";"% г/г";"0"
"2020-11-01";-26;"A";"Данные СберИндекса";"Курская область";"Месяц";"% г/г";"0"
"2020-12-01";-25;"A";"Данные СберИндекса";"Курская область";"Месяц";"% г/г";"0"
"2021-01-01";-18;"A";"Данные СберИндекса";"Курская область";"Месяц";"% г/г";"0"
"2021-02-01";-16;"A";"Данные СберИндекса";"Курская область";"Месяц";"% г/г";"0"
"2021-03-01";2;"A";"Данные СберИндекса";"Курская область";"Месяц";"% г/г";"0"
"2021-04-01";87;"A";"Данные СберИндекса";"Курская область";"Месяц";"% г/г";"0"
"2021-05-01";103;"A";"Данные СберИндекса";"Курская область";"Месяц";"% г/г";"0"
"2021-06-01";23;"A";"Данные СберИндекса";"Курская область";"Месяц";"% г/г";"0"
"2021-07-01";20;"A";"Данные СберИндекса";"Курская область";"Месяц";"% г/г";"0"
"2021-08-01";11;"A";"Данные СберИндекса";"Курская область";"Месяц";"% г/г";"0"
"2021-09-01";1;"A";"Данные СберИндекса";"Курская область";"Месяц";"% г/г";"0"
"2021-10-01";29;"A";"Данные СберИндекса";"Курская область";"Месяц";"% г/г";"0"
"2021-11-01";48;"A";"Данные СберИндекса";"Курская область";"Месяц";"% г/г";"0"
"2021-12-01";49;"A";"Данные СберИндекса";"Курская область";"Месяц";"% г/г";"0"
"2022-01-01";49;"A";"Данные СберИндекса";"Курская область";"Месяц";"% г/г";"0"
"2022-02-01";42;"A";"Данные СберИндекса";"Курская область";"Месяц";"% г/г";"0"
"2022-03-01";6;"A";"Данные СберИндекса";"Курская область";"Месяц";"% г/г";"0"
"2022-04-01";20;"A";"Данные СберИндекса";"Курская область";"Месяц";"% г/г";"0"
"2019-01-01";6;"A";"Данные СберИндекса";"Иркутская область";"Месяц";"% г/г";"0"
"2019-02-01";8;"A";"Данные СберИндекса";"Иркутская область";"Месяц";"% г/г";"0"
"2019-03-01";17;"A";"Данные СберИндекса";"Иркутская область";"Месяц";"% г/г";"0"
"2019-04-01";7;"A";"Данные СберИндекса";"Иркутская область";"Месяц";"% г/г";"0"
"2019-05-01";7;"A";"Данные СберИндекса";"Иркутская область";"Месяц";"% г/г";"0"
"2019-06-01";-4;"A";"Данные СберИндекса";"Иркутская область";"Месяц";"% г/г";"0"
"2019-07-01";3;"A";"Данные СберИндекса";"Иркутская область";"Месяц";"% г/г";"0"
"2019-08-01";-1;"A";"Данные СберИндекса";"Иркутская область";"Месяц";"% г/г";"0"
"2019-09-01";7;"A";"Данные СберИндекса";"Иркутская область";"Месяц";"% г/г";"0"
"2019-10-01";9;"A";"Данные СберИндекса";"Иркутская область";"Месяц";"% г/г";"0"
"2019-11-01";8;"A";"Данные СберИндекса";"Иркутская область";"Месяц";"% г/г";"0"
"2019-12-01";3;"A";"Данные СберИндекса";"Иркутская область";"Месяц";"% г/г";"0"
"2020-01-01";8;"A";"Данные СберИндекса";"Иркутская область";"Месяц";"% г/г";"0"
"2020-02-01";12;"A";"Данные СберИндекса";"Иркутская область";"Месяц";"% г/г";"0"
"2020-03-01";-1;"A";"Данные СберИндекса";"Иркутская область";"Месяц";"% г/г";"0"
"2020-04-01";-57;"A";"Данные СберИндекса";"Иркутская область";"Месяц";"% г/г";"0"
"2020-05-01";-56;"A";"Данные СберИндекса";"Иркутская область";"Месяц";"% г/г";"0"
"2020-06-01";-36;"A";"Данные СберИндекса";"Иркутская область";"Месяц";"% г/г";"0"
"2020-07-01";-19;"A";"Данные СберИндекса";"Иркутская область";"Месяц";"% г/г";"0"
"2020-08-01";6;"A";"Данные СберИндекса";"Иркутская область";"Месяц";"% г/г";"0"
"2020-09-01";-6;"A";"Данные СберИндекса";"Иркутская область";"Месяц";"% г/г";"0"
"2020-10-01";-31;"A";"Данные СберИндекса";"Иркутская область";"Месяц";"% г/г";"0"
"2020-11-01";-37;"A";"Данные СберИндекса";"Иркутская область";"Месяц";"% г/г";"0"
"2020-12-01";-26;"A";"Данные СберИндекса";"Иркутская область";"Месяц";"% г/г";"0"
"2021-01-01";-6;"A";"Данные СберИндекса";"Иркутская область";"Месяц";"% г/г";"0"
"2021-02-01";13;"A";"Данные СберИндекса";"Иркутская область";"Месяц";"% г/г";"0"
"2021-03-01";37;"A";"Данные СберИндекса";"Иркутская область";"Месяц";"% г/г";"0"
"2021-04-01";185;"A";"Данные СберИндекса";"Иркутская область";"Месяц";"% г/г";"0"
"2021-05-01";193;"A";"Данные СберИндекса";"Иркутская область";"Месяц";"% г/г";"0"
"2021-06-01";113;"A";"Данные СберИндекса";"Иркутская область";"Месяц";"% г/г";"0"
"2021-07-01";47;"A";"Данные СберИндекса";"Иркутская область";"Месяц";"% г/г";"0"
"2021-08-01";24;"A";"Данные СберИндекса";"Иркутская область";"Месяц";"% г/г";"0"
"2021-09-01";29;"A";"Данные СберИндекса";"Иркутская область";"Месяц";"% г/г";"0"
"2021-10-01";76;"A";"Данные СберИндекса";"Иркутская область";"Месяц";"% г/г";"0"
"2021-11-01";117;"A";"Данные СберИндекса";"Иркутская область";"Месяц";"% г/г";"0"
"2021-12-01";85;"A";"Данные СберИндекса";"Иркутская область";"Месяц";"% г/г";"0"
"2022-01-01";68;"A";"Данные СберИндекса";"Иркутская область";"Месяц";"% г/г";"0"
"2022-02-01";44;"A";"Данные СберИндекса";"Иркутская область";"Месяц";"% г/г";"0"
"2022-03-01";18;"A";"Данные СберИндекса";"Иркутская область";"Месяц";"% г/г";"0"
"2022-04-01";26;"A";"Данные СберИндекса";"Иркутская область";"Месяц";"% г/г";"0"
"2019-01-01";3;"A";"Данные СберИндекса";"Новгородская область";"Месяц";"% г/г";"0"
"2019-02-01";-5;"A";"Данные СберИндекса";"Новгородская область";"Месяц";"% г/г";"0"
"2019-03-01";-2;"A";"Данные СберИндекса";"Новгородская область";"Месяц";"% г/г";"0"
"2019-04-01";-2;"A";"Данные СберИндекса";"Новгородская область";"Месяц";"% г/г";"0"
"2019-05-01";7;"A";"Данные СберИндекса";"Новгородская область";"Месяц";"% г/г";"0"
"2019-06-01";-7;"A";"Данные СберИндекса";"Новгородская область";"Месяц";"% г/г";"0"
"2019-07-01";7;"A";"Данные СберИндекса";"Новгородская область";"Месяц";"% г/г";"0"
"2019-08-01";4;"A";"Данные СберИндекса";"Новгородская область";"Месяц";"% г/г";"0"
"2019-09-01";9;"A";"Данные СберИндекса";"Новгородская область";"Месяц";"% г/г";"0"
"2019-10-01";-2;"A";"Данные СберИндекса";"Новгородская область";"Месяц";"% г/г";"0"
"2019-11-01";0;"A";"Данные СберИндекса";"Новгородская область";"Месяц";"% г/г";"0"
"2019-12-01";0;"A";"Данные СберИндекса";"Новгородская область";"Месяц";"% г/г";"0"
"2020-01-01";8;"A";"Данные СберИндекса";"Новгородская область";"Месяц";"% г/г";"0"
"2020-02-01";16;"A";"Данные СберИндекса";"Новгородская область";"Месяц";"% г/г";"0"
"2020-03-01";8;"A";"Данные СберИндекса";"Новгородская область";"Месяц";"% г/г";"0"
"2020-04-01";-42;"A";"Данные СберИндекса";"Новгородская область";"Месяц";"% г/г";"0"
"2020-05-01";-48;"A";"Данные СберИндекса";"Новгородская область";"Месяц";"% г/г";"0"
"2020-06-01";3;"A";"Данные СберИндекса";"Новгородская область";"Месяц";"% г/г";"0"
"2020-07-01";6;"A";"Данные СберИндекса";"Новгородская область";"Месяц";"% г/г";"0"
"2020-08-01";36;"A";"Данные СберИндекса";"Новгородская область";"Месяц";"% г/г";"0"
"2020-09-01";29;"A";"Данные СберИндекса";"Новгородская область";"Месяц";"% г/г";"0"
"2020-10-01";20;"A";"Данные СберИндекса";"Новгородская область";"Месяц";"% г/г";"0"
"2020-11-01";2;"A";"Данные СберИндекса";"Новгородская область";"Месяц";"% г/г";"0"
"2020-12-01";-13;"A";"Данные СберИндекса";"Новгородская область";"Месяц";"% г/г";"0"
"2021-01-01";10;"A";"Данные СберИндекса";"Новгородская область";"Месяц";"% г/г";"0"
"2021-02-01";8;"A";"Данные СберИндекса";"Новгородская область";"Месяц";"% г/г";"0"
"2021-03-01";29;"A";"Данные СберИндекса";"Новгородская область";"Месяц";"% г/г";"0"
"2021-04-01";151;"A";"Данные СберИндекса";"Новгородская область";"Месяц";"% г/г";"0"
"2021-05-01";192;"A";"Данные СберИндекса";"Новгородская область";"Месяц";"% г/г";"0"
"2021-06-01";68;"A";"Данные СберИндекса";"Новгородская область";"Месяц";"% г/г";"0"
"2021-07-01";39;"A";"Данные СберИндекса";"Новгородская область";"Месяц";"% г/г";"0"
"2021-08-01";11;"A";"Данные СберИндекса";"Новгородская область";"Месяц";"% г/г";"0"
"2021-09-01";7;"A";"Данные СберИндекса";"Новгородская область";"Месяц";"% г/г";"0"
"2021-10-01";34;"A";"Данные СберИндекса";"Новгородская область";"Месяц";"% г/г";"0"
"2021-11-01";75;"A";"Данные СберИндекса";"Новгородская область";"Месяц";"% г/г";"0"
"2021-12-01";92;"A";"Данные СберИндекса";"Новгородская область";"Месяц";"% г/г";"0"
"2022-01-01";71;"A";"Данные СберИндекса";"Новгородская область";"Месяц";"% г/г";"0"
"2022-02-01";27;"A";"Данные СберИндекса";"Новгородская область";"Месяц";"% г/г";"0"
"2022-03-01";29;"A";"Данные СберИндекса";"Новгородская область";"Месяц";"% г/г";"0"
"2022-04-01";48;"A";"Данные СберИндекса";"Новгородская область";"Месяц";"% г/г";"0"
"2019-01-01";8;"A";"Данные СберИндекса";"Республика Хакасия";"Месяц";"% г/г";"0"
"2019-02-01";8;"A";"Данные СберИндекса";"Республика Хакасия";"Месяц";"% г/г";"0"
"2019-03-01";25;"A";"Данные СберИндекса";"Республика Хакасия";"Месяц";"% г/г";"0"
"2019-04-01";21;"A";"Данные СберИндекса";"Республика Хакасия";"Месяц";"% г/г";"0"
"2019-05-01";33;"A";"Данные СберИндекса";"Республика Хакасия";"Месяц";"% г/г";"0"
"2019-06-01";11;"A";"Данные СберИндекса";"Республика Хакасия";"Месяц";"% г/г";"0"
"2019-07-01";13;"A";"Данные СберИндекса";"Республика Хакасия";"Месяц";"% г/г";"0"
"2019-08-01";14;"A";"Данные СберИндекса";"Республика Хакасия";"Месяц";"% г/г";"0"
"2019-09-01";26;"A";"Данные СберИндекса";"Республика Хакасия";"Месяц";"% г/г";"0"
"2019-10-01";28;"A";"Данные СберИндекса";"Республика Хакасия";"Месяц";"% г/г";"0"
"2019-11-01";14;"A";"Данные СберИндекса";"Республика Хакасия";"Месяц";"% г/г";"0"
"2019-12-01";17;"A";"Данные СберИндекса";"Республика Хакасия";"Месяц";"% г/г";"0"
"2020-01-01";23;"A";"Данные СберИндекса";"Республика Хакасия";"Месяц";"% г/г";"0"
"2020-02-01";39;"A";"Данные СберИндекса";"Республика Хакасия";"Месяц";"% г/г";"0"
"2020-03-01";13;"A";"Данные СберИндекса";"Республика Хакасия";"Месяц";"% г/г";"0"
"2020-04-01";-39;"A";"Данные СберИндекса";"Республика Хакасия";"Месяц";"% г/г";"0"
"2020-05-01";-29;"A";"Данные СберИндекса";"Республика Хакасия";"Месяц";"% г/г";"0"
"2020-06-01";0;"A";"Данные СберИндекса";"Республика Хакасия";"Месяц";"% г/г";"0"
"2020-07-01";6;"A";"Данные СберИндекса";"Республика Хакасия";"Месяц";"% г/г";"0"
"2020-08-01";27;"A";"Данные СберИндекса";"Республика Хакасия";"Месяц";"% г/г";"0"
"2020-09-01";19;"A";"Данные СберИндекса";"Республика Хакасия";"Месяц";"% г/г";"0"
"2020-10-01";-13;"A";"Данные СберИндекса";"Республика Хакасия";"Месяц";"% г/г";"0"
"2020-11-01";-16;"A";"Данные СберИндекса";"Республика Хакасия";"Месяц";"% г/г";"0"
"2020-12-01";-8;"A";"Данные СберИндекса";"Республика Хакасия";"Месяц";"% г/г";"0"
"2021-01-01";7;"A";"Данные СберИндекса";"Республика Хакасия";"Месяц";"% г/г";"0"
"2021-02-01";4;"A";"Данные СберИндекса";"Республика Хакасия";"Месяц";"% г/г";"0"
"2021-03-01";21;"A";"Данные СберИндекса";"Республика Хакасия";"Месяц";"% г/г";"0"
"2021-04-01";146;"A";"Данные СберИндекса";"Республика Хакасия";"Месяц";"% г/г";"0"
"2021-05-01";97;"A";"Данные СберИндекса";"Республика Хакасия";"Месяц";"% г/г";"0"
"2021-06-01";34;"A";"Данные СберИндекса";"Республика Хакасия";"Месяц";"% г/г";"0"
"2021-07-01";23;"A";"Данные СберИндекса";"Республика Хакасия";"Месяц";"% г/г";"0"
"2021-08-01";13;"A";"Данные СберИндекса";"Республика Хакасия";"Месяц";"% г/г";"0"
"2021-09-01";17;"A";"Данные СберИндекса";"Республика Хакасия";"Месяц";"% г/г";"0"
"2021-10-01";52;"A";"Данные СберИндекса";"Республика Хакасия";"Месяц";"% г/г";"0"
"2021-11-01";66;"A";"Данные СберИндекса";"Республика Хакасия";"Месяц";"% г/г";"0"
"2021-12-01";68;"A";"Данные СберИндекса";"Республика Хакасия";"Месяц";"% г/г";"0"
"2022-01-01";39;"A";"Данные СберИндекса";"Республика Хакасия";"Месяц";"% г/г";"0"
"2022-02-01";13;"A";"Данные СберИндекса";"Республика Хакасия";"Месяц";"% г/г";"0"
"2022-03-01";15;"A";"Данные СберИндекса";"Республика Хакасия";"Месяц";"% г/г";"0"
"2022-04-01";11;"A";"Данные СберИндекса";"Республика Хакасия";"Месяц";"% г/г";"0"
"2019-01-01";30;"A";"Данные СберИндекса";"Чувашская Республика";"Месяц";"% г/г";"0"
"2019-02-01";22;"A";"Данные СберИндекса";"Чувашская Республика";"Месяц";"% г/г";"0"
"2019-03-01";34;"A";"Данные СберИндекса";"Чувашская Республика";"Месяц";"% г/г";"0"
"2019-04-01";14;"A";"Данные СберИндекса";"Чувашская Республика";"Месяц";"% г/г";"0"
"2019-05-01";13;"A";"Данные СберИндекса";"Чувашская Республика";"Месяц";"% г/г";"0"
"2019-06-01";-7;"A";"Данные СберИндекса";"Чувашская Республика";"Месяц";"% г/г";"0"
"2019-07-01";-1;"A";"Данные СберИндекса";"Чувашская Республика";"Месяц";"% г/г";"0"
"2019-08-01";0;"A";"Данные СберИндекса";"Чувашская Республика";"Месяц";"% г/г";"0"
"2019-09-01";9;"A";"Данные СберИндекса";"Чувашская Республика";"Месяц";"% г/г";"0"
"2019-10-01";7;"A";"Данные СберИндекса";"Чувашская Республика";"Месяц";"% г/г";"0"
"2019-11-01";12;"A";"Данные СберИндекса";"Чувашская Республика";"Месяц";"% г/г";"0"
"2019-12-01";17;"A";"Данные СберИндекса";"Чувашская Республика";"Месяц";"% г/г";"0"
"2020-01-01";13;"A";"Данные СберИндекса";"Чувашская Республика";"Месяц";"% г/г";"0"
"2020-02-01";21;"A";"Данные СберИндекса";"Чувашская Республика";"Месяц";"% г/г";"0"
"2020-03-01";-6;"A";"Данные СберИндекса";"Чувашская Республика";"Месяц";"% г/г";"0"
"2020-04-01";-53;"A";"Данные СберИндекса";"Чувашская Республика";"Месяц";"% г/г";"0"
"2020-05-01";-50;"A";"Данные СберИндекса";"Чувашская Республика";"Месяц";"% г/г";"0"
"2020-06-01";-12;"A";"Данные СберИндекса";"Чувашская Республика";"Месяц";"% г/г";"0"
"2020-07-01";-2;"A";"Данные СберИндекса";"Чувашская Республика";"Месяц";"% г/г";"0"
"2020-08-01";9;"A";"Данные СберИндекса";"Чувашская Республика";"Месяц";"% г/г";"0"
"2020-09-01";0;"A";"Данные СберИндекса";"Чувашская Республика";"Месяц";"% г/г";"0"
"2020-10-01";-14;"A";"Данные СберИндекса";"Чувашская Республика";"Месяц";"% г/г";"0"
"2020-11-01";-27;"A";"Данные СберИндекса";"Чувашская Республика";"Месяц";"% г/г";"0"
"2020-12-01";-19;"A";"Данные СберИндекса";"Чувашская Республика";"Месяц";"% г/г";"0"
"2021-01-01";-17;"A";"Данные СберИндекса";"Чувашская Республика";"Месяц";"% г/г";"0"
"2021-02-01";-13;"A";"Данные СберИндекса";"Чувашская Республика";"Месяц";"% г/г";"0"
"2021-03-01";12;"A";"Данные СберИндекса";"Чувашская Республика";"Месяц";"% г/г";"0"
"2021-04-01";138;"A";"Данные СберИндекса";"Чувашская Республика";"Месяц";"% г/г";"0"
"2021-05-01";156;"A";"Данные СберИндекса";"Чувашская Республика";"Месяц";"% г/г";"0"
"2021-06-01";61;"A";"Данные СберИндекса";"Чувашская Республика";"Месяц";"% г/г";"0"
"2021-07-01";18;"A";"Данные СберИндекса";"Чувашская Республика";"Месяц";"% г/г";"0"
"2021-08-01";9;"A";"Данные СберИндекса";"Чувашская Республика";"Месяц";"% г/г";"0"
"2021-09-01";1;"A";"Данные СберИндекса";"Чувашская Республика";"Месяц";"% г/г";"0"
"2021-10-01";25;"A";"Данные СберИндекса";"Чувашская Республика";"Месяц";"% г/г";"0"
"2021-11-01";50;"A";"Данные СберИндекса";"Чувашская Республика";"Месяц";"% г/г";"0"
"2021-12-01";61;"A";"Данные СберИндекса";"Чувашская Республика";"Месяц";"% г/г";"0"
"2022-01-01";47;"A";"Данные СберИндекса";"Чувашская Республика";"Месяц";"% г/г";"0"
"2022-02-01";15;"A";"Данные СберИндекса";"Чувашская Республика";"Месяц";"% г/г";"0"
"2022-03-01";-1;"A";"Данные СберИндекса";"Чувашская Республика";"Месяц";"% г/г";"0"
"2022-04-01";27;"A";"Данные СберИндекса";"Чувашская Республика";"Месяц";"% г/г";"0"
"2019-01-01";7;"A";"Данные СберИндекса";"Ямало-Ненецкий автономный округ";"Месяц";"% г/г";"0"
"2019-02-01";10;"A";"Данные СберИндекса";"Ямало-Ненецкий автономный округ";"Месяц";"% г/г";"0"
"2019-03-01";11;"A";"Данные СберИндекса";"Ямало-Ненецкий автономный округ";"Месяц";"% г/г";"0"
"2019-04-01";17;"A";"Данные СберИндекса";"Ямало-Ненецкий автономный округ";"Месяц";"% г/г";"0"
"2019-05-01";20;"A";"Данные СберИндекса";"Ямало-Ненецкий автономный округ";"Месяц";"% г/г";"0"
"2019-06-01";4;"A";"Данные СберИндекса";"Ямало-Ненецкий автономный округ";"Месяц";"% г/г";"0"
"2019-07-01";9;"A";"Данные СберИндекса";"Ямало-Ненецкий автономный округ";"Месяц";"% г/г";"0"
"2019-08-01";6;"A";"Данные СберИндекса";"Ямало-Ненецкий автономный округ";"Месяц";"% г/г";"0"
"2019-09-01";13;"A";"Данные СберИндекса";"Ямало-Ненецкий автономный округ";"Месяц";"% г/г";"0"
"2019-10-01";13;"A";"Данные СберИндекса";"Ямало-Ненецкий автономный округ";"Месяц";"% г/г";"0"
"2019-11-01";10;"A";"Данные СберИндекса";"Ямало-Ненецкий автономный округ";"Месяц";"% г/г";"0"
"2019-12-01";13;"A";"Данные СберИндекса";"Ямало-Ненецкий автономный округ";"Месяц";"% г/г";"0"
"2020-01-01";0;"A";"Данные СберИндекса";"Ямало-Ненецкий автономный округ";"Месяц";"% г/г";"0"
"2020-02-01";-2;"A";"Данные СберИндекса";"Ямало-Ненецкий автономный округ";"Месяц";"% г/г";"0"
"2020-03-01";3;"A";"Данные СберИндекса";"Ямало-Ненецкий автономный округ";"Месяц";"% г/г";"0"
"2020-04-01";-42;"A";"Данные СберИндекса";"Ямало-Ненецкий автономный округ";"Месяц";"% г/г";"0"
"2020-05-01";-23;"A";"Данные СберИндекса";"Ямало-Ненецкий автономный округ";"Месяц";"% г/г";"0"
"2020-06-01";-2;"A";"Данные СберИндекса";"Ямало-Ненецкий автономный округ";"Месяц";"% г/г";"0"
"2020-07-01";-12;"A";"Данные СберИндекса";"Ямало-Ненецкий автономный округ";"Месяц";"% г/г";"0"
"2020-08-01";-12;"A";"Данные СберИндекса";"Ямало-Ненецкий автономный округ";"Месяц";"% г/г";"0"
"2020-09-01";-14;"A";"Данные СберИндекса";"Ямало-Ненецкий автономный округ";"Месяц";"% г/г";"0"
"2020-10-01";-40;"A";"Данные СберИндекса";"Ямало-Ненецкий автономный округ";"Месяц";"% г/г";"0"
"2020-11-01";-42;"A";"Данные СберИндекса";"Ямало-Ненецкий автономный округ";"Месяц";"% г/г";"0"
"2020-12-01";-42;"A";"Данные СберИндекса";"Ямало-Ненецкий автономный округ";"Месяц";"% г/г";"0"
"2021-01-01";-8;"A";"Данные СберИндекса";"Ямало-Ненецкий автономный округ";"Месяц";"% г/г";"0"
"2021-02-01";5;"A";"Данные СберИндекса";"Ямало-Ненецкий автономный округ";"Месяц";"% г/г";"0"
"2021-03-01";42;"A";"Данные СберИндекса";"Ямало-Ненецкий автономный округ";"Месяц";"% г/г";"0"
"2021-04-01";149;"A";"Данные СберИндекса";"Ямало-Ненецкий автономный округ";"Месяц";"% г/г";"0"
"2021-05-01";177;"A";"Данные СберИндекса";"Ямало-Ненецкий автономный округ";"Месяц";"% г/г";"0"
"2021-06-01";137;"A";"Данные СберИндекса";"Ямало-Ненецкий автономный округ";"Месяц";"% г/г";"0"
"2021-07-01";98;"A";"Данные СберИндекса";"Ямало-Ненецкий автономный округ";"Месяц";"% г/г";"0"
"2021-08-01";135;"A";"Данные СберИндекса";"Ямало-Ненецкий автономный округ";"Месяц";"% г/г";"0"
"2021-09-01";195;"A";"Данные СберИндекса";"Ямало-Ненецкий автономный округ";"Месяц";"% г/г";"0"
"2021-10-01";242;"A";"Данные СберИндекса";"Ямало-Ненецкий автономный округ";"Месяц";"% г/г";"0"
"2021-11-01";244;"A";"Данные СберИндекса";"Ямало-Ненецкий автономный округ";"Месяц";"% г/г";"0"
"2021-12-01";169;"A";"Данные СберИндекса";"Ямало-Ненецкий автономный округ";"Месяц";"% г/г";"0"
"2022-01-01";226;"A";"Данные СберИндекса";"Ямало-Ненецкий автономный округ";"Месяц";"% г/г";"0"
"2022-02-01";89;"A";"Данные СберИндекса";"Ямало-Ненецкий автономный округ";"Месяц";"% г/г";"0"
"2022-03-01";38;"A";"Данные СберИндекса";"Ямало-Ненецкий автономный округ";"Месяц";"% г/г";"0"
"2022-04-01";37;"A";"Данные СберИндекса";"Ямало-Ненецкий автономный округ";"Месяц";"% г/г";"0"
"2019-01-01";8;"A";"Данные СберИндекса";"Липецкая область";"Месяц";"% г/г";"0"
"2019-02-01";16;"A";"Данные СберИндекса";"Липецкая область";"Месяц";"% г/г";"0"
"2019-03-01";23;"A";"Данные СберИндекса";"Липецкая область";"Месяц";"% г/г";"0"
"2019-04-01";17;"A";"Данные СберИндекса";"Липецкая область";"Месяц";"% г/г";"0"
"2019-05-01";41;"A";"Данные СберИндекса";"Липецкая область";"Месяц";"% г/г";"0"
"2019-06-01";11;"A";"Данные СберИндекса";"Липецкая область";"Месяц";"% г/г";"0"
"2019-07-01";24;"A";"Данные СберИндекса";"Липецкая область";"Месяц";"% г/г";"0"
"2019-08-01";16;"A";"Данные СберИндекса";"Липецкая область";"Месяц";"% г/г";"0"
"2019-09-01";33;"A";"Данные СберИндекса";"Липецкая область";"Месяц";"% г/г";"0"
"2019-10-01";23;"A";"Данные СберИндекса";"Липецкая область";"Месяц";"% г/г";"0"
"2019-11-01";27;"A";"Данные СберИндекса";"Липецкая область";"Месяц";"% г/г";"0"
"2019-12-01";25;"A";"Данные СберИндекса";"Липецкая область";"Месяц";"% г/г";"0"
"2020-01-01";26;"A";"Данные СберИндекса";"Липецкая область";"Месяц";"% г/г";"0"
"2020-02-01";33;"A";"Данные СберИндекса";"Липецкая область";"Месяц";"% г/г";"0"
"2020-03-01";24;"A";"Данные СберИндекса";"Липецкая область";"Месяц";"% г/г";"0"
"2020-04-01";-33;"A";"Данные СберИндекса";"Липецкая область";"Месяц";"% г/г";"0"
"2020-05-01";-39;"A";"Данные СберИндекса";"Липецкая область";"Месяц";"% г/г";"0"
"2020-06-01";7;"A";"Данные СберИндекса";"Липецкая область";"Месяц";"% г/г";"0"
"2020-07-01";4;"A";"Данные СберИндекса";"Липецкая область";"Месяц";"% г/г";"0"
"2020-08-01";28;"A";"Данные СберИндекса";"Липецкая область";"Месяц";"% г/г";"0"
"2020-09-01";7;"A";"Данные СберИндекса";"Липецкая область";"Месяц";"% г/г";"0"
"2020-10-01";-9;"A";"Данные СберИндекса";"Липецкая область";"Месяц";"% г/г";"0"
"2020-11-01";-23;"A";"Данные СберИндекса";"Липецкая область";"Месяц";"% г/г";"0"
"2020-12-01";-15;"A";"Данные СберИндекса";"Липецкая область";"Месяц";"% г/г";"0"
"2021-01-01";-1;"A";"Данные СберИндекса";"Липецкая область";"Месяц";"% г/г";"0"
"2021-02-01";-1;"A";"Данные СберИндекса";"Липецкая область";"Месяц";"% г/г";"0"
"2021-03-01";10;"A";"Данные СберИндекса";"Липецкая область";"Месяц";"% г/г";"0"
"2021-04-01";98;"A";"Данные СберИндекса";"Липецкая область";"Месяц";"% г/г";"0"
"2021-05-01";127;"A";"Данные СберИндекса";"Липецкая область";"Месяц";"% г/г";"0"
"2021-06-01";39;"A";"Данные СберИндекса";"Липецкая область";"Месяц";"% г/г";"0"
"2021-07-01";22;"A";"Данные СберИндекса";"Липецкая область";"Месяц";"% г/г";"0"
"2021-08-01";1;"A";"Данные СберИндекса";"Липецкая область";"Месяц";"% г/г";"0"
"2021-09-01";-5;"A";"Данные СберИндекса";"Липецкая область";"Месяц";"% г/г";"0"
"2021-10-01";31;"A";"Данные СберИндекса";"Липецкая область";"Месяц";"% г/г";"0"
"2021-11-01";70;"A";"Данные СберИндекса";"Липецкая область";"Месяц";"% г/г";"0"
"2021-12-01";49;"A";"Данные СберИндекса";"Липецкая область";"Месяц";"% г/г";"0"
"2022-01-01";40;"A";"Данные СберИндекса";"Липецкая область";"Месяц";"% г/г";"0"
"2022-02-01";4;"A";"Данные СберИндекса";"Липецкая область";"Месяц";"% г/г";"0"
"2022-03-01";1;"A";"Данные СберИндекса";"Липецкая область";"Месяц";"% г/г";"0"
"2022-04-01";27;"A";"Данные СберИндекса";"Липецкая область";"Месяц";"% г/г";"0"
"2019-01-01";41;"A";"Данные СберИндекса";"Чеченская Республика";"Месяц";"% г/г";"0"
"2019-02-01";40;"A";"Данные СберИндекса";"Чеченская Республика";"Месяц";"% г/г";"0"
"2019-03-01";53;"A";"Данные СберИндекса";"Чеченская Республика";"Месяц";"% г/г";"0"
"2019-04-01";35;"A";"Данные СберИндекса";"Чеченская Республика";"Месяц";"% г/г";"0"
"2019-05-01";24;"A";"Данные СберИндекса";"Чеченская Республика";"Месяц";"% г/г";"0"
"2019-06-01";24;"A";"Данные СберИндекса";"Чеченская Республика";"Месяц";"% г/г";"0"
"2019-07-01";29;"A";"Данные СберИндекса";"Чеченская Республика";"Месяц";"% г/г";"0"
"2019-08-01";16;"A";"Данные СберИндекса";"Чеченская Республика";"Месяц";"% г/г";"0"
"2019-09-01";55;"A";"Данные СберИндекса";"Чеченская Республика";"Месяц";"% г/г";"0"
"2019-10-01";17;"A";"Данные СберИндекса";"Чеченская Республика";"Месяц";"% г/г";"0"
"2019-11-01";17;"A";"Данные СберИндекса";"Чеченская Республика";"Месяц";"% г/г";"0"
"2019-12-01";21;"A";"Данные СберИндекса";"Чеченская Республика";"Месяц";"% г/г";"0"
"2020-01-01";4;"A";"Данные СберИндекса";"Чеченская Республика";"Месяц";"% г/г";"0"
"2020-02-01";47;"A";"Данные СберИндекса";"Чеченская Республика";"Месяц";"% г/г";"0"
"2020-03-01";5;"A";"Данные СберИндекса";"Чеченская Республика";"Месяц";"% г/г";"0"
"2020-04-01";-65;"A";"Данные СберИндекса";"Чеченская Республика";"Месяц";"% г/г";"0"
"2020-05-01";-65;"A";"Данные СберИндекса";"Чеченская Республика";"Месяц";"% г/г";"0"
"2020-06-01";-57;"A";"Данные СберИндекса";"Чеченская Республика";"Месяц";"% г/г";"0"
"2020-07-01";-37;"A";"Данные СберИндекса";"Чеченская Республика";"Месяц";"% г/г";"0"
"2020-08-01";-21;"A";"Данные СберИндекса";"Чеченская Республика";"Месяц";"% г/г";"0"
"2020-09-01";-30;"A";"Данные СберИндекса";"Чеченская Республика";"Месяц";"% г/г";"0"
"2020-10-01";-13;"A";"Данные СберИндекса";"Чеченская Республика";"Месяц";"% г/г";"0"
"2020-11-01";-13;"A";"Данные СберИндекса";"Чеченская Республика";"Месяц";"% г/г";"0"
"2020-12-01";-9;"A";"Данные СберИндекса";"Чеченская Республика";"Месяц";"% г/г";"0"
"2021-01-01";2;"A";"Данные СберИндекса";"Чеченская Республика";"Месяц";"% г/г";"0"
"2021-02-01";-24;"A";"Данные СберИндекса";"Чеченская Республика";"Месяц";"% г/г";"0"
"2021-03-01";15;"A";"Данные СберИндекса";"Чеченская Республика";"Месяц";"% г/г";"0"
"2021-04-01";251;"A";"Данные СберИндекса";"Чеченская Республика";"Месяц";"% г/г";"0"
"2021-05-01";415;"A";"Данные СберИндекса";"Чеченская Республика";"Месяц";"% г/г";"0"
"2021-06-01";199;"A";"Данные СберИндекса";"Чеченская Республика";"Месяц";"% г/г";"0"
"2021-07-01";78;"A";"Данные СберИндекса";"Чеченская Республика";"Месяц";"% г/г";"0"
"2021-08-01";59;"A";"Данные СберИндекса";"Чеченская Республика";"Месяц";"% г/г";"0"
"2021-09-01";38;"A";"Данные СберИндекса";"Чеченская Республика";"Месяц";"% г/г";"0"
"2021-10-01";63;"A";"Данные СберИндекса";"Чеченская Республика";"Месяц";"% г/г";"0"
"2021-11-01";95;"A";"Данные СберИндекса";"Чеченская Республика";"Месяц";"% г/г";"0"
"2021-12-01";67;"A";"Данные СберИндекса";"Чеченская Республика";"Месяц";"% г/г";"0"
"2022-01-01";32;"A";"Данные СберИндекса";"Чеченская Республика";"Месяц";"% г/г";"0"
"2022-02-01";25;"A";"Данные СберИндекса";"Чеченская Республика";"Месяц";"% г/г";"0"
"2022-03-01";-7;"A";"Данные СберИндекса";"Чеченская Республика";"Месяц";"% г/г";"0"
"2022-04-01";-3;"A";"Данные СберИндекса";"Чеченская Республика";"Месяц";"% г/г";"0"
"2019-01-01";12;"A";"Данные СберИндекса";"Республика Калмыкия";"Месяц";"% г/г";"0"
"2019-02-01";26;"A";"Данные СберИндекса";"Республика Калмыкия";"Месяц";"% г/г";"0"
"2019-03-01";31;"A";"Данные СберИндекса";"Республика Калмыкия";"Месяц";"% г/г";"0"
"2019-04-01";24;"A";"Данные СберИндекса";"Республика Калмыкия";"Месяц";"% г/г";"0"
"2019-05-01";30;"A";"Данные СберИндекса";"Республика Калмыкия";"Месяц";"% г/г";"0"
"2019-06-01";14;"A";"Данные СберИндекса";"Республика Калмыкия";"Месяц";"% г/г";"0"
"2019-07-01";20;"A";"Данные СберИндекса";"Республика Калмыкия";"Месяц";"% г/г";"0"
"2019-08-01";20;"A";"Данные СберИндекса";"Республика Калмыкия";"Месяц";"% г/г";"0"
"2019-09-01";21;"A";"Данные СберИндекса";"Республика Калмыкия";"Месяц";"% г/г";"0"
"2019-10-01";29;"A";"Данные СберИндекса";"Республика Калмыкия";"Месяц";"% г/г";"0"
"2019-11-01";20;"A";"Данные СберИндекса";"Республика Калмыкия";"Месяц";"% г/г";"0"
"2019-12-01";17;"A";"Данные СберИндекса";"Республика Калмыкия";"Месяц";"% г/г";"0"
"2020-01-01";13;"A";"Данные СберИндекса";"Республика Калмыкия";"Месяц";"% г/г";"0"
"2020-02-01";25;"A";"Данные СберИндекса";"Республика Калмыкия";"Месяц";"% г/г";"0"
"2020-03-01";31;"A";"Данные СберИндекса";"Республика Калмыкия";"Месяц";"% г/г";"0"
"2020-04-01";-53;"A";"Данные СберИндекса";"Республика Калмыкия";"Месяц";"% г/г";"0"
"2020-05-01";-51;"A";"Данные СберИндекса";"Республика Калмыкия";"Месяц";"% г/г";"0"
"2020-06-01";-6;"A";"Данные СберИндекса";"Республика Калмыкия";"Месяц";"% г/г";"0"
"2020-07-01";-3;"A";"Данные СберИндекса";"Республика Калмыкия";"Месяц";"% г/г";"0"
"2020-08-01";-2;"A";"Данные СберИндекса";"Республика Калмыкия";"Месяц";"% г/г";"0"
"2020-09-01";3;"A";"Данные СберИндекса";"Республика Калмыкия";"Месяц";"% г/г";"0"
"2020-10-01";-10;"A";"Данные СберИндекса";"Республика Калмыкия";"Месяц";"% г/г";"0"
"2020-11-01";-5;"A";"Данные СберИндекса";"Республика Калмыкия";"Месяц";"% г/г";"0"
"2020-12-01";-9;"A";"Данные СберИндекса";"Республика Калмыкия";"Месяц";"% г/г";"0"
"2021-01-01";-4;"A";"Данные СберИндекса";"Республика Калмыкия";"Месяц";"% г/г";"0"
"2021-02-01";-3;"A";"Данные СберИндекса";"Республика Калмыкия";"Месяц";"% г/г";"0"
"2021-03-01";3;"A";"Данные СберИндекса";"Республика Калмыкия";"Месяц";"% г/г";"0"
"2021-04-01";195;"A";"Данные СберИндекса";"Республика Калмыкия";"Месяц";"% г/г";"0"
"2021-05-01";200;"A";"Данные СберИндекса";"Республика Калмыкия";"Месяц";"% г/г";"0"
"2021-06-01";65;"A";"Данные СберИндекса";"Республика Калмыкия";"Месяц";"% г/г";"0"
"2021-07-01";21;"A";"Данные СберИндекса";"Республика Калмыкия";"Месяц";"% г/г";"0"
"2021-08-01";16;"A";"Данные СберИндекса";"Республика Калмыкия";"Месяц";"% г/г";"0"
"2021-09-01";4;"A";"Данные СберИндекса";"Республика Калмыкия";"Месяц";"% г/г";"0"
"2021-10-01";21;"A";"Данные СберИндекса";"Республика Калмыкия";"Месяц";"% г/г";"0"
"2021-11-01";52;"A";"Данные СберИндекса";"Республика Калмыкия";"Месяц";"% г/г";"0"
"2021-12-01";46;"A";"Данные СберИндекса";"Республика Калмыкия";"Месяц";"% г/г";"0"
"2022-01-01";41;"A";"Данные СберИндекса";"Республика Калмыкия";"Месяц";"% г/г";"0"
"2022-02-01";25;"A";"Данные СберИндекса";"Республика Калмыкия";"Месяц";"% г/г";"0"
"2022-03-01";3;"A";"Данные СберИндекса";"Республика Калмыкия";"Месяц";"% г/г";"0"
"2022-04-01";25;"A";"Данные СберИндекса";"Республика Калмыкия";"Месяц";"% г/г";"0"
"2019-01-01";18;"A";"Данные СберИндекса";"Санкт-Петербург";"Месяц";"% г/г";"0"
"2019-02-01";24;"A";"Данные СберИндекса";"Санкт-Петербург";"Месяц";"% г/г";"0"
"2019-03-01";24;"A";"Данные СберИндекса";"Санкт-Петербург";"Месяц";"% г/г";"0"
"2019-04-01";21;"A";"Данные СберИндекса";"Санкт-Петербург";"Месяц";"% г/г";"0"
"2019-05-01";24;"A";"Данные СберИндекса";"Санкт-Петербург";"Месяц";"% г/г";"0"
"2019-06-01";15;"A";"Данные СберИндекса";"Санкт-Петербург";"Месяц";"% г/г";"0"
"2019-07-01";23;"A";"Данные СберИндекса";"Санкт-Петербург";"Месяц";"% г/г";"0"
"2019-08-01";19;"A";"Данные СберИндекса";"Санкт-Петербург";"Месяц";"% г/г";"0"
"2019-09-01";23;"A";"Данные СберИндекса";"Санкт-Петербург";"Месяц";"% г/г";"0"
"2019-10-01";24;"A";"Данные СберИндекса";"Санкт-Петербург";"Месяц";"% г/г";"0"
"2019-11-01";31;"A";"Данные СберИндекса";"Санкт-Петербург";"Месяц";"% г/г";"0"
"2019-12-01";24;"A";"Данные СберИндекса";"Санкт-Петербург";"Месяц";"% г/г";"0"
"2020-01-01";24;"A";"Данные СберИндекса";"Санкт-Петербург";"Месяц";"% г/г";"0"
"2020-02-01";19;"A";"Данные СберИндекса";"Санкт-Петербург";"Месяц";"% г/г";"0"
"2020-03-01";-4;"A";"Данные СберИндекса";"Санкт-Петербург";"Месяц";"% г/г";"0"
"2020-04-01";-81;"A";"Данные СберИндекса";"Санкт-Петербург";"Месяц";"% г/г";"0"
"2020-05-01";-84;"A";"Данные СберИндекса";"Санкт-Петербург";"Месяц";"% г/г";"0"
"2020-06-01";-58;"A";"Данные СберИндекса";"Санкт-Петербург";"Месяц";"% г/г";"0"
"2020-07-01";-15;"A";"Данные СберИндекса";"Санкт-Петербург";"Месяц";"% г/г";"0"
"2020-08-01";33;"A";"Данные СберИндекса";"Санкт-Петербург";"Месяц";"% г/г";"0"
"2020-09-01";14;"A";"Данные СберИндекса";"Санкт-Петербург";"Месяц";"% г/г";"0"
"2020-10-01";-16;"A";"Данные СберИндекса";"Санкт-Петербург";"Месяц";"% г/г";"0"
"2020-11-01";-35;"A";"Данные СберИндекса";"Санкт-Петербург";"Месяц";"% г/г";"0"
"2020-12-01";-39;"A";"Данные СберИндекса";"Санкт-Петербург";"Месяц";"% г/г";"0"
"2021-01-01";-50;"A";"Данные СберИндекса";"Санкт-Петербург";"Месяц";"% г/г";"0"
"2021-02-01";4;"A";"Данные СберИндекса";"Санкт-Петербург";"Месяц";"% г/г";"0"
"2021-03-01";39;"A";"Данные СберИндекса";"Санкт-Петербург";"Месяц";"% г/г";"0"
"2021-04-01";655;"A";"Данные СберИндекса";"Санкт-Петербург";"Месяц";"% г/г";"0"
"2021-05-01";854;"A";"Данные СберИндекса";"Санкт-Петербург";"Месяц";"% г/г";"0"
"2021-06-01";333;"A";"Данные СберИндекса";"Санкт-Петербург";"Месяц";"% г/г";"0"
"2021-07-01";52;"A";"Данные СберИндекса";"Санкт-Петербург";"Месяц";"% г/г";"0"
"2021-08-01";14;"A";"Данные СберИндекса";"Санкт-Петербург";"Месяц";"% г/г";"0"
"2021-09-01";40;"A";"Данные СберИндекса";"Санкт-Петербург";"Месяц";"% г/г";"0"
"2021-10-01";70;"A";"Данные СберИндекса";"Санкт-Петербург";"Месяц";"% г/г";"0"
"2021-11-01";96;"A";"Данные СберИндекса";"Санкт-Петербург";"Месяц";"% г/г";"0"
"2021-12-01";155;"A";"Данные СберИндекса";"Санкт-Петербург";"Месяц";"% г/г";"0"
"2022-01-01";177;"A";"Данные СберИндекса";"Санкт-Петербург";"Месяц";"% г/г";"0"
"2022-02-01";18;"A";"Данные СберИндекса";"Санкт-Петербург";"Месяц";"% г/г";"0"
"2022-03-01";20;"A";"Данные СберИндекса";"Санкт-Петербург";"Месяц";"% г/г";"0"
"2022-04-01";17;"A";"Данные СберИндекса";"Санкт-Петербург";"Месяц";"% г/г";"0"
"2019-01-01";20;"A";"Данные СберИндекса";"Республика Татарстан";"Месяц";"% г/г";"0"
"2019-02-01";26;"A";"Данные СберИндекса";"Республика Татарстан";"Месяц";"% г/г";"0"
"2019-03-01";19;"A";"Данные СберИндекса";"Республика Татарстан";"Месяц";"% г/г";"0"
"2019-04-01";19;"A";"Данные СберИндекса";"Республика Татарстан";"Месяц";"% г/г";"0"
"2019-05-01";23;"A";"Данные СберИндекса";"Республика Татарстан";"Месяц";"% г/г";"0"
"2019-06-01";2;"A";"Данные СберИндекса";"Республика Татарстан";"Месяц";"% г/г";"0"
"2019-07-01";9;"A";"Данные СберИндекса";"Республика Татарстан";"Месяц";"% г/г";"0"
"2019-08-01";5;"A";"Данные СберИндекса";"Республика Татарстан";"Месяц";"% г/г";"0"
"2019-09-01";19;"A";"Данные СберИндекса";"Республика Татарстан";"Месяц";"% г/г";"0"
"2019-10-01";12;"A";"Данные СберИндекса";"Республика Татарстан";"Месяц";"% г/г";"0"
"2019-11-01";1;"A";"Данные СберИндекса";"Республика Татарстан";"Месяц";"% г/г";"0"
"2019-12-01";20;"A";"Данные СберИндекса";"Республика Татарстан";"Месяц";"% г/г";"0"
"2020-01-01";17;"A";"Данные СберИндекса";"Республика Татарстан";"Месяц";"% г/г";"0"
"2020-02-01";23;"A";"Данные СберИндекса";"Республика Татарстан";"Месяц";"% г/г";"0"
"2020-03-01";1;"A";"Данные СберИндекса";"Республика Татарстан";"Месяц";"% г/г";"0"
"2020-04-01";-67;"A";"Данные СберИндекса";"Республика Татарстан";"Месяц";"% г/г";"0"
"2020-05-01";-65;"A";"Данные СберИндекса";"Республика Татарстан";"Месяц";"% г/г";"0"
"2020-06-01";-27;"A";"Данные СберИндекса";"Республика Татарстан";"Месяц";"% г/г";"0"
"2020-07-01";-14;"A";"Данные СберИндекса";"Республика Татарстан";"Месяц";"% г/г";"0"
"2020-08-01";9;"A";"Данные СберИндекса";"Республика Татарстан";"Месяц";"% г/г";"0"
"2020-09-01";7;"A";"Данные СберИндекса";"Республика Татарстан";"Месяц";"% г/г";"0"
"2020-10-01";-13;"A";"Данные СберИндекса";"Республика Татарстан";"Месяц";"% г/г";"0"
"2020-11-01";-28;"A";"Данные СберИндекса";"Республика Татарстан";"Месяц";"% г/г";"0"
"2020-12-01";-25;"A";"Данные СберИндекса";"Республика Татарстан";"Месяц";"% г/г";"0"
"2021-01-01";-8;"A";"Данные СберИндекса";"Республика Татарстан";"Месяц";"% г/г";"0"
"2021-02-01";-11;"A";"Данные СберИндекса";"Республика Татарстан";"Месяц";"% г/г";"0"
"2021-03-01";21;"A";"Данные СберИндекса";"Республика Татарстан";"Месяц";"% г/г";"0"
"2021-04-01";299;"A";"Данные СберИндекса";"Республика Татарстан";"Месяц";"% г/г";"0"
"2021-05-01";283;"A";"Данные СберИндекса";"Республика Татарстан";"Месяц";"% г/г";"0"
"2021-06-01";101;"A";"Данные СберИндекса";"Республика Татарстан";"Месяц";"% г/г";"0"
"2021-07-01";43;"A";"Данные СберИндекса";"Республика Татарстан";"Месяц";"% г/г";"0"
"2021-08-01";24;"A";"Данные СберИндекса";"Республика Татарстан";"Месяц";"% г/г";"0"
"2021-09-01";12;"A";"Данные СберИндекса";"Республика Татарстан";"Месяц";"% г/г";"0"
"2021-10-01";41;"A";"Данные СберИндекса";"Республика Татарстан";"Месяц";"% г/г";"0"
"2021-11-01";67;"A";"Данные СберИндекса";"Республика Татарстан";"Месяц";"% г/г";"0"
"2021-12-01";61;"A";"Данные СберИндекса";"Республика Татарстан";"Месяц";"% г/г";"0"
"2022-01-01";41;"A";"Данные СберИндекса";"Республика Татарстан";"Месяц";"% г/г";"0"
"2022-02-01";17;"A";"Данные СберИндекса";"Республика Татарстан";"Месяц";"% г/г";"0"
"2022-03-01";4;"A";"Данные СберИндекса";"Республика Татарстан";"Месяц";"% г/г";"0"
"2022-04-01";19;"A";"Данные СберИндекса";"Республика Татарстан";"Месяц";"% г/г";"0"
"2019-01-01";9;"A";"Данные СберИндекса";"Омская область";"Месяц";"% г/г";"0"
"2019-02-01";27;"A";"Данные СберИндекса";"Омская область";"Месяц";"% г/г";"0"
"2019-03-01";24;"A";"Данные СберИндекса";"Омская область";"Месяц";"% г/г";"0"
"2019-04-01";21;"A";"Данные СберИндекса";"Омская область";"Месяц";"% г/г";"0"
"2019-05-01";21;"A";"Данные СберИндекса";"Омская область";"Месяц";"% г/г";"0"
"2019-06-01";3;"A";"Данные СберИндекса";"Омская область";"Месяц";"% г/г";"0"
"2019-07-01";6;"A";"Данные СберИндекса";"Омская область";"Месяц";"% г/г";"0"
"2019-08-01";0;"A";"Данные СберИндекса";"Омская область";"Месяц";"% г/г";"0"
"2019-09-01";13;"A";"Данные СберИндекса";"Омская область";"Месяц";"% г/г";"0"
"2019-10-01";12;"A";"Данные СберИндекса";"Омская область";"Месяц";"% г/г";"0"
"2019-11-01";17;"A";"Данные СберИндекса";"Омская область";"Месяц";"% г/г";"0"
"2019-12-01";1;"A";"Данные СберИндекса";"Омская область";"Месяц";"% г/г";"0"
"2020-01-01";4;"A";"Данные СберИндекса";"Омская область";"Месяц";"% г/г";"0"
"2020-02-01";6;"A";"Данные СберИндекса";"Омская область";"Месяц";"% г/г";"0"
"2020-03-01";-5;"A";"Данные СберИндекса";"Омская область";"Месяц";"% г/г";"0"
"2020-04-01";-54;"A";"Данные СберИндекса";"Омская область";"Месяц";"% г/г";"0"
"2020-05-01";-42;"A";"Данные СберИндекса";"Омская область";"Месяц";"% г/г";"0"
"2020-06-01";-17;"A";"Данные СберИндекса";"Омская область";"Месяц";"% г/г";"0"
"2020-07-01";-10;"A";"Данные СберИндекса";"Омская область";"Месяц";"% г/г";"0"
"2020-08-01";0;"A";"Данные СберИндекса";"Омская область";"Месяц";"% г/г";"0"
"2020-09-01";0;"A";"Данные СберИндекса";"Омская область";"Месяц";"% г/г";"0"
"2020-10-01";-27;"A";"Данные СберИндекса";"Омская область";"Месяц";"% г/г";"0"
"2020-11-01";-41;"A";"Данные СберИндекса";"Омская область";"Месяц";"% г/г";"0"
"2020-12-01";-35;"A";"Данные СберИндекса";"Омская область";"Месяц";"% г/г";"0"
"2021-01-01";-10;"A";"Данные СберИндекса";"Омская область";"Месяц";"% г/г";"0"
"2021-02-01";-11;"A";"Данные СберИндекса";"Омская область";"Месяц";"% г/г";"0"
"2021-03-01";8;"A";"Данные СберИндекса";"Омская область";"Месяц";"% г/г";"0"
"2021-04-01";142;"A";"Данные СберИндекса";"Омская область";"Месяц";"% г/г";"0"
"2021-05-01";119;"A";"Данные СберИндекса";"Омская область";"Месяц";"% г/г";"0"
"2021-06-01";59;"A";"Данные СберИндекса";"Омская область";"Месяц";"% г/г";"0"
"2021-07-01";30;"A";"Данные СберИндекса";"Омская область";"Месяц";"% г/г";"0"
"2021-08-01";20;"A";"Данные СберИндекса";"Омская область";"Месяц";"% г/г";"0"
"2021-09-01";12;"A";"Данные СберИндекса";"Омская область";"Месяц";"% г/г";"0"
"2021-10-01";62;"A";"Данные СберИндекса";"Омская область";"Месяц";"% г/г";"0"
"2021-11-01";97;"A";"Данные СберИндекса";"Омская область";"Месяц";"% г/г";"0"
"2021-12-01";73;"A";"Данные СберИндекса";"Омская область";"Месяц";"% г/г";"0"
"2022-01-01";52;"A";"Данные СберИндекса";"Омская область";"Месяц";"% г/г";"0"
"2022-02-01";17;"A";"Данные СберИндекса";"Омская область";"Месяц";"% г/г";"0"
"2022-03-01";3;"A";"Данные СберИндекса";"Омская область";"Месяц";"% г/г";"0"
"2022-04-01";1;"A";"Данные СберИндекса";"Омская область";"Месяц";"% г/г";"0"
"2019-01-01";25;"A";"Данные СберИндекса";"Республика Алтай";"Месяц";"% г/г";"0"
"2019-02-01";10;"A";"Данные СберИндекса";"Республика Алтай";"Месяц";"% г/г";"0"
"2019-03-01";27;"A";"Данные СберИндекса";"Республика Алтай";"Месяц";"% г/г";"0"
"2019-04-01";10;"A";"Данные СберИндекса";"Республика Алтай";"Месяц";"% г/г";"0"
"2019-05-01";67;"A";"Данные СберИндекса";"Республика Алтай";"Месяц";"% г/г";"0"
"2019-06-01";13;"A";"Данные СберИндекса";"Республика Алтай";"Месяц";"% г/г";"0"
"2019-07-01";33;"A";"Данные СберИндекса";"Республика Алтай";"Месяц";"% г/г";"0"
"2019-08-01";31;"A";"Данные СберИндекса";"Республика Алтай";"Месяц";"% г/г";"0"
"2019-09-01";64;"A";"Данные СберИндекса";"Республика Алтай";"Месяц";"% г/г";"0"
"2019-10-01";38;"A";"Данные СберИндекса";"Республика Алтай";"Месяц";"% г/г";"0"
"2019-11-01";46;"A";"Данные СберИндекса";"Республика Алтай";"Месяц";"% г/г";"0"
"2019-12-01";36;"A";"Данные СберИндекса";"Республика Алтай";"Месяц";"% г/г";"0"
"2020-01-01";20;"A";"Данные СберИндекса";"Республика Алтай";"Месяц";"% г/г";"0"
"2020-02-01";38;"A";"Данные СберИндекса";"Республика Алтай";"Месяц";"% г/г";"0"
"2020-03-01";3;"A";"Данные СберИндекса";"Республика Алтай";"Месяц";"% г/г";"0"
"2020-04-01";-52;"A";"Данные СберИндекса";"Республика Алтай";"Месяц";"% г/г";"0"
"2020-05-01";-77;"A";"Данные СберИндекса";"Республика Алтай";"Месяц";"% г/г";"0"
"2020-06-01";-44;"A";"Данные СберИндекса";"Республика Алтай";"Месяц";"% г/г";"0"
"2020-07-01";4;"A";"Данные СберИндекса";"Республика Алтай";"Месяц";"% г/г";"0"
"2020-08-01";26;"A";"Данные СберИндекса";"Республика Алтай";"Месяц";"% г/г";"0"
"2020-09-01";16;"A";"Данные СберИндекса";"Республика Алтай";"Месяц";"% г/г";"0"
"2020-10-01";-38;"A";"Данные СберИндекса";"Республика Алтай";"Месяц";"% г/г";"0"
"2020-11-01";-41;"A";"Данные СберИндекса";"Республика Алтай";"Месяц";"% г/г";"0"
"2020-12-01";-29;"A";"Данные СберИндекса";"Республика Алтай";"Месяц";"% г/г";"0"
"2021-01-01";8;"A";"Данные СберИндекса";"Республика Алтай";"Месяц";"% г/г";"0"
"2021-02-01";8;"A";"Данные СберИндекса";"Республика Алтай";"Месяц";"% г/г";"0"
"2021-03-01";41;"A";"Данные СберИндекса";"Республика Алтай";"Месяц";"% г/г";"0"
"2021-04-01";196;"A";"Данные СберИндекса";"Республика Алтай";"Месяц";"% г/г";"0"
"2021-05-01";551;"A";"Данные СберИндекса";"Республика Алтай";"Месяц";"% г/г";"0"
"2021-06-01";158;"A";"Данные СберИндекса";"Республика Алтай";"Месяц";"% г/г";"0"
"2021-07-01";13;"A";"Данные СберИндекса";"Республика Алтай";"Месяц";"% г/г";"0"
"2021-08-01";4;"A";"Данные СберИндекса";"Республика Алтай";"Месяц";"% г/г";"0"
"2021-09-01";9;"A";"Данные СберИндекса";"Республика Алтай";"Месяц";"% г/г";"0"
"2021-10-01";112;"A";"Данные СберИндекса";"Республика Алтай";"Месяц";"% г/г";"0"
"2021-11-01";138;"A";"Данные СберИндекса";"Республика Алтай";"Месяц";"% г/г";"0"
"2021-12-01";96;"A";"Данные СберИндекса";"Республика Алтай";"Месяц";"% г/г";"0"
"2022-01-01";47;"A";"Данные СберИндекса";"Республика Алтай";"Месяц";"% г/г";"0"
"2022-02-01";19;"A";"Данные СберИндекса";"Республика Алтай";"Месяц";"% г/г";"0"
"2022-03-01";6;"A";"Данные СберИндекса";"Республика Алтай";"Месяц";"% г/г";"0"
"2022-04-01";30;"A";"Данные СберИндекса";"Республика Алтай";"Месяц";"% г/г";"0"
"2019-01-01";11;"A";"Данные СберИндекса";"Хабаровский край";"Месяц";"% г/г";"0"
"2019-02-01";8;"A";"Данные СберИндекса";"Хабаровский край";"Месяц";"% г/г";"0"
"2019-03-01";12;"A";"Данные СберИндекса";"Хабаровский край";"Месяц";"% г/г";"0"
"2019-04-01";15;"A";"Данные СберИндекса";"Хабаровский край";"Месяц";"% г/г";"0"
"2019-05-01";9;"A";"Данные СберИндекса";"Хабаровский край";"Месяц";"% г/г";"0"
"2019-06-01";6;"A";"Данные СберИндекса";"Хабаровский край";"Месяц";"% г/г";"0"
"2019-07-01";7;"A";"Данные СберИндекса";"Хабаровский край";"Месяц";"% г/г";"0"
"2019-08-01";3;"A";"Данные СберИндекса";"Хабаровский край";"Месяц";"% г/г";"0"
"2019-09-01";14;"A";"Данные СберИндекса";"Хабаровский край";"Месяц";"% г/г";"0"
"2019-10-01";7;"A";"Данные СберИндекса";"Хабаровский край";"Месяц";"% г/г";"0"
"2019-11-01";9;"A";"Данные СберИндекса";"Хабаровский край";"Месяц";"% г/г";"0"
"2019-12-01";7;"A";"Данные СберИндекса";"Хабаровский край";"Месяц";"% г/г";"0"
"2020-01-01";8;"A";"Данные СберИндекса";"Хабаровский край";"Месяц";"% г/г";"0"
"2020-02-01";8;"A";"Данные СберИндекса";"Хабаровский край";"Месяц";"% г/г";"0"
"2020-03-01";4;"A";"Данные СберИндекса";"Хабаровский край";"Месяц";"% г/г";"0"
"2020-04-01";-58;"A";"Данные СберИндекса";"Хабаровский край";"Месяц";"% г/г";"0"
"2020-05-01";-53;"A";"Данные СберИндекса";"Хабаровский край";"Месяц";"% г/г";"0"
"2020-06-01";-33;"A";"Данные СберИндекса";"Хабаровский край";"Месяц";"% г/г";"0"
"2020-07-01";-14;"A";"Данные СберИндекса";"Хабаровский край";"Месяц";"% г/г";"0"
"2020-08-01";0;"A";"Данные СберИндекса";"Хабаровский край";"Месяц";"% г/г";"0"
"2020-09-01";-8;"A";"Данные СберИндекса";"Хабаровский край";"Месяц";"% г/г";"0"
"2020-10-01";-21;"A";"Данные СберИндекса";"Хабаровский край";"Месяц";"% г/г";"0"
"2020-11-01";-36;"A";"Данные СберИндекса";"Хабаровский край";"Месяц";"% г/г";"0"
"2020-12-01";-24;"A";"Данные СберИндекса";"Хабаровский край";"Месяц";"% г/г";"0"
"2021-01-01";-11;"A";"Данные СберИндекса";"Хабаровский край";"Месяц";"% г/г";"0"
"2021-02-01";-8;"A";"Данные СберИндекса";"Хабаровский край";"Месяц";"% г/г";"0"
"2021-03-01";12;"A";"Данные СберИндекса";"Хабаровский край";"Месяц";"% г/г";"0"
"2021-04-01";174;"A";"Данные СберИндекса";"Хабаровский край";"Месяц";"% г/г";"0"
"2021-05-01";167;"A";"Данные СберИндекса";"Хабаровский край";"Месяц";"% г/г";"0"
"2021-06-01";89;"A";"Данные СберИндекса";"Хабаровский край";"Месяц";"% г/г";"0"
"2021-07-01";42;"A";"Данные СберИндекса";"Хабаровский край";"Месяц";"% г/г";"0"
"2021-08-01";36;"A";"Данные СберИндекса";"Хабаровский край";"Месяц";"% г/г";"0"
"2021-09-01";31;"A";"Данные СберИндекса";"Хабаровский край";"Месяц";"% г/г";"0"
"2021-10-01";66;"A";"Данные СберИндекса";"Хабаровский край";"Месяц";"% г/г";"0"
"2021-11-01";106;"A";"Данные СберИндекса";"Хабаровский край";"Месяц";"% г/г";"0"
"2021-12-01";68;"A";"Данные СберИндекса";"Хабаровский край";"Месяц";"% г/г";"0"
"2022-01-01";64;"A";"Данные СберИндекса";"Хабаровский край";"Месяц";"% г/г";"0"
"2022-02-01";35;"A";"Данные СберИндекса";"Хабаровский край";"Месяц";"% г/г";"0"
"2022-03-01";14;"A";"Данные СберИндекса";"Хабаровский край";"Месяц";"% г/г";"0"
"2022-04-01";22;"A";"Данные СберИндекса";"Хабаровский край";"Месяц";"% г/г";"0"
"2019-01-01";10;"A";"Данные СберИндекса";"Нижегородская область";"Месяц";"% г/г";"0"
"2019-02-01";16;"A";"Данные СберИндекса";"Нижегородская область";"Месяц";"% г/г";"0"
"2019-03-01";17;"A";"Данные СберИндекса";"Нижегородская область";"Месяц";"% г/г";"0"
"2019-04-01";16;"A";"Данные СберИндекса";"Нижегородская область";"Месяц";"% г/г";"0"
"2019-05-01";33;"A";"Данные СберИндекса";"Нижегородская область";"Месяц";"% г/г";"0"
"2019-06-01";4;"A";"Данные СберИндекса";"Нижегородская область";"Месяц";"% г/г";"0"
"2019-07-01";4;"A";"Данные СберИндекса";"Нижегородская область";"Месяц";"% г/г";"0"
"2019-08-01";3;"A";"Данные СберИндекса";"Нижегородская область";"Месяц";"% г/г";"0"
"2019-09-01";22;"A";"Данные СберИндекса";"Нижегородская область";"Месяц";"% г/г";"0"
"2019-10-01";19;"A";"Данные СберИндекса";"Нижегородская область";"Месяц";"% г/г";"0"
"2019-11-01";24;"A";"Данные СберИндекса";"Нижегородская область";"Месяц";"% г/г";"0"
"2019-12-01";24;"A";"Данные СберИндекса";"Нижегородская область";"Месяц";"% г/г";"0"
"2020-01-01";26;"A";"Данные СберИндекса";"Нижегородская область";"Месяц";"% г/г";"0"
"2020-02-01";27;"A";"Данные СберИндекса";"Нижегородская область";"Месяц";"% г/г";"0"
"2020-03-01";13;"A";"Данные СберИндекса";"Нижегородская область";"Месяц";"% г/г";"0"
"2020-04-01";-58;"A";"Данные СберИндекса";"Нижегородская область";"Месяц";"% г/г";"0"
"2020-05-01";-66;"A";"Данные СберИндекса";"Нижегородская область";"Месяц";"% г/г";"0"
"2020-06-01";-28;"A";"Данные СберИндекса";"Нижегородская область";"Месяц";"% г/г";"0"
"2020-07-01";-8;"A";"Данные СберИндекса";"Нижегородская область";"Месяц";"% г/г";"0"
"2020-08-01";12;"A";"Данные СберИндекса";"Нижегородская область";"Месяц";"% г/г";"0"
"2020-09-01";6;"A";"Данные СберИндекса";"Нижегородская область";"Месяц";"% г/г";"0"
"2020-10-01";-14;"A";"Данные СберИндекса";"Нижегородская область";"Месяц";"% г/г";"0"
"2020-11-01";-32;"A";"Данные СберИндекса";"Нижегородская область";"Месяц";"% г/г";"0"
"2020-12-01";-24;"A";"Данные СберИндекса";"Нижегородская область";"Месяц";"% г/г";"0"
"2021-01-01";-15;"A";"Данные СберИндекса";"Нижегородская область";"Месяц";"% г/г";"0"
"2021-02-01";-20;"A";"Данные СберИндекса";"Нижегородская область";"Месяц";"% г/г";"0"
"2021-03-01";3;"A";"Данные СберИндекса";"Нижегородская область";"Месяц";"% г/г";"0"
"2021-04-01";206;"A";"Данные СберИндекса";"Нижегородская область";"Месяц";"% г/г";"0"
"2021-05-01";295;"A";"Данные СберИндекса";"Нижегородская область";"Месяц";"% г/г";"0"
"2021-06-01";82;"A";"Данные СберИндекса";"Нижегородская область";"Месяц";"% г/г";"0"
"2021-07-01";29;"A";"Данные СберИндекса";"Нижегородская область";"Месяц";"% г/г";"0"
"2021-08-01";23;"A";"Данные СберИндекса";"Нижегородская область";"Месяц";"% г/г";"0"
"2021-09-01";16;"A";"Данные СберИндекса";"Нижегородская область";"Месяц";"% г/г";"0"
"2021-10-01";39;"A";"Данные СберИндекса";"Нижегородская область";"Месяц";"% г/г";"0"
"2021-11-01";79;"A";"Данные СберИндекса";"Нижегородская область";"Месяц";"% г/г";"0"
"2021-12-01";64;"A";"Данные СберИндекса";"Нижегородская область";"Месяц";"% г/г";"0"
"2022-01-01";70;"A";"Данные СберИндекса";"Нижегородская область";"Месяц";"% г/г";"0"
"2022-02-01";35;"A";"Данные СберИндекса";"Нижегородская область";"Месяц";"% г/г";"0"
"2022-03-01";16;"A";"Данные СберИндекса";"Нижегородская область";"Месяц";"% г/г";"0"
"2022-04-01";27;"A";"Данные СберИндекса";"Нижегородская область";"Месяц";"% г/г";"0"
"2019-01-01";12;"A";"Данные СберИндекса";"Тамбовская область";"Месяц";"% г/г";"0"
"2019-02-01";19;"A";"Данные СберИндекса";"Тамбовская область";"Месяц";"% г/г";"0"
"2019-03-01";18;"A";"Данные СберИндекса";"Тамбовская область";"Месяц";"% г/г";"0"
"2019-04-01";17;"A";"Данные СберИндекса";"Тамбовская область";"Месяц";"% г/г";"0"
"2019-05-01";35;"A";"Данные СберИндекса";"Тамбовская область";"Месяц";"% г/г";"0"
"2019-06-01";3;"A";"Данные СберИндекса";"Тамбовская область";"Месяц";"% г/г";"0"
"2019-07-01";12;"A";"Данные СберИндекса";"Тамбовская область";"Месяц";"% г/г";"0"
"2019-08-01";7;"A";"Данные СберИндекса";"Тамбовская область";"Месяц";"% г/г";"0"
"2019-09-01";18;"A";"Данные СберИндекса";"Тамбовская область";"Месяц";"% г/г";"0"
"2019-10-01";13;"A";"Данные СберИндекса";"Тамбовская область";"Месяц";"% г/г";"0"
"2019-11-01";15;"A";"Данные СберИндекса";"Тамбовская область";"Месяц";"% г/г";"0"
"2019-12-01";9;"A";"Данные СберИндекса";"Тамбовская область";"Месяц";"% г/г";"0"
"2020-01-01";19;"A";"Данные СберИндекса";"Тамбовская область";"Месяц";"% г/г";"0"
"2020-02-01";19;"A";"Данные СберИндекса";"Тамбовская область";"Месяц";"% г/г";"0"
"2020-03-01";18;"A";"Данные СберИндекса";"Тамбовская область";"Месяц";"% г/г";"0"
"2020-04-01";-34;"A";"Данные СберИндекса";"Тамбовская область";"Месяц";"% г/г";"0"
"2020-05-01";-40;"A";"Данные СберИндекса";"Тамбовская область";"Месяц";"% г/г";"0"
"2020-06-01";14;"A";"Данные СберИндекса";"Тамбовская область";"Месяц";"% г/г";"0"
"2020-07-01";8;"A";"Данные СберИндекса";"Тамбовская область";"Месяц";"% г/г";"0"
"2020-08-01";20;"A";"Данные СберИндекса";"Тамбовская область";"Месяц";"% г/г";"0"
"2020-09-01";11;"A";"Данные СберИндекса";"Тамбовская область";"Месяц";"% г/г";"0"
"2020-10-01";9;"A";"Данные СберИндекса";"Тамбовская область";"Месяц";"% г/г";"0"
"2020-11-01";-16;"A";"Данные СберИндекса";"Тамбовская область";"Месяц";"% г/г";"0"
"2020-12-01";-4;"A";"Данные СберИндекса";"Тамбовская область";"Месяц";"% г/г";"0"
"2021-01-01";-3;"A";"Данные СберИндекса";"Тамбовская область";"Месяц";"% г/г";"0"
"2021-02-01";-7;"A";"Данные СберИндекса";"Тамбовская область";"Месяц";"% г/г";"0"
"2021-03-01";8;"A";"Данные СберИндекса";"Тамбовская область";"Месяц";"% г/г";"0"
"2021-04-01";82;"A";"Данные СберИндекса";"Тамбовская область";"Месяц";"% г/г";"0"
"2021-05-01";131;"A";"Данные СберИндекса";"Тамбовская область";"Месяц";"% г/г";"0"
"2021-06-01";35;"A";"Данные СберИндекса";"Тамбовская область";"Месяц";"% г/г";"0"
"2021-07-01";21;"A";"Данные СберИндекса";"Тамбовская область";"Месяц";"% г/г";"0"
"2021-08-01";7;"A";"Данные СберИндекса";"Тамбовская область";"Месяц";"% г/г";"0"
"2021-09-01";-5;"A";"Данные СберИндекса";"Тамбовская область";"Месяц";"% г/г";"0"
"2021-10-01";13;"A";"Данные СберИндекса";"Тамбовская область";"Месяц";"% г/г";"0"
"2021-11-01";67;"A";"Данные СберИндекса";"Тамбовская область";"Месяц";"% г/г";"0"
"2021-12-01";49;"A";"Данные СберИндекса";"Тамбовская область";"Месяц";"% г/г";"0"
"2022-01-01";51;"A";"Данные СберИндекса";"Тамбовская область";"Месяц";"% г/г";"0"
"2022-02-01";25;"A";"Данные СберИндекса";"Тамбовская область";"Месяц";"% г/г";"0"
"2022-03-01";12;"A";"Данные СберИндекса";"Тамбовская область";"Месяц";"% г/г";"0"
"2022-04-01";43;"A";"Данные СберИндекса";"Тамбовская область";"Месяц";"% г/г";"0"
"2019-01-01";18;"A";"Данные СберИндекса";"Ленинградская область";"Месяц";"% г/г";"0"
"2019-02-01";24;"A";"Данные СберИндекса";"Ленинградская область";"Месяц";"% г/г";"0"
"2019-03-01";24;"A";"Данные СберИндекса";"Ленинградская область";"Месяц";"% г/г";"0"
"2019-04-01";21;"A";"Данные СберИндекса";"Ленинградская область";"Месяц";"% г/г";"0"
"2019-05-01";24;"A";"Данные СберИндекса";"Ленинградская область";"Месяц";"% г/г";"0"
"2019-06-01";15;"A";"Данные СберИндекса";"Ленинградская область";"Месяц";"% г/г";"0"
"2019-07-01";23;"A";"Данные СберИндекса";"Ленинградская область";"Месяц";"% г/г";"0"
"2019-08-01";19;"A";"Данные СберИндекса";"Ленинградская область";"Месяц";"% г/г";"0"
"2019-09-01";23;"A";"Данные СберИндекса";"Ленинградская область";"Месяц";"% г/г";"0"
"2019-10-01";24;"A";"Данные СберИндекса";"Ленинградская область";"Месяц";"% г/г";"0"
"2019-11-01";31;"A";"Данные СберИндекса";"Ленинградская область";"Месяц";"% г/г";"0"
"2019-12-01";24;"A";"Данные СберИндекса";"Ленинградская область";"Месяц";"% г/г";"0"
"2020-01-01";15;"A";"Данные СберИндекса";"Ленинградская область";"Месяц";"% г/г";"0"
"2020-02-01";20;"A";"Данные СберИндекса";"Ленинградская область";"Месяц";"% г/г";"0"
"2020-03-01";5;"A";"Данные СберИндекса";"Ленинградская область";"Месяц";"% г/г";"0"
"2020-04-01";-56;"A";"Данные СберИндекса";"Ленинградская область";"Месяц";"% г/г";"0"
"2020-05-01";-54;"A";"Данные СберИндекса";"Ленинградская область";"Месяц";"% г/г";"0"
"2020-06-01";-25;"A";"Данные СберИндекса";"Ленинградская область";"Месяц";"% г/г";"0"
"2020-07-01";-2;"A";"Данные СберИндекса";"Ленинградская область";"Месяц";"% г/г";"0"
"2020-08-01";24;"A";"Данные СберИндекса";"Ленинградская область";"Месяц";"% г/г";"0"
"2020-09-01";8;"A";"Данные СберИндекса";"Ленинградская область";"Месяц";"% г/г";"0"
"2020-10-01";-12;"A";"Данные СберИндекса";"Ленинградская область";"Месяц";"% г/г";"0"
"2020-11-01";-27;"A";"Данные СберИндекса";"Ленинградская область";"Месяц";"% г/г";"0"
"2020-12-01";-12;"A";"Данные СберИндекса";"Ленинградская область";"Месяц";"% г/г";"0"
"2021-01-01";90;"A";"Данные СберИндекса";"Ленинградская область";"Месяц";"% г/г";"0"
"2021-02-01";-23;"A";"Данные СберИндекса";"Ленинградская область";"Месяц";"% г/г";"0"
"2021-03-01";42;"A";"Данные СберИндекса";"Ленинградская область";"Месяц";"% г/г";"0"
"2021-04-01";245;"A";"Данные СберИндекса";"Ленинградская область";"Месяц";"% г/г";"0"
"2021-05-01";264;"A";"Данные СберИндекса";"Ленинградская область";"Месяц";"% г/г";"0"
"2021-06-01";119;"A";"Данные СберИндекса";"Ленинградская область";"Месяц";"% г/г";"0"
"2021-07-01";47;"A";"Данные СберИндекса";"Ленинградская область";"Месяц";"% г/г";"0"
"2021-08-01";13;"A";"Данные СберИндекса";"Ленинградская область";"Месяц";"% г/г";"0"
"2021-09-01";-4;"A";"Данные СберИндекса";"Ленинградская область";"Месяц";"% г/г";"0"
"2021-10-01";67;"A";"Данные СберИндекса";"Ленинградская область";"Месяц";"% г/г";"0"
"2021-11-01";98;"A";"Данные СберИндекса";"Ленинградская область";"Месяц";"% г/г";"0"
"2021-12-01";57;"A";"Данные СберИндекса";"Ленинградская область";"Месяц";"% г/г";"0"
"2022-01-01";27;"A";"Данные СберИндекса";"Ленинградская область";"Месяц";"% г/г";"0"
"2022-02-01";129;"A";"Данные СберИндекса";"Ленинградская область";"Месяц";"% г/г";"0"
"2022-03-01";21;"A";"Данные СберИндекса";"Ленинградская область";"Месяц";"% г/г";"0"
"2022-04-01";32;"A";"Данные СберИндекса";"Ленинградская область";"Месяц";"% г/г";"0"
"2019-01-01";0;"A";"Данные СберИндекса";"Брянская область";"Месяц";"% г/г";"0"
"2019-02-01";-3;"A";"Данные СберИндекса";"Брянская область";"Месяц";"% г/г";"0"
"2019-03-01";-2;"A";"Данные СберИндекса";"Брянская область";"Месяц";"% г/г";"0"
"2019-04-01";-10;"A";"Данные СберИндекса";"Брянская область";"Месяц";"% г/г";"0"
"2019-05-01";16;"A";"Данные СберИндекса";"Брянская область";"Месяц";"% г/г";"0"
"2019-06-01";-6;"A";"Данные СберИндекса";"Брянская область";"Месяц";"% г/г";"0"
"2019-07-01";5;"A";"Данные СберИндекса";"Брянская область";"Месяц";"% г/г";"0"
"2019-08-01";-3;"A";"Данные СберИндекса";"Брянская область";"Месяц";"% г/г";"0"
"2019-09-01";8;"A";"Данные СберИндекса";"Брянская область";"Месяц";"% г/г";"0"
"2019-10-01";5;"A";"Данные СберИндекса";"Брянская область";"Месяц";"% г/г";"0"
"2019-11-01";13;"A";"Данные СберИндекса";"Брянская область";"Месяц";"% г/г";"0"
"2019-12-01";11;"A";"Данные СберИндекса";"Брянская область";"Месяц";"% г/г";"0"
"2020-01-01";15;"A";"Данные СберИндекса";"Брянская область";"Месяц";"% г/г";"0"
"2020-02-01";23;"A";"Данные СберИндекса";"Брянская область";"Месяц";"% г/г";"0"
"2020-03-01";11;"A";"Данные СберИндекса";"Брянская область";"Месяц";"% г/г";"0"
"2020-04-01";-40;"A";"Данные СберИндекса";"Брянская область";"Месяц";"% г/г";"0"
"2020-05-01";-48;"A";"Данные СберИндекса";"Брянская область";"Месяц";"% г/г";"0"
"2020-06-01";5;"A";"Данные СберИндекса";"Брянская область";"Месяц";"% г/г";"0"
"2020-07-01";-2;"A";"Данные СберИндекса";"Брянская область";"Месяц";"% г/г";"0"
"2020-08-01";8;"A";"Данные СберИндекса";"Брянская область";"Месяц";"% г/г";"0"
"2020-09-01";-3;"A";"Данные СберИндекса";"Брянская область";"Месяц";"% г/г";"0"
"2020-10-01";-10;"A";"Данные СберИндекса";"Брянская область";"Месяц";"% г/г";"0"
"2020-11-01";-28;"A";"Данные СберИндекса";"Брянская область";"Месяц";"% г/г";"0"
"2020-12-01";-17;"A";"Данные СберИндекса";"Брянская область";"Месяц";"% г/г";"0"
"2021-01-01";-13;"A";"Данные СберИндекса";"Брянская область";"Месяц";"% г/г";"0"
"2021-02-01";-20;"A";"Данные СберИндекса";"Брянская область";"Месяц";"% г/г";"0"
"2021-03-01";4;"A";"Данные СберИндекса";"Брянская область";"Месяц";"% г/г";"0"
"2021-04-01";105;"A";"Данные СберИндекса";"Брянская область";"Месяц";"% г/г";"0"
"2021-05-01";152;"A";"Данные СберИндекса";"Брянская область";"Месяц";"% г/г";"0"
"2021-06-01";26;"A";"Данные СберИндекса";"Брянская область";"Месяц";"% г/г";"0"
"2021-07-01";17;"A";"Данные СберИндекса";"Брянская область";"Месяц";"% г/г";"0"
"2021-08-01";10;"A";"Данные СберИндекса";"Брянская область";"Месяц";"% г/г";"0"
"2021-09-01";2;"A";"Данные СберИндекса";"Брянская область";"Месяц";"% г/г";"0"
"2021-10-01";27;"A";"Данные СберИндекса";"Брянская область";"Месяц";"% г/г";"0"
"2021-11-01";66;"A";"Данные СберИндекса";"Брянская область";"Месяц";"% г/г";"0"
"2021-12-01";50;"A";"Данные СберИндекса";"Брянская область";"Месяц";"% г/г";"0"
"2022-01-01";58;"A";"Данные СберИндекса";"Брянская область";"Месяц";"% г/г";"0"
"2022-02-01";38;"A";"Данные СберИндекса";"Брянская область";"Месяц";"% г/г";"0"
"2022-03-01";16;"A";"Данные СберИндекса";"Брянская область";"Месяц";"% г/г";"0"
"2022-04-01";29;"A";"Данные СберИндекса";"Брянская область";"Месяц";"% г/г";"0"
"2019-01-01";7;"A";"Данные СберИндекса";"Самарская область";"Месяц";"% г/г";"0"
"2019-02-01";16;"A";"Данные СберИндекса";"Самарская область";"Месяц";"% г/г";"0"
"2019-03-01";13;"A";"Данные СберИндекса";"Самарская область";"Месяц";"% г/г";"0"
"2019-04-01";16;"A";"Данные СберИндекса";"Самарская область";"Месяц";"% г/г";"0"
"2019-05-01";20;"A";"Данные СберИндекса";"Самарская область";"Месяц";"% г/г";"0"
"2019-06-01";-9;"A";"Данные СберИндекса";"Самарская область";"Месяц";"% г/г";"0"
"2019-07-01";6;"A";"Данные СберИндекса";"Самарская область";"Месяц";"% г/г";"0"
"2019-08-01";5;"A";"Данные СберИндекса";"Самарская область";"Месяц";"% г/г";"0"
"2019-09-01";18;"A";"Данные СберИндекса";"Самарская область";"Месяц";"% г/г";"0"
"2019-10-01";19;"A";"Данные СберИндекса";"Самарская область";"Месяц";"% г/г";"0"
"2019-11-01";20;"A";"Данные СберИндекса";"Самарская область";"Месяц";"% г/г";"0"
"2019-12-01";21;"A";"Данные СберИндекса";"Самарская область";"Месяц";"% г/г";"0"
"2020-01-01";18;"A";"Данные СберИндекса";"Самарская область";"Месяц";"% г/г";"0"
"2020-02-01";18;"A";"Данные СберИндекса";"Самарская область";"Месяц";"% г/г";"0"
"2020-03-01";8;"A";"Данные СберИндекса";"Самарская область";"Месяц";"% г/г";"0"
"2020-04-01";-56;"A";"Данные СберИндекса";"Самарская область";"Месяц";"% г/г";"0"
"2020-05-01";-52;"A";"Данные СберИндекса";"Самарская область";"Месяц";"% г/г";"0"
"2020-06-01";-22;"A";"Данные СберИндекса";"Самарская область";"Месяц";"% г/г";"0"
"2020-07-01";-8;"A";"Данные СберИндекса";"Самарская область";"Месяц";"% г/г";"0"
"2020-08-01";26;"A";"Данные СберИндекса";"Самарская область";"Месяц";"% г/г";"0"
"2020-09-01";9;"A";"Данные СберИндекса";"Самарская область";"Месяц";"% г/г";"0"
"2020-10-01";-16;"A";"Данные СберИндекса";"Самарская область";"Месяц";"% г/г";"0"
"2020-11-01";-32;"A";"Данные СберИндекса";"Самарская область";"Месяц";"% г/г";"0"
"2020-12-01";-23;"A";"Данные СберИндекса";"Самарская область";"Месяц";"% г/г";"0"
"2021-01-01";-7;"A";"Данные СберИндекса";"Самарская область";"Месяц";"% г/г";"0"
"2021-02-01";10;"A";"Данные СберИндекса";"Самарская область";"Месяц";"% г/г";"0"
"2021-03-01";11;"A";"Данные СберИндекса";"Самарская область";"Месяц";"% г/г";"0"
"2021-04-01";226;"A";"Данные СберИндекса";"Самарская область";"Месяц";"% г/г";"0"
"2021-05-01";211;"A";"Данные СберИндекса";"Самарская область";"Месяц";"% г/г";"0"
"2021-06-01";79;"A";"Данные СберИндекса";"Самарская область";"Месяц";"% г/г";"0"
"2021-07-01";36;"A";"Данные СберИндекса";"Самарская область";"Месяц";"% г/г";"0"
"2021-08-01";-1;"A";"Данные СберИндекса";"Самарская область";"Месяц";"% г/г";"0"
"2021-09-01";2;"A";"Данные СберИндекса";"Самарская область";"Месяц";"% г/г";"0"
"2021-10-01";31;"A";"Данные СберИндекса";"Самарская область";"Месяц";"% г/г";"0"
"2021-11-01";69;"A";"Данные СберИндекса";"Самарская область";"Месяц";"% г/г";"0"
"2021-12-01";59;"A";"Данные СберИндекса";"Самарская область";"Месяц";"% г/г";"0"
"2022-01-01";45;"A";"Данные СберИндекса";"Самарская область";"Месяц";"% г/г";"0"
"2022-02-01";-3;"A";"Данные СберИндекса";"Самарская область";"Месяц";"% г/г";"0"
"2022-03-01";6;"A";"Данные СберИндекса";"Самарская область";"Месяц";"% г/г";"0"
"2022-04-01";-3;"A";"Данные СберИндекса";"Самарская область";"Месяц";"% г/г";"0"
"2019-01-01";2;"A";"Данные СберИндекса";"Республика Коми";"Месяц";"% г/г";"0"
"2019-02-01";3;"A";"Данные СберИндекса";"Республика Коми";"Месяц";"% г/г";"0"
"2019-03-01";9;"A";"Данные СберИндекса";"Республика Коми";"Месяц";"% г/г";"0"
"2019-04-01";8;"A";"Данные СберИндекса";"Республика Коми";"Месяц";"% г/г";"0"
"2019-05-01";8;"A";"Данные СберИндекса";"Республика Коми";"Месяц";"% г/г";"0"
"2019-06-01";5;"A";"Данные СберИндекса";"Республика Коми";"Месяц";"% г/г";"0"
"2019-07-01";1;"A";"Данные СберИндекса";"Республика Коми";"Месяц";"% г/г";"0"
"2019-08-01";0;"A";"Данные СберИндекса";"Республика Коми";"Месяц";"% г/г";"0"
"2019-09-01";7;"A";"Данные СберИндекса";"Республика Коми";"Месяц";"% г/г";"0"
"2019-10-01";10;"A";"Данные СберИндекса";"Республика Коми";"Месяц";"% г/г";"0"
"2019-11-01";5;"A";"Данные СберИндекса";"Республика Коми";"Месяц";"% г/г";"0"
"2019-12-01";1;"A";"Данные СберИндекса";"Республика Коми";"Месяц";"% г/г";"0"
"2020-01-01";-3;"A";"Данные СберИндекса";"Республика Коми";"Месяц";"% г/г";"0"
"2020-02-01";1;"A";"Данные СберИндекса";"Республика Коми";"Месяц";"% г/г";"0"
"2020-03-01";-6;"A";"Данные СберИндекса";"Республика Коми";"Месяц";"% г/г";"0"
"2020-04-01";-54;"A";"Данные СберИндекса";"Республика Коми";"Месяц";"% г/г";"0"
"2020-05-01";-45;"A";"Данные СберИндекса";"Республика Коми";"Месяц";"% г/г";"0"
"2020-06-01";-15;"A";"Данные СберИндекса";"Республика Коми";"Месяц";"% г/г";"0"
"2020-07-01";-6;"A";"Данные СберИндекса";"Республика Коми";"Месяц";"% г/г";"0"
"2020-08-01";0;"A";"Данные СберИндекса";"Республика Коми";"Месяц";"% г/г";"0"
"2020-09-01";0;"A";"Данные СберИндекса";"Республика Коми";"Месяц";"% г/г";"0"
"2020-10-01";-37;"A";"Данные СберИндекса";"Республика Коми";"Месяц";"% г/г";"0"
"2020-11-01";-37;"A";"Данные СберИндекса";"Республика Коми";"Месяц";"% г/г";"0"
"2020-12-01";-33;"A";"Данные СберИндекса";"Республика Коми";"Месяц";"% г/г";"0"
"2021-01-01";-11;"A";"Данные СберИндекса";"Республика Коми";"Месяц";"% г/г";"0"
"2021-02-01";-12;"A";"Данные СберИндекса";"Республика Коми";"Месяц";"% г/г";"0"
"2021-03-01";10;"A";"Данные СберИндекса";"Республика Коми";"Месяц";"% г/г";"0"
"2021-04-01";131;"A";"Данные СберИндекса";"Республика Коми";"Месяц";"% г/г";"0"
"2021-05-01";109;"A";"Данные СберИндекса";"Республика Коми";"Месяц";"% г/г";"0"
"2021-06-01";38;"A";"Данные СберИндекса";"Республика Коми";"Месяц";"% г/г";"0"
"2021-07-01";15;"A";"Данные СберИндекса";"Республика Коми";"Месяц";"% г/г";"0"
"2021-08-01";12;"A";"Данные СберИндекса";"Республика Коми";"Месяц";"% г/г";"0"
"2021-09-01";5;"A";"Данные СберИндекса";"Республика Коми";"Месяц";"% г/г";"0"
"2021-10-01";63;"A";"Данные СберИндекса";"Республика Коми";"Месяц";"% г/г";"0"
"2021-11-01";79;"A";"Данные СберИндекса";"Республика Коми";"Месяц";"% г/г";"0"
"2021-12-01";77;"A";"Данные СберИндекса";"Республика Коми";"Месяц";"% г/г";"0"
"2022-01-01";44;"A";"Данные СберИндекса";"Республика Коми";"Месяц";"% г/г";"0"
"2022-02-01";26;"A";"Данные СберИндекса";"Республика Коми";"Месяц";"% г/г";"0"
"2022-03-01";11;"A";"Данные СберИндекса";"Республика Коми";"Месяц";"% г/г";"0"
"2022-04-01";14;"A";"Данные СберИндекса";"Республика Коми";"Месяц";"% г/г";"0"
"2019-01-01";21;"A";"Данные СберИндекса";"Республика Марий Эл";"Месяц";"% г/г";"0"
"2019-02-01";33;"A";"Данные СберИндекса";"Республика Марий Эл";"Месяц";"% г/г";"0"
"2019-03-01";28;"A";"Данные СберИндекса";"Республика Марий Эл";"Месяц";"% г/г";"0"
"2019-04-01";33;"A";"Данные СберИндекса";"Республика Марий Эл";"Месяц";"% г/г";"0"
"2019-05-01";38;"A";"Данные СберИндекса";"Республика Марий Эл";"Месяц";"% г/г";"0"
"2019-06-01";13;"A";"Данные СберИндекса";"Республика Марий Эл";"Месяц";"% г/г";"0"
"2019-07-01";11;"A";"Данные СберИндекса";"Республика Марий Эл";"Месяц";"% г/г";"0"
"2019-08-01";3;"A";"Данные СберИндекса";"Республика Марий Эл";"Месяц";"% г/г";"0"
"2019-09-01";25;"A";"Данные СберИндекса";"Республика Марий Эл";"Месяц";"% г/г";"0"
"2019-10-01";20;"A";"Данные СберИндекса";"Республика Марий Эл";"Месяц";"% г/г";"0"
"2019-11-01";26;"A";"Данные СберИндекса";"Республика Марий Эл";"Месяц";"% г/г";"0"
"2019-12-01";24;"A";"Данные СберИндекса";"Республика Марий Эл";"Месяц";"% г/г";"0"
"2020-01-01";17;"A";"Данные СберИндекса";"Республика Марий Эл";"Месяц";"% г/г";"0"
"2020-02-01";18;"A";"Данные СберИндекса";"Республика Марий Эл";"Месяц";"% г/г";"0"
"2020-03-01";13;"A";"Данные СберИндекса";"Республика Марий Эл";"Месяц";"% г/г";"0"
"2020-04-01";-47;"A";"Данные СберИндекса";"Республика Марий Эл";"Месяц";"% г/г";"0"
"2020-05-01";-43;"A";"Данные СберИндекса";"Республика Марий Эл";"Месяц";"% г/г";"0"
"2020-06-01";-6;"A";"Данные СберИндекса";"Республика Марий Эл";"Месяц";"% г/г";"0"
"2020-07-01";-1;"A";"Данные СберИндекса";"Республика Марий Эл";"Месяц";"% г/г";"0"
"2020-08-01";19;"A";"Данные СберИндекса";"Республика Марий Эл";"Месяц";"% г/г";"0"
"2020-09-01";4;"A";"Данные СберИндекса";"Республика Марий Эл";"Месяц";"% г/г";"0"
"2020-10-01";-16;"A";"Данные СберИндекса";"Республика Марий Эл";"Месяц";"% г/г";"0"
"2020-11-01";-28;"A";"Данные СберИндекса";"Республика Марий Эл";"Месяц";"% г/г";"0"
"2020-12-01";-20;"A";"Данные СберИндекса";"Республика Марий Эл";"Месяц";"% г/г";"0"
"2021-01-01";-9;"A";"Данные СберИндекса";"Республика Марий Эл";"Месяц";"% г/г";"0"
"2021-02-01";-21;"A";"Данные СберИндекса";"Республика Марий Эл";"Месяц";"% г/г";"0"
"2021-03-01";0;"A";"Данные СберИндекса";"Республика Марий Эл";"Месяц";"% г/г";"0"
"2021-04-01";111;"A";"Данные СберИндекса";"Республика Марий Эл";"Месяц";"% г/г";"0"
"2021-05-01";121;"A";"Данные СберИндекса";"Республика Марий Эл";"Месяц";"% г/г";"0"
"2021-06-01";39;"A";"Данные СберИндекса";"Республика Марий Эл";"Месяц";"% г/г";"0"
"2021-07-01";15;"A";"Данные СберИндекса";"Республика Марий Эл";"Месяц";"% г/г";"0"
"2021-08-01";3;"A";"Данные СберИндекса";"Республика Марий Эл";"Месяц";"% г/г";"0"
"2021-09-01";-10;"A";"Данные СберИндекса";"Республика Марий Эл";"Месяц";"% г/г";"0"
"2021-10-01";30;"A";"Данные СберИндекса";"Республика Марий Эл";"Месяц";"% г/г";"0"
"2021-11-01";52;"A";"Данные СберИндекса";"Республика Марий Эл";"Месяц";"% г/г";"0"
"2021-12-01";43;"A";"Данные СберИндекса";"Республика Марий Эл";"Месяц";"% г/г";"0"
"2022-01-01";35;"A";"Данные СберИндекса";"Республика Марий Эл";"Месяц";"% г/г";"0"
"2022-02-01";12;"A";"Данные СберИндекса";"Республика Марий Эл";"Месяц";"% г/г";"0"
"2022-03-01";0;"A";"Данные СберИндекса";"Республика Марий Эл";"Месяц";"% г/г";"0"
"2022-04-01";13;"A";"Данные СберИндекса";"Республика Марий Эл";"Месяц";"% г/г";"0"
"2019-01-01";7;"A";"Данные СберИндекса";"Пермский край";"Месяц";"% г/г";"0"
"2019-02-01";12;"A";"Данные СберИндекса";"Пермский край";"Месяц";"% г/г";"0"
"2019-03-01";18;"A";"Данные СберИндекса";"Пермский край";"Месяц";"% г/г";"0"
"2019-04-01";16;"A";"Данные СберИндекса";"Пермский край";"Месяц";"% г/г";"0"
"2019-05-01";18;"A";"Данные СберИндекса";"Пермский край";"Месяц";"% г/г";"0"
"2019-06-01";4;"A";"Данные СберИндекса";"Пермский край";"Месяц";"% г/г";"0"
"2019-07-01";5;"A";"Данные СберИндекса";"Пермский край";"Месяц";"% г/г";"0"
"2019-08-01";4;"A";"Данные СберИндекса";"Пермский край";"Месяц";"% г/г";"0"
"2019-09-01";13;"A";"Данные СберИндекса";"Пермский край";"Месяц";"% г/г";"0"
"2019-10-01";18;"A";"Данные СберИндекса";"Пермский край";"Месяц";"% г/г";"0"
"2019-11-01";11;"A";"Данные СберИндекса";"Пермский край";"Месяц";"% г/г";"0"
"2019-12-01";16;"A";"Данные СберИндекса";"Пермский край";"Месяц";"% г/г";"0"
"2020-01-01";6;"A";"Данные СберИндекса";"Пермский край";"Месяц";"% г/г";"0"
"2020-02-01";11;"A";"Данные СберИндекса";"Пермский край";"Месяц";"% г/г";"0"
"2020-03-01";-3;"A";"Данные СберИндекса";"Пермский край";"Месяц";"% г/г";"0"
"2020-04-01";-56;"A";"Данные СберИндекса";"Пермский край";"Месяц";"% г/г";"0"
"2020-05-01";-46;"A";"Данные СберИндекса";"Пермский край";"Месяц";"% г/г";"0"
"2020-06-01";-16;"A";"Данные СберИндекса";"Пермский край";"Месяц";"% г/г";"0"
"2020-07-01";-12;"A";"Данные СберИндекса";"Пермский край";"Месяц";"% г/г";"0"
"2020-08-01";8;"A";"Данные СберИндекса";"Пермский край";"Месяц";"% г/г";"0"
"2020-09-01";7;"A";"Данные СберИндекса";"Пермский край";"Месяц";"% г/г";"0"
"2020-10-01";-26;"A";"Данные СберИндекса";"Пермский край";"Месяц";"% г/г";"0"
"2020-11-01";-26;"A";"Данные СберИндекса";"Пермский край";"Месяц";"% г/г";"0"
"2020-12-01";-19;"A";"Данные СберИндекса";"Пермский край";"Месяц";"% г/г";"0"
"2021-01-01";4;"A";"Данные СберИндекса";"Пермский край";"Месяц";"% г/г";"0"
"2021-02-01";0;"A";"Данные СберИндекса";"Пермский край";"Месяц";"% г/г";"0"
"2021-03-01";31;"A";"Данные СберИндекса";"Пермский край";"Месяц";"% г/г";"0"
"2021-04-01";207;"A";"Данные СберИндекса";"Пермский край";"Месяц";"% г/г";"0"
"2021-05-01";160;"A";"Данные СберИндекса";"Пермский край";"Месяц";"% г/г";"0"
"2021-06-01";72;"A";"Данные СберИндекса";"Пермский край";"Месяц";"% г/г";"0"
"2021-07-01";39;"A";"Данные СберИндекса";"Пермский край";"Месяц";"% г/г";"0"
"2021-08-01";23;"A";"Данные СберИндекса";"Пермский край";"Месяц";"% г/г";"0"
"2021-09-01";5;"A";"Данные СберИндекса";"Пермский край";"Месяц";"% г/г";"0"
"2021-10-01";45;"A";"Данные СберИндекса";"Пермский край";"Месяц";"% г/г";"0"
"2021-11-01";59;"A";"Данные СберИндекса";"Пермский край";"Месяц";"% г/г";"0"
"2021-12-01";50;"A";"Данные СберИндекса";"Пермский край";"Месяц";"% г/г";"0"
"2022-01-01";61;"A";"Данные СберИндекса";"Пермский край";"Месяц";"% г/г";"0"
"2022-02-01";5;"A";"Данные СберИндекса";"Пермский край";"Месяц";"% г/г";"0"
"2022-03-01";-7;"A";"Данные СберИндекса";"Пермский край";"Месяц";"% г/г";"0"
"2022-04-01";-7;"A";"Данные СберИндекса";"Пермский край";"Месяц";"% г/г";"0"
"2019-01-01";22;"A";"Данные СберИндекса";"Костромская область";"Месяц";"% г/г";"0"
"2019-02-01";16;"A";"Данные СберИндекса";"Костромская область";"Месяц";"% г/г";"0"
"2019-03-01";22;"A";"Данные СберИндекса";"Костромская область";"Месяц";"% г/г";"0"
"2019-04-01";24;"A";"Данные СберИндекса";"Костромская область";"Месяц";"% г/г";"0"
"2019-05-01";38;"A";"Данные СберИндекса";"Костромская область";"Месяц";"% г/г";"0"
"2019-06-01";13;"A";"Данные СберИндекса";"Костромская область";"Месяц";"% г/г";"0"
"2019-07-01";21;"A";"Данные СберИндекса";"Костромская область";"Месяц";"% г/г";"0"
"2019-08-01";15;"A";"Данные СберИндекса";"Костромская область";"Месяц";"% г/г";"0"
"2019-09-01";33;"A";"Данные СберИндекса";"Костромская область";"Месяц";"% г/г";"0"
"2019-10-01";29;"A";"Данные СберИндекса";"Костромская область";"Месяц";"% г/г";"0"
"2019-11-01";28;"A";"Данные СберИндекса";"Костромская область";"Месяц";"% г/г";"0"
"2019-12-01";25;"A";"Данные СберИндекса";"Костромская область";"Месяц";"% г/г";"0"
"2020-01-01";23;"A";"Данные СберИндекса";"Костромская область";"Месяц";"% г/г";"0"
"2020-02-01";43;"A";"Данные СберИндекса";"Костромская область";"Месяц";"% г/г";"0"
"2020-03-01";21;"A";"Данные СберИндекса";"Костромская область";"Месяц";"% г/г";"0"
"2020-04-01";-44;"A";"Данные СберИндекса";"Костромская область";"Месяц";"% г/г";"0"
"2020-05-01";-59;"A";"Данные СберИндекса";"Костромская область";"Месяц";"% г/г";"0"
"2020-06-01";-14;"A";"Данные СберИндекса";"Костромская область";"Месяц";"% г/г";"0"
"2020-07-01";17;"A";"Данные СберИндекса";"Костромская область";"Месяц";"% г/г";"0"
"2020-08-01";39;"A";"Данные СберИндекса";"Костромская область";"Месяц";"% г/г";"0"
"2020-09-01";33;"A";"Данные СберИндекса";"Костромская область";"Месяц";"% г/г";"0"
"2020-10-01";18;"A";"Данные СберИндекса";"Костромская область";"Месяц";"% г/г";"0"
"2020-11-01";-13;"A";"Данные СберИндекса";"Костромская область";"Месяц";"% г/г";"0"
"2020-12-01";-5;"A";"Данные СберИндекса";"Костромская область";"Месяц";"% г/г";"0"
"2021-01-01";8;"A";"Данные СберИндекса";"Костромская область";"Месяц";"% г/г";"0"
"2021-02-01";-5;"A";"Данные СберИндекса";"Костромская область";"Месяц";"% г/г";"0"
"2021-03-01";34;"A";"Данные СберИндекса";"Костромская область";"Месяц";"% г/г";"0"
"2021-04-01";171;"A";"Данные СберИндекса";"Костромская область";"Месяц";"% г/г";"0"
"2021-05-01";309;"A";"Данные СберИндекса";"Костромская область";"Месяц";"% г/г";"0"
"2021-06-01";107;"A";"Данные СберИндекса";"Костромская область";"Месяц";"% г/г";"0"
"2021-07-01";21;"A";"Данные СберИндекса";"Костромская область";"Месяц";"% г/г";"0"
"2021-08-01";5;"A";"Данные СберИндекса";"Костромская область";"Месяц";"% г/г";"0"
"2021-09-01";-1;"A";"Данные СберИндекса";"Костромская область";"Месяц";"% г/г";"0"
"2021-10-01";20;"A";"Данные СберИндекса";"Костромская область";"Месяц";"% г/г";"0"
"2021-11-01";78;"A";"Данные СберИндекса";"Костромская область";"Месяц";"% г/г";"0"
"2021-12-01";52;"A";"Данные СберИндекса";"Костромская область";"Месяц";"% г/г";"0"
"2022-01-01";58;"A";"Данные СберИндекса";"Костромская область";"Месяц";"% г/г";"0"
"2022-02-01";20;"A";"Данные СберИндекса";"Костромская область";"Месяц";"% г/г";"0"
"2022-03-01";3;"A";"Данные СберИндекса";"Костромская область";"Месяц";"% г/г";"0"
"2022-04-01";37;"A";"Данные СберИндекса";"Костромская область";"Месяц";"% г/г";"0"
"2019-01-01";7;"A";"Данные СберИндекса";"Ханты-Мансийский автономный округ — Югра";"Месяц";"% г/г";"0"
"2019-02-01";10;"A";"Данные СберИндекса";"Ханты-Мансийский автономный округ — Югра";"Месяц";"% г/г";"0"
"2019-03-01";11;"A";"Данные СберИндекса";"Ханты-Мансийский автономный округ — Югра";"Месяц";"% г/г";"0"
"2019-04-01";17;"A";"Данные СберИндекса";"Ханты-Мансийский автономный округ — Югра";"Месяц";"% г/г";"0"
"2019-05-01";20;"A";"Данные СберИндекса";"Ханты-Мансийский автономный округ — Югра";"Месяц";"% г/г";"0"
"2019-06-01";4;"A";"Данные СберИндекса";"Ханты-Мансийский автономный округ — Югра";"Месяц";"% г/г";"0"
"2019-07-01";9;"A";"Данные СберИндекса";"Ханты-Мансийский автономный округ — Югра";"Месяц";"% г/г";"0"
"2019-08-01";6;"A";"Данные СберИндекса";"Ханты-Мансийский автономный округ — Югра";"Месяц";"% г/г";"0"
"2019-09-01";13;"A";"Данные СберИндекса";"Ханты-Мансийский автономный округ — Югра";"Месяц";"% г/г";"0"
"2019-10-01";13;"A";"Данные СберИндекса";"Ханты-Мансийский автономный округ — Югра";"Месяц";"% г/г";"0"
"2019-11-01";10;"A";"Данные СберИндекса";"Ханты-Мансийский автономный округ — Югра";"Месяц";"% г/г";"0"
"2019-12-01";13;"A";"Данные СберИндекса";"Ханты-Мансийский автономный округ — Югра";"Месяц";"% г/г";"0"
"2020-01-01";-1;"A";"Данные СберИндекса";"Ханты-Мансийский автономный округ — Югра";"Месяц";"% г/г";"0"
"2020-02-01";3;"A";"Данные СберИндекса";"Ханты-Мансийский автономный округ — Югра";"Месяц";"% г/г";"0"
"2020-03-01";-1;"A";"Данные СберИндекса";"Ханты-Мансийский автономный округ — Югра";"Месяц";"% г/г";"0"
"2020-04-01";-40;"A";"Данные СберИндекса";"Ханты-Мансийский автономный округ — Югра";"Месяц";"% г/г";"0"
"2020-05-01";-30;"A";"Данные СберИндекса";"Ханты-Мансийский автономный округ — Югра";"Месяц";"% г/г";"0"
"2020-06-01";-7;"A";"Данные СберИндекса";"Ханты-Мансийский автономный округ — Югра";"Месяц";"% г/г";"0"
"2020-07-01";-18;"A";"Данные СберИндекса";"Ханты-Мансийский автономный округ — Югра";"Месяц";"% г/г";"0"
"2020-08-01";-5;"A";"Данные СберИндекса";"Ханты-Мансийский автономный округ — Югра";"Месяц";"% г/г";"0"
"2020-09-01";0;"A";"Данные СберИндекса";"Ханты-Мансийский автономный округ — Югра";"Месяц";"% г/г";"0"
"2020-10-01";-26;"A";"Данные СберИндекса";"Ханты-Мансийский автономный округ — Югра";"Месяц";"% г/г";"0"
"2020-11-01";-32;"A";"Данные СберИндекса";"Ханты-Мансийский автономный округ — Югра";"Месяц";"% г/г";"0"
"2020-12-01";-31;"A";"Данные СберИндекса";"Ханты-Мансийский автономный округ — Югра";"Месяц";"% г/г";"0"
"2021-01-01";-16;"A";"Данные СберИндекса";"Ханты-Мансийский автономный округ — Югра";"Месяц";"% г/г";"0"
"2021-02-01";-14;"A";"Данные СберИндекса";"Ханты-Мансийский автономный округ — Югра";"Месяц";"% г/г";"0"
"2021-03-01";9;"A";"Данные СберИндекса";"Ханты-Мансийский автономный округ — Югра";"Месяц";"% г/г";"0"
"2021-04-01";90;"A";"Данные СберИндекса";"Ханты-Мансийский автономный округ — Югра";"Месяц";"% г/г";"0"
"2021-05-01";53;"A";"Данные СберИндекса";"Ханты-Мансийский автономный округ — Югра";"Месяц";"% г/г";"0"
"2021-06-01";37;"A";"Данные СберИндекса";"Ханты-Мансийский автономный округ — Югра";"Месяц";"% г/г";"0"
"2021-07-01";41;"A";"Данные СберИндекса";"Ханты-Мансийский автономный округ — Югра";"Месяц";"% г/г";"0"
"2021-08-01";28;"A";"Данные СберИндекса";"Ханты-Мансийский автономный округ — Югра";"Месяц";"% г/г";"0"
"2021-09-01";32;"A";"Данные СберИндекса";"Ханты-Мансийский автономный округ — Югра";"Месяц";"% г/г";"0"
"2021-10-01";89;"A";"Данные СберИндекса";"Ханты-Мансийский автономный округ — Югра";"Месяц";"% г/г";"0"
"2021-11-01";106;"A";"Данные СберИндекса";"Ханты-Мансийский автономный округ — Югра";"Месяц";"% г/г";"0"
"2021-12-01";97;"A";"Данные СберИндекса";"Ханты-Мансийский автономный округ — Югра";"Месяц";"% г/г";"0"
"2022-01-01";71;"A";"Данные СберИндекса";"Ханты-Мансийский автономный округ — Югра";"Месяц";"% г/г";"0"
"2022-02-01";37;"A";"Данные СберИндекса";"Ханты-Мансийский автономный округ — Югра";"Месяц";"% г/г";"0"
"2022-03-01";7;"A";"Данные СберИндекса";"Ханты-Мансийский автономный округ — Югра";"Месяц";"% г/г";"0"
"2022-04-01";10;"A";"Данные СберИндекса";"Ханты-Мансийский автономный округ — Югра";"Месяц";"% г/г";"0"
"2019-01-01";7;"A";"Данные СберИндекса";"Тюменская область";"Месяц";"% г/г";"0"
"2019-02-01";10;"A";"Данные СберИндекса";"Тюменская область";"Месяц";"% г/г";"0"
"2019-03-01";11;"A";"Данные СберИндекса";"Тюменская область";"Месяц";"% г/г";"0"
"2019-04-01";17;"A";"Данные СберИндекса";"Тюменская область";"Месяц";"% г/г";"0"
"2019-05-01";20;"A";"Данные СберИндекса";"Тюменская область";"Месяц";"% г/г";"0"
"2019-06-01";4;"A";"Данные СберИндекса";"Тюменская область";"Месяц";"% г/г";"0"
"2019-07-01";9;"A";"Данные СберИндекса";"Тюменская область";"Месяц";"% г/г";"0"
"2019-08-01";6;"A";"Данные СберИндекса";"Тюменская область";"Месяц";"% г/г";"0"
"2019-09-01";13;"A";"Данные СберИндекса";"Тюменская область";"Месяц";"% г/г";"0"
"2019-10-01";13;"A";"Данные СберИндекса";"Тюменская область";"Месяц";"% г/г";"0"
"2019-11-01";10;"A";"Данные СберИндекса";"Тюменская область";"Месяц";"% г/г";"0"
"2019-12-01";13;"A";"Данные СберИндекса";"Тюменская область";"Месяц";"% г/г";"0"
"2020-01-01";13;"A";"Данные СберИндекса";"Тюменская область";"Месяц";"% г/г";"0"
"2020-02-01";15;"A";"Данные СберИндекса";"Тюменская область";"Месяц";"% г/г";"0"
"2020-03-01";7;"A";"Данные СберИндекса";"Тюменская область";"Месяц";"% г/г";"0"
"2020-04-01";-51;"A";"Данные СберИндекса";"Тюменская область";"Месяц";"% г/г";"0"
"2020-05-01";-46;"A";"Данные СберИндекса";"Тюменская область";"Месяц";"% г/г";"0"
"2020-06-01";-21;"A";"Данные СберИндекса";"Тюменская область";"Месяц";"% г/г";"0"
"2020-07-01";-18;"A";"Данные СберИндекса";"Тюменская область";"Месяц";"% г/г";"0"
"2020-08-01";-4;"A";"Данные СберИндекса";"Тюменская область";"Месяц";"% г/г";"0"
"2020-09-01";-7;"A";"Данные СберИндекса";"Тюменская область";"Месяц";"% г/г";"0"
"2020-10-01";-30;"A";"Данные СберИндекса";"Тюменская область";"Месяц";"% г/г";"0"
"2020-11-01";-31;"A";"Данные СберИндекса";"Тюменская область";"Месяц";"% г/г";"0"
"2020-12-01";-33;"A";"Данные СберИндекса";"Тюменская область";"Месяц";"% г/г";"0"
"2021-01-01";-15;"A";"Данные СберИндекса";"Тюменская область";"Месяц";"% г/г";"0"
"2021-02-01";-21;"A";"Данные СберИндекса";"Тюменская область";"Месяц";"% г/г";"0"
"2021-03-01";1;"A";"Данные СберИндекса";"Тюменская область";"Месяц";"% г/г";"0"
"2021-04-01";110;"A";"Данные СберИндекса";"Тюменская область";"Месяц";"% г/г";"0"
"2021-05-01";79;"A";"Данные СберИндекса";"Тюменская область";"Месяц";"% г/г";"0"
"2021-06-01";46;"A";"Данные СберИндекса";"Тюменская область";"Месяц";"% г/г";"0"
"2021-07-01";25;"A";"Данные СберИндекса";"Тюменская область";"Месяц";"% г/г";"0"
"2021-08-01";12;"A";"Данные СберИндекса";"Тюменская область";"Месяц";"% г/г";"0"
"2021-09-01";-9;"A";"Данные СберИндекса";"Тюменская область";"Месяц";"% г/г";"0"
"2021-10-01";30;"A";"Данные СберИндекса";"Тюменская область";"Месяц";"% г/г";"0"
"2021-11-01";38;"A";"Данные СберИндекса";"Тюменская область";"Месяц";"% г/г";"0"
"2021-12-01";48;"A";"Данные СберИндекса";"Тюменская область";"Месяц";"% г/г";"0"
"2022-01-01";27;"A";"Данные СберИндекса";"Тюменская область";"Месяц";"% г/г";"0"
"2022-02-01";28;"A";"Данные СберИндекса";"Тюменская область";"Месяц";"% г/г";"0"
"2022-03-01";9;"A";"Данные СберИндекса";"Тюменская область";"Месяц";"% г/г";"0"
"2022-04-01";12;"A";"Данные СберИндекса";"Тюменская область";"Месяц";"% г/г";"0"